time,open,high,low,close,MA,MA,MA,MA,MA,MA,Relative Strength Line,Relative Strength Line MA,PlotCandle (開盤價),PlotCandle (最高價,PlotCandle (最低價),PlotCandle (關閉),Shapes,Volume,Volume MA,RSI,RSI-based MA,Upper Bollinger Band,Lower Bollinger Band,Regular Bullish,Regular Bullish Label,Regular Bearish,Regular Bearish Label
2014-08-25,25.4475,25.5425,25.32,25.385,20.80710058500001,21.260316913333327,23.848364500000017,24.394124999999978,24.80974999999997,25.22700000000002,38.299637899818954,37.484793362319685,,,,,0,161080692,181998922.96,74.10381405700952,61.77519538653165,,,,,,
2014-08-26,25.355,25.375,25.215,25.22225,20.841695500000014,21.297153473333324,23.89180950000002,24.425487499999974,24.93272499999997,25.24495000000002,37.872762673180105,37.52006329967063,,,,,0,132607936,181806180.08,68.80438972740144,63.16950576374962,,,,,,
2014-08-27,25.255,25.6425,25.175,25.5325,20.876400950000015,21.334946459999994,23.942059500000017,24.475237499999974,25.054974999999967,25.32295000000002,38.29836701632984,37.590818183003286,,,,,0,209476044,183617593.2,72.79799010321784,65.00561402302354,,,,,,
2014-08-28,25.3975,25.695,25.39,25.5625,20.911526400000017,21.375346593333326,23.99240950000002,24.558362499999976,25.173724999999965,25.40645000000002,38.34144951302922,37.659057394823826,,,,,0,273839204,186413248.64,73.15585153767432,66.77173322790654,,,,,,
2014-08-29,25.715,25.725,25.55,25.625,20.946792565000013,21.41510862666666,24.04560950000002,24.637987499999973,25.28672499999997,25.465450000000022,38.50025541632861,37.73552994223335,,,,,0,178380988,187138653.52,73.92546717986423,68.16643629336407,,,,,,
2014-09-02,25.765,25.935,25.68,25.825,20.982947300000014,21.466680173333327,24.107559500000022,24.73436249999998,25.390224999999965,25.55345000000002,38.67233711196634,37.82069423039089,,,,,0,214257048,183351949.2,76.27000165703326,69.736340839532,,,,,76.27000165703326,
2014-09-03,25.775,25.8,24.645,24.735,21.012308110000017,21.512354099999992,24.148109500000018,24.782112499999975,25.350474999999967,25.45600000000002,37.060251313502604,37.75156305612832,,,,,0,501682084,189890039.6,49.923367314878995,69.03315951470404,,,,,,
2014-09-04,24.7125,25.0225,24.4475,24.53,21.041209810000012,21.556891839999995,24.18730950000002,24.821612499999976,25.289224999999966,25.25550000000002,36.78175856691591,37.66339901165446,,,,,0,342872884,193624610.32,46.658860616609296,68.02284107568485,,,,,,
2014-09-05,24.7,24.8475,24.5775,24.7425,21.072310080000015,21.602651479999995,24.230359500000024,24.877737499999974,25.248974999999966,25.09150000000002,37.15740995669912,37.61740000665852,,,,,0,233828140,195351689.84,50.287696578117384,67.13544183170026,,,,,,
2014-09-08,24.825,24.8275,24.5125,24.59,21.102483385000014,21.64717302666666,24.26765950000002,24.922987499999977,25.174974999999968,24.88450000000002,36.74335436890786,37.53794131231755,,,,,0,185426968,196449880.48,47.775762332023035,65.76456308275546,,,,,,
2014-09-09,24.77,25.77,24.035,24.4975,21.133006690000016,21.689349339999996,24.297709500000018,24.947987499999975,25.086224999999967,24.61900000000002,36.717977157588656,37.4633991164331,,,,,0,759385020,206515276.64,46.26614655762291,63.99114942156204,,,46.26614655762291,,,
2014-09-10,24.5025,25.2775,24.44,25.25,21.166196785000015,21.735637559999997,24.33805950000002,25.010862499999973,25.088999999999967,24.722000000000023,38.09519019935225,37.52083466942575,,,,,1,403478348,210617721.36,57.91610094029187,63.04179809041075,,,,,,
2014-09-11,25.1025,25.36,24.905,25.3575,21.200162950000013,21.78266149333333,24.37760950000002,25.063237499999975,25.07149999999997,24.887500000000024,38.118395141529994,37.57515834870796,,,,,0,249598972,212551822.64,59.274505855237614,62.187311818878655,,,,,,
2014-09-12,25.3025,25.5475,25.27,25.415,21.233713045000012,21.828361619999992,24.418509500000024,25.11523749999997,25.05674999999997,25.02200000000002,38.17116823950536,37.62934106605318,,,,,0,256387612,215402369.04,60.017906390475794,61.22699006053268,,,,,60.017906390475794,
2014-09-15,25.7025,25.7625,25.36,25.4075,21.265500640000013,21.871795079999995,24.45650950000002,25.160862499999972,25.034999999999968,25.185500000000022,38.38880103145743,37.69838288108993,,,,,0,245266064,218476350.08,59.86440818504928,60.20988964110694,,,,,,
2014-09-16,24.95,25.315,24.7225,25.215,21.294082880000015,21.91228568666666,24.48096950000002,25.182112499999974,24.97399999999997,25.329000000000022,38.12502204996648,37.737168260078704,,,,,0,267632532,219311565.6,55.91183125753457,59.288992607545026,,,,,,
2014-09-17,25.3175,25.45,25.14805,25.395,21.321759765000014,21.953985813333325,24.51211950000002,25.195237499999973,25.03999999999997,25.358000000000022,38.11193708791483,37.771238153518354,,,,,0,243705992,218967951.2,58.660386702563365,58.279163793212554,,,,,,
2014-09-18,25.4825,25.5875,25.39,25.4475,21.350563435000012,21.994009753333327,24.54411950000002,25.210487499999974,25.131749999999972,25.376000000000023,38.141309072378185,37.80488096432379,,,,,0,149197740,219036990.8,59.45434599069343,57.30048482557107,,,,,,
2014-09-19,25.5725,25.5875,25.22,25.24,21.375634610000017,22.032755119999994,24.57374450000002,25.215237499999972,25.181499999999968,25.341000000000022,37.64616975578713,37.790452672638644,,,,,0,283609624,221534339.12,54.961381890315714,55.94590730488903,,,,,,
2014-09-22,25.45,25.535,25.145,25.265,21.401066855000014,22.07119096666666,24.602944500000017,25.21198749999997,25.24899999999997,25.31250000000002,37.70145244727417,37.78236174306006,,,,,0,211153704,223035954.96,55.39870597168339,54.45510047022118,,,,,,
2014-09-23,25.15,25.735,25.135,25.66,21.427956065000018,22.114312519999995,24.633894500000014,25.225737499999973,25.365249999999968,25.40150000000002,38.6002035812244,37.856711001075,,,,,1,253608784,224683318.24,61.72282435484001,55.2979188302184,,,,,61.72282435484001,
2014-09-24,25.54,25.7125,25.3,25.4375,21.455140095000015,22.157431693333326,24.666044500000016,25.23649999999997,25.383999999999965,25.41000000000002,38.487822591626866,37.91408478203426,,,,,0,240687312,225841370.4,56.83427028341275,56.024733806418645,,,,,,
2014-09-25,25.1275,25.1775,24.43,24.4675,21.476329480000015,22.19548895999999,24.681494500000017,25.183249999999973,25.294999999999966,25.214000000000024,36.73247260171146,37.80666549291401,,,,,0,400367960,229568536.4,41.42909920974027,55.39197685153458,,,41.42909920974027,,,
2014-09-26,24.6325,25.1875,24.6,25.1875,21.501276010000016,22.237798606666658,24.71979500000002,25.164499999999972,25.272249999999964,25.203500000000027,38.43483435826225,37.86377175340021,,,,,1,249482004,229974317.04,51.85972272340081,55.683688308061555,,,,,,
2014-09-29,24.6625,25.10875,24.6575,25.0275,21.526170755000013,22.280348733333323,24.74819500000002,25.13462499999997,25.234249999999967,25.156000000000027,37.86595052575838,37.86396982361459,,,,,0,199065248,229956614.56,49.739872374176244,55.93181158067251,,,,,,
2014-09-30,25.2025,25.385,25.1325,25.1875,21.552011925000016,22.325086953333326,24.782250000000023,25.102749999999975,25.231499999999965,25.061500000000024,38.205329153605014,37.89500248997736,,,,,0,221056556,231251425.52,51.85908268059016,55.49916741926524,,,,,,
2014-10-01,25.1475,25.1725,24.675,24.795,21.576981665000012,22.364751366666656,24.80455000000002,25.105749999999976,25.171499999999966,24.933000000000025,37.71504190560212,37.87864243685234,,,,,0,205965144,230955000.64,46.66136947230509,54.59822910619863,,,,,,
2014-10-02,24.8175,25.055,24.51,24.975,21.60230319500001,22.405956253333326,24.818100000000022,25.127999999999975,25.124249999999968,25.034500000000026,38.49889012208658,37.93502859005545,,,,,1,191031312,227342209.36,49.177101836738515,53.823885923788836,,,,,,
2014-10-03,24.86,25.0525,24.76,24.905,21.627722935000012,22.44633256666666,24.831050000000022,25.136124999999975,25.090749999999964,24.978000000000026,38.39078806065246,37.976461269200634,,,,,0,173878340,227161468.72,48.224523416795186,52.992465583199255,,,,,,
2014-10-06,24.9875,25.1625,24.855,24.905,21.653896250000013,22.485880313333325,24.84079500000002,25.151874999999976,25.054749999999963,24.953500000000027,37.96686823517455,37.975589175198266,,,,,0,148204728,226648033.92,48.224523416795186,52.44337216600359,,,,,,
2014-10-07,24.8575,25.03,24.6825,24.6875,21.680108845000014,22.523711393333326,24.83944500000002,25.161374999999975,24.957499999999964,24.853500000000025,37.69429260695637,37.95001675990355,,,,,0,168376732,225590153.44,45.07798600207593,51.473200687397345,,,,,,
2014-10-08,24.69,25.2775,24.5775,25.2,21.70806965500001,22.565342473333324,24.851545000000023,25.158874999999973,24.933749999999964,24.93450000000002,39.06774843677329,38.05162873052807,,,,,1,229618696,226731079.76,52.879734969248375,51.00358561443698,,,,,,
2014-10-09,25.385,25.595,25.1525,25.255,21.732542970000008,22.60741402666666,24.865895000000023,25.153749999999974,25.01249999999996,24.990500000000022,38.4810730919452,38.09066912702054,,,,,0,309506100,230280401.68,53.64082273478134,50.90925996047024,,,,,53.64082273478134,
2014-10-10,25.1725,25.5075,25.075,25.1825,21.757085930000006,22.648887959999993,24.891545000000022,25.142124999999975,25.01199999999996,25.046000000000024,39.18012042256808,38.1897101538885,,,,,0,265326368,231039517.28,52.438456107894794,50.69781354162819,,,,,,
2014-10-13,25.3325,25.445,24.9525,24.9525,21.781152100000007,22.687597613333327,24.909945000000025,25.119374999999973,25.00449999999996,25.055500000000023,39.271980400077645,38.28809835808751,,,,,0,214333472,231445283.84,48.7083641383924,49.768209240453366,,,,,,
2014-10-14,25.0975,25.13,24.6425,24.6875,21.804573630000007,22.724416786666662,24.925745000000024,25.09299999999997,24.95449999999996,25.055500000000027,39.50547809296222,38.39876924307612,,,,,0,254754248,233343717.28,44.75795063191807,48.90561497963232,,,,,,
2014-10-15,24.4925,24.7875,23.795,24.385,21.82747730000001,22.760638339999996,24.937845000000024,25.042499999999972,24.913499999999964,24.892500000000023,38.95989774724397,38.449780925273195,,,,,0,403734400,236943792.24,40.700077728416204,48.85354201668059,,,,,,
2014-10-16,23.8875,24.43,23.8525,24.065,21.84762025500001,22.796145606666663,24.944345000000027,24.97337499999997,24.82249999999996,24.654500000000027,38.76262422885492,38.47822122559881,,,,,0,288618092,239631486.72,36.88990179709921,47.78426909337334,,,36.88990179709921,,,
2014-10-17,24.375,24.75,24.2025,24.4175,21.87093464000001,22.833514779999994,24.960295000000027,24.93224999999997,24.77374999999996,24.50150000000003,39.32471171809573,38.55517490673489,,,,,0,272718752,241348967.44,43.19811502897335,47.31700071157314,,,,,,
2014-10-20,24.57875,24.99,24.555,24.94,21.89903116500001,22.873257766666665,24.98539500000003,24.91599999999997,24.77724999999996,24.49900000000003,39.65528207085162,38.65518464892732,,,,,0,310069116,244201134.32,51.014204638261305,47.25665227997821,,,,,,
2014-10-21,25.755,25.755,25.3175,25.6175,21.929988405000007,22.91755075333333,25.017795000000028,24.91387499999997,24.870249999999963,24.68500000000003,40.36349599004207,38.81048567993775,,,,,0,378495616,248844259.12,58.90961458977964,48.131526931226404,,,,,,
2014-10-22,25.71,26.0275,25.65,25.7475,21.96229073500001,22.963319926666667,25.05289500000003,24.929374999999972,24.92499999999996,24.95750000000003,39.789468804088024,38.89948414576959,,,,,0,273052584,251601682.64,60.234061319802414,48.92130975144526,,,,,,
2014-10-23,26.02,26.26275,25.9075,26.2075,21.99628190500001,23.01116291333333,25.090845000000026,25.01637499999997,25.02024999999996,25.386000000000028,40.79813814468297,39.07208905476172,,,,,0,284298696,254734341.44,64.58408757721745,50.08985004861825,,,,,,
2014-10-24,26.295,26.3725,26.1325,26.305,22.03200003500001,23.058151139999996,25.12944500000003,25.07224999999997,25.132499999999958,25.76350000000003,40.45222009206385,39.19755551269827,,,,,0,188215664,256249409.44,65.44686653576977,51.32001741425929,,,,,,
2014-10-27,26.2125,26.37,26.175,26.2775,22.068219775000006,23.10357508,25.165095000000022,25.13474999999997,25.26499999999996,26.031000000000027,40.12689735210579,39.282041134462595,,,,,0,136750804,255068319.04,64.96613687989799,52.74059961981801,,,,,,
2014-10-28,26.35,26.685,26.3375,26.685,22.105978800000013,23.15295616,25.202995000000023,25.209624999999967,25.46474999999996,26.244500000000027,40.81044845358197,39.42098725438254,,,,,0,192243796,255107401.92,68.6418536619313,53.86646524072393,,,,,,
2014-10-29,26.6625,26.8425,26.59,26.835,22.14258425500001,23.203889619999998,25.23704500000002,25.31162499999997,25.709749999999964,26.462000000000028,40.55565350998715,39.52413873216478,,,,,0,210751516,253770490.64,69.89400086149757,55.027406535489376,,,,,,
2014-10-30,26.73975,26.8375,26.475,26.745,22.17678078500001,23.25436594,25.269095000000025,25.400124999999967,25.977749999999965,26.569500000000026,40.475710033799125,39.61064521413154,,,,,0,162619172,252806938.72,68.13600596462746,56.148660096684566,,,,,,
2014-10-31,27.0025,27.01,26.8025,27,22.21280767000001,23.306570826666665,25.306195000000024,25.50487499999997,26.23599999999996,26.708500000000033,40.6086280801143,39.70137092922088,,,,,0,178557140,253699825.68,70.40716057943179,57.69857412818738,,,,,,
2014-11-03,27.055,27.575,27.0025,27.35,22.253009550000012,23.359939999999998,25.346595000000026,25.627124999999968,26.476999999999965,26.92300000000003,40.6580609994797,39.78834275378986,,,,,0,209130200,254347722.96,73.22777371009633,59.73213291948582,,,,,73.22777371009633,
2014-11-04,27.34,27.3725,26.93,27.15,22.290711435000013,23.41176156,25.38189500000002,25.750249999999973,26.63024999999997,27.01600000000003,40.36554482334808,39.84081566920425,,,,,0,166297460,254452058.32,69.17058711039573,61.76574073248435,,,,,,
2014-11-05,27.275,27.325,27.03125,27.215,22.32830260500001,23.464911686666664,25.421750000000024,25.85099999999997,26.776999999999965,27.09200000000003,40.5770090949754,39.907742344274354,,,,,0,149743620,254794772,69.75705107500953,64.1133942523351,,,,,,
2014-11-06,27.15,27.1975,26.95,27.175,22.36485984500001,23.519454673333332,25.454600000000024,25.946999999999967,26.873749999999966,27.178000000000033,40.28770934536488,39.94228479891895,,,,,0,139873828,253402727.68,68.88858144158414,65.94842756752158,,,,,,
2014-11-07,27.1875,27.33,27.1375,27.2525,22.403609945000014,23.576502419999997,25.488400000000023,26.05049999999997,26.968499999999967,27.228500000000032,40.250638781809855,39.97031697918176,,,,,0,134766140,250621266.4,69.67630713042942,67.28143488839073,,,,,,
2014-11-10,27.255,27.3325,27.1675,27.2075,22.441343970000013,23.63325730666666,25.520050000000023,26.16324999999997,27.061499999999967,27.200000000000028,40.1701346509705,39.988482222071646,,,,,0,108782188,249229290.4,68.59034747119463,67.97291580849179,,,68.59034747119463,,,
2014-11-11,27.175,27.4375,27.1,27.425,22.48802263000001,23.689824099999996,25.552050000000023,26.300124999999973,27.13549999999997,27.25500000000003,40.36531158929675,40.02273943727393,,,,,0,109769008,247139529.6,70.94727822732672,68.73814558760067,,,,,,
2014-11-12,27.345,27.8575,27.3425,27.8125,22.53766557500001,23.75060279333333,25.61360000000002,26.471499999999974,27.233249999999963,27.37450000000003,40.90715210229055,40.10314058863907,,,,,0,187769724,240861282.4,74.60366307584235,69.45382955178817,,,,,,
2014-11-13,27.95,28.3625,27.9,28.205,22.58944388000001,23.81491958666666,25.68710000000002,26.678499999999975,27.379249999999967,27.58050000000003,41.513553293266284,40.23135992542336,,,,,0,238091420,238765653.12,77.6692958538566,70.32686021736579,,,,,,
2014-11-14,28.2875,28.5475,28.2625,28.545,22.64277611000001,23.881010186666664,25.763150000000024,26.884874999999973,27.533749999999962,27.839000000000027,41.99173257883717,40.39139380300644,,,,,0,176254380,237614177.92,79.9294228906217,71.39566636098891,,,,,,
2014-11-17,28.5675,29.32,28.325,28.4975,22.69570477000001,23.947669859999998,25.841300000000018,27.062749999999973,27.648499999999963,28.097000000000026,41.9117863340883,40.52961130583206,,,,,0,186986848,237645375.52,78.73055012431607,72.11628753687354,,,,,,
2014-11-18,28.485,28.9225,28.4725,28.8675,22.749187005000014,24.016546173333328,25.92870000000002,27.22524999999997,27.820249999999966,28.385500000000025,42.424754570571984,40.701897057172054,,,,,0,176895912,225995593.36,81.1076391523712,72.91726170050737,,,,,,
2014-11-19,28.86,28.935,28.45,28.6675,22.80099067000001,24.08267725333333,25.997050000000023,27.371249999999968,27.965499999999963,28.556500000000028,41.915635052149334,40.81223687489726,,,,,0,167476640,221275559.2,76.15324494871251,73.48992162794202,,,,,,
2014-11-20,28.7275,29.215,28.7125,29.0775,22.85485862000001,24.150058333333334,26.071450000000024,27.51474999999997,28.155749999999966,28.73100000000003,42.57902495216526,40.97285397283071,,,,,0,173582148,219755222.72,78.98696030648829,74.10276446558892,,,,,,
2014-11-21,29.3775,29.3925,29.0075,29.1175,22.907646215000014,24.217580126666665,26.14550000000002,27.65537499999997,28.342249999999968,28.845500000000026,42.553891121666055,41.11658462272484,,,,,0,228717192,219201814.32,79.24607261524125,74.53264295881354,,,,,,
2014-11-24,29.2125,29.6925,29.155,29.65625,22.961465060000013,24.290348106666666,26.23047500000002,27.82431249999997,28.587124999999965,29.077250000000028,43.11545917131088,41.29830049077811,,,,,0,189803296,218092558.96,82.39490480254929,75.47723707968166,,,,,82.39490480254929,
2014-11-25,29.7675,29.9375,29.3625,29.4,23.012758015000014,24.351164906666668,26.31417500000002,27.96006249999997,28.784624999999966,29.183750000000025,42.620843622095194,41.41853168453421,,,,,0,275361760,218247143.52,76.45326227880187,75.95553787995254,,,,,,
2014-11-26,29.485,29.775,29.4575,29.75,23.065808110000013,24.41332218666667,26.401275000000012,28.105812499999967,28.978374999999964,29.400250000000028,43.177892918825556,41.578473614924334,,,,,0,163327544,216639574.56,78.71136094922309,76.65716498764104,,,,,,
2014-11-28,29.8175,29.85,29.5125,29.7325,23.117251065000016,24.470088993333334,26.486975000000015,28.255187499999966,29.13112499999996,29.53125000000003,43.03174886507818,41.7105895467565,,,,,0,99257608,215640771.92,78.30700163476956,77.27364316652248,,,,,,
2014-12-01,29.7025,29.8125,27.8175,28.7675,23.16394759000001,24.520841513333334,26.557525000000012,28.34356249999997,29.153374999999965,29.461250000000028,41.74123120973515,41.71337515248183,,,,,0,335256148,216673702.4,60.00200217519599,76.66018993109401,,,,,,
2014-12-02,28.375,28.9375,28.1875,28.6575,23.209736975000013,24.571394033333334,26.625375000000016,28.40893749999997,29.169374999999967,29.261500000000023,41.86754908835904,41.727390964834306,,,,,0,237395760,217198543.52,58.32822387727612,75.75882890609039,,,,,,
2014-12-03,28.9375,29.0875,28.7775,28.9825,23.25869064000001,24.62378226666667,26.691825000000016,28.500562499999965,29.18087499999997,29.178000000000026,42.07374609857008,41.75887779517392,,,,,0,172253760,215571443.04,61.72540105662822,74.83895304757509,,,,,,
2014-12-04,28.9425,29.3,28.8225,28.8725,23.308205020000013,24.675175266666667,26.760525000000015,28.583437499999967,29.201374999999967,29.002500000000026,41.756856430751135,41.75869403477185,,,,,0,168623104,214130158.88,59.944182399541575,73.57287351512402,,,,,,
2014-12-05,28.9975,29.02,28.66,28.75,23.358160470000012,24.72375636,26.846175000000017,28.662187499999966,29.168624999999963,28.80600000000003,41.628055137263985,41.746817771362046,,,,,0,153275580,209188311.28,57.939006635066164,72.00212949687005,,,,,,
2014-12-08,28.525,28.662,27.905,28.1,23.404455205000012,24.76956364666667,26.904425000000014,28.704562499999962,29.06687499999997,28.672500000000024,40.61926307116322,41.644312798616696,,,,,0,230659400,208811859.2,48.64135946285713,69.85290159248014,,,,,,
2014-12-09,27.5475,28.575,27.3375,28.53,23.453880300000016,24.818732833333335,26.974475000000016,28.77068749999997,28.954249999999966,28.647000000000027,41.542292179332236,41.63503819686356,,,,,0,240832144,209647197.12,53.910543698618675,67.9102519172121,,,,,,
2014-12-10,28.6025,28.7125,27.885,27.9875,23.50143396500001,24.86531868666667,27.03047500000002,28.79881249999997,28.812999999999967,28.448000000000025,40.76205687875639,41.55567625885382,,,,,0,178261272,208791291.44,47.31507894552622,65.8503829169845,,,,,,
2014-12-11,28.065,28.45,27.835,27.905,23.546732275000014,24.911937280000004,27.092675000000018,28.803437499999966,28.628499999999967,28.25450000000003,41.3174805294797,41.534022101637994,,,,,0,165886312,207989714.8,46.38569608391567,63.52172118680074,,,,,,
2014-12-12,27.615,27.9675,27.395,27.4325,23.58992344000001,24.953670753333334,27.141825000000022,28.764812499999966,28.398499999999967,27.99100000000003,40.43447499914019,41.4340632741382,,,,,0,224112552,208651339.6,41.37327510355091,60.816521364537145,,,,,,
2014-12-15,27.675,27.9,26.5875,27.05625,23.630961925000012,24.992674466666667,27.184850000000026,28.690374999999968,28.227374999999974,27.782250000000026,40.53714922115735,41.35252563295812,,,,,0,268872328,210551219.36,37.86450344860586,57.63577841068404,,,,,,
2014-12-16,26.5925,27.54,26.565,26.68625,23.66952898500001,25.029185320000003,27.220475000000025,28.599812499999967,28.030249999999967,27.413500000000028,40.238009077064575,41.251205946058704,,,,,0,243162932,212450383.44,34.743998329788695,54.656545271468815,,,34.743998329788695,,,
2014-12-17,26.78,27.46,26.705,27.3525,23.71122729500001,25.071340220000003,27.27377500000002,28.524062499999967,27.867249999999967,27.28650000000003,41.59569938258463,41.28252353119743,,,,,1,213647092,213355790.64,43.73576864797606,52.158288678522595,,,,,,
2014-12-18,27.9675,28.1625,27.665,28.1625,23.757263105000014,25.116826073333336,27.33302500000002,28.498812499999975,27.79624999999997,27.33800000000003,41.973232516431594,41.34531525712781,,,,,0,236024872,213483914.16,52.33495284472813,50.30314233637678,,,,,,
2014-12-19,28.065,28.31,27.915,27.945,23.802266770000013,25.159176220000003,27.386825000000016,28.44218749999997,27.715749999999968,27.440500000000025,40.672317014598086,41.28413359871602,,,,,0,353719080,214368173.76,50.11985168478888,49.59727444420484,,,,,,
2014-12-22,28.04,28.3725,27.9925,28.235,23.848634720000014,25.20343112666667,27.44787500000002,28.398062499999973,27.72924999999997,27.676250000000028,40.90744452225147,41.24988913721924,,,,,0,180670196,212675050.32,52.97763698032441,49.21508966585115,,,,,,
2014-12-23,28.3075,28.3325,28.115,28.135,23.893579460000016,25.246638413333333,27.51152500000002,28.321999999999974,27.689749999999968,27.966000000000026,40.60783049640614,41.1915201698726,,,,,0,104113676,210470654.4,51.87397004061957,48.511416021850536,,,,,,
2014-12-24,28.145,28.1775,28.0025,28.0025,23.937768840000018,25.288733793333336,27.577825000000015,28.25212499999997,27.691249999999968,28.096000000000025,40.34612927858917,41.11466645248319,,,,,0,57918444,206533938.32,50.37644689003528,47.82800634260009,,,,,,
2014-12-26,28.025,28.63,28.0025,28.4975,23.985497505000016,25.332495846666667,27.660075000000017,28.189499999999974,27.750499999999967,28.16300000000003,41.06504697677099,41.11015559105481,,,,,0,134883804,201156926.4,55.540201036599385,47.65666308556674,,,,,55.540201036599385,
2014-12-29,28.4475,28.6925,28.425,28.4775,24.034190455000015,25.373386473333333,27.74832500000002,28.126749999999976,27.85499999999996,28.26950000000003,40.900865102428696,41.091129182997896,,,,,0,110395680,197592478.16,55.289859642045265,48.13155595550875,,,,,,
2014-12-30,28.41,28.48,28.0275,28.13,24.080779835000016,25.412346146666664,27.82257500000002,28.094874999999973,27.962374999999962,28.248500000000025,40.36698125391639,41.025297553081394,,,,,0,119525908,194528621.28,50.98940235934705,47.92290300270364,,,,,,
2014-12-31,28.205,28.2825,27.5525,27.595,24.123862075000016,25.445032013333332,27.87567500000002,28.041749999999972,28.053249999999963,28.14050000000002,39.79378469968995,40.91334183913672,,,,,0,165613404,191639507.04,45.16495898609579,47.769323005601464,,,,,,
2015-01-02,27.8475,27.86,26.8375,27.3325,24.165656815000016,25.476534546666667,27.90997500000002,27.95924999999997,28.05124999999996,28.006500000000024,39.82587789596386,40.81448148066646,,,,,0,212818504,188325964.8,42.59406703403425,47.49849235918136,,,,,,
2015-01-05,27.0725,27.1625,26.3525,26.5625,24.20405869500002,25.503939459999998,27.92627500000002,27.84374999999997,27.891249999999964,27.619500000000023,38.71708288796035,40.62380888132954,,,,,0,257141964,188007752.4,36.102296833345456,47.12199391130955,,,36.102296833345456,,,
2015-01-06,26.635,26.8575,26.1575,26.565,24.241728435000017,25.52924437333333,27.93342500000002,27.73449999999997,27.753249999999962,27.237000000000023,39.44164546813292,40.516339480129844,,,,,0,263188464,187585547.76,36.136329961356665,46.998552947934606,,,,,,
2015-01-07,26.8,27.05,26.67375,26.9375,24.280132105000018,25.555299286666664,27.94607500000002,27.676374999999968,27.62349999999996,26.998500000000025,40.35358856692017,40.50154394256533,,,,,0,160423736,187029709.2,41.16468201391998,47.45717321108684,,,,,,
2015-01-08,27.3075,28.0375,27.175,27.9725,24.32267506000002,25.587651819999998,27.97997500000002,27.648499999999967,27.607249999999965,27.074000000000023,41.422330815933655,40.58525184014427,,,,,1,237458188,189043856.88,52.383101276208535,48.074839827389155,,,,,,
2015-01-09,28.1675,28.3125,27.5525,28.0025,24.366298370000017,25.620628166666666,28.006325000000025,27.649249999999967,27.607249999999965,27.208000000000027,40.73801972707964,40.59913982986566,,,,,0,214798108,189494943.12,52.664837714791176,48.09840303239366,,,,,52.664837714791176,
2015-01-12,28.15,28.1575,27.2,27.3125,24.40688596500002,25.64654483333333,28.015875000000023,27.619624999999967,27.488749999999964,27.358000000000022,40.07096013810575,40.55112349425112,,,,,0,198603160,189251976,45.93319458512003,47.79935609670303,,,,,,
2015-01-13,27.8575,28.2,27.2275,27.555,24.44879320500002,25.6731615,28.032075000000024,27.625749999999965,27.396499999999964,27.556000000000022,40.756609113230056,40.56980400506739,,,,,1,268367712,191366946.8,48.428136800897406,47.474391798172526,,,,,,
2015-01-14,27.26,27.6225,27.125,27.45,24.49019687000002,25.699728166666667,28.041075000000024,27.645437499999964,27.328499999999963,27.65850000000002,40.706267331675754,40.58220976203179,,,,,0,195826352,191712331.04,47.40803393788103,47.155396362262636,,,,,,
2015-01-15,27.5,27.515,26.665,26.705,24.526998750000022,25.723944833333334,28.028175000000022,27.646374999999967,27.239499999999964,27.40500000000002,39.83304081500743,40.514103494120484,,,,,0,240055984,192330846.72,40.83546215436527,46.47389745257192,,,,,,
2015-01-16,26.7575,26.895,26.3,26.4975,24.562602420000015,25.748461500000005,28.015125000000026,27.603624999999965,27.15599999999996,27.10400000000002,39.892455850692784,40.457590071990694,,,,,0,314053380,195285965.12,39.20514186145197,45.30710751148997,,,39.20514186145197,,,
2015-01-20,26.96,27.241675,26.625,27.18,24.602290015000015,25.775994833333336,28.014425000000024,27.55449999999997,27.21774999999996,27.077500000000022,40.377930296817894,40.45034827424771,,,,,0,199599628,196283085.28,46.73742833164959,44.696219560747416,,,,,,
2015-01-21,27.2375,27.765,27.0675,27.3875,24.644259755000018,25.8051115,28.018675000000027,27.526624999999967,27.29999999999996,27.04400000000002,40.62322315888359,40.46606417285097,,,,,1,194303588,197371680.48,48.81383631202504,44.5408219859387,,,,,,
2015-01-22,27.565,28.1175,27.43,28.1,24.69128306500002,25.838811500000002,28.035625000000024,27.519874999999967,27.416249999999962,27.174000000000017,41.483770643465945,40.558582942906874,,,,,0,215185636,198980070.4,55.263070946422246,45.262115697390584,,,,,,
2015-01-23,28.075,28.4375,27.8825,28.245,24.739036730000016,25.874011499999998,28.056375000000024,27.52537499999997,27.44349999999996,27.482000000000017,41.07069287254926,40.60513839105618,,,,,0,185859312,200521612.88,56.46522390215088,46.25291261654177,,,,,,
2015-01-26,28.435,28.59065,28.2,28.275,24.785711825000018,25.910994833333334,28.073375000000027,27.53899999999997,27.470749999999963,27.837500000000016,41.341345732081756,40.672066331149416,,,,,0,222459916,202775431.04,56.724328613498024,47.72591488655267,,,,,,
2015-01-27,28.105,28.12,27.2575,27.285,24.82865834500002,25.9415115,28.062825000000025,27.47837499999997,27.46799999999996,27.858500000000014,39.79164742427409,40.59202824870621,,,,,0,382274996,206665536.48,46.82105434014935,48.489109485037865,,,,,,
2015-01-28,29.40625,29.53,28.8275,28.8275,24.88000844000002,25.983228166666667,28.075275000000023,27.495874999999966,27.595249999999965,28.14650000000002,42.61166268384618,40.775631379173475,,,,,1,585908252,213621873.12,58.86986627704366,49.75376550383242,,,,,,
2015-01-29,29.08,29.7975,28.89,29.725,24.935476390000016,26.03079483333333,28.098875000000024,27.575624999999967,27.822749999999964,28.47150000000002,44.539397450753185,41.117791931135265,,,,,0,337745728,216851700.08,63.983194404842955,50.58234358444916,,,,,,
2015-01-30,29.6,30,29.2125,29.29,24.989433645000016,26.0745615,28.114725000000025,27.660374999999966,28.08124999999996,28.680500000000016,43.473098330241186,41.33191069469035,,,,,0,334981844,219811600,60.08427844295286,51.1123036364607,,,,,,
2015-02-02,29.5125,29.7925,29.02,29.6575,25.045040880000016,26.118978166666665,28.130525000000024,27.776624999999967,28.397249999999964,28.957000000000022,44.59796790961358,41.6288249869561,,,,,0,250956400,221292809.76,62.181000028972235,52.272861168164425,,,,,,
2015-02-03,29.625,29.7725,29.4025,29.6625,25.099614190000015,26.16184483333333,28.150425000000023,27.93162499999997,28.645499999999963,29.432500000000022,44.034688373704135,41.847539840296825,,,,,0,207662996,222096536.88,62.210085094071175,53.257286046248275,,,,,,
2015-02-04,29.625,30.1275,29.57725,29.89,25.154212500000018,26.20524483333333,28.166675000000023,28.097874999999966,28.895749999999964,29.64500000000002,43.740823305024804,42.01965651890846,,,,,0,280598972,224236873.36,63.58244147579384,54.41260087038491,,,,,,
2015-02-05,30.005,30.0575,29.8125,29.985,25.20919134500002,26.249344833333335,28.184025000000023,28.250249999999966,29.08424999999996,29.69700000000002,44.06297299547883,42.20541256223304,,,,,0,168984980,223042229.12,64.16762683529991,56.07918406188024,,,,,,
2015-02-06,30.005,30.0625,29.6125,29.7325,25.264148580000015,26.290844833333335,28.185550000000024,28.338249999999967,29.232999999999958,29.78550000000002,43.24685336384617,42.30008899874333,,,,,0,174826268,222742688.56,61.34605118666788,57.660677585109944,,,,,,
2015-02-09,29.6375,29.96,29.6075,29.93,25.312411180000016,26.3304315,28.196150000000024,28.434624999999965,29.398499999999963,29.84000000000002,43.683439797224,42.42584816224157,,,,,0,155559188,220346637.12,62.72664096730262,58.8027642019423,,,,,,
2015-02-10,30.0425,30.5375,30.04,30.505,25.362804140000016,26.3748815,28.21125000000002,28.594249999999967,29.720499999999966,30.00850000000002,44.712567302148784,42.63373172041496,,,,,0,248034024,222040766.72,66.48031179721262,60.06465530802713,,,,,,
2015-02-11,30.6925,31.23,30.625,31.22,25.412816745000015,26.4240315,28.24100000000002,28.777499999999968,29.959749999999964,30.274500000000025,45.277217815033424,42.874048638107546,,,,,0,294247188,225940558.32,70.46357061496845,61.150405284351855,,,,,,
2015-02-12,31.515,31.87,31.3925,31.615,25.465118635000014,26.4764065,28.297950000000018,28.985749999999967,30.14874999999996,30.60050000000002,45.85140172006207,43.14471710010341,,,,,0,297897864,225193392.64,72.41388588720261,62.28959542614127,,,,,,
2015-02-13,31.82,31.82,31.4125,31.77,25.518595525000013,26.5295065,28.360200000000017,29.238999999999965,30.39674999999996,31.00800000000002,45.63606067570674,43.371202879703716,,,,,0,217088876,224787254.96,73.16275185809317,63.46376851504091,,,,,,
2015-02-17,31.8725,32.22,31.73,31.9575,25.572761700000015,26.581806500000003,28.41970000000002,29.511999999999965,30.62674999999996,31.41350000000002,45.719102141641116,43.58464826715257,,,,,0,252609620,226394372.16,74.07942082006005,65.41079469217739,,,,,,
2015-02-18,31.90625,32.195,31.8625,32.17875,25.627837700000015,26.637464833333336,28.48582499999999,29.761937499999966,30.87837499999996,31.748250000000024,45.96220135787539,43.800789457218286,,,,,0,179566948,226613249.04,75.15770432579299,66.5742116956595,,,,,,
2015-02-19,32.12,32.2575,32.0825,32.1125,25.681086020000013,26.693581500000004,28.55307499999999,29.99818749999996,31.100624999999958,31.926750000000027,45.88199154156824,43.98998964670464,,,,,0,149449524,226536727.92,74.1628444270008,67.30132955438505,,,,,,
2015-02-20,32.155,32.375,32.0125,32.37375,25.73681023500001,26.75425666666667,28.63854999999999,30.211874999999957,31.33949999999996,32.07850000000003,46.30444110705858,44.20039432491864,,,,,0,195793676,225839413.44,75.5379509788628,68.40516330695006,,,,,,
2015-02-23,32.505,33.25,32.415,33.25,25.79728712500001,26.818540000000002,28.732949999999988,30.462124999999958,31.691249999999958,32.374500000000026,47.268160924986965,44.479282197652125,,,,,0,283896440,226700699.36,79.48231070057952,69.64097121206485,,,,,79.48231070057952,
2015-02-24,33.235,33.4,32.7925,33.0425,25.857501515000013,26.882258333333333,28.834049999999987,30.70049999999996,32.002499999999955,32.591500000000025,46.98742925400301,44.7072955664113,,,,,0,276912520,228673724.32,76.34304611273082,70.6504684276834,,,,,,
2015-02-25,32.89,32.9,32.0375,32.1975,25.91392796000001,26.939041666666665,28.919899999999988,30.946124999999956,32.17174999999996,32.59525000000002,45.659850246752505,44.793891446442316,,,,,0,298846984,231332937.76,65.07176426763725,70.7568486271008,,,,,,
2015-02-26,32.19625,32.7175,31.6525,32.60375,25.971084315000013,26.994416666666666,29.02332499999999,31.134937499999957,32.31012499999996,32.69350000000002,46.2713945105163,44.928209906812675,,,,,0,365150116,234153689.04,67.55210689027679,70.99859720245628,,,,,,
2015-02-27,32.5,32.6425,32.06,32.115,26.025630850000013,27.046799999999998,29.12449999999999,31.254437499999955,32.360124999999954,32.64175000000002,45.64512919639559,44.99338438768385,,,,,0,248059388,233737430.24,61.86060037537889,71.03535071593565,,,,,,
2015-03-02,32.3125,32.57,32.075,32.2725,26.08094524000001,27.099164999999996,29.236224999999987,31.403562499999957,32.41037499999995,32.44625000000003,46.004989308624374,45.085348471405716,,,,,0,192386652,232721904.64,62.94408887424479,71.05088270928866,,,,,,
2015-03-03,32.24,32.38,32.0225,32.34,26.13749891500001,27.149731666666664,29.335974999999983,31.537687499999958,32.44862499999995,32.30575000000003,45.820562107122456,45.15218607465269,,,,,0,151265132,231474265.44,63.423666071405684,70.83255087173102,,,,,,
2015-03-04,32.275,32.39,32.08,32.135,26.19147580500001,27.19999833333333,29.415424999999985,31.66131249999996,32.444249999999954,32.29325000000003,45.73769558492821,45.20541421195046,,,,,0,126665360,229287075.2,60.848042380048085,70.14572742637957,,,,,,
2015-03-05,32.145,32.1875,31.44,31.6025,26.24152591500001,27.24709833333333,29.488574999999987,31.746937499999955,32.39324999999995,32.09300000000003,45.17805320867463,45.2029268480163,,,,,0,226068584,226734065.28,54.640801938341156,68.87622143003232,,,,,,
2015-03-06,32.1,32.3425,31.565,31.65,26.29179209500001,27.298764999999996,29.55687499999998,31.830187499999955,32.32087499999995,32.00000000000003,45.19190496135247,45.201924858319586,,,,,0,291368240,228948026.16,55.08099256440299,67.58466719476873,,,,,,
2015-03-09,31.99,32.3925,31.265,31.785,26.34244756000001,27.35044833333333,29.629874999999984,31.93281249999996,32.17437499999995,31.902500000000025,46.03719475102112,45.277858484928814,,,,,1,354113948,233948031.6,56.3767342746877,66.32018958438499,,,,,,
2015-03-10,31.6025,31.805,30.95,31.1275,26.389644095000012,27.39864833333333,29.692374999999984,31.992687499999953,31.98287499999995,31.660000000000025,44.907739140052804,45.24421127175827,,,,,0,275426328,238298189.28,48.96795098472248,64.44949291716567,,,,,,
2015-03-11,31.1875,31.1925,30.5275,30.56,26.432778135000007,27.443848333333328,29.733624999999982,31.99543749999996,31.81912499999995,31.34500000000002,44.84971822166562,45.20834826720439,,,,,0,275755896,241115631.12,43.63752541505718,62.26911298774113,,,43.63752541505718,,,
2015-03-12,30.5775,31.225,30.4075,31.1125,26.476621105000007,27.492998333333325,29.786324999999984,31.990062499999958,31.66999999999995,31.247000000000025,45.748294318315494,45.257434271850855,,,,,1,193450876,242776735.04,49.41123731094772,60.402919154318624,,,,,,
2015-03-13,31.1,31.348775,30.645,30.8975,26.51967836000001,27.541514999999993,29.84167499999998,31.954187499999954,31.548249999999946,31.096500000000027,44.866768314818856,45.22191918484795,,,,,0,207309132,244532399.52,47.37735091610081,58.10970774114157,,,,,,
2015-03-16,30.97,31.2375,30.7175,31.2375,26.56240526000001,27.591865,29.91452499999998,31.927562499999954,31.44474999999995,30.987000000000023,45.63772280120775,45.25971951360793,,,,,1,143497200,244090075.44,50.82460993114233,56.286962299599544,,,,,,
2015-03-17,31.475,31.83,31.4125,31.76,26.608169660000012,27.643614999999997,30.003074999999985,31.917687499999953,31.38674999999995,31.113500000000027,45.78150000720742,45.30715410393516,,,,,0,204092416,243915553.68,55.634534969257125,55.612874492572395,,,,,,
2015-03-18,31.75,32.29,31.5925,32.1175,26.656498345000013,27.69778166666667,30.11417499999998,31.914624999999955,31.384999999999952,31.425000000000022,46.451057716412436,45.4111453414331,,,,,0,261083780,243994390,58.61707392256424,54.974657852021494,,,,,58.61707392256424,
2015-03-19,32.1875,32.311275,31.85,31.87375,26.702020780000012,27.748206666666672,30.220349999999986,31.902687499999956,31.412124999999953,31.577250000000028,45.544772564896405,45.423293270838855,,,,,0,183237960,242395379.92,55.85971643930761,54.54602328515926,,,,,,
2015-03-20,32.0625,32.1,31.29,31.475,26.74424946500001,27.795540000000003,30.31109999999999,31.857749999999953,31.39462499999995,31.692750000000025,45.19521172466939,45.402558584823446,,,,,0,274780544,244682516.08,51.58476531695204,53.73464303106692,,,,,,
2015-03-23,31.78,31.9625,31.63,31.8025,26.787663865000013,27.844256666666666,30.387699999999985,31.785374999999952,31.396374999999956,31.805750000000025,45.2575779137612,45.38937852381779,,,,,0,150838696,242950126.24,54.654242302959005,53.10825561903501,,,,,,
2015-03-24,31.8075,32.01,31.64,31.6725,26.830746125000015,27.890140000000006,30.461099999999988,31.716874999999952,31.450874999999957,31.788250000000026,45.151395633951395,45.36774371564812,,,,,0,131369216,241281548.4,53.21209562338265,52.562830850701765,,,,,,
2015-03-25,31.635,31.705,30.845,30.845,26.867846125000014,27.928223333333335,30.531749999999985,31.649249999999956,31.47937499999996,31.533750000000026,44.243366005259375,45.26552756015823,,,,,0,206620708,241441899.36,45.06132219898951,51.878582297890944,,,,,,
2015-03-26,30.69,31.22,30.65,31.06,26.90533362500001,27.967673333333337,30.60184999999998,31.57206249999995,31.474124999999958,31.371000000000027,45.20996579413405,45.26047649051967,,,,,0,190291476,239880374.64,47.31917769844795,51.32416695032272,,,,,,
2015-03-27,31.1425,31.175,30.7275,30.8125,26.942071125000012,28.005456666666674,30.66909999999998,31.506937499999953,31.46562499999996,31.238500000000027,44.95659363373295,45.23285077626633,,,,,0,158184604,239127539.68,45.02517071426519,50.513340981721115,,,45.02517071426519,,,
2015-03-30,31.0125,31.6,31,31.5925,26.984671125000013,28.047206666666675,30.766849999999977,31.472937499999954,31.501124999999956,31.196500000000025,45.98572551455105,45.30129393429222,,,,,1,188398680,238094393.6,52.79251404565619,50.7865240575021,,,,,,
2015-03-31,31.5225,31.6225,31.08875,31.1075,27.02610862500001,28.085356666666673,30.85904999999998,31.41131249999995,31.43587499999996,31.083500000000026,44.7323893703505,45.24957533757024,,,,,0,168362212,235180570.24,48.22948669569621,51.114521291833455,,,,,,
2015-04-01,31.205,31.28,30.775,31.0625,27.066171125000015,28.124291666666675,30.936699999999973,31.357687499999958,31.330374999999957,31.127000000000027,45.06405079573865,45.232709470131006,,,,,0,162485748,234438292.64,47.816520826531686,51.000612971518024,,,,,,
2015-04-02,31.2575,31.39,31.0475,31.33,27.107721125000012,28.162941666666672,31.015549999999976,31.344062499999957,31.27599999999996,31.18100000000003,45.63308070631988,45.26910685523909,,,,,1,128880524,233129831.36,50.52829993499176,51.22568075858167,,,,,,
2015-04-06,31.1175,31.8775,31.0825,31.8375,27.151683625000015,28.20477500000001,31.090299999999974,31.353437499999956,31.31224999999996,31.386000000000024,46.20916708596199,45.354566876213894,,,,,0,148775900,231801636.64,55.276747071863845,51.54369055434749,,,,,55.276747071863845,
2015-04-07,31.91,32.03045,31.495,31.5025,27.19437112500001,28.24395833333334,31.155449999999977,31.339312499999956,31.28224999999996,31.368000000000023,45.422758600801686,45.360766123903694,,,,,0,140049072,230885431.84,51.74601223026223,51.265938930133565,,,,,,
2015-04-08,31.4625,31.6,31.2425,31.4,27.237733625000015,28.281125000000007,31.217949999999973,31.352937499999957,31.25499999999996,31.426500000000022,45.36851078585774,45.361470184081334,,,,,0,149316972,229422572.96,50.67937288517662,50.69896028460588,,,,,,
2015-04-09,31.4625,31.645,31.165,31.64,27.282396125000012,28.327158333333344,31.30504999999998,31.40693749999996,31.334499999999963,31.542000000000023,45.592967961957825,45.38251543661556,,,,,0,129935896,224375790.96,53.1162579173976,50.502998961612306,,,,,,
2015-04-10,31.4875,31.8025,31.315,31.775,27.328421125000013,28.37545833333334,31.36399999999998,31.44006249999996,31.40599999999996,31.63100000000002,45.584311250107596,45.40086051056939,,,,,0,160751812,215872662.16,54.47873127411313,50.709710815695246,,,,,,
2015-04-13,32.0925,32.1425,31.6525,31.7125,27.37403362500001,28.42192500000001,31.403749999999977,31.480812499999956,31.49599999999996,31.606000000000023,45.259174333748796,45.38797994904024,,,,,0,145460492,212026957.44,53.70066543202461,50.64159818205707,,,,,,
2015-04-14,31.75,31.8225,31.4775,31.575,27.41828362500001,28.468491666666676,31.449449999999977,31.497687499999962,31.494249999999965,31.62050000000002,45.27033162399698,45.377284646763584,,,,,0,102098372,207369288,51.9430487516054,50.55095197693013,,,,,,
2015-04-15,31.6025,31.7825,31.5025,31.695,27.461783625000013,28.51647500000001,31.49019999999998,31.494437499999957,31.55299999999996,31.67950000000002,45.36844415604244,45.376480965788936,,,,,0,115881676,204667793.52,53.37723564603765,51.14494579457642,,,,,,
2015-04-16,31.57,31.775,31.5275,31.5425,27.503333625000014,28.558425000000007,31.527799999999978,31.465687499999962,31.600999999999964,31.660000000000018,44.918898904886,45.33488259661594,,,,,0,113475948,202784052.56,51.282672468500564,51.42805256386589,,,,,,
2015-04-17,31.3875,31.535,31.115,31.1875,27.542371125000013,28.597291666666674,31.553749999999983,31.431374999999957,31.58674999999996,31.542500000000018,44.44795462211222,45.25425278075197,,,,,0,207828184,201328636.8,46.68962470411777,51.54694213456965,,,46.68962470411777,,,
2015-04-20,31.3925,32.03,31.2925,31.9,27.58502112500001,28.640525000000004,31.592049999999983,31.452624999999955,31.59299999999996,31.58000000000002,45.98352857513526,45.32055058024136,,,,,1,188217240,201713282,55.335917337640915,51.72861379828284,,,,,,
2015-04-21,32.025,32.05,31.6675,31.7275,27.62612112500001,28.68265833333334,31.63194999999998,31.44887499999995,31.615499999999958,31.61050000000002,45.31636831079794,45.32017037392832,,,,,0,129740228,200811561.2,53.090862839071804,52.075854951381096,,,,,,
2015-04-22,31.7475,32.2175,31.58,32.155,27.66693612500001,28.728925000000004,31.67644999999998,31.472999999999956,31.690999999999963,31.702499999999997,45.99506982820688,45.38152486977182,,,,,1,150618020,200712737.84,57.6739604834639,52.77995778401912,,,,,,
2015-04-23,32.075,32.605,32.035,32.4175,27.70983612500001,28.775741666666672,31.71469999999998,31.551624999999955,31.76874999999996,31.877499999999998,46.13583749217252,45.450098744535524,,,,,0,183083608,199413729.52,60.242568628964875,53.473834119302914,,,,,,
2015-04-24,32.6225,32.6575,32.3075,32.57,27.75344862500001,28.823225,31.741699999999984,31.627124999999957,31.84824999999996,32.153999999999996,46.243841490252876,45.52225717596438,,,,,0,178103620,197090858.16,61.69685481326058,53.932413243688394,,,,,,
2015-04-27,33.0775,33.2825,32.7875,33.1625,27.80046737500001,28.876041666666673,31.77264999999998,31.74462499999995,31.99324999999996,32.4065,46.979255698426115,45.65471158709726,,,,,0,387816828,198889237.44,66.78103416734977,55.00634338205179,,,,,66.78103416734977,
2015-04-28,33.61375,33.635,32.3925,32.64,27.844642375000014,28.92520833333334,31.79004999999998,31.79699999999995,32.09974999999996,32.589,46.43134874722607,45.725314965290785,,,,,0,475695880,204061377.52,59.30516689954788,55.62247152593545,,,,,,
2015-04-29,32.54,32.8975,32.075,32.16,27.884879875000014,28.968541666666674,31.79409999999998,31.849624999999953,32.14624999999997,32.589999999999996,45.62219826363274,45.715940719685506,,,,,0,253544332,204080071.76,53.39194949854528,55.64216378173171,,,,,,
2015-04-30,31.875,31.97,31.145,31.2875,27.92216737500001,29.00754166666667,31.776274999999977,31.860874999999954,32.12074999999996,32.364000000000004,44.5511071030211,45.610046754534196,,,,,0,332781692,207144366.64,44.672644696628936,54.94172902619713,,,44.672644696628936,,,
2015-05-01,31.525,32.5325,31.325,32.2375,27.964879875000005,29.059341666666672,31.77877499999998,31.906249999999954,32.22574999999996,32.2975,46.37354891609246,45.67945604194858,,,,,1,234050552,208836387.2,53.564614676674665,54.9320111151007,,,,,,
2015-05-04,32.375,32.6425,32.065,32.175,28.009392500000008,29.105925000000006,31.77479999999998,31.923124999999953,32.253249999999966,32.1,45.78354970141679,45.68891910190024,,,,,0,203953112,208999575.92,52.9615555360421,55.00476159970333,,,,,,
2015-05-05,32.0375,32.11245,31.445,31.45,28.048605000000006,29.14874166666667,31.73879999999998,31.920499999999958,32.22549999999997,31.862000000000002,44.62068867670219,45.591807245064054,,,,,0,197085664,207263360.4,46.43123066892028,54.50861838705208,,,,,,
2015-05-06,31.64,31.6875,30.84,31.2525,28.087443750000006,29.18917500000001,31.702999999999978,31.913124999999958,32.13524999999997,31.680500000000006,44.87164147674519,45.52633762976234,,,,,0,288564040,207496390.8,44.8102955213355,54.04630574796886,,,,,,
2015-05-07,31.1925,31.52,31.005,31.315,28.125618750000008,29.232641666666677,31.685349999999982,31.89687499999996,32.02499999999996,31.686000000000014,45.162608465735644,45.49327134212355,,,,,0,175763580,205034722.72,45.45919081197947,53.95841761281613,,,,,,
2015-05-08,31.67,31.905,31.5275,31.905,28.16365625000001,29.278841666666672,31.67137499999998,31.903374999999954,31.958499999999965,31.619500000000006,45.84051724137931,45.5248391511468,,,,,1,222201528,202175750.96,51.28236077639503,53.66887785844142,,,,,,
2015-05-11,31.8475,31.89,31.40625,31.58,28.20026875000001,29.323341666666675,31.660674999999983,31.89674999999995,31.800249999999966,31.50050000000001,44.77104106611219,45.45631205250729,,,,,0,168143028,200577423.76,48.227782785467184,53.32151499746966,,,,,,
2015-05-12,31.4,31.72,31.205,31.46625,28.23551125000001,29.36708333333334,31.64454999999998,31.89131249999995,31.682874999999967,31.503750000000007,44.837982644051046,45.40010028810218,,,,,0,192640128,200582493.28,47.1687955555972,52.57114607405061,,,,,,
2015-05-13,31.5375,31.7975,31.4675,31.5025,28.269248750000006,29.41251666666667,31.62779999999998,31.881687499999952,31.617124999999966,31.553750000000008,45.02243797400816,45.36576735045727,,,,,0,138776940,200332729.44,47.56394802569821,51.66553031667443,,,,,,
2015-05-14,31.8525,32.2375,31.79,32.2375,28.30746125000001,29.45943333333334,31.62985,31.916437499999954,31.712124999999997,31.738250000000004,46.086929587129724,45.43132755379113,,,,,1,180813824,201415698.72,54.92549615362532,51.18186184098619,,,,,,
2015-05-15,32.2675,32.3725,32.0525,32.1925,28.34573625000001,29.50568333333334,31.64165,31.966687499999956,31.707624999999997,31.79575000000001,45.53179953797559,45.44046137053517,,,,,0,152832136,199950969.76,54.42173875025373,50.29905502547933,,,,,,
2015-05-18,32.095,32.68,32.09,32.5475,28.38897375000001,29.554783333333337,31.6596,31.999062499999958,31.744874999999997,31.98925000000001,45.99854903826676,45.491196613056225,,,,,0,203531672,198194238.4,57.716464492009855,50.185576282083765,,,,,,
2015-05-19,32.6725,32.72,32.41,32.5175,28.431398750000007,29.605216666666667,31.67425,32.038562499999955,31.851624999999995,32.19950000000001,45.81650385121172,45.52076999834309,,,,,0,178532960,194682618.64,57.33924763615675,50.467526149056006,,,,,,
2015-05-20,32.5,32.745,32.335,32.515,28.47448625000001,29.657400000000003,31.701999999999998,32.056562499999956,31.977874999999994,32.40200000000001,45.84247801751079,45.55001618190379,,,,,0,145819728,192090486.64,57.30563580728918,51.369882656960314,,,,,,
2015-05-21,32.5175,32.9075,32.4575,32.8475,28.51982375000001,29.71381666666667,31.74775,32.07806249999995,32.131125,32.52400000000001,46.3543994167039,45.62314193052198,,,,,0,158921456,189753797.84,60.61263019943074,51.873312337157174,,,,,,
2015-05-22,32.9,33.2425,32.85,33.135,28.566798750000007,29.774283333333333,31.788200000000003,32.10631249999996,32.254124999999995,32.712500000000006,46.651054523610625,45.71658852989368,,,,,0,182383888,189532458.08,63.26237966049292,52.60908548890365,,,,,63.26237966049292,
2015-05-26,33.15,33.2275,32.28,32.405,28.610723750000012,29.827533333333335,31.81835,32.06843749999996,32.33662499999999,32.684000000000005,45.72542637554914,45.71739197040781,,,,,0,282790240,191042080.24,53.43298136716003,53.10921053877792,,,,,,
2015-05-27,32.585,33.065,32.5125,33.01125,28.657355000000006,29.881341666666668,31.853825,32.086999999999954,32.491125,32.78275000000001,47.06479897348161,45.83988351614179,,,,,0,183332984,191838795.92,59.1144984137415,54.13093931680692,,,,,,
2015-05-28,32.965,32.9875,32.775,32.945,28.702092500000006,29.93019166666667,31.877525000000002,32.126249999999956,32.635374999999996,32.868750000000006,46.54388079944243,45.90388326916912,,,,,0,122933236,190215612.32,58.27772611859932,55.046548981565486,,,,,,
2015-05-29,32.8075,32.8625,32.475,32.57,28.74498000000001,29.975675000000003,31.886575000000004,32.19037499999996,32.66862499999999,32.813250000000004,46.072454132658116,45.91920789312267,,,,,0,203537808,189064692.88,53.64857319020759,55.215564153980665,,,,,,
2015-06-01,32.8,32.8475,32.5125,32.63375,28.786598750000007,30.018516666666667,31.901775,32.21018749999996,32.71274999999999,32.71300000000001,46.45616141293259,45.968021849469025,,,,,0,128451188,187968957.44,54.312966868240316,55.65022015989303,,,,,,
2015-06-02,32.465,32.66375,32.33,32.49,28.82717375000001,30.059749999999998,31.922075,32.22593749999996,32.70699999999999,32.730000000000004,46.15646886675854,45.98515339649534,,,,,0,134670508,185166756.72,52.48605066786178,56.03002409648336,,,,,,
2015-06-03,32.665,32.735,32.475,32.53,28.86734875000001,30.101433333333333,31.936625,32.27993749999996,32.70824999999999,32.633750000000006,46.25995449374289,46.01013531442694,,,,,0,123934168,184628666.16,52.96020242629802,56.41547083938334,,,,,,
2015-06-04,32.395,32.645,32.2275,32.34,28.90509875000001,30.139133333333334,31.949975,32.33431249999996,32.690749999999994,32.51275000000001,45.892520115227974,45.99944302359067,,,,,0,153800472,185077291.28,50.388019692082786,56.09136537784459,,,,,,
2015-06-05,32.375,32.4225,32.09,32.1625,28.940248750000013,30.17465,31.976324999999996,32.37668749999996,32.622249999999994,32.43125000000001,46.03762691808535,46.00291428672655,,,,,1,142507200,183795021.12,48.04060359970837,55.635570009948495,,,,,,
2015-06-08,32.225,32.3025,31.7075,31.95,28.97428625000001,30.20935,31.994125,32.378937499999964,32.50375,32.29450000000001,45.79922879545878,45.984397423884026,,,,,0,210699144,184203174.48,45.31862461217574,54.750010018531775,,,,,,
2015-06-09,31.675,32.02,31.405,31.855,29.00783625000001,30.241716666666672,32.01497499999999,32.392687499999965,32.44874999999999,32.167500000000004,45.960620984186825,45.9822359293661,,,,,0,224301680,185525516,44.11521340513757,53.805436144887544,,,,,,
2015-06-10,31.98,32.335,31.9625,32.22,29.042286250000014,30.274183333333337,32.027525,32.43037499999996,32.36962499999999,32.105500000000006,46.4678028026825,46.02637837239486,,,,,1,156349000,184884522.4,49.6475877027316,53.25843270884771,,,,,,
2015-06-11,32.295,32.545,32.11875,32.1475,29.076098750000014,30.3075,32.048325,32.46262499999997,32.289874999999995,32.06700000000001,45.81156184685541,46.00684959734582,,,,,0,141563548,184348549.12,48.61804288705108,52.401676472249164,,,,,,
2015-06-12,32.04625,32.0825,31.7775,31.7925,29.108950000000014,30.33801666666666,32.06292499999999,32.44037499999997,32.21212499999999,31.993000000000013,45.22704209857458,45.93595800654843,,,,,0,147544984,184049733.84,43.825669045137566,51.013339999723776,,,,,,
2015-06-15,31.525,31.81,31.4275,31.73,29.139937500000016,30.36838333333333,32.070924999999995,32.41724999999997,32.12174999999999,31.949000000000012,45.45606486765261,45.8923313575579,,,,,0,175955784,184991239.04,43.02163129761145,50.26967213761316,,,,,,
2015-06-16,31.7575,31.9625,31.5925,31.9,29.171625000000013,30.399366666666666,32.072174999999994,32.38487499999997,32.062749999999994,31.95800000000001,45.91183201162908,45.894104144291646,,,,,1,125976524,184535251.52,45.92751227263237,49.32774455610537,,,,,,
2015-06-17,31.93,31.97,31.685,31.825,29.202625000000015,30.430149999999994,32.078624999999995,32.350249999999974,31.992249999999995,31.879000000000012,45.54474810260031,45.86234450413789,,,,,0,131672284,184367715.76,44.84098659289987,48.36797744712684,,,,,,
2015-06-18,31.8075,32.0775,31.805,31.97,29.233350000000016,30.46045,32.090025,32.322999999999965,31.95525,31.843500000000017,45.66186132429395,45.84411876051571,,,,,0,141628880,184213953.92,47.43035326644099,47.92381888114351,,,,,,
2015-06-19,31.9275,31.955,31.6,31.65,29.267925000000012,30.48603333333333,32.090225,32.26312499999997,31.904000000000003,31.815000000000015,44.76155456242575,45.74570383341663,,,,,0,218867548,185992586.96,42.66973193346137,47.09215924294501,,,42.66973193346137,,,
2015-06-22,31.8725,32.015,31.77,31.9025,29.304787500000018,30.510683333333333,32.092774999999996,32.20149999999997,31.899250000000002,31.849500000000013,45.35921971194177,45.71056891328255,,,,,0,136157380,185500698.32,47.17521254268273,46.71281366257508,,,,,,
2015-06-23,31.87,31.9025,31.7198,31.7575,29.339862500000013,30.532099999999996,32.093675,32.169124999999966,31.889499999999998,31.821000000000016,44.87952516663919,45.63501948176952,,,,,0,121075452,185012997.52,44.988700352745234,46.14342065732131,,,,,,
2015-06-24,31.8025,32.45,31.78,32.0275,29.37705000000001,30.55563333333333,32.102725,32.11993749999997,31.870250000000006,31.8615,45.232322756802574,45.598410688590704,,,,,0,221123420,187393498.48,49.666835051217156,46.091907468688056,,,,,49.666835051217156,
2015-06-25,32.215,32.3,31.875,31.875,29.41393750000001,30.575683333333334,32.106325,32.06643749999997,31.843,31.8425,45.350425404774775,45.57586657188016,,,,,0,127752400,187630912.96,47.22410585281661,46.03358620105292,,,,,,
2015-06-26,31.9175,31.9975,31.6275,31.6875,29.44612500000001,30.595816666666664,32.109224999999995,32.02231249999998,31.8325,31.85,45.21811721392183,45.54334390297486,,,,,0,176267364,188886741.28,44.33682182808836,45.96345743076097,,,,,,
2015-06-29,31.365,31.6175,31.12,31.1325,29.475000000000012,30.609516666666664,32.108124999999994,31.947249999999976,31.772750000000002,31.696000000000005,44.44346630248062,45.44335503020266,,,,,0,196645708,188663091.76,37.10518288021592,45.46274096469513,,,37.10518288021592,,,
2015-06-30,31.3925,31.53,31.215,31.35625,29.504706250000012,30.62444166666667,32.097249999999995,31.89056249999997,31.718375,31.615750000000002,45.71681635271476,45.468215150431035,,,,,1,177482728,188448401.52,41.26454970323139,44.8639525361594,,,,,,
2015-07-01,31.725,31.735,31.4975,31.65,29.535918750000015,30.637733333333333,32.095699999999994,31.84656249999997,31.700875000000003,31.540249999999997,46.02275205878503,45.51862759664503,,,,,0,120955244,188272701.84,46.28674239431975,44.697431072392874,,,,,,
2015-07-02,31.6075,31.6725,31.4425,31.61,29.56789375000001,30.652466666666665,32.084799999999994,31.810062499999976,31.664875000000002,31.48725,45.6479671900723,45.53038574150206,,,,,0,108843808,187437217.6,45.71354426704826,44.83227930252935,,,,,,
2015-07-06,31.235,31.5575,31.2125,31.5,29.59841875000001,30.664133333333332,32.06644999999999,31.776937499999974,31.649874999999998,31.44975,45.503134660387715,45.527908370491666,,,,,0,112241724,186020379.92,44.096328544267394,44.90904339157621,,,,,,
2015-07-07,31.4725,31.5375,30.9425,31.4225,29.62829375000001,30.675399999999996,32.04349999999999,31.750562499999972,31.601874999999996,31.507749999999998,45.567151337032804,45.5314759129045,,,,,1,187787244,186214052.4,42.94363059727369,44.695908986193444,,,,,,
2015-07-08,31.12,31.16,30.635,30.6425,29.655306250000013,30.687899999999996,31.993099999999984,31.689937499999974,31.490374999999993,31.365,44.16745942517801,45.40747441402027,,,,,0,243046456,183318644.96,33.46268836435627,43.88317339844033,,,,,,
2015-07-09,30.9625,31.015,29.805,30.0175,29.679068750000013,30.69696666666666,31.940649999999987,31.579812499999967,31.28937499999999,31.038499999999992,43.99930619344499,45.2794591212407,,,,,0,314380152,180092330.4,28.107807524889438,42.50299155975808,,,28.107807524889438,,,
2015-07-10,30.485,30.9625,30.3025,30.82,29.70486875000001,30.709216666666666,31.91384999999999,31.51343749999997,31.18387499999999,30.880499999999994,45.073635871711254,45.26074791673802,,,,,0,245417896,179929801.68,41.13364940362958,42.39327137905581,,,,,,
2015-07-13,31.2575,31.43875,31.08,31.415,29.73475625000001,30.72616666666666,31.91639999999999,31.494562499999972,31.15662499999999,30.863499999999995,45.3838449018116,45.27193855174471,,,,,1,165762152,176589410.88,48.573551411539555,42.4931527268313,,,,,,
2015-07-14,31.51,31.5925,31.26,31.4025,29.76943125000001,30.743849999999995,31.89969999999999,31.478187499999972,31.18362499999999,30.85949999999999,44.86926081158316,45.2353314844573,,,,,0,127072556,174449850.96,48.435055283102685,42.73932093614254,,,,,,
2015-07-15,31.43,31.7875,31.395,31.705,29.802018750000013,30.767883333333327,31.890299999999993,31.468437499999972,31.218499999999988,31.071999999999992,45.100642499822186,45.22308703130865,,,,,0,134596800,173062724.72,52.00172928167583,42.90609909546102,,,,,,
2015-07-16,31.935,32.1425,31.8375,32.1275,29.83751875000001,30.79186666666666,31.903849999999988,31.48356249999997,31.266250000000003,31.494,45.73526620480212,45.26964877435351,,,,,1,144889788,172018807.2,56.52482912545357,43.57043647207795,,,,,,
2015-07-17,32.27,32.405,32.0775,32.405,29.873606250000012,30.82131666666666,31.926899999999993,31.505312499999974,31.345750000000002,31.811,45.76352569564419,45.31454667628903,,,,,0,184658840,169940703.2,59.241574521848236,44.63506166448938,,,,,,
2015-07-20,32.7425,33.2425,32.675,33.0175,29.914718750000016,30.855399999999996,31.960949999999993,31.573687499999977,31.497500000000002,32.1315,46.576994695858254,45.429314678068046,,,,,0,235600812,171137447.84,64.51275320185866,46.59274525889246,,,,,64.51275320185866,
2015-07-21,33.2125,33.23,32.58,32.6875,29.953281250000014,30.890433333333323,31.97659999999999,31.612937499999976,31.624000000000002,32.3885,46.07593925611292,45.48809873061758,,,,,0,307025708,172833931.44,60.00972655028921,47.93168646225372,,,,,,
2015-07-22,30.4975,31.375,30.4975,31.305,29.98528125000001,30.91875833333333,31.97109999999999,31.59031249999997,31.690250000000002,32.308499999999995,44.316042298781156,45.38154814590518,,,,,0,461802428,178707119.44,45.6376858410395,47.88532527987656,,,,,,
2015-07-23,31.55,31.7725,31.265,31.29,30.01720625000001,30.94944999999999,31.967574999999993,31.553437499999966,31.817500000000003,32.141000000000005,44.40082302580233,45.29239131680492,,,,,0,203997808,178934273.04,45.510330377302495,47.87081000203757,,,,,,
2015-07-24,31.33,31.435,30.975,31.125,30.049393750000018,30.9746,31.96002499999999,31.515937499999968,31.848000000000003,31.885,44.41880931427348,45.212974771120244,,,,,0,168649328,179531720.8,44.054010469530255,47.867787282413495,,,,,,
2015-07-27,30.7725,30.9025,30.53,30.6925,30.076856250000013,30.991466666666664,31.929124999999996,31.466187499999972,31.77575,31.419999999999998,44.27547904695501,45.12774788710522,,,,,0,177822160,179471887.52,40.40427824349828,47.68640497142953,,,,,,
2015-07-28,30.845,30.9775,30.6375,30.845,30.104806250000014,31.010799999999993,31.90217499999999,31.45181249999997,31.720000000000006,31.051499999999997,44.75392234624983,45.09376374702746,,,,,0,134472388,179104692.56,42.221915056095746,48.3120640208395,,,,,,
2015-07-29,30.7875,30.875,30.5675,30.7475,30.132631250000014,31.027549999999998,31.866174999999995,31.421374999999966,31.62425,30.939999999999998,44.066642780365456,45.00038911369455,,,,,0,148046612,177994991.36,41.35350703189356,49.25818541419693,,,,,,
2015-07-30,30.58,30.642475,30.4275,30.5925,30.160831250000015,31.043933333333328,31.82767499999999,31.368499999999965,31.470750000000002,30.800500000000007,43.525944123268374,44.86634866001945,,,,,0,134513072,177114593.6,39.94687508279558,49.17341581985165,,,,,,
2015-07-31,30.65,30.660625,30.2275,30.325,30.189018750000013,31.059416666666664,31.783874999999995,31.304249999999968,31.26275,30.640500000000003,43.14412675528661,44.70978303231646,,,,,0,171539812,177628995.28,37.5716479433131,48.38756557212118,,,,,,
2015-08-03,30.375,30.6425,29.38,29.61,30.21514375000001,31.06683333333333,31.71912499999999,31.209749999999968,30.922000000000004,30.424,42.22279260780287,44.48369299372431,,,,,0,279903872,180048643.6,32.080853470623396,47.21940829980124,,,,,,
2015-08-04,29.355,29.425,28.3125,28.66,30.238118750000016,31.068049999999996,31.62962499999999,31.071624999999973,30.519250000000007,29.987000000000005,40.98110617528741,44.165276010230045,,,,,0,496554492,186332055.68,26.532592533011055,45.40018424632518,,,26.532592533011055,,,
2015-08-05,28.2375,29.36,28.025,28.85,30.260281250000016,31.07285,31.55852499999999,30.981999999999964,30.273750000000007,29.607500000000005,41.34580475034873,43.90896044114992,,,,,0,397250452,188621259.92,29.170970048942067,43.44633716943151,,,,,,
2015-08-06,28.9925,29.125,28.52875,28.7825,30.279493750000018,31.08076666666666,31.473949999999995,30.92024999999997,30.023000000000007,29.245500000000003,41.12099017067966,43.655508598379896,,,,,0,211612160,189186843.44,28.775602066100788,41.27019627973526,,,,,,
2015-08-07,28.645,29.0625,28.625,28.88,30.29580625000002,31.09108333333333,31.392649999999993,30.823249999999966,29.798500000000008,28.956500000000005,41.58267580487242,43.46706925351558,,,,,0,154681620,189821811.12,30.246233402235276,38.8225877226193,,,,,,
2015-08-10,29.1325,29.9975,29.1325,29.93,30.316718750000017,31.113533333333333,31.33985,30.748999999999967,29.72225000000001,29.020500000000006,43.218760378711664,43.4444957194425,,,,,0,219806388,190147182.72,43.72274029802079,37.65923156174299,,,,,43.72274029802079,
2015-08-11,29.4525,29.545,28.3325,28.3725,30.327543750000018,31.12558333333333,31.254624999999997,30.597499999999968,29.475000000000005,28.963000000000005,40.451624860990975,43.172416550492365,,,,,0,388331256,195344784.08,33.41117016472275,36.78590901343465,,,,,,
2015-08-12,28.1325,28.855,27.4075,28.81,30.340068750000015,31.13806666666666,31.181024999999995,30.45274999999997,29.281250000000007,28.955000000000002,41.471735594293854,43.01780919083795,,,,,0,406742440,200786222.72,37.845468505832514,36.23841887975822,,,,,,
2015-08-13,29.01,29.1,28.635,28.7875,30.352618750000016,31.143499999999996,31.106174999999993,30.285749999999968,29.100750000000005,28.956000000000007,41.400014381246855,42.87073693542058,,,,,0,194143156,202190402.48,37.70640033434687,35.78501815581655,,,,,,
2015-08-14,28.58,29.0775,28.5025,28.99,30.364143750000018,31.15008333333333,31.039174999999997,30.11499999999997,28.96725,28.978,41.74446455056423,42.768348536797276,,,,,0,171718064,202548754.32,39.84872786067348,35.74533598561478,,,,,,
2015-08-17,29.01,29.4125,28.875,29.29,30.37641875000002,31.163266666666665,30.981724999999997,29.928624999999972,28.935249999999996,28.850000000000005,42.01210591238991,42.699599207305695,,,,,0,163538980,202969389.92,42.977470422657966,35.799304226083514,,,,,,
2015-08-18,29.1075,29.36,29.0025,29.125,30.388318750000018,31.17373333333333,30.925225,29.750499999999967,28.981749999999995,29.000500000000006,41.558855425125095,42.59589522710746,,,,,0,138242832,201520263.68,41.6929672223569,35.823551382545176,,,,,,
2015-08-19,29.025,29.13,28.67,28.7525,30.39708125000002,31.18241666666667,30.863175,29.622874999999972,28.971999999999998,28.989000000000004,41.13533182000267,42.46311673555248,,,,,0,193146040,200897150.88,38.868605503876914,35.74653212690813,,,,,,
2015-08-20,28.52,28.5875,27.9075,28.1625,30.40114375000002,31.19213333333333,30.782024999999997,29.466499999999975,28.909999999999997,28.864000000000004,40.62660787359169,42.29616138446514,,,,,0,274006488,203250300.64,34.84256575461529,35.55159768485829,,,,,,
2015-08-21,27.6075,27.975,26.41125,26.44,30.397593750000013,31.19175,30.667874999999995,29.232249999999972,28.665999999999997,28.354000000000003,38.9639097522756,41.99322941790245,,,,,0,513101884,210681067.36,26.283086177079397,35.137471449605144,,,,,,
2015-08-24,23.7175,27.2,23,25.78,30.390418750000016,31.18241666666667,30.547624999999996,28.986624999999975,28.250999999999994,27.652000000000005,39.241155011187836,41.74304083547385,,,,,0,648825168,220706671.04,23.864007482133943,34.94685823168535,,,23.864007482133943,,,
2015-08-25,27.7775,27.7775,25.875,25.935,30.384218750000016,31.172733333333333,30.431724999999997,28.741124999999972,28.007249999999992,27.014000000000003,41.09686722550588,41.68429778002221,,,,,0,414406396,225475683.28,25.595985798614052,34.691502213804775,,,,,,
2015-08-26,26.77125,27.4725,26.2625,27.4225,30.38506875000002,31.168216666666666,30.342174999999997,28.574874999999974,27.868499999999994,26.748,44.04961421281745,41.89932654663996,,,,,1,387098444,230698121.68,39.75897038688028,35.47602852243188,,,,,,
2015-08-27,28.0575,28.31,27.505,28.23,30.390181250000015,31.168116666666666,30.270274999999998,28.45674999999997,27.81275,26.7615,43.64316597183215,42.057857403475616,,,,,0,338464224,234833960.48,45.79145729179464,36.58640165740041,,,,,,
2015-08-28,28.0425,28.3275,27.885,28.3225,30.39466875000002,31.168433333333336,30.197324999999996,28.356624999999973,27.746,27.137999999999998,42.74750208788223,42.120552374785305,,,,,0,212657628,236254535.44,46.452947555832345,36.78141646152981,,,,,,
2015-08-31,28.0075,28.6325,28,28.19,30.396556250000017,31.174466666666667,30.128124999999997,28.28562499999997,27.636000000000003,27.620000000000005,42.521632887016246,42.157014239533574,,,,,0,224917084,236375526.16,45.5946683043473,37.651666328645845,,,,,,
2015-09-01,27.5375,27.97,26.84,26.93,30.390181250000015,31.161816666666667,30.028675,28.19912499999997,27.416499999999996,27.819000000000006,40.964820655315435,42.04863300460465,,,,,0,307383440,239800047.36,38.34015120046358,37.68700080683378,,,,,,
2015-09-02,27.5575,28.085,27.28275,28.085,30.387881250000014,31.150883333333336,29.955224999999995,28.16087499999997,27.349749999999993,27.951500000000003,44.02382631867702,42.228196033156685,,,,,1,247555248,242329643.28,46.71031111816504,38.33013729139221,,,,,,
2015-09-03,28.1225,28.195,27.51,27.5925,30.38335625000001,31.13956666666667,29.866524999999996,28.10137499999997,27.292749999999995,27.824,42.474831439918724,42.25061743377142,,,,,0,212935760,242165890.08,43.96942482714227,38.62447278899713,,,,,,
2015-09-04,27.2425,27.6125,27.1275,27.3175,30.37560625000001,31.123966666666668,29.775374999999993,28.02324999999997,27.3805,27.623,42.00258311850055,42.228068859655885,,,,,0,199985244,243610546.96,42.47084359757005,38.58828515863371,,,,,,
2015-09-08,27.9125,28.14,27.58,28.0775,30.372656250000013,31.113400000000002,29.703174999999998,27.930624999999964,27.610249999999997,27.6005,43.843235027742786,42.37490214766378,,,,,1,219374504,244472689.76,47.768985069828155,39.02228643345308,,,,,,
2015-09-09,28.44,28.505,27.4425,27.5375,30.364956250000013,31.097716666666667,29.631274999999995,27.888874999999963,27.7705,27.722,41.94784224717048,42.336078520346206,,,,,0,340043216,247340639.92,44.624336162288046,39.433410051911025,,,,,,
2015-09-10,27.5675,28.320625,27.475,28.1425,30.36008125000001,31.08543333333333,29.566999999999997,27.85549999999996,27.8425,27.733500000000003,43.473615373524744,42.43949096154425,,,,,1,251571324,248822411.84,48.69905644978144,40.42315938728003,,,,,,
2015-09-11,27.9475,28.5525,27.94,28.5525,30.354562500000014,31.077566666666662,29.505049999999997,27.84374999999996,27.87475,27.9255,43.87539760998622,42.570027929584434,,,,,0,199661892,250396544.8,51.31362173455926,42.21105478424288,,,,,,
2015-09-14,29.145,29.2225,28.715,28.8275,30.351700000000015,31.070216666666663,29.449399999999997,27.835624999999958,27.92525,28.2275,44.10009943652635,42.709125339306425,,,,,0,233453724,252888743.12,53.04230116428477,44.29521861868222,,,,,,
2015-09-15,28.9825,29.1325,28.605,29.07,30.348300000000016,31.060649999999992,29.4008,27.82462499999996,28.01325,28.426,44.65369195557672,42.885904122603726,,,,,0,173364620,254111201.04,54.57400628460014,46.365077224824084,,,,,,
2015-09-16,29.0625,29.135,28.86,29.1025,30.345150000000018,31.04653333333333,29.354399999999995,27.823499999999957,28.2305,28.738999999999997,44.1372738348609,42.999665005536194,,,,,0,148693956,253329335.28,54.786863948180724,47.4384981934884,,,,,54.786863948180724,
2015-09-17,28.915,29.1225,28.42875,28.48,30.343712500000017,31.025633333333328,29.311149999999998,27.809874999999955,28.27,28.8065,42.82041387052639,42.98336944780803,,,,,0,256450564,253597417.44,49.958145929477105,47.73611881046572,,,,,,
2015-09-18,28.0525,28.575,27.9675,28.3625,30.342237500000014,31.002916666666668,29.278049999999997,27.81987499999995,28.346999999999998,28.768499999999996,42.753240880313534,42.962448668944894,,,,,0,297141164,253252637.68,49.078854152069155,47.92368356733978,,,,,,
2015-09-21,28.4175,28.8425,28.415,28.8025,30.341337500000012,30.981883333333336,29.2377,27.93799999999995,28.4955,28.7635,44.12981414993641,43.06857280358049,,,,,1,200887860,252362036.96,52.45362003231712,48.413608690766196,,,,,,
2015-09-22,28.345,28.545,28.130025,28.35,30.338725000000014,30.95635833333333,29.176399999999997,28.066499999999944,28.522749999999995,28.6195,43.23909363132127,43.08407469701147,,,,,0,201384636,253074486.64,48.8667970282051,49.165511964176304,,,,,,
2015-09-23,28.4075,28.68,28.325,28.58,30.33787500000001,30.93280833333333,29.11995,28.19874999999995,28.627,28.514999999999997,44.13354334599586,43.17948093782823,,,,,0,143026864,253393572.8,50.71169477959159,49.45132508284963,,,,,,
2015-09-24,28.3125,28.875,28.0925,28.75,30.341125000000012,30.908649999999998,29.060850000000002,28.265124999999948,28.68775,28.569,44.48719800284718,43.29836430737541,,,,,0,200877900,254719194.8,52.087706191898405,50.031202323189355,,,,,,
2015-09-25,29.11,29.1725,28.505,28.6775,30.341862500000005,30.87816666666666,28.99185,28.287499999999945,28.70025,28.631999999999998,44.52474847844988,43.40985377747309,,,,,0,224607704,256313553.12,51.4282984004936,50.67102052339818,,,,,,
2015-09-28,28.4625,28.6425,28.11,28.11,30.342475000000007,30.84528333333333,28.905949999999997,28.276874999999944,28.628500000000003,28.4935,43.66398459100935,43.43295657870366,,,,,0,208436044,256789097.2,46.46926340782062,50.57818326182621,,,,,,
2015-09-29,28.2075,28.3775,26.965,27.265,30.339275000000008,30.812399999999997,28.790899999999997,28.230624999999947,28.448,28.2765,43.467054953580934,43.43605643096523,,,,,0,293461536,257946311.68,40.24630922006896,50.26546705166771,,,40.24630922006896,,,
2015-09-30,27.5425,27.885,27.1825,27.575,30.339987500000007,30.778874999999996,28.68865,28.26287499999995,28.29525,28.075499999999998,43.90713819403532,43.47888204578978,,,,,0,265892132,257123640.16,43.24889094342441,49.87616951549935,,,,,,
2015-10-01,27.2675,27.405,26.8275,27.395,30.34168125000001,30.747408333333333,28.610449999999997,28.22837499999995,28.18675,27.804499999999997,42.804018687208014,43.417530831373256,,,,,0,255716400,253001919.6,41.93134905605958,49.2060071813208,,,,,,
2015-10-02,27.0025,27.7534,26.8875,27.595,30.346225000000008,30.716224999999994,28.53655,28.228499999999947,28.109999999999996,27.588,43.03157260034722,43.3824437194618,,,,,0,232079032,253563544.08,43.97366915609179,48.55824775216416,,,,,,
2015-10-05,27.47,27.84245,27.2675,27.695,30.347937500000008,30.68525833333333,28.467949999999995,28.24737499999995,27.999249999999996,27.504999999999995,42.57799688422433,43.309312188985665,,,,,0,208258972,254355736.96,45.01498178614055,47.87546028798847,,,,,,
2015-10-06,27.6575,27.935,27.44125,27.8275,30.34626250000001,30.65654166666666,28.410649999999997,28.23487499999995,27.946999999999996,27.617499999999996,42.01328602702499,43.19149162880742,,,,,0,195427908,254707851.92,46.435562979210914,47.27893879020491,,,,,,
2015-10-07,27.935,27.9425,27.3525,27.695,30.345012500000006,30.630491666666664,28.347649999999994,28.24274999999995,27.858499999999992,27.641499999999997,41.96381671986747,43.079884818903786,,,,,0,187062200,255759648.16,45.17855310578269,46.937539302798164,,,,,,
2015-10-08,27.5475,27.5475,27.0525,27.375,30.34071250000001,30.60199166666666,28.280199999999994,28.20437499999995,27.720999999999993,27.6375,41.14829419339323,42.9042856711301,,,,,0,247918308,257757082.08,42.20695048958058,46.446689041191846,,,,,,
2015-10-09,27.5,28.07,27.3725,28.03,30.340187500000006,30.576958333333327,28.228949999999994,28.178249999999945,27.656249999999993,27.7245,41.76455103976796,42.80067343191536,,,,,0,211064560,259288111.84,49.52522668890977,46.23751808809133,,,,,49.52522668890977,
2015-10-12,28.1825,28.1875,27.86,27.9,30.339675000000007,30.55544166666666,28.180449999999997,28.13187499999995,27.635249999999996,27.765499999999996,41.54072927058053,42.68613305361219,,,,,0,121868816,258294691.92,48.22011358603775,46.191326413650806,,,,,,
2015-10-13,27.705,28.1125,27.67,27.9475,30.336925000000004,30.53802499999999,28.147199999999998,28.07574999999995,27.7035,27.789499999999997,41.55844477709595,42.583615937565256,,,,,0,132197024,255340554.96,48.75153309828992,46.0513148649864,,,,,,
2015-10-14,27.8225,27.88,27.39,27.5525,30.332300000000004,30.51429166666666,28.125049999999998,27.99824999999995,27.701249999999998,27.761000000000003,41.25263888126406,42.46261802335606,,,,,0,177849796,248966461.04,44.647925223398715,45.519901938664994,,,,,,
2015-10-15,27.7325,28.025,27.6225,27.965,30.331475,30.494741666666656,28.107349999999993,27.97249999999995,27.758249999999997,27.879,42.06865773427471,42.42680345162139,,,,,0,150693808,244035328.16,49.43468703072766,45.37750112653886,,,,,,
2015-10-16,27.945,28,27.6325,27.76,30.332300000000004,30.471558333333324,28.086899999999996,27.942374999999952,27.77475,27.825,41.14909134031011,42.310647805138544,,,,,0,156930436,242941693.68,47.24790709671014,45.43311853288811,,,,,,
2015-10-19,27.7,27.9375,27.5275,27.9325,30.335300000000007,30.44604166666666,28.067949999999993,27.898874999999947,27.7985,27.8315,41.21641229446513,42.21117184962278,,,,,0,119036612,242228793.52,49.28103002444188,46.078455733200464,,,,,,
2015-10-20,27.835,28.5425,27.705,28.4425,30.344700000000007,30.42154166666666,28.038199999999993,27.90349999999995,27.860000000000003,27.930500000000002,41.957603532547225,42.18812018443409,,,,,0,195871052,241750086.8,54.824624741093935,46.90529386160542,,,,,,
2015-10-21,28.5,28.895,28.425,28.44,30.35407500000001,30.398649999999996,28.039549999999995,27.896499999999953,27.934500000000003,28.108000000000004,42.013620449386195,42.17225657215701,,,,,0,169307896,237369619.6,54.793009192998454,47.82398387138677,,,,,,
2015-10-22,28.5825,28.875,28.525,28.875,30.363762500000007,30.381316666666663,28.040849999999995,27.90274999999995,28.084500000000002,28.290000000000003,42.90617848970251,42.23897674647933,,,,,1,166616356,232567097.92,59.201621254700456,48.91169473557311,,,,,,
2015-10-23,29.175,29.807,29.0825,29.77,30.372750000000007,30.36776666666666,28.060499999999998,27.95737499999995,28.258500000000005,28.692,43.5125772834237,42.354758613474274,,,,,0,237467656,233433587.92,66.45091127969172,50.44283255654104,,,,,66.45091127969172,
2015-10-26,29.52,29.5325,28.73,28.82,30.376837500000008,30.34875,28.057099999999995,27.992874999999948,28.3505,28.8695,41.6644579909886,42.29200401143012,,,,,0,265335124,235305929.12,55.23247495233162,51.071183411763954,,,,,,
2015-10-27,28.85,29.135,28.4975,28.6375,30.38346250000001,30.334033333333338,28.04404999999999,28.061499999999945,28.4195,28.908500000000004,41.479977597311674,42.218183428328445,,,,,0,279537600,237625901.52,53.368498931854376,51.65617954219765,,,53.368498931854376,,,
2015-10-28,29.2325,29.825,29.015,29.8175,30.39477500000001,30.325750000000003,28.057899999999997,28.173624999999948,28.645999999999997,29.184000000000005,43.299740063604546,42.31650675880809,,,,,1,342205408,241705153.04,62.24139805918609,53.08721151145518,,,,,,
2015-10-29,29.675,30.1725,29.5675,30.1325,30.408187500000007,30.321216666666665,28.085499999999996,28.31049999999995,28.86275,29.4355,43.24515033367618,42.40092890197791,,,,,0,204909336,241940418.96,64.19972731968932,54.13539012793944,,,,,,
2015-10-30,30.2475,30.305,29.8625,29.875,30.424037500000008,30.309766666666675,28.119749999999996,28.42449999999995,29.07425,29.456500000000005,42.894884201760306,42.44583392923086,,,,,0,197461016,240409509.52,61.39646007687211,55.0765577344276,,,,,,
2015-11-02,29.9675,30.34,29.9025,30.295,30.443025000000013,30.30435,28.196849999999994,28.55449999999995,29.3105,29.751500000000004,43.70816020313942,42.560590863222544,,,,,0,128813068,232723733.2,64.14638601523802,56.17619008563819,,,,,,
2015-11-03,30.1975,30.8725,30.175,30.6425,30.46033750000001,30.30155,28.2941,28.69524999999995,29.5305,30.152500000000003,43.690739288515005,42.66333162915822,,,,,0,182075904,223388747.92,66.28627298509683,57.72178635433091,,,,,66.28627298509683,
2015-11-04,30.7825,30.955,30.405,30.5,30.47590000000001,30.296016666666667,28.3854,28.83549999999995,29.7365,30.289000000000005,43.36924528033595,42.727505597447106,,,,,0,179544200,218691504,64.58400623577273,58.8038805832627,,,,,,
2015-11-05,30.4625,30.6725,30.045,30.23,30.486550000000012,30.2853,28.441549999999996,28.978249999999953,29.872000000000003,30.308500000000002,43.13826219729726,42.76484710652439,,,,,0,158210720,214113749.52,61.36826254694458,59.8124774011366,,,,,,
2015-11-06,30.2775,30.4525,30.155,30.265,30.49665000000001,30.27705,28.48225,29.089999999999947,29.9215,30.3865,43.23715552423177,42.80778423540688,,,,,0,132169132,209987847.68,61.63493694560133,60.69489932407655,,,,,,
2015-11-09,30.24,30.4525,30.0125,30.1425,30.50598750000001,30.268666666666668,28.518649999999997,29.20212499999995,30.05375,30.356,43.077124618902445,42.83226972481557,,,,,0,135485620,208444407.52,60.071928286058515,61.069706720145454,,,,,,
2015-11-10,29.225,29.5175,29.01525,29.1925,30.51552500000001,30.25235,28.5387,29.26437499999995,30.109250000000003,30.066000000000003,42.133331408942645,42.76872987791803,,,,,0,236511724,208676300.32,49.57286313173831,60.696839144341155,,,,,,
2015-11-11,29.0925,29.355,28.8025,29.0275,30.516525000000012,30.23403333333333,28.580650000000002,29.338124999999952,30.030250000000002,29.771500000000003,41.83199469669312,42.683572134170305,,,,,0,180871884,206146069.2,48.00359259276594,59.89697995420298,,,,,,
2015-11-12,29.065,29.205,28.9125,28.93,30.512550000000005,30.215483333333328,28.597550000000002,29.38637499999995,29.909999999999997,29.5115,41.82650602409638,42.605657033254495,,,,,0,130102316,203797010.56,47.05567372128304,58.51160584288807,,,,,,
2015-11-13,28.8,28.8925,28.0675,28.085,30.506525000000007,30.192216666666663,28.607400000000002,29.40262499999995,29.730999999999995,29.075499999999998,41.18095573248875,42.47613873318488,,,,,0,183249612,203203287.6,39.73277393144305,57.404484341396035,,,39.73277393144305,,,
2015-11-16,27.845,28.56,27.75,28.54375,30.50095625000001,30.171208333333325,28.631925000000006,29.433187499999946,29.555874999999993,28.755750000000006,42.328006366656126,42.46267215440954,,,,,0,152426804,202252118.8,44.75894335748114,56.789516086083665,,,,,,
2015-11-17,28.73,28.7625,28.33,28.4225,30.49475625000001,30.15040833333333,28.638825000000008,29.432187499999948,29.333874999999995,28.601750000000003,41.52927882952868,42.377818215784,,,,,0,110467756,200073983.84,43.72108705653099,55.466636728751155,,,,,,
2015-11-18,28.94,29.3725,28.875,29.3225,30.49191875000001,30.137974999999994,28.674525000000006,29.476312499999942,29.216124999999995,28.660750000000007,42.901767425528185,42.42544996212438,,,,,1,186698788,197007095.28,52.5214450406325,54.63247370881852,,,,,,
2015-11-19,29.41,29.9375,29.19,29.695,30.49046875000001,30.123274999999992,28.705575000000007,29.517312499999946,29.16262499999999,28.813750000000006,42.75573772065387,42.4554761219907,,,,,0,173183280,195439334.4,55.6150098414955,54.21951297772019,,,,,,
2015-11-20,29.8,29.98,29.7125,29.825,30.490931250000006,30.110591666666664,28.73102500000001,29.52006249999995,29.11862499999999,29.161750000000005,42.99119755530357,42.504178070473685,,,,,0,137148384,194189064.24,56.67595391914915,53.68591068514242,,,,,56.67595391914915,
2015-11-23,29.8175,29.9325,29.335,29.4375,30.488468750000006,30.092475,28.743225000000006,29.550937499999947,29.04812499999999,29.34050000000001,42.27157196398569,42.48303206079296,,,,,0,129930112,192118592,52.63707226211224,52.7109677763578,,,,,,
2015-11-24,29.3325,29.8375,29.28,29.72,30.484543750000007,30.074491666666667,28.756225000000004,29.605062499999946,29.100874999999995,29.600000000000012,42.73000445703276,42.50548409681476,,,,,1,171212688,192075553.36,55.146584060614934,52.03686619241795,,,,,,
2015-11-25,29.8025,29.8075,29.48,29.5075,30.475981250000007,30.054075,28.764325000000007,29.589562499999943,29.148874999999997,29.637000000000008,42.372698813865995,42.49341270745578,,,,,0,85553232,190812738.88,52.87701803102786,51.43034872699533,,,,,,
2015-11-27,29.5725,29.6025,29.4,29.4525,30.465168750000007,30.029341666666667,28.783775000000006,29.555562499999944,29.201124999999998,29.588500000000003,42.299185684125874,42.47575570533488,,,,,0,52185780,186727443.2,52.27732909602627,50.7619481663114,,,,,,
2015-11-30,29.4975,29.8525,29.4375,29.575,30.454193750000005,30.008908333333334,28.808025000000008,29.540562499999943,29.350125,29.538500000000006,42.44991890378975,42.473406905194416,,,,,0,156721288,183919045.68,53.54115023757879,50.295464019991414,,,,,,
2015-12-01,29.6875,29.7025,29.215,29.335,30.441081250000007,29.990075000000004,28.818675000000013,29.49256249999994,29.429249999999996,29.518000000000008,42.30175782658227,42.4578024435024,,,,,0,139409496,182689478.4,50.70782955173146,50.37653304999093,,,,,,
2015-12-02,29.2625,29.5275,29.02,29.07,30.425537500000004,29.97529166666667,28.83307500000001,29.41393749999994,29.493999999999993,29.388000000000012,41.476626891084024,42.36860466600982,,,,,0,133546252,181332710.72,47.705906839167426,50.35526978187676,,,,,,
2015-12-03,29.1375,29.1975,28.555,28.8,30.408975000000005,29.952375000000004,28.837475000000012,29.328937499999945,29.441749999999995,29.246500000000008,41.54824934720198,42.294026909754564,,,,,0,166278036,181797734.16,44.796080473655145,50.19387026418905,,,44.796080473655145,,,
2015-12-04,28.8225,29.8125,28.7775,29.7575,30.395893750000006,29.936258333333342,28.857625000000013,29.305312499999946,29.44799999999999,29.30750000000001,43.55563470301812,42.40871852732398,,,,,1,231107908,182402334.32,55.22599139251672,51.30052865426575,,,,,55.22599139251672,
2015-12-07,29.745,29.965,29.4525,29.57,30.377493750000003,29.923725000000008,28.875475000000016,29.270562499999944,29.422499999999992,29.30650000000001,42.41068227127347,42.408897049501206,,,,,0,128336996,180476920.16,53.10990505644583,51.89702591847752,,,,,,
2015-12-08,29.38,29.65,29.215,29.5575,30.360068750000003,29.912425000000002,28.904425000000018,29.241312499999946,29.434499999999993,29.35100000000001,42.69114666332863,42.4345561053037,,,,,0,137237800,179052955.28,52.96420298450606,52.55724848476144,,,,,,
2015-12-09,29.41,29.4225,28.77,28.905,30.343606250000004,29.89635833333334,28.937225000000016,29.226937499999945,29.35299999999999,29.318000000000005,42.021428675269796,42.39699906620971,,,,,0,185445428,176892633.12,45.887375507456916,52.08338637524889,,,,,,
2015-12-10,29.01,29.235,28.8775,29.0425,30.325800000000005,29.877275,28.966575000000017,29.227687499999945,29.30649999999999,29.36650000000001,42.5506197438978,42.41096458236317,,,,,1,116850908,173911808.64,47.479908742416924,51.502307725314715,,,,,,
2015-12-11,28.7975,28.8475,28.21275,28.295,30.3067,29.855375000000002,28.984575000000014,29.195937499999946,29.190749999999987,29.074000000000005,41.36232293651297,42.31563352364952,,,,,0,187544644,172548373.52,40.50153024949805,50.346991748911066,,,,,,
2015-12-14,28.045,28.17,27.4475,28.12,30.2859375,29.833066666666674,28.995075000000014,29.197687499999944,29.04524999999998,28.78400000000001,41.920720344668226,42.27973232556031,,,,,0,260014436,173107081.6,39.05434046417934,49.376796620487276,,,,,,
2015-12-15,27.985,28.2,27.5875,27.6225,30.26235,29.807200000000005,28.993625000000012,29.151624999999946,28.873999999999985,28.397000000000002,40.984153832457935,42.16195246255101,,,,,0,213292420,173207750.56,35.203307427487516,47.95227686097818,,,,,,
2015-12-16,27.7675,27.9975,27.2,27.835,30.240850000000002,29.77785000000001,28.993775000000014,29.12224999999994,28.75049999999998,28.183000000000003,40.86551401823422,42.04409442215857,,,,,0,224953868,173798269.76,38.01485905088647,46.89069407668236,,,,,,
2015-12-17,28.005,28.0625,27.245,27.245,30.2190625,29.744866666666677,28.984775000000013,29.018374999999942,28.594999999999988,27.823500000000006,39.42703333703155,41.80617977805612,,,,,0,179091308,173638851.92,33.64923637171762,45.560116024946026,,,,,,
2015-12-18,27.2275,27.38,26.4525,26.5075,30.19335,29.70460000000001,28.967425000000013,28.85899999999994,28.269999999999982,27.466,38.94553575364001,41.54612123038193,,,,,0,385813308,176396751.92,29.14382851967548,43.81745018795294,,,29.14382851967548,,,
2015-12-21,26.82,26.8425,26.3925,26.8325,30.168587499999997,29.666700000000006,28.943475000000014,28.709374999999937,27.996249999999982,27.208500000000004,40.137368801575626,41.41805282776318,,,,,0,190362440,175982709.52,33.3772130132966,42.579549006636164,,,,,,
2015-12-22,26.85,26.93,26.61275,26.8075,30.1469875,29.62865000000001,28.921625000000013,28.577874999999942,27.72124999999998,27.045500000000004,39.79046582391212,41.27009037286763,,,,,0,131157468,176168482.56,33.212829883847476,41.544329224113305,,,,,,
2015-12-23,26.8175,27.2125,26.8,27.1525,30.129949999999997,29.590683333333345,28.905725000000015,28.449499999999937,27.54599999999998,26.909000000000002,39.95031805274232,41.150111071038054,,,,,0,130629416,176137130.4,37.76780552775952,41.042309585120755,,,,,,
2015-12-24,27.25,27.25,26.9875,27.0075,30.109425,29.549833333333346,28.894825000000015,28.324499999999944,27.34249999999998,26.861500000000007,39.24957249223704,40.9773348366016,,,,,0,54386720,173667868.88,36.63685200496728,39.71451391458152,,,,,,
2015-12-28,26.8975,26.9225,26.545175,26.705,30.088462500000006,29.51183333333335,28.869625000000013,28.18712499999994,27.183499999999974,26.901000000000003,38.87209544927438,40.78594943775367,,,,,0,106816840,172790329.52,34.32741476736247,38.37290746536127,,,,,,
2015-12-29,26.74,27.3575,26.715,27.185,30.0682,29.472991666666683,28.85812500000002,28.067624999999943,27.089999999999975,26.971500000000002,39.65718453683443,40.683334446761016,,,,,0,123724972,172126220.24,40.713628200899095,37.49786640938935,,,,,40.713628200899095,
2015-12-30,27.145,27.175,26.795,26.83,30.043550000000003,29.432225000000017,28.83607500000002,27.94237499999995,27.010749999999973,26.976000000000006,38.72765064762601,40.50554501047601,,,,,0,100855108,171762590.16,37.786962625379495,36.919265489240956,,,,,,
2015-12-31,26.7525,26.7575,26.205,26.315,30.014537500000003,29.390525000000014,28.793525000000017,27.804624999999948,26.858749999999976,26.808500000000002,38.26041020471464,40.30144184631589,,,,,0,163649264,171118154.4,33.971781392926715,35.95439924999166,,,,,,
2016-01-04,25.6525,26.342,25.5,26.3375,29.986856250000006,29.348550000000014,28.751475000000017,27.68149999999995,26.76799999999998,26.674500000000002,38.656956662132934,40.151943193208346,,,,,0,270597548,173143947.44,34.28396100749113,35.51028716127688,,,,,,
2016-01-05,26.4375,26.4625,25.6025,25.6775,29.957868750000003,29.303133333333346,28.68752500000002,27.477499999999946,26.684999999999974,26.469,38.273975733606264,39.98121887869907,,,,,0,223163968,174274899.68,29.8288585608459,34.851324168181634,,,,,,
2016-01-06,25.14,25.5925,24.9675,25.175,29.924731250000004,29.254100000000015,28.59562500000002,27.257749999999948,26.51924999999998,26.067,37.449608520808646,39.75107248252721,,,,,0,273829552,175002137.6,26.956689062030833,34.26227999922044,,,,,,
2016-01-07,24.67,25.0325,24.1075,24.1125,29.886931250000004,29.19925000000001,28.501475000000013,26.985499999999952,26.249749999999977,25.523500000000002,36.3457538211088,39.4414980587619,,,,,0,324377712,176182989.36,22.109134292018368,33.126156802158434,,,22.109134292018368,,,
2016-01-08,24.6375,24.7775,24.19,24.24,29.853906250000005,29.146433333333345,28.413525000000018,26.752249999999947,25.958499999999976,25.108500000000003,37.42492627721824,39.258173351348844,,,,,0,283192064,176256078.64,23.87814900513432,32.42822199025962,,,,,,
2016-01-11,24.7425,24.765,24.335,24.6325,29.82176875,29.097650000000012,28.309825000000018,26.53174999999995,25.720999999999975,24.767500000000002,38.447630890256654,39.184487673067736,,,,,0,198957508,173391120.64,29.208321725852542,32.4328286478437,,,,,,
2016-01-12,25.1375,25.1725,24.709975,24.99,29.79265625,29.051883333333347,28.20697500000002,26.366499999999945,25.549499999999973,24.630000000000003,38.97238091772497,39.16520524076385,,,,,0,196616908,173225272.08,33.75805646266231,32.460031751369826,,,,,,
2016-01-13,25.08,25.2975,24.325,24.3475,29.756431250000006,28.999400000000016,28.096425000000018,26.17787499999995,25.265749999999976,24.464500000000005,37.67640869044917,39.02986009982615,,,,,0,249758524,174271222.24,30.023439378442774,32.23221814384092,,,,,,
2016-01-14,24.49,25.12,23.935,24.88,29.725293750000002,28.950950000000013,27.988125000000018,26.040749999999946,25.070749999999975,24.618000000000002,39.48621368262903,39.07134678917187,,,,,1,252680508,176748571.04,36.31208127180377,32.12823783984408,,,,,,
2016-01-15,24.05,24.4275,23.84,24.2825,29.691393750000003,28.90088333333335,27.86092500000002,25.86312499999995,24.867499999999975,24.6265,37.90508054780835,38.96532258541155,,,,,0,319335564,179493764.24,32.755065988474286,31.85096741009458,,,,,,
2016-01-19,24.6025,24.6625,23.875,24.165,29.65556875,28.85045000000002,27.73422500000002,25.70912499999995,24.65024999999998,24.533,38.55440268463515,38.92796623079551,,,,,0,212350988,180149900,32.08936327134022,31.691106588950134,,,,,,
2016-01-20,23.775,24.547425,23.355,24.1975,29.61736875,28.799100000000017,27.61357500000002,25.59362499999995,24.50224999999998,24.3745,38.585734560125026,38.89685426073456,,,,,0,289337664,182772438.88,32.49801054086619,31.104276756090645,,,,,,
2016-01-21,24.265,24.47,23.735,24.075,29.58023125,28.74743333333335,27.48977500000002,25.45574999999995,24.39224999999998,24.320000000000004,38.84463758450625,38.89210729016835,,,,,0,208645852,184301973.28,31.723148311536704,30.67114716224473,,,,,,
2016-01-22,24.6575,25.365,24.5925,25.355,29.550006250000003,28.70333333333335,27.39402500000002,25.38312499999995,24.51649999999998,24.415000000000003,40.6984521051477,39.05632045516647,,,,,1,263201868,186856298.24,46.16678611115516,31.542218927832476,,,,,46.16678611115516,
2016-01-25,25.38,25.3825,24.8025,24.86,29.516106250000004,28.658066666666684,27.30737500000002,25.268499999999953,24.57849999999998,24.530500000000004,39.110598353348365,39.06125480954665,,,,,0,207178100,186269625.76,42.428751904386466,32.123989706182144,,,,,,
2016-01-26,24.9825,25.22,24.5175,24.9975,29.48221875,28.612033333333354,27.226775000000025,25.167999999999953,24.614999999999977,24.697000000000003,39.951680269354526,39.14220257862009,,,,,0,300308008,188658348.24,43.790220699313345,33.121229858929816,,,,,,
2016-01-27,24.01,24.157225,23.335,23.355,29.440431250000003,28.556016666666693,27.115275000000025,25.000499999999953,24.451499999999978,24.5285,36.80599696369568,38.9298202499906,,,,,0,533478696,196725875.84,33.57576323674459,33.59402087140937,,,,,,
2016-01-28,23.4475,23.63,23.0975,23.5225,29.400168750000006,28.499316666666687,27.02402500000003,24.817374999999952,24.36899999999998,24.418000000000003,37.47709710826098,38.79775450983336,,,,,0,222715300,197515189.6,35.234866999959436,34.531573207690876,,,,,,
2016-01-29,23.6975,24.335,23.5875,24.335,29.363368750000003,28.449050000000025,26.93985000000003,24.692624999999953,24.31449999999998,24.214000000000006,38.55843579667892,38.775998263182956,,,,,0,257666016,199619973.84,42.71000175400467,35.8767055468959,,,,,,
2016-02-01,24.1175,24.1775,23.85,24.1075,29.326193750000005,28.39851666666669,26.853550000000027,24.582249999999952,24.29699999999998,24.063500000000005,37.27502783160846,38.63954640576709,,,,,0,163774164,200686102,41.27354597288866,36.73850727882705,,,,,,
2016-02-02,23.855,24.01,23.57,23.62,29.288356250000007,28.34843333333336,26.73950000000003,24.44637499999995,24.24249999999998,23.788000000000004,36.537450112922684,38.448446742781236,,,,,0,149428860,199940703.44,38.3008595779022,37.0629932156299,,,,,,
2016-02-03,23.75,24.21,23.52,24.0875,29.24929375000001,28.299975000000025,26.62735000000003,24.366874999999954,24.231499999999976,23.934500000000007,37.97233884909854,38.4051642069919,,,,,0,183857176,200154181.36,42.57244703556402,37.95935090542428,,,,,,
2016-02-04,23.965,24.3325,23.7975,24.15,29.21140625000001,28.24997500000002,26.51385000000003,24.315624999999947,24.23899999999998,24.060000000000006,37.88175871751031,38.3575818897663,,,,,0,185886608,201128945.84,43.13921607397532,38.44700339129367,,,,,43.13921607397532,
2016-02-05,24.13,24.23,23.4225,23.505,29.16815625000001,28.195941666666684,26.395200000000028,24.285249999999948,24.053999999999977,23.894000000000005,36.81380354485891,38.21723840386563,,,,,0,185672256,202243788.72,38.87516469462721,38.88415329887603,,,,,,
2016-02-08,23.2825,23.925,23.26,23.7525,29.12483125000001,28.144291666666685,26.275850000000027,24.26087499999995,23.943249999999978,23.823000000000004,37.901917502194095,38.18857286735003,,,,,0,216085500,203141244.96,41.27389567651924,39.54019132781739,,,,,,
2016-02-09,23.5725,23.985,23.4825,23.7475,29.08071875000001,28.093125000000025,26.16065000000003,24.216624999999947,23.818249999999978,23.848500000000005,38.43798558356353,38.21124675064217,,,,,1,177324780,204976675.92,41.23868712507761,40.16452536954677,,,,,,
2016-02-10,23.98,24.0875,23.525,23.5675,29.03274375000001,28.04595833333336,26.04295000000003,24.14549999999995,23.839499999999976,23.744500000000006,38.17196754147748,38.20767591344538,,,,,0,169374404,207320448.4,39.918504118949336,40.749907927219105,,,,,,
2016-02-11,23.4475,23.68,23.1475,23.425,28.986668750000014,28.002008333333354,25.919950000000032,24.099374999999945,23.829749999999976,23.599500000000006,37.948333027334684,38.184099287435316,,,,,0,200298844,208191999.52,38.85794191734798,40.22784762766145,,,38.85794191734798,,,
2016-02-12,23.5475,23.625,23.2525,23.4975,28.943356250000008,27.953191666666694,25.80320000000003,24.030249999999945,23.745999999999977,23.598000000000006,38.53986703698035,38.216441810121225,,,,,1,161405524,208631920.08,39.73521205206254,40.03545192392403,,,,,,
2016-02-16,23.755,24.2125,23.6525,24.16,28.907718750000008,27.904825000000024,25.70500000000003,24.024124999999948,23.751249999999978,23.679500000000004,38.867855725608386,38.275661256983696,,,,,0,196231664,209885628.32,47.19160548220334,40.278407979844744,,,,,,
2016-02-17,24.1675,24.5525,24.0375,24.53,28.86918125000001,27.859008333333357,25.619600000000037,24.042374999999947,23.842249999999975,23.836000000000006,38.821890925204954,38.32531849954926,,,,,0,179452972,210149127.04,50.84920580382116,41.5122253060645,,,,,50.84920580382116,
2016-02-18,24.71,24.7225,24.02275,24.065,28.828631250000008,27.80807500000002,25.505750000000035,24.035749999999947,23.83999999999998,23.935500000000005,37.46847136733063,38.2474233057112,,,,,0,156083932,208648647.52,46.491088557736134,42.316241131619975,,,,,,
2016-02-19,24,24.189975,23.95,24.01,28.79143125000001,27.753958333333358,25.394550000000034,24.03249999999995,23.825999999999976,24.052500000000006,37.55807344759442,38.184755136791495,,,,,0,141496692,208911841.44,45.989019672507844,42.55045669722734,,,,,,
2016-02-22,24.0775,24.225,23.98,24.22,28.756268750000007,27.69939166666669,25.287800000000033,23.975749999999945,23.897499999999976,24.19700000000001,37.8875574883459,38.157737168750984,,,,,0,137123032,208909546.08,48.285421432795104,43.051304944363515,,,,,,
2016-02-23,24.1,24.125,23.6375,23.6725,28.718056250000007,27.637091666666688,25.183150000000037,23.916374999999945,23.889499999999977,24.099500000000006,36.50346954510409,38.0073492029649,,,,,0,127770532,207756048.16,43.136034346535794,43.396674570694486,,,43.136034346535794,,,
2016-02-24,23.495,24.095,23.33,24.025,28.678656250000007,27.579341666666686,25.082800000000038,23.867749999999948,23.917249999999978,23.998500000000007,37.51424838778516,37.96252185613038,,,,,0,145022980,208319489.6,47.05124343526191,43.71658859924434,,,,,,
2016-02-25,24.0125,24.19,23.8125,24.19,28.641706250000013,27.53190833333335,25.000700000000034,23.909499999999944,23.97949999999998,24.023500000000006,37.60493315369468,37.93001379227259,,,,,0,110330636,206775209.44,48.827335023578314,44.12288280993027,,,,,,
2016-02-26,24.3,24.505925,24.145,24.2275,28.60551250000001,27.48482500000002,24.922850000000036,23.94474999999995,24.05974999999998,24.067000000000004,37.24061074960291,37.86734078839353,,,,,0,115964524,203894211.2,49.244039960120055,44.86351675746547,,,,,,
2016-02-29,24.215,24.5575,24.1625,24.1725,28.56886250000001,27.438475000000018,24.853850000000033,23.936624999999946,24.127249999999982,24.057500000000005,37.225687225687224,37.80900864632932,,,,,0,140865108,202445664.96,48.6187087054272,45.38814625953032,,,,,,
2016-03-01,24.4125,25.1925,24.355,25.1325,28.533337500000005,27.401408333333354,24.799800000000033,23.987874999999946,24.224499999999985,24.349500000000006,39.02097576375483,37.919187475186185,,,,,1,201628588,201979159.36,58.51993738004526,46.6225212777423,,,,,,
2016-03-02,25.1275,25.2225,24.91,25.1875,28.498312500000008,27.363691666666686,24.758650000000035,24.066249999999947,24.29024999999998,24.582000000000004,38.194707710971265,37.94423476934846,,,,,0,132678240,201050898,59.00731610756056,47.98600784835738,,,,,,
2016-03-03,25.145,25.427475,25.1125,25.375,28.462450000000008,27.327875000000017,24.736000000000036,24.130624999999945,24.42124999999998,24.819000000000006,38.32213244733066,37.97858910371048,,,,,0,147822968,196291091.2,60.70249452888409,49.546333034895675,,,,,,
2016-03-04,25.5925,25.9375,25.3425,25.7525,28.428625000000007,27.29560833333335,24.714400000000033,24.210749999999944,24.59549999999998,25.124000000000002,38.756646934885126,38.04932163381727,,,,,0,184220400,196168250.4,63.936066438284506,51.27496549105439,,,,,63.936066438284506,
2016-03-07,25.5975,25.7075,25.24,25.4675,28.393387500000006,27.26322500000002,24.687600000000035,24.308874999999947,24.720249999999982,25.383000000000003,38.201441007205034,38.06315066776161,,,,,0,143663240,196418365.84,59.926918568668185,52.18463071151616,,,,,,
2016-03-08,25.195,25.44,25.1,25.2575,28.355437500000008,27.234208333333356,24.649700000000035,24.384124999999948,24.87874999999998,25.408000000000005,37.85293941331628,38.044040553721125,,,,,0,126247556,196330728.64,57.08639811295553,52.630144447882905,,,57.08639811295553,,,
2016-03-09,25.3275,25.395,25.0675,25.28,28.316162500000008,27.211675000000024,24.615150000000032,24.460749999999944,25.004249999999978,25.4265,38.31735092913513,38.068886951486036,,,,,1,108806732,197419128.88,57.31982456918741,53.403625591558,,,,,,
2016-03-10,25.3525,25.56,25.0375,25.2925,28.280600000000007,27.187958333333356,24.586900000000032,24.546999999999947,25.114499999999982,25.410000000000004,38.14358103013181,38.075677322272014,,,,,0,134054308,197963878.24,57.45827120969181,54.222857844214,,,,,,
2016-03-11,25.56,25.57,25.375,25.565,28.24336875000001,27.166508333333358,24.55450000000003,24.653999999999947,25.24824999999998,25.372500000000002,38.548530587011264,38.118663982702856,,,,,0,109632948,197682037.76,60.46876531923396,55.09309669324534,,,,,,
2016-03-14,25.4775,25.7275,25.445,25.63,28.20679375000001,27.144841666666693,24.53050000000003,24.760624999999948,25.39399999999998,25.405000000000005,38.02313333564106,38.10997937842451,,,,,0,100304248,197671020.56,61.174547527630445,56.38156192046639,,,,,,
2016-03-15,25.99,26.295,25.9625,26.145,28.17466875000001,27.119608333333357,24.527100000000033,24.85987499999995,25.495249999999977,25.582500000000003,38.836129211146535,38.17599299958106,,,,,1,160270936,197603454,66.30724233344405,57.7569904131937,,,,,,
2016-03-16,26.1525,26.5775,26.1475,26.4925,28.143962500000008,27.107075000000023,24.530200000000033,24.95799999999995,25.625749999999975,25.825,39.42473200954398,38.28951472775951,,,,,0,153213972,195255782.48,69.26023099069472,59.21648298227343,,,,,,
2016-03-17,26.38,26.6175,26.24,26.45,28.113762500000004,27.09134166666669,24.545650000000027,25.077249999999946,25.733249999999977,26.056500000000007,39.14227365554799,38.367038266649374,,,,,0,137682820,193546159.52,68.4698375590861,60.58975423934244,,,,,,
2016-03-18,26.585,26.625,26.2975,26.48,28.083512500000005,27.075958333333357,24.57175000000003,25.200749999999946,25.805999999999976,26.239500000000003,38.92991732783166,38.41820909039322,,,,,0,176820684,191605982.16,68.74101358176507,62.02706173050943,,,,,,
2016-03-21,26.4825,26.9125,26.285025,26.4775,28.054200000000005,27.059208333333356,24.61905000000003,25.313624999999945,25.906999999999975,26.409000000000002,38.75550112706018,38.44887200281749,,,,,0,142010712,187958642.16,68.6879972872983,62.75335172388465,,,,,,
2016-03-22,26.3125,26.8225,26.3025,26.68,28.026787500000005,27.04180833333336,24.66785000000003,25.463999999999945,26.04924999999998,26.516000000000002,39.01345291479821,38.50019754027028,,,,,0,129777500,184890350.88,70.66176961207765,63.585812688493014,,,,,,
2016-03-23,26.62,26.7675,26.475,26.5325,27.999700000000004,27.02452500000003,24.705850000000027,25.589374999999944,26.174499999999977,26.524,38.831837252414864,38.53034660501069,,,,,0,102813980,182967480.32,67.33240022737787,64.05937738124257,,,,,,
2016-03-24,26.3675,26.5625,26.2225,26.4175,27.972512500000008,27.00895833333336,24.73440000000003,25.700749999999942,26.286999999999978,26.517500000000005,38.91201987519087,38.56504417502707,,,,,0,104531820,181125778.56,64.77002889738017,64.11894612832084,,,,,,
2016-03-28,26.5,26.5475,26.265,26.2975,27.942900000000005,26.996525000000023,24.773400000000027,25.804249999999946,26.360249999999972,26.481000000000005,38.74991404461821,38.58185052680808,,,,,0,77645488,177683517.84,62.11374919677413,64.27514831604269,,,62.11374919677413,,,
2016-03-29,26.2225,26.9475,26.22,26.92,27.916762500000004,26.999725000000026,24.81420000000003,25.94162499999994,26.489249999999977,26.569500000000005,39.645565891853416,38.67855192363039,,,,,0,124760332,175125114.32,69.17584606767805,65.13868031280859,,,,,,
2016-03-30,27.1625,27.605,27.15,27.39,27.894750000000002,27.01045833333336,24.876350000000034,26.054499999999944,26.613749999999975,26.711500000000008,39.985206884638025,38.79733873826744,,,,,0,182404596,172386494.96,73.23278453698302,66.27532031050826,,,,,,
2016-03-31,27.43,27.475,27.22,27.2475,27.872337500000004,27.019208333333363,24.938000000000034,26.157499999999942,26.689249999999976,26.85450000000001,39.60488383924029,38.870751929264976,,,,,0,103553796,170210551.12,70.21532898934636,67.18653872334075,,,,,,
2016-04-01,27.195,27.5,27.05,27.4975,27.85032500000001,27.019708333333362,25.004000000000033,26.26362499999994,26.793999999999976,27.070500000000003,40.04995776165924,38.97795245948264,,,,,0,103495800,166493713.84,72.36652812227521,68.03637892355796,,,,,,
2016-04-04,27.605,28.0475,27.5675,27.78,27.8301,27.016708333333362,25.07810000000003,26.36499999999994,26.92399999999997,27.367,40.20687193045089,39.08967241138884,,,,,0,149424816,165309293.12,74.59907442849503,68.99527370219114,,,,,74.59907442849503,
2016-04-05,27.3775,27.6825,27.355,27.4525,27.80751250000001,27.010908333333365,25.120050000000035,26.464249999999943,27.021499999999975,27.4735,39.860754163581184,39.15977075249724,,,,,0,106314608,162171547.92,67.76402368053246,69.09932951269745,,,,,,
2016-04-06,27.5575,27.745,27.3,27.74,27.787962500000006,27.007908333333365,25.177650000000032,26.58837499999994,27.127499999999976,27.5435,40.69099390270735,39.29897285706179,,,,,0,105616308,160140312.08,70.33372447230302,69.17600761852663,,,,,,
2016-04-07,27.4875,27.605,27.03025,27.135,27.764125000000007,27.009275000000034,25.22040000000003,26.68112499999994,27.187749999999973,27.520999999999997,39.3896431923974,39.307215614819576,,,,,0,127207480,156678301.52,59.57191077249329,68.54044141948428,,,59.57191077249329,,,
2016-04-08,27.2275,27.4425,27.0425,27.165,27.74116250000001,27.003141666666703,25.29660000000003,26.774749999999944,27.26249999999997,27.454500000000003,39.911161608494,39.36211979606271,,,,,0,94326960,147895266.8,59.899569284476684,67.90890968396369,,,,,,
2016-04-11,27.2425,27.6525,27.2075,27.255,27.71730000000001,27.000891666666703,25.371250000000032,26.85924999999994,27.35824999999997,27.3495,39.932115647587416,39.41393760074677,,,,,0,117630072,145793562.24,60.92278633094221,67.35425175850968,,,,,,
2016-04-12,27.335,27.625,27.165,27.61,27.69597500000001,27.002841666666704,25.436750000000032,26.958249999999943,27.427249999999976,27.381,40.56337200476006,39.51843163747525,,,,,0,108929300,142818827.92,64.74416647886375,66.93156582042295,,,,,,
2016-04-13,27.7,28.085,27.7,28.01,27.67758750000001,27.002391666666703,25.514800000000033,27.05149999999994,27.48924999999997,27.435000000000002,40.75723182585415,39.63104983641879,,,,,0,133029264,142203929.92,68.48393685533074,67.0138184367053,,,,,,
2016-04-14,27.905,28.0975,27.8325,28.025,27.662050000000008,27.005641666666705,25.60290000000003,27.128124999999944,27.56699999999997,27.613,40.37369983000547,39.698563472199396,,,,,0,101895692,141253266.56,68.61836970451017,67.28869992292887,,,,,68.61836970451017,
2016-04-15,28.0275,28.075,27.4325,27.4625,27.642581250000013,27.001108333333367,25.670400000000033,27.178749999999944,27.56349999999997,27.672500000000003,39.55650620804885,39.68564917545844,,,,,0,187755876,141331240.56,58.5350133839214,67.03307593629654,,,,,,
2016-04-18,27.2225,27.2375,26.735,26.87,27.61868125000001,26.9898916666667,25.724800000000027,27.198249999999945,27.472499999999975,27.595500000000005,38.7412110172872,39.59979116107923,,,,,0,243285844,142479225.28,50.17177136725969,65.6756420291238,,,,,,
2016-04-19,26.97,27,26.5575,26.7275,27.594268750000012,26.9758916666667,25.789250000000028,27.210749999999944,27.39999999999997,27.419,38.28533093958001,39.480294777306575,,,,,0,129539516,141356570.48,48.38137836101843,63.90054158798347,,,,,,
2016-04-20,26.66,27.0225,26.515,26.7825,27.570681250000007,26.960641666666696,25.849850000000025,27.215874999999947,27.304249999999975,27.1735,38.24614432597105,39.36809928173062,,,,,0,122444120,139483742.88,49.135833427813786,62.39486333358828,,,,,,
2016-04-21,26.7325,26.7325,26.38,26.4925,27.54603125000001,26.9432416666667,25.904750000000025,27.213874999999945,27.23999999999997,26.866999999999997,37.80322488584475,39.225837973013725,,,,,0,126210100,138461449.28,45.370363155320355,60.46656583594865,,,,,,
2016-04-22,26.2525,26.62,26.155,26.42,27.524918750000012,26.929508333333366,25.96180000000003,27.21399999999995,27.165499999999973,26.658500000000004,37.89660909977624,39.10499898453759,,,,,0,134732484,137768610.88,44.453195823922336,58.31328879276489,,,,,,
2016-04-25,26.25,26.4125,26.1275,26.27,27.506181250000008,26.915558333333365,26.01870000000003,27.212624999999946,27.06699999999997,26.5385,37.679648877881796,38.97542170211433,,,,,0,112126352,136005161.04,42.53724813149605,56.511376253548,,,,,,
2016-04-26,25.9775,26.325,25.9775,26.0875,27.482518750000008,26.897458333333365,26.070500000000028,27.170999999999946,26.914749999999977,26.410500000000003,37.48581035448967,38.840002488693905,,,,,0,224064660,137258343.76,40.263469662905415,54.363500910019596,,,,,,
2016-04-27,24,24.6775,23.92,24.455,27.447718750000007,26.8714916666667,26.07640000000003,27.02424999999995,26.559249999999974,25.945,35.074341444757856,38.4976696665179,,,,,0,458408568,142501881.84,26.57765980873191,52.006768698322354,,,,,,
2016-04-28,24.4025,24.47,23.5625,23.7075,27.409243750000005,26.839008333333364,26.05995000000003,26.847249999999946,26.127499999999976,25.388,33.94625683125313,38.083904863312014,,,,,0,328970760,145492237.6,22.762430633746447,49.35411593755591,,,,,,
2016-04-29,23.4975,23.68,23.1275,23.435,27.367893750000004,26.80357500000003,26.04735000000003,26.644124999999946,25.724749999999972,24.791000000000004,33.868706673539485,37.70070502787815,,,,,0,274125912,147853077.2,21.548057869203646,46.54163533314601,,,,,,
2016-05-02,23.49125,23.52,23.1,23.41,27.324306250000003,26.768458333333363,26.035350000000026,26.42562499999995,25.378749999999975,24.219,34.00474507335496,37.36470866837604,,,,,0,192640416,148875951.68,21.435073970914075,43.44812872543532,,,21.435073970914075,,,
2016-05-03,23.55,23.935,23.42,23.795,27.281256250000006,26.7396916666667,26.02685000000003,26.24274999999995,25.085499999999975,23.7605,34.296132947060435,37.08574723916553,,,,,0,227325108,150679993.2,27.72042338759026,40.53644919202528,,,,,,
2016-05-04,23.8,23.975,23.455,23.5475,27.233906250000004,26.714908333333362,26.02435000000003,26.03312499999995,24.761999999999972,23.579000000000004,34.236467526425216,36.82672181073459,,,,,0,164101900,151406620.56,26.265673225872888,37.51125658640833,,,,,,
2016-05-05,23.5,23.5175,23.17,23.31,27.187018750000007,26.68647500000003,26.010050000000028,25.841874999999952,24.443749999999973,23.499500000000005,34.09356839190296,36.57825331811353,,,,,0,143562000,151377400.96,24.91449175442021,35.10979075572968,,,,,,
2016-05-06,23.3425,23.3625,22.9625,23.18,27.146393750000005,26.65837500000003,25.98985000000003,25.642624999999953,24.119749999999975,23.448500000000003,33.91152962748033,36.33582389169233,,,,,0,174799544,152666779.12,24.181215382060927,33.25332247107262,,,,,,
2016-05-09,23.25,23.4425,23.1475,23.1975,27.10593125000001,26.62905833333336,25.969250000000034,25.439749999999954,23.812499999999975,23.406000000000002,33.82973448574234,36.10799758206051,,,,,0,131745744,152982403.52,24.50333915892969,31.547748242352004,,,,,,
2016-05-10,23.3325,23.3925,23.0275,23.355,27.067081250000005,26.600125000000027,25.95290000000003,25.226999999999954,23.539249999999974,23.318000000000005,34.033778762222575,35.91943223480252,,,,,0,134747344,152860048.24,27.48924153800769,30.00156310736585,,,,,,
2016-05-11,23.37,23.3925,23.115,23.1275,27.029256250000007,26.568791666666698,25.91280000000003,24.98287499999995,23.406499999999976,23.234000000000005,33.2867169771492,35.68009448410677,,,,,0,114876436,151125005.2,25.896053727503883,28.61054100537896,,,,,,
2016-05-12,23.18,23.195,22.3675,22.585,26.987956250000007,26.534725000000027,25.860750000000035,24.71087499999995,23.294249999999977,23.089000000000006,32.81972041114868,35.420060477474216,,,,,0,305258760,154576615.6,22.541128150121764,27.04539331439321,,,22.541128150121764,,,
2016-05-13,22.5,22.9175,22.5,22.63,26.947368750000006,26.50309166666669,25.80585000000003,24.469249999999953,23.21374999999998,22.979000000000006,32.89068896521988,35.190117612723824,,,,,0,177571060,155171577.44,23.427305584536725,25.68039741818183,,,,,,
2016-05-16,23.0975,23.5975,22.9125,23.47,26.911756250000003,26.472691666666694,25.760200000000037,24.29924999999995,23.21974999999998,23.033500000000007,34.4032326627936,35.11858261727562,,,,,0,245039024,156387949.92,37.74505692263899,25.500510793877087,,,,,,
2016-05-17,23.6375,23.675,23.2525,23.3725,26.876993750000008,26.44250833333336,25.718300000000035,24.131499999999953,23.177499999999977,23.037000000000006,33.92793202558718,35.01034165439486,,,,,0,187667756,157268040.24,36.88299768359057,26.23660635636699,,,,,,
2016-05-18,23.54,23.8025,23.4725,23.64,26.847143750000004,26.413791666666697,25.685950000000034,23.974374999999956,23.18674999999998,23.139500000000005,34.64226923471456,34.97688052533301,,,,,0,168249564,158108080.4,40.872944716297525,27.530214505120636,,,,,,
2016-05-19,23.66,23.66,23.3925,23.55,26.82159375,26.38710833333336,25.651350000000033,23.827249999999957,23.21074999999998,23.332500000000007,34.503303819537706,34.933828097533436,,,,,0,121768400,158367313.76,39.95772590902474,28.845190793679286,,,,,,
2016-05-20,23.66,23.8575,23.63,23.805,26.796368750000003,26.359375000000025,25.621600000000036,23.696499999999958,23.27324999999998,23.56750000000001,35.006666535950274,34.94044977375315,,,,,1,128103872,158248305.04,43.79767647273226,30.442519543809162,,,,,,
2016-05-23,23.9675,24.2975,23.9175,24.1075,26.77299375,26.335025000000027,25.59245000000003,23.588374999999957,23.364249999999977,23.69500000000001,35.239387619864345,34.96762594158144,,,,,0,152074572,159097137.52,48.04274387468866,31.89411386431619,,,,,,
2016-05-24,24.305,24.5225,24.21,24.475,26.750968750000002,26.31197500000003,25.569350000000036,23.507749999999955,23.476249999999975,23.91550000000001,35.85135055955939,35.0479645432158,,,,,0,140560696,159902266.48,52.715428060313194,33.78338206677621,,,,,,
2016-05-25,24.6675,24.935,24.5275,24.905,26.72584375,26.288391666666694,25.544550000000037,23.530249999999956,23.65399999999998,24.168500000000012,35.98884425305627,35.1334990622922,,,,,0,154568432,159788216.4,57.52841303381746,36.11294787244744,,,,,,
2016-05-26,24.92,25.1825,24.66,25.1025,26.709493749999996,26.266141666666694,25.516750000000034,23.599999999999955,23.905749999999976,24.47900000000001,36.0229892754982,35.214361808947295,,,,,0,225324636,161230429.68,59.56425392134548,38.640307768110624,,,,,59.56425392134548,
2016-05-27,24.86,25.1175,24.81125,25.0875,26.690881249999997,26.24089166666669,25.489500000000035,23.682624999999955,24.15149999999998,24.73550000000001,36.00904262953926,35.286605519910204,,,,,0,145364960,161384072.48,59.33163741966975,41.12804335816349,,,,,,
2016-05-31,24.9,25.1,24.705,24.965,26.671768750000002,26.208858333333357,25.45920000000003,23.760374999999957,24.30099999999998,24.907000000000007,35.68025687688775,35.32239200690816,,,,,0,169228848,161232235.76,57.361463569236,43.26177350325122,,,,,,
2016-06-01,24.755,24.885,24.5825,24.615,26.64989375,26.18082500000002,25.421950000000034,23.801374999999958,24.42524999999998,24.93500000000001,35.21526400122081,35.31265309730022,,,,,0,116693140,160725884.32,52.04398888553404,45.12948315739624,,,,,,
2016-06-02,24.4,24.46,24.1575,24.43,26.625593749999997,26.152775000000016,25.376950000000033,23.84549999999995,24.504249999999978,24.84000000000001,34.91113831555783,35.27615175350546,,,,,0,160766400,161345662.32,49.43536583799989,47.050500135101814,,,49.43536583799989,,,
2016-06-03,24.4475,24.5675,24.3625,24.48,26.602368749999997,26.117191666666685,25.335900000000027,23.903999999999954,24.59724999999998,24.71550000000001,34.88405232607848,35.2405063510121,,,,,0,114019552,161569773.76,50.162442922247486,48.96015280208116,,,,,,
2016-06-06,24.4975,24.785,24.3875,24.6575,26.58189375,26.080691666666688,25.300700000000028,23.977874999999955,24.682499999999983,24.629500000000007,35.23959926255162,35.240423888424786,,,,,0,93170016,161342537.68,52.75938445306033,50.03260476853983,,,,,,
2016-06-07,24.8125,24.9675,24.74,24.7575,26.564868749999995,26.046575000000022,25.26990000000003,24.055874999999954,24.74749999999998,24.58800000000001,35.21008244011359,35.23766557494195,,,,,0,89637800,161582383.92,54.207121524209725,51.2700421857269,,,,,,
2016-06-08,24.755,24.89,24.67,24.735,26.556343749999996,26.009508333333354,25.226200000000027,24.124874999999953,24.77349999999998,24.612000000000013,35.13278065270603,35.22813058201141,,,,,0,83392524,160755027.76,53.80755909926338,52.1939432130816,,,,,,
2016-06-09,24.625,24.9975,24.615,24.9125,26.552006249999998,25.97130833333335,25.176650000000027,24.214124999999953,24.77424999999998,24.708500000000008,35.26817735663861,35.23177119788661,,,,,1,106405416,159235044.16,56.52976401827095,53.37766022088491,,,,,56.52976401827095,
2016-06-10,24.6325,24.836425,24.62,24.7075,26.545868749999997,25.93269166666669,25.125850000000028,24.32024999999995,24.73474999999998,24.75400000000001,35.03814737080946,35.214169031788686,,,,,0,126851744,159701003.12,52.669232690815875,54.01134280789088,,,,,,
2016-06-13,24.6725,24.78,24.275,24.335,26.530431249999996,25.893391666666684,25.062600000000028,24.405499999999954,24.65949999999998,24.68950000000001,34.82946657315834,35.17919608100411,,,,,0,152081976,160672726.64,46.460400058656525,53.89831824960287,,,,,,
2016-06-14,24.33,24.61875,24.1875,24.365,26.511106249999997,25.854058333333352,24.994300000000024,24.45024999999995,24.59949999999998,24.611000000000008,35.157715506046,35.17724330146246,,,,,0,127727776,160238785.84,47.00226361521653,53.49023507495311,,,,,,
2016-06-15,24.455,24.6025,24.2575,24.285,26.490918749999995,25.81500833333335,24.930950000000024,24.495874999999952,24.566499999999984,24.521000000000008,35.10542952412158,35.17071477624965,,,,,0,117780908,160468111.84,45.67473386462288,52.64354370572493,,,,,,
2016-06-16,24.1125,24.4375,24.0175,24.3875,26.471906249999993,25.782975000000015,24.863900000000026,24.53324999999995,24.562249999999985,24.416000000000007,35.31860970311369,35.18415976960093,,,,,1,125307260,160861930.88,47.71244394387874,51.79698585019158,,,,,,
2016-06-17,24.155,24.1625,23.825,23.8325,26.456418749999994,25.74834166666668,24.797850000000025,24.54737499999995,24.49749999999998,24.241000000000007,34.407047194644825,35.11351317187765,,,,,0,244032876,163198438.8,39.14954123851125,50.35540755153742,,,,,,
2016-06-20,24,24.1425,23.7575,23.775,26.434868749999996,25.713975000000016,24.730050000000023,24.545874999999945,24.40924999999998,24.12900000000001,34.43622599241027,35.05194161010789,,,,,0,137647604,164064851.68,38.381003466893105,48.999660401370065,,,,,,
2016-06-21,23.735,24.0875,23.669,23.9775,26.416793749999997,25.686591666666686,24.664500000000025,24.53937499999995,24.331249999999976,24.051500000000008,34.52898115924637,35.00439975093866,,,,,0,142185432,164555958.88,42.65080539431126,48.32871872342558,,,,,,
2016-06-22,24.0625,24.2225,23.8375,23.8875,26.399643749999996,25.65555000000002,24.590050000000023,24.50999999999995,24.246499999999976,23.97200000000001,34.30633347694959,34.94093918057602,,,,,0,116876488,164714902.64,41.28165128692266,47.74631054120578,,,,,,
2016-06-23,23.985,24.0725,23.8125,24.025,26.37938124999999,25.62623333333335,24.510350000000027,24.46599999999995,24.157749999999975,23.899500000000007,34.56088613968208,34.90638890413111,,,,,0,128960748,164633532.32,44.227368839949,47.322376678184455,,,,,,
2016-06-24,23.2275,23.66375,23.1625,23.35,26.358443749999992,25.586416666666686,24.416850000000025,24.37837499999995,24.021999999999974,23.803000000000004,33.14689682584748,34.7464350788326,,,,,0,301245424,168620526.96,34.95632228965627,46.05072938079845,,,,,,
2016-06-27,23.25,23.2625,22.875,23.01,26.332781249999993,25.541850000000018,24.327800000000025,24.27449999999995,23.889499999999977,23.650000000000006,33.88125119637187,34.667781998608895,,,,,0,186488752,168595184.48,31.387283883097197,44.42074097786184,,,31.387283883097197,,,
2016-06-28,23.225,23.415,23.035,23.3975,26.307006249999993,25.49900000000002,24.25835000000003,24.19612499999995,23.792749999999977,23.534000000000006,35.086776570326016,34.70587241421954,,,,,1,161779656,166965060.72,39.027989627747665,43.36505744418214,,,,,,
2016-06-29,23.4925,23.6375,23.4075,23.6,26.280868749999996,25.460083333333355,24.195800000000027,24.14537499999995,23.724249999999977,23.47650000000001,34.77252970153579,34.71193216761193,,,,,0,146124024,167296750.88,42.62381455361791,42.37177533956407,,,,,,
2016-06-30,23.61,23.9425,23.575,23.9,26.255018749999994,25.421283333333356,24.138150000000024,24.118874999999953,23.67549999999998,23.451500000000003,34.624801402376896,34.7040111889542,,,,,0,143345424,167714776.96,47.55813201224925,42.006696719666444,,,,,,
2016-07-01,23.8725,24.11625,23.8325,23.9725,26.229368749999995,25.384383333333357,24.087750000000025,24.09349999999995,23.689499999999978,23.576000000000004,34.265029587490346,34.6641037706393,,,,,0,104106160,167272698.16,48.70618479010133,42.16710991476965,,,,,,
2016-07-05,23.8475,23.85,23.615,23.7475,26.205706249999995,25.34635000000002,24.03430000000002,24.04799999999995,23.68674999999998,23.723500000000005,33.87741030457215,34.59258618281501,,,,,0,110820840,166794465.28,45.385483134786945,42.05162559473897,,,,,,
2016-07-06,23.65,23.915,23.5925,23.8825,26.183306249999998,25.308400000000024,23.986550000000026,24.00424999999995,23.67724999999998,23.820500000000003,34.3049005290752,34.566432941565935,,,,,0,123796360,167027865.44,47.68993143644349,42.19556827844043,,,,,,
2016-07-07,23.925,24.125,23.905,23.985,26.159218749999994,25.272733333333353,23.944500000000026,23.966749999999948,23.686999999999976,23.8975,34.26869168893143,34.5393655549628,,,,,0,100558232,164557736.88,49.43449967875227,42.31857225950283,,,,,,
2016-07-08,24.1225,24.2225,24.0125,24.17,26.138318749999993,25.24006666666669,23.938800000000025,23.929624999999948,23.701499999999974,23.951500000000003,34.56313456313457,34.54152637388751,,,,,1,115648412,157702533.76,52.51280529068114,43.2730911203721,,,,,,
2016-07-11,24.1875,24.4125,24.1825,24.245,26.116643749999994,25.209700000000023,23.949550000000027,23.906499999999948,23.790999999999976,24.006000000000007,34.14949058641251,34.505886756844326,,,,,0,95179780,153026714.16,53.74226970591976,44.37032442315972,,,,,,
2016-07-12,24.2925,24.425,24.28,24.355,26.094668749999997,25.173683333333358,23.967950000000027,23.90749999999995,23.92549999999998,24.127500000000005,34.18789421475229,34.476978343926866,,,,,0,96669852,149477592.96,55.55959858126676,45.29238107937083,,,,,,
2016-07-13,24.3525,24.4175,24.21,24.2175,26.072368749999995,25.13800000000002,23.98410000000003,23.90012499999995,24.00749999999998,24.194500000000005,33.758259221054395,34.41164024184755,,,,,0,103568684,147696158.32,52.76884499025831,46.11289491532337,,,,,,
2016-07-14,24.3475,24.7475,24.33,24.6975,26.055306249999994,25.105600000000024,24.00215000000003,23.92074999999995,24.117249999999977,24.337000000000007,34.42272222557761,34.41264769491392,,,,,1,155675988,146263175.92,60.27110485255559,47.25887605908099,,,,,,
2016-07-15,24.73,24.825,24.625,24.695,26.042456249999997,25.077533333333353,24.02510000000003,23.93612499999995,24.19674999999998,24.442000000000007,34.23916811091855,34.39687682364161,,,,,0,120547960,145392097.12,60.217454894389185,49.06324267370477,,,,,,
2016-07-18,24.675,25.0325,24.65,24.9575,26.029368749999993,25.05030000000002,24.058050000000026,23.99237499999995,24.295249999999978,24.584500000000006,34.63529379111272,34.418551093411715,,,,,1,145975468,145440366.48,63.85556362295424,51.38240551226598,,,,,,
2016-07-19,24.89,25,24.835,24.9675,26.017231249999995,25.02811666666669,24.09380000000003,24.05199999999995,24.417249999999978,24.707000000000008,34.56682157377624,34.43203022799031,,,,,0,95119696,143846769.52,63.990663082074455,53.16545361614647,,,,,,
2016-07-20,25,25.115,24.93375,24.99,26.004206249999992,25.007250000000024,24.12965000000003,24.10262499999995,24.527999999999977,24.861500000000007,34.647699858580815,34.451636558043994,,,,,0,105103872,143313932.08,64.31386864313234,54.714743193968935,,,,,,
2016-07-21,24.9575,25.25,24.7825,24.8575,25.990018749999994,24.988816666666693,24.15970000000003,24.15112499999995,24.61524999999998,24.89350000000001,34.317447607477156,34.43943756253792,,,,,0,130808112,143235147.44,60.85014403982446,55.664172624510016,,,,,,
2016-07-22,24.815,24.825,24.5775,24.665,25.974206249999998,24.967683333333362,24.190450000000034,24.183124999999947,24.664749999999977,24.887500000000006,34.17514560057639,34.41541102054141,,,,,0,113254676,143202712.24,56.12118962608855,56.193815827080535,,,,,,
2016-07-25,24.5625,24.71,24.23,24.335,25.957406249999995,24.94828333333336,24.225450000000034,24.232374999999948,24.673749999999977,24.76300000000001,33.56505427511345,34.33810586186614,,,,,0,161531684,140328170.72,49.07957576040603,56.45767958605332,,,,,,
2016-07-26,24.205,24.4925,24.105,24.1675,25.941368749999995,24.932683333333365,24.256200000000035,24.29024999999995,24.65499999999998,24.60300000000001,33.43471002730023,34.25597896781469,,,,,0,224959288,141275935.28,45.92948906061546,56.331933702065605,,,45.92948906061546,,,
2016-07-27,26.06625,26.0875,25.6875,25.7375,25.929906249999995,24.925383333333365,24.301550000000034,24.407249999999948,24.80699999999998,24.75250000000001,35.59524797388875,34.377730695639606,,,,,1,369379280,143762740.4,67.18773543319897,57.60002197024038,,,,,,
2016-07-28,25.7075,26.1125,25.705,26.085,25.920831249999992,24.9205666666667,24.355800000000034,24.531499999999948,24.945749999999983,24.99800000000001,36.11913707317524,34.53604036632466,,,,,0,159479356,143198972.4,69.99924157361436,58.84905313330704,,,,,,
2016-07-29,26.0475,26.1375,25.92,26.0525,25.911356249999994,24.913233333333366,24.404050000000037,24.639124999999947,25.08149999999998,25.27550000000001,36.016285264001915,34.670608084295324,,,,,0,110934752,142052676.16,69.40030963173932,59.96748455657986,,,,,,
2016-08-01,26.1025,26.5375,26.1025,26.5125,25.906156249999995,24.909933333333367,24.463300000000036,24.766124999999946,25.236999999999977,25.711000000000006,36.592519322782486,34.845327287794156,,,,,0,152671484,142670737.84,72.93068267240469,61.208276277375425,,,,,,
2016-08-02,26.5125,26.5175,26,26.12,25.896931249999994,24.90603333333337,24.509600000000038,24.884749999999947,25.35224999999998,26.10150000000001,36.0966261907833,34.95908173352044,,,,,0,135266224,142813984.88,65.94000825285572,62.149073653275245,,,,,,
2016-08-03,26.2025,26.46,26.1925,26.4475,25.890368749999993,24.901116666666702,24.55640000000004,25.012999999999945,25.497999999999983,26.24350000000001,36.7832158106285,35.124912104166626,,,,,0,120810564,142188704.72,68.64102331476762,62.74692497200467,,,,,,
2016-08-04,26.395,26.5,26.32,26.4675,25.88304375,24.898700000000037,24.59625000000004,25.137124999999948,25.65899999999998,26.32000000000001,36.69602872737188,35.26774088809437,,,,,0,109634600,141570182.8,68.80372370716438,63.3602298872029,,,,,,
2016-08-05,26.5675,26.9125,26.545,26.87,25.875181249999997,24.902400000000036,24.635550000000038,25.272124999999946,25.879499999999986,26.48350000000001,37.24615917754418,35.447597096226175,,,,,0,162213608,141723086.32,71.95706355089243,63.9389084534842,,,,,,
2016-08-08,26.88,27.0925,26.79,27.0925,25.86844375,24.907433333333373,24.67535000000004,25.414499999999947,26.155249999999985,26.599500000000013,37.234237494674446,35.61001895063056,,,,,0,112148880,139459571.2,73.54876906720526,64.62163030956496,,,,,,
2016-08-09,27.0575,27.235,27.0025,27.2025,25.860081250000004,24.917600000000043,24.717650000000038,25.55687499999995,26.45874999999998,26.81600000000001,37.41935631783355,35.774504165830834,,,,,0,105260816,138657488.32,74.32466366518508,65.33668709685445,,,,,74.32466366518508,
2016-08-10,27.1775,27.225,26.94,27,25.846231250000002,24.92976666666671,24.758350000000043,25.695999999999948,26.584999999999987,26.92650000000001,37.12633036017124,35.89739745622541,,,,,0,96034020,137193591.76,70.23998162269976,66.00738978134554,,,,,,
2016-08-11,27.13,27.2325,26.9625,26.9825,25.837043750000003,24.94890000000004,24.805700000000044,25.81024999999995,26.67474999999998,27.029500000000006,37.20885869390345,36.01662120510523,,,,,0,109938024,137058489.44,69.88255099969575,66.99034416517462,,,,,,
2016-08-12,26.945,27.11,26.945,27.045,25.829081249999998,24.96760000000004,24.858000000000043,25.927749999999953,26.773999999999983,27.06450000000001,37.11930240325009,36.116864950391125,,,,,0,74641736,135335996.16,70.46069274221996,68.51756680673276,,,,,,
2016-08-15,27.035,27.385,27.02,27.37,25.816843750000004,24.98585000000004,24.91580000000004,26.048374999999947,26.85974999999998,27.12000000000001,37.59529314805064,36.25126751381472,,,,,0,103472836,135125061.84,73.32791367460023,70.4745971363031,,,,,,
2016-08-16,27.4075,27.5575,27.3025,27.345,25.80290625,25.00155000000004,24.96955000000004,26.16724999999995,26.982249999999983,27.148500000000013,37.456338606944726,36.36081943137199,,,,,0,135177792,135965217.36,72.74299784021102,70.87140159394683,,,,,,
2016-08-17,27.275,27.3425,27.085,27.305,25.79005625,25.021266666666705,25.020500000000037,26.282999999999948,27.067999999999984,27.209500000000013,37.60760278217754,36.47416337235432,,,,,0,101423904,136200939.44,71.75673787833716,70.99693704428417,,,,,,
2016-08-18,27.3075,27.4,27.255,27.27,25.774931249999998,25.03720000000004,25.07120000000004,26.40362499999995,27.148249999999983,27.267000000000014,37.489345712164685,36.566452675973444,,,,,0,87938812,136291865.2,70.85154265213858,71.10059654574125,,,,,,
2016-08-19,27.1925,27.4225,27.09,27.34,25.75841875,25.057583333333376,25.11975000000004,26.537374999999948,27.19524999999998,27.32600000000001,37.5030863915282,36.651601195569334,,,,,0,101472288,136193202.64,71.62256572297821,71.00715962078222,,,,,,
2016-08-22,27.215,27.275,26.9625,27.1275,25.74155625,25.077333333333378,25.16815000000004,26.676999999999946,27.198749999999983,27.27750000000001,37.26526762124119,36.7073890524486,,,,,0,103280920,135721786.16,65.92188167705189,71.00586486536766,,,,,,
2016-08-23,27.1475,27.33,27.1325,27.2125,25.72646875,25.09743333333338,25.225700000000042,26.829249999999945,27.199749999999984,27.251000000000012,37.4030989993769,36.77063541126026,,,,,0,85030676,134380760.16,67.05156461037797,70.8923321007684,,,,,,
2016-08-24,27.14125,27.1875,26.92,27.0075,25.71018125,25.11698333333338,25.278550000000042,26.892749999999943,27.200499999999984,27.191500000000012,37.049019159540904,36.79594302474032,,,,,0,94700324,133720211.12,61.73611645724567,70.38750301148848,,,,,,
2016-08-25,26.8475,26.97,26.67,26.8925,25.693931250000002,25.12723333333338,25.330700000000043,26.93312499999995,27.19149999999998,27.116000000000007,37.085601073805755,36.82227557465536,,,,,0,100344992,133371492.8,58.91460013400924,69.45589848171112,,,,,,
2016-08-26,26.8525,26.9875,26.5775,26.735,25.681643750000003,25.13973333333338,25.377650000000045,26.967249999999943,27.160499999999978,26.99500000000001,36.91880670389005,36.83105113185851,,,,,0,111065164,133086650.88,55.194084001719496,68.14484954846213,,,,,,
2016-08-29,26.655,26.86,26.5725,26.705,25.67003125,25.151116666666717,25.435100000000045,26.976874999999943,27.093999999999983,26.910500000000013,36.935695054033125,36.84056421569257,,,,,0,99881200,130203617.36,54.48824049844292,66.72796217940912,,,,,,
2016-08-30,26.45,26.625,26.375,26.5,25.65788125,25.17208333333338,25.489600000000046,26.995874999999945,27.00949999999998,26.76800000000001,36.4615342279786,36.80610694408221,,,,,0,99455780,129439780.88,49.80145366797032,65.26806732549987,,,49.80145366797032,,,
2016-08-31,26.415,26.642475,26.41,26.525,25.65008125,25.192100000000043,25.540550000000042,26.999749999999942,26.931499999999982,26.67150000000001,36.56737679907358,36.78440420362688,,,,,0,118649624,128969064.72,50.36218637880388,63.87375556686474,,,,,,
2016-09-01,26.535,26.7,26.405,26.6825,25.640774999999998,25.207750000000043,25.59645000000005,27.010499999999944,26.872749999999986,26.629500000000014,36.872106681406756,36.79237715615232,,,,,1,106806092,128767656.8,53.859033689097494,62.687922777355986,,,,,,
2016-09-02,26.925,27,26.705,26.9325,25.633325,25.22658333333338,25.654600000000045,27.013624999999944,26.831999999999987,26.66900000000001,37.219120532876374,36.83117200858178,,,,,0,107209800,128332637.84,58.81824903415408,61.651518160181254,,,,,,
2016-09-06,26.975,27.075,26.8775,26.925,25.6213375,25.248616666666717,25.726100000000045,27.005249999999943,26.811749999999982,26.71300000000001,37.053092230203944,36.85134657418379,,,,,0,107521564,124458160.64,58.61471414216886,60.64235503889254,,,,,,
2016-09-07,26.9575,27.19,26.7675,27.09,25.6083125,25.268633333333383,25.807700000000047,26.999624999999945,26.799499999999984,26.83100000000001,37.16933152830119,36.880254297285376,,,,,0,169457312,124117531.84,61.7505901489351,59.9276302010781,,,,,,
2016-09-08,26.8125,26.8175,26.31,26.38,25.5910875,25.28350000000005,25.867350000000048,26.968624999999946,26.736749999999983,26.80200000000001,36.20046108244593,36.818454914118156,,,,,0,212008104,125122100.8,45.70281142309352,58.13129225614632,,,,,,
2016-09-09,26.16,26.43,25.7825,25.7825,25.5728125,25.29868333333338,25.911000000000044,26.90862499999995,26.62574999999999,26.622000000000014,35.45935909778572,36.69490074899703,,,,,0,186227936,125924179.04,36.9905832938007,55.65757922549078,,,36.9905832938007,,,
2016-09-12,25.6625,26.43,25.6325,26.36,25.556012499999998,25.316066666666718,25.960200000000047,26.874374999999947,26.588249999999988,26.50750000000001,37.16497243644874,36.73763453876536,,,,,1,181171080,126680692.16,47.422919033272606,54.336224750935116,,,,,,
2016-09-13,26.8775,27.1975,26.81,26.9875,25.5434125,25.337666666666717,26.020500000000048,26.85524999999995,26.616499999999984,26.52000000000001,37.49930524677635,36.80687733040273,,,,,0,248704760,129572664.16,55.956056101863126,53.54368842889834,,,,,,
2016-09-14,27.1825,28.2575,27.15,27.9425,25.535862499999997,25.366833333333382,26.104400000000044,26.88512499999995,26.760749999999984,26.690500000000014,39.41077187802654,37.04359501655035,,,,,0,449361272,136343472.8,65.2102380316013,53.79183996992374,,,,,,
2016-09-15,28.465,28.9325,28.3725,28.8925,25.532449999999997,25.40328333333338,26.204600000000045,26.964499999999948,26.99749999999999,27.193000000000012,40.77463695507981,37.38278064732575,,,,,0,362452708,141116599.76,71.60228726134035,54.69810333616168,,,,,71.60228726134035,
2016-09-16,28.78,29.0325,28.51,28.73,25.529425,25.43816666666671,26.299500000000048,27.037499999999948,27.202249999999985,27.78250000000001,40.13952665257118,37.63339392052988,,,,,0,319547644,145496388,69.25819727146134,55.70268285542896,,,,,,
2016-09-19,28.7975,29.045,28.3125,28.395,25.52605,25.466400000000046,26.384000000000047,27.090249999999948,27.34849999999999,28.18950000000001,39.82170571626246,37.83233135650557,,,,,0,188092184,146945263.44,64.56548499289207,56.422486033603896,,,,,,
2016-09-20,28.2625,28.53,28.1275,28.3925,25.524012499999998,25.49215000000005,26.46695000000005,27.153499999999944,27.495249999999988,28.47050000000001,39.81894423875239,38.012932527618915,,,,,0,138057076,147802809.36,64.53034540862652,57.47454972936505,,,,,,
2016-09-21,28.4625,28.49725,28.11025,28.3875,25.517162499999998,25.520966666666716,26.54760000000005,27.212249999999948,27.62499999999999,28.559500000000007,39.80002430179085,38.17539541618,,,,,0,144012740,148749667.12,64.45478990972279,58.48116426728783,,,,,,
2016-09-22,28.5875,28.735,28.5,28.655,25.5125875,25.55193333333338,26.636350000000053,27.29462499999995,27.852499999999992,28.51200000000001,39.74120714523467,38.317741937003156,,,,,0,124295936,149164212.16,66.70110354954443,59.39845497160547,,,,,,
2016-09-23,28.605,28.6975,27.8875,28.1775,25.5056875,25.57831666666672,26.70595000000005,27.358874999999948,28.09199999999999,28.40150000000001,38.826601383440966,38.36400188667932,,,,,0,209924604,150249184.48,59.475684635063985,59.445414657384745,,,,,,
2016-09-26,27.91,28.3475,27.8875,28.22,25.5022625,25.608633333333383,26.77645000000005,27.433124999999944,28.277999999999984,28.366500000000013,39.10952607532718,38.431776812920035,,,,,0,119477768,150227780.64,59.89213172326054,59.53665877031987,,,,,,
2016-09-27,28.25,28.295,28.085,28.2725,25.4984125,25.636950000000052,26.842750000000052,27.51149999999995,28.406499999999987,28.342500000000012,39.52169050836401,38.530859876142216,,,,,0,98429648,149276864.24,60.433050145627355,59.4425487700836,,,,,,
2016-09-28,28.4225,28.66,28.3575,28.4875,25.499375,25.66560000000005,26.913150000000044,27.610874999999947,28.46099999999999,28.36250000000001,39.56725449435862,38.62507756870735,,,,,0,118564340,149745757.12,62.65434453145057,60.65337256353768,,,,,,
2016-09-29,28.29,28.45,27.95,28.045,25.498999999999995,25.691050000000057,26.97425000000005,27.686874999999947,28.376249999999988,28.240500000000015,38.74742673980022,38.63620022062488,,,,,0,143547960,150514638.88,55.72086987297193,61.99125017633562,,,55.72086987297193,,,
2016-09-30,28.115,28.3425,27.95,28.2625,25.502200000000002,25.718316666666723,27.042350000000045,27.765874999999948,28.32949999999999,28.257500000000014,39.415330547200774,38.70703025031359,,,,,0,145516424,150808805.12,58.1710998915298,62.75897738049685,,,,,,
2016-10-03,28.1775,28.2625,28.07,28.13,25.503674999999998,25.738300000000056,27.11165000000005,27.82574999999995,28.302999999999987,28.239500000000014,38.92042965128881,38.72643019585679,,,,,0,86807040,150279852.4,56.13326325234207,62.77163503410249,,,,,,
2016-10-04,28.265,28.5775,28.1575,28.25,25.508699999999997,25.75871666666672,27.18995000000005,27.89199999999995,28.288749999999986,28.235000000000014,39.214325374791784,38.7707843030327,,,,,0,118947340,149428165.52,57.582557672210015,62.22680072271741,,,,,,
2016-10-05,28.35,28.415,28.1725,28.2625,25.517475,25.77796666666672,27.27185000000005,27.950624999999953,28.276249999999987,28.190000000000015,39.427060809396934,38.83044580361126,,,,,0,85812356,146645226.88,57.73918682234244,61.236579262788986,,,,,,
2016-10-06,28.425,28.585,28.2825,28.4725,25.525675,25.796100000000056,27.326550000000047,28.05524999999995,28.25799999999999,28.27550000000001,39.550082649220045,38.89586733503024,,,,,0,115117252,141559986.32,60.3857000223378,60.60282945928015,,,,,,
2016-10-07,28.5775,28.64,28.3775,28.515,25.534212500000002,25.81641666666672,27.375150000000048,28.191874999999946,28.29174999999999,28.32600000000001,39.590053545726754,38.95897517236629,,,,,0,97433772,140319074.64,60.91910254102538,60.3423735698611,,,,,,
2016-10-10,28.755,29.1875,28.68,29.0125,25.543512500000002,25.84145000000005,27.434350000000048,28.32449999999995,28.37099999999999,28.502500000000015,40.41225960422336,39.09109193889875,,,,,0,144943824,140999256.08,66.59018525986596,60.489504987806775,,,,,,
2016-10-11,29.425,29.6725,29.05,29.075,25.55385,25.866750000000053,27.485600000000048,28.428874999999948,28.451249999999995,28.66750000000001,40.31363522919497,39.202232238016585,,,,,0,256164172,143069109.84,67.23347039468034,60.687982165303744,,,,,,
2016-10-12,29.3375,29.495,29.1875,29.335,25.567000000000007,25.893700000000052,27.54990000000005,28.49849999999995,28.535999999999994,28.882000000000016,41.18676669490296,39.38264446136989,,,,,0,150347148,143370728.32,69.83545234368916,60.91186422202837,,,,,69.83545234368916,
2016-10-13,29.1975,29.36,28.93,29.245,25.577300000000008,25.918233333333387,27.60585000000005,28.516124999999953,28.655999999999995,29.03650000000001,41.01337895829244,39.530893051999215,,,,,0,140769624,143769909.52,67.8275894199484,61.50842884952011,,,,,,
2016-10-14,29.47,29.5425,29.2825,29.4075,25.590187500000006,25.94341666666672,27.664650000000048,28.549999999999947,28.77049999999999,29.215000000000014,41.36948723359359,39.6980379775987,,,,,0,142608764,144429392.8,69.53097217604426,62.196917453290375,,,,,,
2016-10-17,29.3325,29.46,29.195,29.3875,25.605550000000008,25.965033333333384,27.71500000000005,28.599624999999953,28.89624999999999,29.29000000000001,41.33301765604928,39.84667249382148,,,,,0,94499584,143075112.32,69.04643044217735,62.812158903043944,,,,,,
2016-10-18,29.545,29.5525,29.3625,29.3675,25.620700000000006,25.98420000000005,27.76050000000005,28.648374999999948,29.007999999999992,29.348500000000012,41.43075476134493,39.990679972687246,,,,,0,98213912,142796412.96,68.5321124826778,63.23199947098875,,,,,,
2016-10-19,29.3125,29.44,29.2275,29.28,25.638712500000008,26.003066666666715,27.80205000000005,28.692999999999948,29.10975,29.337500000000013,41.05440269209198,40.087382038087675,,,,,0,80138376,142293964.16,66.2084832166637,63.98111470982388,,,,,,
2016-10-20,29.215,29.345,29.0825,29.265,25.659162500000008,26.021633333333384,27.84735000000005,28.723499999999945,29.188999999999993,29.341500000000014,40.943622364512265,40.165222067762635,,,,,0,96503204,142303347.84,65.79662830723302,64.52579531094554,,,,,,
2016-10-21,29.2025,29.2275,29.07,29.15,25.684350000000006,26.03945000000005,27.89070000000005,28.77212499999995,29.252499999999998,29.29000000000001,40.83891395107736,40.22646678442761,,,,,0,92770660,141960000.56,62.582418543227305,64.98644926029449,,,,,,
2016-10-24,29.275,29.435,29.25,29.4125,25.710212500000008,26.057666666666716,27.938050000000043,28.831749999999943,29.292499999999997,29.29500000000001,41.21013842963628,40.31589147944658,,,,,0,94154692,142350259.68,66.5939636264201,65.63012111416664,,,,,,
2016-10-25,29.4875,29.59,29.3275,29.5625,25.73486250000001,26.077866666666715,27.981900000000046,28.896249999999945,29.341249999999995,29.334000000000014,41.22449833358899,40.398492102550435,,,,,0,192515880,144131120.56,68.66153414705938,66.41028878021784,,,,,68.66153414705938,
2016-10-26,28.5775,28.925,28.3275,28.8975,25.754400000000004,26.094400000000046,28.012950000000043,28.916749999999944,29.297499999999996,29.25750000000001,40.45078295600889,40.403245816501205,,,,,0,264536876,146718302.24,53.00022215437733,65.8827546467921,,,,,,
2016-10-27,28.8475,28.965,28.525,28.62,25.775762500000006,26.109883333333382,28.03925000000004,28.945499999999946,29.234999999999996,29.128500000000013,40.13218474079545,40.378603900527956,,,,,0,138248180,147454787.76,48.07259098117979,64.9651466782317,,,,,,
2016-10-28,28.4675,28.8025,28.3625,28.43,25.793512500000006,26.11995000000005,28.062450000000045,28.953874999999947,29.13725,28.984500000000015,39.985185463001166,40.34283858802552,,,,,0,151446648,148724944.48,44.98843265897536,63.422164349596656,,,,,,
2016-10-31,28.4125,28.5575,28.3,28.385,25.814025,26.126583333333382,28.083350000000042,28.966624999999947,29.037,28.779000000000014,40.04636923265034,40.31588682844596,,,,,0,105677592,148809050.56,44.264106069555034,61.781495469230556,,,,,,
2016-11-01,28.365,28.4425,27.6325,27.8725,25.832562500000005,26.13075000000005,28.09825000000004,28.94774999999995,28.8875,28.441000000000013,39.328128307033836,40.22609059922668,,,,,0,175303248,150249497.12,36.964710305213,59.43358532362512,,,,,,
2016-11-02,27.85,28.0875,27.8075,27.8975,25.8510625,26.133416666666715,28.11195000000004,28.92949999999995,28.74925,28.241000000000014,39.63238497528082,40.172117360686144,,,,,0,113326836,150815420.32,37.506092187906205,57.267764092764956,,,,,,
2016-11-03,27.745,27.865,27.3875,27.4575,25.867975,26.13126666666671,28.120950000000043,28.878749999999947,28.5685,28.008500000000016,39.26351563915079,40.08951720418293,,,,,0,107730408,151076022,32.255366844288574,54.60522085478242,,,,,,
2016-11-04,27.1325,27.5625,27.0275,27.21,25.877250000000004,26.129650000000048,28.127300000000044,28.813499999999948,28.3745,27.764500000000016,39.0824739306541,39.99796781568031,,,,,0,123347988,151536081.92,29.733775242662077,51.797174054817035,,,29.733775242662077,,,
2016-11-07,27.52,27.6275,27.365,27.6025,25.890962500000004,26.128733333333383,28.14465000000004,28.74299999999995,28.1935,27.608000000000015,39.71239892958882,39.97200700785381,,,,,0,130240000,151919578.64,38.01018939172,49.61703669117719,,,,,,
2016-11-08,27.5775,27.93,27.425,27.765,25.9048,26.13293333333338,28.16585000000004,28.677499999999945,28.013749999999998,27.58650000000002,39.077747335234946,39.89071067397937,,,,,0,97016716,151862288.96,41.10322890179886,47.823804240115415,,,,,41.10322890179886,
2016-11-09,27.47,27.83,27.0125,27.72,25.926625000000005,26.13663333333338,28.19025000000004,28.596749999999947,27.896000000000004,27.551000000000016,38.86780459533736,39.79771921228464,,,,,0,236705444,154607282.24,40.50057198315804,46.01694307411005,,,,,,
2016-11-10,27.7725,27.7725,26.4575,26.9475,25.943750000000005,26.134583333333378,28.198700000000045,28.481874999999953,27.72875,27.44900000000002,37.37068128657674,39.57707940085665,,,,,0,228538164,156805053.04,31.863628233747292,43.82274376629005,,,,,,
2016-11-11,26.78,27.2175,26.6375,27.1075,25.9576125,26.131233333333377,28.207200000000043,28.366874999999954,27.596500000000002,27.428500000000014,37.519377341428765,39.390015577272294,,,,,0,136575592,157400443.04,34.95750019530399,41.5629963783532,,,,,,
2016-11-14,26.9275,26.95225,26.02,26.4275,25.969212500000005,26.12068333333338,28.197100000000045,28.21887499999995,27.40075,27.193500000000018,36.62939776848623,39.1390503219281,,,,,0,204702016,159350287.36,28.942530474168464,38.72592468743242,,,28.942530474168464,,,
2016-11-15,26.6425,26.92,26.539825,26.7775,25.985000000000003,26.112366666666713,28.194150000000047,28.08937499999995,27.291249999999998,26.996000000000016,37.11879678403105,38.95539090939201,,,,,0,129058040,159781016.88,35.12958011760702,37.44945025623453,,,,,,
2016-11-16,26.675,27.5575,26.65,27.4975,26.002050000000004,26.112600000000043,28.20230000000004,28.000249999999948,27.25125,26.951500000000017,37.83382789317507,38.85343063519047,,,,,0,235362088,161099112.4,45.61937899409059,37.27422082858531,,,,,,
2016-11-17,27.4525,27.5875,27.2075,27.4875,26.0187375,26.11671666666671,28.224450000000047,27.911374999999946,27.254250000000003,27.059500000000014,37.88000587981295,38.764937475610694,,,,,0,110528012,159069510.56,45.50930800443457,37.311426210403816,,,,,,
2016-11-18,27.43,27.635,27.415,27.515,26.0387875,26.121966666666708,28.259100000000043,27.829624999999954,27.284750000000003,27.14100000000002,37.74141336552179,38.67188982923898,,,,,0,113715668,157619265.2,45.89591608534062,37.42798406867421,,,,,,
2016-11-21,27.53,27.9975,27.5025,27.9325,26.059687500000006,26.129633333333377,28.290550000000042,27.755624999999952,27.31775,27.442000000000018,38.40574728447683,38.64769505244242,,,,,0,117058284,156337009.28,51.51962744526045,38.46762100724903,,,,,,
2016-11-22,27.9875,28.105,27.85,27.95,26.080700000000007,26.139350000000043,28.309800000000045,27.674999999999955,27.33625,27.676500000000015,38.14519284135057,38.602013033252256,,,,,0,103862136,153440156.8,51.746035683398375,39.484759828355614,,,,,51.746035683398375,
2016-11-23,27.84,27.8775,27.5825,27.8075,26.101900000000004,26.14860000000004,28.307100000000045,27.620499999999957,27.345,27.738500000000016,37.868711812396164,38.5353492859017,,,,,0,109705576,146647042.88,49.71024249328266,40.73153666042662,,,,,,
2016-11-25,27.7825,27.9675,27.7375,27.9475,26.12451250000001,26.159783333333372,28.288200000000042,27.586874999999957,27.445,27.83050000000002,38.02863855727713,38.48928467420856,,,,,0,45903688,140316062.48,51.71990239732097,42.30197431433082,,,,,,
2016-11-28,27.8575,28.11625,27.8475,27.8925,26.146487500000006,26.17181666666671,28.271450000000044,27.559999999999953,27.523500000000002,27.906000000000017,37.805814715250634,38.427151041576025,,,,,0,108775932,136100628.24,50.860020328168694,43.21981938122001,,,,,,
2016-11-29,27.695,28.0075,27.5175,27.865,26.165012500000007,26.194550000000042,28.26085000000004,27.533999999999953,27.667249999999996,27.89250000000002,37.96804316625184,38.385413962001095,,,,,0,114115000,134621084.56,50.40874481629102,43.88449908939803,,,,,,
2016-11-30,27.9,28.05,27.5675,27.63,26.180512500000006,26.22070000000004,28.24560000000004,27.521874999999955,27.752499999999998,27.82850000000002,37.597634102310565,38.31379761112014,,,,,0,144649032,134752923.68,46.60332971599849,44.320410356029484,,,,,,
2016-12-01,27.59125,27.735,27.2575,27.3725,26.197050000000004,26.24695000000004,28.225300000000043,27.495624999999954,27.74,27.74150000000002,37.34633733701411,38.225846677110496,,,,,0,148347448,134839617.84,42.79138534027338,45.10096443506706,,,,,,
2016-12-02,27.2925,27.5225,27.2125,27.475,26.214375000000004,26.27405000000004,28.201700000000045,27.49649999999995,27.73875,27.64700000000002,37.618434744509564,38.17062741051041,,,,,0,106111988,134475938.88,44.7293915678379,45.798956675962344,,,,,,
2016-12-05,27.5,27.5075,27.0625,27.2775,26.229662500000003,26.29726666666671,28.183700000000044,27.499874999999957,27.714999999999996,27.52400000000002,37.33319646889756,38.09449732490924,,,,,0,137298160,133023410,41.79166526472535,46.71675201814497,,,41.79166526472535,,,
2016-12-06,27.375,27.59,27.2975,27.4875,26.248737500000008,26.323533333333376,28.16905000000004,27.49412499999995,27.670499999999997,27.448500000000017,37.402878383098,38.031622875653674,,,,,0,104781848,132729491.6,45.86310981051377,47.48343271049546,,,,,,
2016-12-07,27.315,27.7975,27.29,27.7575,26.267400000000006,26.353183333333376,28.158750000000044,27.493749999999956,27.651249999999997,27.474000000000018,37.64188172115919,37.99619186160872,,,,,0,119994876,133160796.16,50.643234177640714,47.84227950932046,,,,,,
2016-12-08,27.715,28.1075,27.65,28.03,26.286600000000007,26.385516666666707,28.149600000000046,27.509249999999952,27.673499999999997,27.605500000000017,37.51756753742165,37.9526805594099,,,,,0,108273264,132954974.64,54.9652020636039,48.51770051354685,,,,,,
2016-12-09,28.0775,28.675,28.0775,28.4875,26.307900000000007,26.420783333333375,28.158450000000045,27.586249999999957,27.7275,27.808000000000014,38.047760875081806,37.96132422447098,,,,,1,137610508,132836225.6,61.12069221318861,49.60518452267884,,,,,,
2016-12-12,28.3225,28.75,28.1225,28.325,26.328662500000004,26.45391666666671,28.159700000000047,27.647124999999953,27.77075,28.01750000000002,37.60737852562258,37.92914734275749,,,,,0,105497508,132035847.28,58.0838862821523,50.074060153885405,,,,,,
2016-12-13,28.46,28.98,28.4375,28.7975,26.346987500000004,26.49171666666671,28.173050000000043,27.765624999999954,27.863999999999997,28.27950000000002,38.27825925138239,37.96088478899612,,,,,1,174935244,133798411.36,63.72729887781205,50.929864667772094,,,,,,
2016-12-14,28.76,29.05,28.745,28.7975,26.365037500000007,26.533133333333378,28.184000000000047,27.866624999999953,27.980749999999993,28.487500000000022,38.02955469864244,37.96712750805487,,,,,0,136127336,134142011.28,63.72729887781205,51.93108298095277,,,,,,
2016-12-15,28.845,29.1825,28.8075,28.955,26.382937500000008,26.57530000000004,28.197850000000045,27.93949999999996,28.139,28.67250000000002,38.55046865014556,38.02015852097221,,,,,0,186098176,136147727.68,65.52183831607088,52.91693554657776,,,,,,
2016-12-16,29.1175,29.125,28.91125,28.9925,26.399137500000005,26.61211666666671,28.20825000000005,28.014749999999957,28.290749999999996,28.77350000000002,38.45108155064256,38.059333341851335,,,,,0,177404536,137393473.36,65.95373314233015,53.99505789044644,,,,,,
2016-12-19,28.95,29.345,28.9375,29.16,26.417600000000007,26.650700000000043,28.221150000000048,28.09699999999996,28.478999999999996,28.94050000000002,38.7410487717387,38.12130747184109,,,,,0,111117692,137667151.76,67.88864320322776,55.24362206094192,,,,,,
2016-12-20,29.185,29.375,29.17,29.2375,26.437500000000004,26.688016666666712,28.225650000000044,28.162249999999954,28.653999999999996,29.02850000000002,38.76744175767834,38.180046952371754,,,,,0,85699860,136482272.48,68.77293189018486,56.8271650733838,,,,,,
2016-12-21,29.2,29.35,29.195,29.265,26.457425000000008,26.726116666666712,28.229450000000043,28.22799999999996,28.804749999999995,29.12200000000002,38.663266923849285,38.223976040687894,,,,,0,95132660,133261642.24,69.09812098666059,58.706217619554316,,,,,69.09812098666059,
2016-12-22,29.0875,29.1275,28.91,29.0725,26.476325000000006,26.76123333333338,28.224200000000046,28.291249999999955,28.909,29.14550000000002,38.503562630784316,38.24939300342393,,,,,0,104343416,132341567.6,64.06853452333448,60.08758497351836,,,,,,
2016-12-23,28.8975,29.13,28.8975,29.13,26.494150000000005,26.79471666666671,28.221900000000048,28.350374999999964,28.973249999999997,29.17300000000002,38.65172316184275,38.285968472371096,,,,,0,56997936,130666133.84,64.89060893857663,61.7375095216506,,,,,,
2016-12-27,29.13,29.45,29.1225,29.315,26.512575000000005,26.826983333333377,28.220050000000047,28.421499999999963,29.072249999999997,29.20400000000002,38.84856810923275,38.337113893903975,,,,,0,73187420,129277706.96,67.46940377561815,63.280816233443765,,,,,,
2016-12-28,29.38,29.50415,29.05,29.19,26.527800000000003,26.855550000000044,28.216100000000047,28.487749999999966,29.111499999999996,29.194500000000023,38.59613553823913,38.360661316116264,,,,,0,83623568,129060186.64,64.04637150781559,64.23818318559911,,,,,,
2016-12-29,29.1125,29.277375,29.1,29.1825,26.541250000000005,26.88275000000004,28.21240000000005,28.565374999999968,29.149999999999995,29.17800000000002,38.91138351585834,38.41072697063827,,,,,0,60158076,128299069.92,63.837098510757976,64.87189007468155,,,,,,
2016-12-30,29.1625,29.3,28.8575,28.955,26.553775,26.908533333333377,28.205900000000053,28.644499999999965,29.149999999999995,29.15450000000002,38.619368147746364,38.42969435037537,,,,,0,122345060,129143203.6,57.6803505410307,64.62615138381312,,,57.6803505410307,,,
2017-01-03,28.95,29.0825,28.69,29.0375,26.5665625,26.93568333333338,28.20135000000005,28.722624999999972,29.154499999999995,29.136000000000017,38.909832367799254,38.47334326105027,,,,,0,115127460,129515688.72,59.216453944837234,64.70704907400491,,,,,,
2017-01-04,28.9625,29.1275,28.9375,29.005,26.5792,26.964950000000044,28.19845000000005,28.80899999999997,29.138999999999992,29.07400000000002,38.53921685866518,38.47933176992435,,,,,0,84472464,129349724.8,58.31840883620952,64.32069978531901,,,,,,
2017-01-05,28.98,29.21605,28.9525,29.1525,26.5915625,26.99643333333338,28.193250000000052,28.89224999999997,29.130499999999994,29.066500000000012,38.514807882858086,38.482556871100144,,,,,0,88774348,129242117.92,61.1947449843241,64.1398030786413,,,,,,
2017-01-06,29.195,29.54,29.1175,29.4775,26.606287499999997,27.029750000000043,28.191550000000053,28.978249999999967,29.151749999999993,29.125500000000017,38.974217717055964,38.52725331164158,,,,,0,127007600,127931952.32,66.65488298849024,64.22073484095701,,,,,,
2017-01-09,29.4875,29.8575,29.485,29.7475,26.6229375,27.063683333333376,28.208550000000056,29.064124999999972,29.21925,29.284000000000013,39.193361382181656,38.587808590781584,,,,,0,134247792,125326170.64,70.383226416044,64.53712721765085,,,,,,
2017-01-10,29.6925,29.845,29.575,29.7775,26.6403375,27.097150000000045,28.231700000000057,29.12862499999997,29.284,29.432000000000016,39.37260346423376,38.65915357927724,,,,,0,97848204,124518171.12,70.77423982771943,64.7432412622574,,,,,,
2017-01-11,29.685,29.9825,29.65,29.9375,26.655425,27.131833333333375,28.26185000000006,29.20924999999997,29.346249999999998,29.61850000000002,39.584159724976864,38.743245047068115,,,,,0,110354372,123696325.6,72.83420438787181,65.03333215494932,,,,,72.83420438787181,
2017-01-12,29.72375,29.825,29.5525,29.8125,26.667537499999998,27.164500000000043,28.290400000000055,29.259999999999973,29.408499999999997,29.750500000000017,39.30765782395443,38.794555299512325,,,,,0,108344880,123749671.36,68.7567954224415,65.0089517575051,,,,,,
2017-01-13,29.7775,29.905,29.7025,29.76,26.680100000000003,27.198183333333375,28.328150000000054,29.308124999999972,29.466249999999995,29.807000000000016,39.32277444019661,38.842575221392714,,,,,0,104447792,122332562.24,67.058791880795,65.22254156875229,,,,,,
2017-01-17,29.585,30.06,29.555,30,26.6926125,27.235950000000045,28.370200000000054,29.36037499999997,29.570749999999997,29.857500000000016,39.56670066472058,38.90840480714979,,,,,0,137759372,122821212.96,70.62962150856949,65.6324710380375,,,,,,
2017-01-18,30,30.125,29.9275,29.9975,26.703699999999998,27.273500000000045,28.421000000000053,29.41062499999997,29.666749999999997,29.901500000000016,39.681157375357714,38.97865504062324,,,,,0,94851844,122563641.68,70.54383832826004,65.85207350608334,,,,,,
2017-01-19,29.85,30.0225,29.8425,29.945,26.7161625,27.31123333333338,28.475700000000057,29.449874999999974,29.760749999999994,29.90300000000002,39.54196726073886,39.02986524245193,,,,,0,102389164,122144465.2,68.65797492808848,66.18147375038855,,,,,,
2017-01-20,30.1125,30.1125,29.93365,30,26.7274625,27.348650000000045,28.523650000000057,29.48799999999998,29.845499999999994,29.94050000000002,39.75809408532087,39.09606786453093,,,,,0,130391568,122147496.56,69.57559172707558,66.59136612298266,,,,,,
2017-01-23,30,30.2025,29.9425,30.02,26.741887499999997,27.389900000000047,28.56875000000006,29.525749999999977,29.899749999999994,29.992500000000017,39.65112644244951,39.1465277352508,,,,,0,88200872,121971179.68,69.92046332863076,67.46565989352553,,,,,,
2017-01-24,29.8875,30.025,29.875,29.9925,26.756025,27.431350000000045,28.614200000000054,29.571749999999973,29.924249999999994,29.99100000000002,39.7216581317323,39.19881231674912,,,,,0,92844152,119093953.84,68.76621881247003,68.1477859554993,,,,,,
2017-01-25,30.105,30.525,30.07,30.47,26.772100000000002,27.47463333333338,28.684650000000055,29.638749999999977,29.9935,30.085500000000017,40.09087440297885,39.27990887004273,,,,,0,130346692,117130124.4,76.13350488335472,69.42029281600966,,,,,,
2017-01-26,30.4175,30.61,30.4,30.485,26.786474999999996,27.518616666666713,28.75220000000006,29.697249999999976,30.048249999999996,30.193500000000018,39.791243359424286,39.32639382362287,,,,,0,105350304,116505618.64,76.32244422819785,70.50084276200064,,,,,,
2017-01-27,30.535,30.5875,30.4,30.4875,26.798862499999995,27.561700000000044,28.833400000000054,29.762124999999976,30.11575,30.291000000000018,39.823789121688705,39.371611577992496,,,,,0,82251776,114056613.84,76.35604021516714,71.19378256390614,,,,,,
2017-01-30,30.2325,30.4075,30.165,30.4075,26.810774999999992,27.608750000000043,28.90600000000006,29.823374999999977,30.180499999999995,30.36850000000002,39.75373579873534,39.40635014351457,,,,,0,121510012,113905653.28,72.79648598975288,71.36615824774249,,,,,,
2017-01-31,30.2875,30.3475,30.155,30.3375,26.825149999999994,27.657600000000045,28.96280000000006,29.892499999999973,30.214249999999993,30.43750000000002,39.902012363540706,39.45141034533513,,,,,0,196803972,113134490.96,69.73322025576743,71.29179970688878,,,,,,
2017-02-01,31.7575,32.6225,31.7525,32.1875,26.85173750000001,27.716199999999997,29.056800000000052,30.049999999999972,30.433249999999997,30.781000000000024,42.37297432499441,39.7170070707587,,,,,0,447940160,119882733.92,86.22770831840177,72.24847855906948,,,,,,
2017-02-02,31.99375,32.3475,31.945,32.1325,26.878762500000008,27.773083333333332,29.149150000000056,30.206374999999973,30.651999999999997,31.110500000000023,42.28795156938869,39.950729297906875,,,,,0,134841644,120305253.44,84.74899887722525,73.39077880583976,,,,,,
2017-02-03,32.0775,32.2975,32.04,32.27,26.906200000000013,27.82888333333333,29.235900000000058,30.362249999999978,30.878999999999998,31.46700000000002,42.44470263279041,40.177454146532654,,,,,0,98029204,119924671.84,85.42206347621166,74.70244106265524,,,,,,
2017-02-06,32.2825,32.625,32.225,32.5725,26.936600000000013,27.886216666666666,29.328350000000054,30.516999999999978,31.134249999999998,31.900000000000023,42.53358114754812,40.39164751026133,,,,,0,107383696,119995103.04,86.80204250094717,75.85761399068221,,,,,,
2017-02-07,32.635,33.0225,32.6125,32.8825,26.96891250000001,27.947116666666663,29.42985000000005,30.673749999999973,31.423249999999996,32.40900000000002,43.0294081725233,40.631443934103324,,,,,0,152735364,120855698.8,88.05043076829249,77.10808487925597,,,,,,
2017-02-08,32.8375,33.055,32.805,33.01,27.002612500000012,28.007966666666665,29.531100000000052,30.83537499999997,31.677249999999997,32.573500000000024,43.18645664346643,40.8637178167727,,,,,0,92016288,121777950.8,88.53094235330508,78.52758255248571,,,,,,
2017-02-09,32.9125,33.11125,32.78,33.105,27.037700000000008,28.068766666666665,29.63535000000005,30.99374999999997,31.939249999999998,32.768000000000015,43.280733177319604,41.08344648591333,,,,,0,113399436,121870420.88,88.88943948571155,79.907143106674,,,,,,
2017-02-10,33.115,33.235,33.0125,33.03,27.080575000000014,28.127833333333328,29.738650000000053,31.15462499999997,32.19349999999999,32.92000000000002,42.93569395156573,41.251832619154456,,,,,0,80261832,121193357.52,86.58831775255493,81.0977041369543,,,,,,
2017-02-13,33.27,33.455,33.1875,33.3225,27.12865000000001,28.188349999999996,29.852500000000056,31.332749999999976,32.485,33.07000000000002,43.16199645956565,41.42548387737366,,,,,0,92141684,120143210.56,87.90353416591357,82.46465523362883,,,,,,
2017-02-14,33.3675,33.7725,33.3125,33.755,27.180250000000015,28.25101666666667,29.98015000000005,31.520499999999977,32.82675,33.24450000000002,43.49404058842479,41.61353448746922,,,,,0,132904892,119834359.44,89.53734181983597,83.42207215766322,,,,,,
2017-02-15,33.88,34.0675,33.655,33.8775,27.23258750000001,28.315416666666668,30.108200000000053,31.714499999999976,32.99575,33.41800000000002,43.477656379674706,41.78300011403335,,,,,0,142492400,120561967.68,89.95132791798864,84.39556384979112,,,,,,
2017-02-16,33.9175,33.975,33.70995,33.83625,27.282793750000014,28.37634166666667,30.23937500000005,31.90906249999997,33.166124999999994,33.56425000000002,43.209002873257425,41.91263672850827,,,,,0,90338220,119622768.88,88.6788902479384,85.27576742356051,,,,,,
2017-02-17,33.775,33.9575,33.775,33.93,27.334706250000014,28.437908333333333,30.36822500000005,32.10556249999998,33.33212499999999,33.74425000000002,43.36619490290642,42.044778380726285,,,,,0,88792788,119302987.68,89.05774081624233,86.43728562545262,,,,,,
2017-02-21,34.0575,34.1875,33.995,34.175,27.389031250000013,28.49935833333333,30.49657500000005,32.313312499999974,33.492374999999996,33.91475000000002,43.60613484407696,42.18671987739453,,,,,0,98028624,118863662.64,89.99957983962545,87.88488273858533,,,,,,
2017-02-22,34.1075,34.28,34.0275,34.2775,27.444518750000015,28.561425,30.62152500000005,32.52756249999997,33.631874999999994,34.019250000000014,43.47398726631662,42.30374418547836,,,,,0,83347728,118365151.92,90.37292167056651,88.18096940659709,,,,,90.37292167056651,
2017-02-23,34.345,34.37,34.075,34.1325,27.499193750000014,28.622374999999998,30.73442500000005,32.71068749999998,33.74412499999999,34.070250000000016,43.3369871594112,42.3976753649268,,,,,0,83152744,117275996.64,85.50960947812743,88.23529873523296,,,,,,
2017-02-24,33.9775,34.165,33.82,34.165,27.553243750000014,28.684424999999997,30.85122500000005,32.894687499999975,33.85012499999999,34.13600000000002,43.36008393229575,42.48516705286943,,,,,0,87106340,116908173.28,85.69541944095994,88.2548241612864,,,,,,
2017-02-27,34.285,34.35875,34.07,34.2325,27.608768750000014,28.74820833333333,30.95992500000005,33.08193749999998,33.97037499999999,34.19650000000002,43.38096766835351,42.566603472458894,,,,,0,81029704,115030062.48,86.09424999257213,88.20426755354534,,,,,,
2017-02-28,34.27,34.35875,34.175,34.2475,27.667081250000013,28.81429166666667,31.06892500000005,33.273937499999974,34.06287499999999,34.21100000000002,43.35583922354679,42.63835217710325,,,,,0,93931440,114186144.56,86.18642043969261,88.07112395864533,,,,,,
2017-03-01,34.4725,35.0375,34.39875,34.9475,27.728668750000015,28.886158333333334,31.18877500000005,33.50443749999998,34.18212499999999,34.34500000000001,44.35637406711682,42.7945359852863,,,,,0,145658340,113377347.84,89.63808609088431,88.1502056541867,,,,,,
2017-03-02,35,35.06965,34.69,34.74,27.785018750000017,28.946174999999997,31.30372500000005,33.632062499999975,34.26837499999999,34.46650000000002,43.49822200704519,42.858507441809834,,,,,0,104843936,111926135.84,83.0160817209989,87.73068009956437,,,,,,
2017-03-03,34.695,34.9575,34.6475,34.945,27.842881250000016,29.005241666666667,31.41942500000005,33.772687499999975,34.37924999999999,34.62250000000002,44.012813192718475,42.963444328256074,,,,,0,86284484,111429471.68,84.25372414239267,87.56392341312421,,,,,,
2017-03-06,34.84125,34.9425,34.648975,34.835,27.898856250000012,29.06379166666667,31.531375000000047,33.900937499999976,34.46974999999999,34.743000000000016,43.85217697807916,43.04423820551272,,,,,0,87000176,111455478,80.84919916113977,87.06004234135466,,,,,,
2017-03-07,34.765,34.995,34.6975,34.88,27.955506250000013,29.119575000000005,31.643675000000048,34.01631249999997,34.54024999999999,34.869500000000016,44.05319726688307,43.135961756546386,,,,,0,69785188,110948528.56,81.18416114173256,86.46338657863298,,,,,,
2017-03-08,34.7375,34.95,34.705,34.75,28.01023125000001,29.177108333333333,31.75722500000005,34.10968749999997,34.58749999999999,34.83000000000002,44.017243781640694,43.216078304282235,,,,,0,74828944,110358239.12,76.99445514901873,85.53789566656371,,,,,,
2017-03-09,34.685,34.6975,34.2625,34.67,28.06304375000001,29.231924999999997,31.868025000000053,34.19268749999997,34.641249999999985,34.81600000000002,44.01645379986289,43.28883971297139,,,,,0,88623616,110990752.72,74.44822358259421,84.52141947618199,,,,,,
2017-03-10,34.8125,34.839275,34.66,34.785,28.114593750000008,29.287374999999997,31.977425000000057,34.27668749999997,34.70324999999998,34.78400000000001,44.12716132387827,43.365050768508375,,,,,0,78451204,111096028.4,75.69264830189186,83.56677001087124,,,,,,
2017-03-13,34.7125,34.8575,34.705,34.8,28.16406875000001,29.340241666666667,32.089625000000055,34.365187499999976,34.759999999999984,34.77700000000001,44.002360279861755,43.42298799681323,,,,,0,69686868,110817294.4,75.85780733972877,82.55664340373576,,,,,,
2017-03-14,34.825,34.9125,34.71,34.7475,28.212293750000008,29.391275,32.200925000000055,34.436437499999975,34.80999999999999,34.75050000000001,43.91987259160639,43.4681593236126,,,,,0,61236260,110838858.08,73.96356617715783,81.38454658277801,,,,,,
2017-03-15,34.8525,35.187525,34.75625,35.115,28.26243125000001,29.444025,32.32412500000005,34.50443749999998,34.82674999999999,34.82350000000001,44.53486651588493,43.56513270472827,,,,,0,102767096,110447298.8,78.08828284025907,80.85445182293027,,,,,,
2017-03-16,35.18,35.255,35.065,35.1725,28.313468750000013,29.498508333333334,32.446825000000054,34.569187499999984,34.86999999999999,34.924000000000014,44.23731584816749,43.62624026322275,,,,,0,76927992,109683309.44,78.6579790735424,80.35177751097187,,,,,78.6579790735424,
2017-03-17,35.25,35.25,34.9725,34.9975,28.36538125000001,29.551941666666668,32.56667500000005,34.62724999999998,34.87524999999999,34.96650000000002,44.08893162787963,43.668303114555194,,,,,0,175539808,111504656.32,72.48139489399061,79.37943071821607,,,,,,
2017-03-20,35.1,35.375,35.0575,35.365,28.420056250000005,29.607408333333332,32.69092500000006,34.698999999999984,34.928249999999984,35.07950000000002,44.61053295490382,43.7539603727687,,,,,0,86168152,111452532.4,76.6313482492079,78.69692556175288,,,,,,
2017-03-21,35.5275,35.7,34.9325,34.96,28.472456250000008,29.658008333333335,32.80057500000005,34.73824999999998,34.93624999999999,35.122000000000014,44.18846667537403,43.793460945732825,,,,,0,158119648,112074773.36,64.99812662312131,76.93692845691267,,,,,,
2017-03-22,34.96125,35.4,34.94,35.355,28.52594375000001,29.711408333333335,32.91272500000005,34.792124999999984,34.99674999999999,35.170000000000016,45.24918729362377,43.925799704632,,,,,0,103440660,111458630.72,69.81161732988856,75.99375242897621,,,,,,
2017-03-23,35.315,35.3961,35.1525,35.23,28.57830625000001,29.76424166666667,33.021775000000055,34.84699999999998,35.05274999999999,35.181500000000014,45.00415167450872,44.02383170189352,,,,,0,81385204,111129370.72,66.68623847042278,74.73893202383549,,,,,,
2017-03-24,35.375,35.435,35.0875,35.16,28.63043125000001,29.816841666666665,33.12622500000006,34.89674999999998,35.09024999999998,35.21400000000001,44.96240345103923,44.109156406361315,,,,,0,89582252,110713928.32,64.93310943961569,73.60206847229806,,,64.93310943961569,,,
2017-03-27,34.8475,35.305,34.655,35.22,28.681968750000014,29.869375,33.23437500000006,34.94612499999998,35.132249999999985,35.18500000000002,45.07717642642002,44.19715822636665,,,,,0,94300376,110433038.24,65.76391547725842,72.50062235340705,,,,,,
2017-03-28,35.2275,36.01,35.155,35.95,28.738181250000014,29.928191666666667,33.35817500000005,35.03124999999998,35.25249999999998,35.38300000000002,46.05844746518392,44.3663663389864,,,,,0,133499220,111014066.8,73.87408865564966,72.27773903245213,,,,,,
2017-03-29,35.92,36.1225,35.7975,36.03,28.796656250000016,29.986975,33.47877500000006,35.08537499999998,35.34399999999998,35.518000000000015,45.82861649219654,44.49929817109641,,,,,0,116694844,110592776.24,74.58463784894118,72.28748290861976,,,,,74.58463784894118,
2017-03-30,36.0475,36.125,35.875,35.9825,28.854743750000015,30.04680833333333,33.59847500000006,35.14749999999997,35.42499999999999,35.668500000000016,45.718575427867165,44.610141558075576,,,,,0,84829008,110392319.52,73.30974779392014,72.11727572947895,,,,,,
2017-03-31,35.93,36.0675,35.7525,35.915,28.912893750000016,30.10695833333333,33.71787500000006,35.19599999999998,35.51674999999999,35.81950000000002,45.49926944418638,44.69097136590383,,,,,0,78646604,109917468.32,71.44093698839137,71.8017849900977,,,,,,
2017-04-03,35.9275,36.03,35.7625,35.925,28.970581250000013,30.168225000000003,33.83637500000006,35.250499999999974,35.572749999999985,35.96050000000002,45.6147998916503,44.77495577733532,,,,,0,79942856,108908494.08,71.55661897569401,71.62986018999314,,,,,,
2017-04-04,35.8125,36.2225,35.7925,36.1925,29.03238125000001,30.231475000000003,33.95982500000006,35.316124999999964,35.695999999999984,36.00900000000002,46.03004018924557,44.88905436023625,,,,,0,79565416,108735784.96,74.52882699429804,71.37561334385308,,,,,,
2017-04-05,36.055,36.365,35.9525,36.005,29.09353125000001,30.294841666666663,34.08007500000006,35.378874999999965,35.76099999999999,36.00400000000002,45.76596501932073,44.96877351106211,,,,,0,110871416,109096330.24,69.079889969484,70.69146412213462,,,,,,
2017-04-06,36.0725,36.13,35.8625,35.915,29.15321875000001,30.357441666666666,34.188975000000056,35.441124999999964,35.82949999999999,35.99050000000001,45.79145328205019,45.04356258115194,,,,,0,84596136,108181319.12,66.56421662145604,70.26880853123929,,,,,,
2017-04-07,35.9325,36.045,35.8175,35.835,29.212956250000012,30.418458333333334,34.295975000000055,35.493624999999966,35.89699999999999,35.97450000000001,45.60146596592139,45.09428107067644,,,,,0,66688792,107408088.88,64.32191646025078,69.38956340345665,,,,,,
2017-04-10,35.9,35.9698,35.725,35.7925,29.27179375000001,30.477525000000004,34.40207500000005,35.543249999999965,35.95424999999999,35.948000000000015,45.58508876945414,45.138899952383504,,,,,0,75733588,107277725.12,63.10571576781525,69.25439119950622,,,,,,
2017-04-11,35.735,35.8375,35.015,35.4075,29.33208125000001,30.534075000000005,34.502075000000055,35.576249999999966,35.89999999999999,35.79100000000001,45.063763172631475,45.13206933604241,,,,,0,121517504,107277874.96,53.278036691663694,68.07342115391872,,,,,,
2017-04-12,35.4,35.5375,35.2525,35.45,29.394281250000013,30.589808333333337,34.60432500000005,35.59299999999996,35.84199999999999,35.680000000000014,45.182642387988686,45.136666886219345,,,,,1,81400000,104969795.52,54.12731362149415,67.17635509328096,,,,,,
2017-04-13,35.4775,35.595,35.2625,35.2625,29.45360625000001,30.649025,34.665825000000055,35.59749999999996,35.769999999999996,35.54950000000001,45.113286963789974,45.13454143872577,,,,,0,71291520,97436822.72,49.82435697286037,66.09715848851273,,,,,,
2017-04-17,35.37,35.47,35.2175,35.4575,29.51289375000001,30.713525000000004,34.73232500000005,35.620499999999964,35.72425,35.47400000000002,45.67401618755234,45.18358459771,,,,,1,66328376,96066557.36,53.9265774222224,65.25163434172444,,,,,,
2017-04-18,35.3525,35.51,35.2775,35.3,29.56989375000001,30.773125000000007,34.792925000000054,35.61724999999997,35.66174999999999,35.37550000000002,45.08282212506545,45.174424372924136,,,,,0,58790176,95281776.8,50.3462418290075,63.57107385410715,,,,,,
2017-04-19,35.47,35.5,35.1125,35.17,29.62588125000001,30.827675000000006,34.844875000000044,35.62774999999996,35.55949999999999,35.32800000000002,45.04758367169188,45.16289340008484,,,,,0,69313500,94520372.88,47.5405952009529,61.63935652210798,,,47.5405952009529,,,
2017-04-20,35.305,35.73,35.29,35.61,29.68519375000001,30.878791666666675,34.89942500000004,35.64049999999997,35.519999999999996,35.360000000000014,45.68957774669934,45.21077379523161,,,,,1,93217420,93330014,56.39731922039136,60.431325909713074,,,,,,
2017-04-21,35.61,35.67,35.4625,35.5675,29.74361875000001,30.923291666666675,34.95057500000005,35.657374999999966,35.48524999999999,35.421000000000014,45.29276181744091,45.218227251796094,,,,,0,69283712,92875362.48,55.42397080234856,59.2872568964243,,,,,,
2017-04-24,35.875,35.9875,35.795,35.91,29.80324375000001,30.97115833333334,35.006675000000044,35.69487499999997,35.49274999999999,35.51150000000001,45.868122229838754,45.27730861343633,,,,,0,68537332,91978120.4,61.230962613076755,58.54971001338021,,,,,,
2017-04-25,35.9775,36.225,35.9675,36.1325,29.86305625000001,31.022741666666672,35.06872500000004,35.74049999999996,35.52674999999999,35.67800000000001,45.65739317229324,45.311861755150595,,,,,0,73215752,91837198.8,64.46920178116287,57.83116535529913,,,,,,
2017-04-26,36.1175,36.15,35.84405,35.92,29.92143125000001,31.07292500000001,35.12067500000005,35.73899999999996,35.57799999999999,35.82800000000002,45.114104018655205,45.293883779105556,,,,,0,80164964,91597664.4,59.36889313673671,57.13752272438861,,,,,,
2017-04-27,35.980625,36.04,35.8275,35.9475,29.979393750000007,31.123325000000005,35.16452500000005,35.73487499999997,35.62774999999999,35.89550000000001,45.170579488575676,45.282674298148294,,,,,0,56985388,90079274.32,59.81199043790488,56.65522085413496,,,,,,
2017-04-28,36.0225,36.075,35.8175,35.9125,30.037868750000012,31.171708333333342,35.20522500000005,35.73137499999997,35.69274999999999,35.964500000000015,45.10166319905224,45.266218743685016,,,,,0,83441432,88898254.96,58.931133698872515,56.27016494260794,,,,,,
2017-05-01,36.275,36.8,36.24,36.645,30.09760625000001,31.22815833333334,35.26140000000004,35.76787499999997,35.81149999999999,36.111500000000014,46.10980622431005,45.34290851465093,,,,,1,134411772,89779726,69.16580516640101,56.703028471078355,,,,,,
2017-05-02,36.885,37.0225,36.71,36.8775,30.158518750000006,31.285875000000008,35.32035000000005,35.81549999999997,35.96924999999999,36.260500000000015,46.32211629046237,45.43192740336106,,,,,0,181408776,91632045.76,71.58622211193511,58.01075600109773,,,,,,
2017-05-03,36.3975,36.8725,36.0675,36.765,30.217556250000012,31.34249166666667,35.37215000000004,35.84412499999997,36.12874999999999,36.42950000000002,46.1259550763852,45.49502082818144,,,,,0,182788136,93327236,68.77308856452116,59.05688278274251,,,,,,
2017-05-04,36.63,36.785,36.4525,36.6325,30.275881250000012,31.396791666666672,35.41925000000004,35.87549999999997,36.23099999999999,36.56650000000002,46.018223463546796,45.54258470412374,,,,,0,93487488,93530031.2,65.50794041868355,60.177138743158466,,,,,,
2017-05-05,36.69,37.245,36.69,37.24,30.337131250000013,31.45809166666667,35.48140000000004,35.94174999999997,36.39824999999999,36.83200000000002,46.75415983126319,45.65272789750006,,,,,0,109310900,94053194.32,72.05814279614285,61.472250555581354,,,,,,
2017-05-08,37.2575,38.425,37.2575,38.2525,30.404106250000012,31.524691666666676,35.56315000000004,36.06262499999997,36.632499999999986,37.15350000000002,47.82977464166482,45.85064123787867,,,,,0,195009652,96211260.56,79.16115630776812,63.53045873263568,,,,,,
2017-05-09,38.4675,38.72,38.3625,38.4975,30.473268750000017,31.593808333333346,35.64845000000005,36.19787499999997,36.868999999999986,37.47750000000002,48.134309696671636,46.0582474614053,,,,,0,156521452,97721095.52,80.4558300451163,65.88154693579021,,,,,,
2017-05-10,38.4075,38.485,38.0275,38.315,30.543168750000014,31.660908333333342,35.72980000000005,36.34324999999997,37.10849999999999,37.78750000000002,47.9552926255361,46.23070611268992,,,,,0,103222768,97906922.08,76.6363604225876,67.32719273594708,,,,,,
2017-05-11,38.1125,38.5175,38.0775,38.4875,30.61476875000001,31.729075000000012,35.80060000000005,36.49512499999997,37.36249999999999,38.158500000000025,48.11679300558835,46.40216855749887,,,,,0,109020232,97174159.92,77.71332574606812,68.91928951764133,,,,,,
2017-05-12,38.675,39.105,38.6675,39.025,30.681206250000013,31.79942500000001,35.88630000000005,36.68324999999997,37.67374999999999,38.51550000000002,48.8945223100182,46.62874617136426,,,,,0,130108068,97679442.56,80.69883724045326,70.30985199102538,,,,,80.69883724045326,
2017-05-15,39.0025,39.1625,38.7625,38.925,30.74540625000001,31.868825000000008,35.96590000000005,36.85662499999997,37.901749999999986,38.65000000000002,48.8414404617508,46.82990019776304,,,,,0,104038876,98034530.4,78.58950850217714,71.31844532824068,,,,,,
2017-05-16,38.985,39.015,38.68,38.8675,30.80948125000001,31.93452500000001,36.046550000000046,37.03499999999997,38.100749999999984,38.72400000000002,48.53745545972227,46.985132494304786,,,,,0,80193912,97898405.12,77.337748571616,72.60193500216063,,,,,,
2017-05-17,38.4,38.6425,37.4275,37.5625,30.86473125000001,31.99110833333334,36.10020000000005,37.15462499999997,38.18049999999998,38.57350000000002,46.940020910829055,46.981031441261536,,,,,0,203070712,100564115.6,55.66672248153169,72.30584443384826,,,55.66672248153169,,,
2017-05-18,37.8175,38.335,37.7825,38.135,30.92480625000001,32.04977500000001,36.16790000000005,37.28087499999997,38.33074999999999,38.50300000000002,48.537778475454274,47.12255389891542,,,,,1,134272860,101752993.92,60.849630253667385,72.44287990204789,,,,,,
2017-05-19,38.345,38.495,38.1575,38.265,30.983893750000007,32.109908333333344,36.23980000000005,37.415749999999974,38.43324999999999,38.35100000000002,48.52433931319007,47.24998893657675,,,,,0,107843152,102137384.64,61.937783985157715,71.92659267481623,,,,,,
2017-05-22,38.5,38.645,38.2275,38.4975,31.044043750000004,32.17050833333334,36.31405000000005,37.54512499999997,38.45774999999999,38.265500000000024,48.49101283520802,47.362809290997774,,,,,0,91865748,102405675.52,63.87182085766388,71.37556401379686,,,,,,
2017-05-23,38.725,38.725,38.3275,38.45,31.101943750000004,32.230925000000006,36.38705000000005,37.66099999999997,38.45299999999999,38.18200000000002,48.18255486587414,47.43733161598654,,,,,0,79675484,102605447.84,63.16565451176835,70.97503301002881,,,,,,
2017-05-24,38.46,38.5425,38.1675,38.335,31.15815625,32.290708333333335,36.458800000000046,37.781749999999974,38.45499999999999,38.33650000000002,47.95031729221737,47.483966677462064,,,,,0,76876616,102918254.96,61.39584860695394,70.68131216633383,,,,,,
2017-05-25,38.4325,38.5875,38.2575,38.4675,31.214481250000002,32.351958333333336,36.52585000000005,37.90774999999997,38.45299999999999,38.40300000000003,47.99658125345722,47.530568002552535,,,,,0,76942392,102401760.88,62.69284708858243,70.01236247293666,,,,,,
2017-05-26,38.5,38.56,38.3275,38.4025,31.271493750000005,32.41287500000001,36.590450000000054,38.03224999999997,38.39074999999999,38.43050000000003,47.70358623145499,47.546296932452755,,,,,0,87710548,102617412,61.59948329429217,68.75795725768837,,,,,,
2017-05-30,38.355,38.6075,38.3325,38.4175,31.328668750000002,32.474658333333345,36.65885000000005,38.12087499999997,38.33999999999999,38.41450000000003,47.70740369729533,47.5609430019839,,,,,0,80507404,100716763.92,61.76520068872274,67.42291230366025,,,,,,
2017-05-31,38.4925,38.5425,38.095,38.19,31.38439375,32.53317500000001,36.71535000000005,38.186499999999974,38.272249999999985,38.36250000000003,47.482085946015395,47.553774178714036,,,,,0,97804656,100949494,57.69825360507153,66.0701903881234,,,57.69825360507153,,,
2017-06-01,38.2925,38.3325,38.055,38.295,31.43901875,32.59139166666668,36.78205000000005,38.26299999999997,38.34549999999999,38.35450000000003,47.63454681151007,47.561117145331856,,,,,1,65616352,99099428.08,59.03882411605398,64.73629741455096,,,,,,
2017-06-02,38.395,38.8625,38.2225,38.8625,31.496606250000003,32.65782500000001,36.85220000000005,38.374499999999976,38.418249999999986,38.43350000000002,47.97721043924841,47.59894380841518,,,,,0,111082860,99252272.08,65.41772897629671,63.64478968139692,,,,,65.41772897629671,
2017-06-05,38.585,38.6125,38.365,38.4825,31.552493750000004,32.72357500000001,36.91725000000005,38.43662499999998,38.43999999999998,38.44950000000002,47.33258988056924,47.57472981497464,,,,,0,101326648,99651100.96,58.81307581114858,62.23218734632345,,,,,,
2017-06-06,38.475,38.9525,38.445,38.6125,31.609206250000007,32.791458333333345,36.98630000000006,38.45462499999998,38.45149999999999,38.48850000000002,47.55038791511022,47.57251691498696,,,,,0,106499704,99989450,60.29013337310178,61.01450054642959,,,,,,
2017-06-07,38.755,38.995,38.62,38.8425,31.666718750000005,32.86117500000001,37.05875000000005,38.471874999999976,38.490749999999984,38.61900000000003,47.96692915330564,47.608372573015934,,,,,1,84278588,99789014.24,62.829939109009395,61.52615887696371,,,,,,
2017-06-08,38.8125,38.885,38.6,38.7475,31.724818750000004,32.93367500000001,37.114700000000056,38.493499999999976,38.53199999999999,38.70950000000003,47.77468620794529,47.62349199437315,,,,,0,85003192,98819093.68,61.09187427272713,61.543462021182265,,,,,,
2017-06-09,38.7975,38.7975,36.505,37.245,31.774981250000007,32.995991666666676,37.13900000000005,38.431374999999974,38.40974999999999,38.386000000000024,45.909877187431945,47.467708830105764,,,,,0,259530628,101675809.36,41.526130630008005,60.08548678152872,,,,,,
2017-06-12,36.435,36.5225,35.6275,36.355,31.821718750000006,33.05530833333334,37.14645000000005,38.297874999999976,38.204999999999984,37.960500000000025,44.85004749626815,47.229739617938705,,,,,0,289229320,105763815.6,34.48148596119482,57.986177146066645,,,,,,
2017-06-13,36.79,36.8625,36.2875,36.6475,31.870493750000005,33.11822500000001,37.161100000000054,38.183999999999976,38.027999999999984,37.56750000000003,45.255187516207776,47.05023488141771,,,,,0,136661780,106924119.12,38.192554442407264,56.20238428396942,,,,,,
2017-06-14,36.875,36.875,35.96,36.29,31.918268750000003,33.17614166666667,37.168400000000055,38.055124999999975,37.83799999999998,37.05700000000003,44.61245313172291,46.82861835871818,,,,,0,126124928,107847760.56,35.542710300978015,54.35573154782829,,,,,,
2017-06-15,35.83,36.11995,35.5525,36.0725,31.965106250000005,33.231525000000005,37.16600000000006,37.980624999999975,37.61574999999998,36.52200000000003,44.38927446347706,46.60685982278717,,,,,0,128661492,108829682.08,33.99726546089427,52.30604714585056,,,,,,
2017-06-16,35.945,36.125,35.55,35.5675,32.01044375000001,33.28384166666668,37.15725000000006,37.85224999999998,37.28624999999998,36.186500000000024,43.866086184356575,46.35769858292984,,,,,0,201444372,110641141.2,30.663455348560305,50.09633086401258,,,30.663455348560305,,,
2017-06-19,35.915,36.685,35.915,36.585,32.06074375,33.348091666666676,37.17065000000005,37.76824999999998,37.09649999999998,36.23250000000003,45.108193083040504,46.244107173848995,,,,,0,130165616,111552530.8,42.828280028265624,48.74369367397992,,,,,,
2017-06-20,36.7175,36.7175,36.235,36.2525,32.10859375,33.40905833333334,37.17900000000006,37.65599999999998,36.86049999999998,36.15350000000003,44.32821403242767,46.06993507008342,,,,,0,99600292,112210760.8,40.337720498791825,47.50365559495994,,,,,,
2017-06-21,36.38,36.517325,36.1525,36.4675,32.15626875,33.47599166666668,37.19250000000006,37.55687499999998,36.622999999999976,36.189000000000036,44.89173297004961,45.962825788262165,,,,,0,85063004,112397349.12,42.65969674311574,46.33371792546435,,,,,,
2017-06-22,36.4425,36.675,36.279975,36.4075,32.20368125,33.54019166666668,37.212500000000055,37.460499999999975,36.38899999999998,36.25600000000003,44.844002118565776,45.861114545562494,,,,,0,76425176,111495502.56,42.166496904187625,44.67291563459941,,,,,,
2017-06-23,36.2825,36.79,36.2775,36.57,32.25108125,33.60067500000001,37.23490000000006,37.36562499999998,36.32149999999998,36.45650000000003,45.06469500924214,45.78871276953337,,,,,0,141757556,112702653.68,44.0530472410293,43.618627879590896,,,,,,
2017-06-26,36.7925,37.07,36.345,36.455,32.301456249999994,33.660458333333345,37.258750000000056,37.26824999999998,36.33149999999998,36.43050000000003,44.852971332485744,45.703645366165404,,,,,0,102769444,113332212.16,42.984413068737794,42.38250500070775,,,,,,
2017-06-27,36.2525,36.54,35.905,35.9325,32.35220625,33.71657500000001,37.26825000000006,37.14399999999998,36.25999999999998,36.36650000000003,44.19614853202244,45.56660019942513,,,,,0,99047564,113986595.92,38.423768775188876,40.639207119720574,,,38.423768775188876,,,
2017-06-28,36.1225,36.5275,35.790025,36.4575,32.40269375,33.77340833333335,37.29140000000006,37.05737499999997,36.27674999999998,36.364500000000035,45.20682984896957,45.533893803929175,,,,,0,88329728,114577386.96,44.76517892412333,39.473014594820306,,,,,44.76517892412333,
2017-06-29,36.1775,36.2825,35.57,35.92,32.44735625,33.82654166666668,37.30640000000006,36.93862499999998,36.26149999999998,36.26700000000003,44.15144897549464,45.40821700134422,,,,,0,125997472,115711066.4,40.20052069712355,39.37832817104284,,,,,,
2017-06-30,36.1125,36.24,35.945,36.005,32.48766875,33.88119166666668,37.31430000000006,36.79574999999998,36.30524999999998,36.15400000000004,44.63983138405588,45.338363763408914,,,,,0,92096428,115688646.56,41.22125657280159,39.85974035758618,,,,,,
2017-07-03,36.22,36.325025,35.775,35.875,32.52258125,33.93404166666668,37.32045000000006,36.665374999999976,36.23424999999998,36.03800000000003,44.41056197671876,45.25401814643708,,,,,0,57111392,115445200.16,40.094046208691005,39.99556119803502,,,,,,
2017-07-05,35.9225,36.1975,35.680925,36.0225,32.559043749999994,33.98824166666668,37.32270000000006,36.535874999999976,36.211249999999986,36.05600000000003,44.49034791952276,45.18459358035396,,,,,0,86278228,115800018.08,42.03097257997292,40.45900850367751,,,,,,
2017-07-06,35.755,35.875,35.6025,35.6825,32.59548125,34.040358333333344,37.31370000000006,36.377874999999975,36.13274999999999,35.90100000000003,44.00647060274446,45.07749149148037,,,,,0,96515128,116266005.6,38.90809691117824,40.809782178697795,,,38.90809691117824,,,
2017-07-07,35.725,36.1875,35.725,36.045,32.63374375,34.09645833333335,37.31620000000006,36.24274999999998,36.096499999999985,35.92600000000003,44.87394957983193,45.058987681330514,,,,,0,76806848,116198843.28,43.71017206723392,41.74169051574591,,,,,,
2017-07-10,36.0275,36.4875,35.8425,36.265,32.67313125,34.155741666666685,37.32255000000006,36.19374999999998,36.06599999999999,35.97800000000003,44.860587667719514,45.040951316456784,,,,,0,84362544,116746386.4,46.460707715888844,42.00114963629043,,,,,,
2017-07-11,36.1825,36.4625,36.095,36.3825,32.711768750000005,34.215125000000015,37.331950000000056,36.195124999999976,36.05874999999999,36.07950000000003,44.964221419361216,45.03397587126628,,,,,0,79127344,116660104.64,47.924307313912,42.54304869451329,,,,,,
2017-07-12,36.4675,36.545,36.205,36.435,32.75305625,34.276175000000016,37.32775000000006,36.18449999999997,36.10899999999999,36.16200000000003,45.06437768240343,45.03673967227875,,,,,1,99537912,115962627.44,48.60041425479667,42.96738565963335,,,,,,
2017-07-13,36.375,37.1225,36.36,36.9425,32.79666875,34.339208333333346,37.32905000000006,36.21712499999997,36.157499999999985,36.41400000000003,45.360687608717896,45.066189484682305,,,,,0,100797492,114350401.76,54.720324729590764,43.864087647162144,,,,,,
2017-07-14,36.9925,37.3325,36.8325,37.26,32.84160625,34.402558333333346,37.338950000000054,36.27649999999997,36.291499999999985,36.657000000000025,45.66493588198527,45.12062097534621,,,,,0,80528244,112305203.92,58.08287871739158,44.86621846690231,,,,,,
2017-07-17,37.205,37.725,37.1425,37.39,32.88611875,34.46495833333335,37.35410000000005,36.36762499999997,36.429999999999986,36.88200000000003,45.611095975635045,45.16520961173611,,,,,0,95173824,112338930.64,59.411950535862715,46.03961400026838,,,,,,
2017-07-18,37.3,37.5325,37.1675,37.52,32.93349375,34.52517500000001,37.35970000000005,36.41437499999997,36.59449999999998,37.10950000000004,45.77209918914743,45.22038139150077,,,,,0,71475168,111582216,60.75211453413067,47.6344958401928,,,,,,
2017-07-19,37.62,37.855,37.4875,37.755,32.98095624999999,34.58804166666668,37.34975000000006,36.48949999999997,36.76774999999999,37.373500000000035,46.031268669151146,45.29409841674172,,,,,0,83691876,109355860.48,63.12255874865757,48.94573725623095,,,,,,
2017-07-20,37.875,37.935,37.5475,37.585,33.02823125,34.64662500000001,37.33150000000005,36.54537499999997,36.957999999999984,37.50200000000004,45.57912225173112,45.320009674468025,,,,,0,68974992,107604931.28,60.28597564326883,50.38041260952705,,,,,,
2017-07-21,37.4975,37.61,37.22,37.5675,33.07481875,34.70509166666668,37.31655000000005,36.60337499999998,37.110249999999986,37.56350000000003,45.564899229820696,45.342272361318265,,,,,0,105010520,107640686.32,59.98713281907401,51.72083234140364,,,,,,
2017-07-24,37.645,38.11,37.475,38.0225,33.12361875,34.76554166666668,37.30725000000005,36.67599999999997,37.28599999999999,37.69000000000003,46.13373292241987,45.41422332141841,,,,,0,85972640,107179734.48,64.86396016377456,53.4901119096239,,,,,,
2017-07-25,37.95,38.46,37.95,38.185,33.17218125,34.826825000000014,37.29045000000006,36.762499999999974,37.46624999999999,37.823000000000036,46.38023247810649,45.502042335662786,,,,,0,75415728,106085887.68,66.4372955430184,55.23342069269858,,,,,,
2017-07-26,38.3375,38.4825,38.265,38.365,33.22143125,34.88819166666668,37.279250000000054,36.88412499999997,37.659249999999986,37.945000000000036,46.463043925833524,45.5894061165874,,,,,0,63123804,105267586.24,68.13917701671222,57.321354985951004,,,,,,
2017-07-27,38.4375,38.4975,36.825,37.64,33.264568749999995,34.94420833333335,37.25470000000006,36.94324999999997,37.728999999999985,37.95600000000004,45.57213368148743,45.587835895214674,,,,,0,129905348,106261814.96,55.854106455362555,58.18877887081733,,,,,,
2017-07-28,37.4725,37.5575,37.2975,37.375,33.30606875,34.998275000000014,37.25095000000006,37.01599999999997,37.74049999999998,37.91750000000003,45.29534382044259,45.56124570659903,,,,,0,68854612,103577492.96,52.15283256769708,58.59535921737506,,,,,,
2017-07-31,37.475,37.5825,37.0325,37.1825,33.34530625,35.05234166666668,37.23190000000006,37.07487499999997,37.71974999999999,37.74950000000003,45.12256785728732,45.52136590211615,,,,,0,79383680,102479709.36,49.582473218583594,58.71379963913732,,,49.582473218583594,,,
2017-08-01,37.275,37.555,37.1025,37.5125,33.38664375,35.10822500000001,37.216850000000065,37.156749999999974,37.71899999999999,37.61500000000004,45.556207748046795,45.5245333426553,,,,,1,141474580,103152337.92,53.78727396078332,59.08428961813637,,,,,,
2017-08-02,39.82,39.9375,39.04,39.285,33.43603125,35.174691666666675,37.23260000000006,37.31987499999997,37.87199999999999,37.799000000000035,47.59222242413229,45.71250507733503,,,,,0,279747200,106909966.96,68.82605496669757,60.0918417779297,,,,,,
2017-08-03,39.2625,39.3025,38.755,38.8925,33.48355625,35.23937500000001,37.24145000000006,37.48037499999997,38.00274999999999,38.04950000000004,47.0935230891559,45.83805216931874,,,,,0,108389184,107484240.96,63.86947100673205,60.505169798596874,,,,,,
2017-08-04,39.0175,39.35,38.9225,39.0975,33.53220625,35.30547500000001,37.256700000000066,37.63299999999997,38.15574999999999,38.39400000000003,47.44535143356417,45.98417028425015,,,,,0,82239408,107591496.8,65.27602966991233,60.92403259388613,,,,,,
2017-08-07,39.265,39.73,39.167525,39.7025,33.584318749999994,35.377125000000014,37.281400000000055,37.80487499999997,38.32374999999998,38.89800000000004,48.08868594130401,46.17548988943686,,,,,0,87481284,107802274.64,69.09932379908707,61.520261827097315,,,,,,
2017-08-08,39.65,40.4575,39.5675,40.02,33.638093749999996,35.45034166666668,37.313750000000056,37.986749999999965,38.507249999999985,39.39950000000003,48.39353301812642,46.377130173863186,,,,,0,144823584,108944535.36,70.90954593749139,62.0764751977283,,,,,,
2017-08-09,39.815,40.3175,39.7775,40.265,33.69366875,35.525408333333345,37.35070000000006,38.17824999999996,38.69724999999998,39.59550000000003,48.80763822669015,46.59808545139291,,,,,0,104526120,109424909.68,72.25999278817746,62.93176213665034,,,,,72.25999278817746,
2017-08-10,39.975,40,38.6575,38.83,33.74075625,35.589925000000015,37.36350000000006,38.27262499999996,38.81624999999998,39.58300000000003,47.08531054720657,46.642378641921425,,,,,0,163217092,110733158.4,55.89340734547742,62.63935317425059,,,55.89340734547742,,,
2017-08-11,39.15,39.6432,39.0175,39.37,33.78979375,35.655875000000016,37.38500000000006,38.37812499999996,39.01574999999998,39.63750000000003,48.441274541569435,46.80591463279852,,,,,0,105028384,111521399.04,59.60151073720823,62.26346392949585,,,,,,
2017-08-14,39.83,40.0525,39.6875,39.9625,33.845118750000005,35.72397500000001,37.40700000000006,38.50674999999996,39.29374999999998,39.68950000000003,49.107654875231425,47.01516374574697,,,,,0,88490936,111069560.56,63.252078271043295,62.03594841006906,,,,,,
2017-08-15,40.165,40.54875,40.035,40.4,33.90401875,35.794791666666676,37.44535000000006,38.65074999999997,39.58249999999998,39.76550000000003,49.1516075657788,47.20938591120441,,,,,0,117861948,111400266.56,65.71565188918882,61.86283947238872,,,,,,
2017-08-16,40.485,40.6275,40.0375,40.2375,33.96305625,35.86345833333334,37.47785000000006,38.774874999999966,39.67774999999998,39.760000000000026,48.97833734343364,47.3701996777707,,,,,0,110686448,111484001.44,63.999447616343936,62.44464955531596,,,,,,
2017-08-17,40.13,40.1775,39.46,39.465,34.01845625,35.92780833333334,37.49030000000006,38.86887499999996,39.73499999999998,39.88700000000003,47.969904096656954,47.42471826130581,,,,,0,111762260,112033674.88,56.45185912252367,62.75172288066072,,,,,,
2017-08-18,39.465,39.875,39.18,39.375,34.075968749999994,35.99190833333335,37.50285000000006,38.95924999999996,39.762749999999976,39.88800000000003,48.610911066209596,47.53255397084252,,,,,0,109712276,112527856.56,55.628745183051066,63.18359944955126,,,,,,
2017-08-21,39.375,39.4725,38.777525,39.3025,34.13299375,36.053925000000014,37.54400000000006,39.02324999999996,39.72274999999998,39.75600000000003,48.61062439446723,47.630560372990224,,,,,0,105474112,109446726.24,54.93387745457786,63.26549969910802,,,54.93387745457786,,,
2017-08-22,39.5575,40,39.505,39.945,34.19543125,36.12024166666668,37.61580000000006,39.11124999999996,39.71524999999998,39.665000000000035,49.34791650366296,47.78668365759684,,,,,0,86418340,105390506.64,59.734087415801895,62.6160734454726,,,,,,
2017-08-23,39.7675,40.1175,39.72,39.995,34.259356249999996,36.18724166666667,37.68275000000006,39.19274999999996,39.68824999999998,39.61650000000003,48.92334791703193,47.89001677209094,,,,,0,77596324,104209197.52,60.090349432117,62.34613619014296,,,,,,
2017-08-24,40.1075,40.185,39.6375,39.8175,34.32043125,36.25269166666668,37.75330000000006,39.30162499999996,39.786999999999985,39.68700000000003,48.87501841213728,47.97956237573151,,,,,0,79275672,103272212.4,58.12426359278113,61.83529575606216,,,,,,
2017-08-25,39.9125,40.14,39.8175,39.965,34.38143125,36.318991666666676,37.831150000000065,39.431124999999966,39.84649999999998,39.80500000000003,49.15804622443082,48.08669727106781,,,,,0,101920252,102737387.6,59.315518966053745,61.13645255370263,,,,,,
2017-08-28,40.035,40.5,39.9825,40.3675,34.44466875,36.388158333333344,37.92715000000006,39.59037499999996,39.88699999999998,40.01800000000003,49.57020936943574,48.221562007283076,,,,,0,103863888,100785777.92,62.45430099314713,60.532506486249474,,,,,,
2017-08-29,40.025,40.78,40,40.7275,34.51356875,36.45654166666668,38.01000000000006,39.75112499999996,39.91974999999998,40.17450000000003,49.987930808758556,48.382140989235396,,,,,0,118067640,100543818.4,65.05137190631177,60.017604994687645,,,,,,
2017-08-30,40.95,40.9725,40.6525,40.8375,34.58221875,36.52555833333334,38.10170000000006,39.828749999999964,39.97974999999998,40.34300000000003,50.08073416997097,48.53655855112045,,,,,0,109078336,100733379.28,65.82914747291687,60.72730071807617,,,,,,
2017-08-31,40.91,41.13,40.87,41,34.65508125,36.59564166666667,38.19235000000006,39.93412499999996,40.133249999999975,40.57950000000003,50.04903177503164,48.67405611693056,,,,,0,107140384,101174926.88,66.99761033883698,61.25559354676394,,,,,,
2017-09-01,41.2,41.235,40.9075,41.0125,34.72625625,36.66634166666668,38.284450000000064,40.02987499999996,40.296999999999976,40.78900000000003,49.77949952460907,48.77455097217406,,,,,0,66364204,100973707.44,67.09083210638777,61.52979024928855,,,,,67.09083210638777,
2017-09-05,40.9375,41.0625,40.14,40.52,34.791368750000004,36.73422500000001,38.363450000000064,40.07074999999996,40.418749999999974,40.81950000000003,49.084411782520036,48.80272013675097,,,,,0,118145256,100501461.44,59.91033371276857,61.11512466525853,,,,,,
2017-09-06,40.6775,40.7475,40.13,40.4775,34.85631875,36.78949166666668,38.44390000000006,40.09362499999996,40.47199999999997,40.769500000000036,49.40598490550685,48.85756238845605,,,,,0,86606904,100178210.64,59.32031977213843,60.78090124781528,,,,,,
2017-09-07,40.5225,40.56,40.09,40.315,34.92031875,36.844041666666676,38.53155000000006,40.096124999999965,40.50399999999998,40.665000000000035,49.05416257696083,48.875435132865576,,,,,0,87714008,99951539.52,57.008524077851945,60.82066303033873,,,,,,
2017-09-08,40.215,40.2875,39.6325,39.6575,34.97894375,36.89329166666668,38.59555000000006,40.13749999999997,40.48799999999997,40.39650000000003,48.26274796154314,48.81973629910899,,,,,0,114446140,100473867.76,48.73298887447502,60.32810900829759,,,,,,
2017-09-11,40.125,40.5125,39.9725,40.375,35.04106875,36.945308333333344,38.684650000000055,40.187749999999966,40.52899999999997,40.269000000000034,49.20919953035431,48.855142047404016,,,,,1,126323192,100480382.16,56.20432608314733,60.418855338909694,,,,,,
2017-09-12,40.6525,40.99,39.6925,40.215,35.10310625,36.99419166666668,38.768850000000064,40.200374999999966,40.51374999999997,40.208000000000034,48.48861183790106,48.82182111926738,,,,,0,286856184,104375577.28,54.303802169674775,60.03097782132919,,,,,,
2017-09-13,39.9675,39.99,39.4775,39.9125,35.16293125,37.04020833333335,38.84960000000006,40.175999999999966,40.43224999999997,40.09500000000004,47.96253124399154,48.74370385787867,,,,,0,179629444,106825938.32,50.805898766722336,59.36780277380099,,,,,,
2017-09-14,39.7475,39.85,39.5225,39.57,35.22131875,37.08330833333334,38.92055000000006,40.14262499999997,40.305499999999974,39.94600000000004,47.51497976680796,48.63200166778133,,,,,0,95042996,107001233.68,47.10612764475403,58.58079306322764,,,,,,
2017-09-15,39.6175,40.2425,39.5,39.97,35.28184375,37.129575,39.00630000000006,40.16787499999997,40.20249999999997,40.00850000000004,48.04818041208197,48.5789270081723,,,,,0,196458408,109000099.28,51.544164503915205,58.025696315932024,,,,,,
2017-09-18,40.0275,40.125,39.49875,39.6675,35.34203125,37.17187500000001,39.07875000000006,40.18249999999997,40.06799999999997,39.86700000000003,47.5966211108578,48.4896264720528,,,,,0,113077740,109725517.12,48.24724650119663,57.010906709364136,,,,,,
2017-09-19,39.8775,39.9425,39.61,39.6825,35.403581249999995,37.21139166666667,39.147100000000066,40.20149999999997,39.984249999999975,39.760500000000036,47.545399721231526,48.40378767652359,,,,,0,83242528,109703116.8,48.42341642891532,55.82319560383582,,,,,,
2017-09-20,39.475,39.565,38.4575,39.0175,35.461293749999996,37.24565833333333,39.19980000000007,40.15512499999997,39.838249999999974,39.581500000000034,46.6967865477829,48.24860575572898,,,,,0,211805456,112356679.04,41.65374703743882,54.09638128701596,,,,,,
2017-09-21,38.95,38.95,38.1875,38.3475,35.51664375,37.275733333333335,39.238050000000065,40.07274999999997,39.64149999999997,39.33700000000003,45.86582623672376,48.03198943581942,,,,,0,150046644,113366853.68,36.167576734652,51.894236029574174,,,,,,
2017-09-22,38.005,38.0675,37.64,37.9725,35.56906875,37.302683333333334,39.25865000000007,39.980499999999964,39.47299999999997,38.937500000000036,45.55606654402943,47.806905536565786,,,,,0,186581772,115082539.28,33.50747605581934,49.495424883105,,,,,,
2017-09-25,37.4975,37.9575,37.29,37.6375,35.618468750000005,37.32576666666667,39.26620000000007,39.864124999999966,39.19924999999997,38.53150000000004,45.124929062992074,47.56308949351363,,,,,0,177549344,117022961.28,31.29322334563463,47.45134557116687,,,31.29322334563463,,,
2017-09-26,37.945,38.48,37.9225,38.285,35.66974375,37.35248333333333,39.284100000000066,39.75999999999997,39.00624999999997,38.25200000000003,46.003460623392854,47.42130505077538,,,,,0,146640180,118052288.4,39.60116907028003,46.04283480674841,,,,,,
2017-09-27,38.45,38.679725,38.385,38.5575,35.720093750000004,37.38198333333333,39.30485000000007,39.65149999999996,38.87074999999997,38.16000000000003,46.32755803335415,47.32187350373709,,,,,0,102016908,118663123.2,42.73923894383466,45.0236001543186,,,,,,
2017-09-28,38.4725,38.57,38.175,38.32,35.77006875,37.409683333333334,39.316150000000064,39.52562499999997,38.74574999999997,38.15450000000003,45.85487267853724,47.18850979235528,,,,,0,88021820,118749722.08,40.75193583685695,44.453524937345875,,,,,,
2017-09-29,38.3025,38.5325,38,38.53,35.81873125,37.43833333333333,39.33505000000007,39.40212499999997,38.60174999999997,38.266000000000034,46.05069201533031,47.08507181262574,,,,,0,105199240,119474207.04,43.26403144617875,43.529218177562406,,,,,,
2017-10-02,38.565,38.6125,38.18,38.4525,35.86700625,37.466366666666666,39.35275000000007,39.27412499999996,38.48024999999997,38.42900000000003,45.78841451797282,46.967193876748205,,,,,0,74795368,118869904,42.5470652174854,42.689451252406016,,,,,,
2017-10-03,38.5025,38.7725,38.4775,38.62,35.91533125,37.490849999999995,39.36470000000006,39.179124999999964,38.373999999999974,38.49600000000004,45.8104004554944,46.862030838452405,,,,,0,64921172,118448874.64,44.6808234655591,42.2519458737515,,,,,,
2017-10-04,38.4075,38.465,38.115,38.37,35.962218750000005,37.515049999999995,39.368400000000065,39.07374999999996,38.30924999999998,38.458500000000036,45.41580853632554,46.7305560837136,,,,,0,80655000,118553660.08,42.163825399760256,41.89892428482337,,,,,,
2017-10-05,38.545,38.86,38.5125,38.8475,36.010656250000004,37.541066666666666,39.378050000000066,39.00037499999996,38.359249999999975,38.564000000000036,45.923735292031495,46.657208739015225,,,,,0,85135076,118993885.52,48.169541698536804,41.65787979872492,,,,,,
2017-10-06,38.7425,38.8725,38.64,38.825,36.05859375000001,37.56766666666667,39.401750000000064,38.95874999999997,38.44449999999997,38.62300000000003,45.639422116164525,46.56468268239244,,,,,0,69630232,117788383.2,47.917048815887945,41.6342942497743,,,,,,
2017-10-09,38.9525,39.1825,38.87125,38.96,36.10706875,37.59486666666666,39.433450000000065,38.88799999999996,38.57674999999997,38.724500000000035,45.84734028156418,46.49946973686259,,,,,0,65051692,117712324.8,49.62329737511811,41.72000003164592,,,,,,
2017-10-10,39.01375,39.5,38.775,38.975,36.15658125,37.62303333333333,39.46930000000007,38.82599999999996,38.64574999999997,38.79550000000004,45.94790017015558,46.44932704898014,,,,,0,62468056,117374012.32,49.820004235704914,42.30330411723635,,,,,,
2017-10-11,38.9925,39.245,38.9375,39.1375,36.206618750000004,37.652816666666666,39.501800000000074,38.78724999999996,38.70374999999997,38.949000000000034,46.032564375999755,46.41143953325465,,,,,0,67622560,115896971.92,52.00635719221569,43.4346455784909,,,,,,
2017-10-12,39.0875,39.3425,38.932475,39,36.25504375,37.68091666666667,39.49610000000007,38.758749999999964,38.771749999999976,38.979500000000044,45.78826255068017,46.354787080293335,,,,,0,64500216,111592032.24,50.02039583297071,44.61413984828743,,,,,,
2017-10-13,39.1825,39.32,39.1025,39.2475,36.30533125,37.71056666666666,39.50320000000007,38.722624999999965,38.84349999999997,39.064000000000036,46.15669579329892,46.33677878147566,,,,,0,65576752,110735783.6,53.4650882042191,46.197844481043454,,,,,,
2017-10-16,39.475,40,39.4125,39.97,36.35926875,37.74538333333333,39.520650000000074,38.73774999999996,38.99524999999998,39.26600000000004,46.96514528997285,46.393903009520855,,,,,1,96485808,111020711.6,61.752328992682855,47.780070189786514,,,,,,
2017-10-17,39.945,40.2175,39.8075,40.1175,36.41508125,37.778733333333335,39.52895000000007,38.75949999999997,39.144999999999975,39.494500000000045,47.05607513176209,46.454100475179146,,,,,0,75989100,110790867.92,63.19343268396114,49.241084028366984,,,,,63.19343268396114,
2017-10-18,40.105,40.1775,39.9,39.94,36.46959375,37.81051666666667,39.52735000000008,38.805624999999964,39.30199999999998,39.655000000000044,46.81639159789947,46.48703603179008,,,,,0,65496656,109204329.36,60.251394151662296,50.63390247942451,,,,,,
2017-10-19,39.1875,39.27,38.755,38.995,36.51954375,37.83716666666667,39.50195000000007,38.837999999999965,39.31674999999997,39.65400000000004,45.674785066724965,46.41319503496598,,,,,0,170336664,110520540.24,47.5570688500076,50.94054800826943,,,47.5570688500076,,,
2017-10-20,39.1525,39.4375,38.99,39.0625,36.56909375,37.86181666666667,39.50660000000007,38.89249999999997,39.34049999999998,39.61700000000004,45.73884703953788,46.351890671745245,,,,,0,95896584,109174130.08,48.39344954660722,51.358146888920984,,,,,,
2017-10-23,39.2225,39.4225,38.875,39.0425,36.616918749999996,37.88903333333333,39.50005000000007,38.96274999999997,39.348749999999974,39.43150000000004,45.48269849837488,46.27287320143885,,,,,0,87937308,108832308.56,48.14842475256032,51.605832695135355,,,,,,
2017-10-24,39.0725,39.355,39.05,39.275,36.66455625,37.915166666666664,39.48630000000007,39.012249999999966,39.378749999999975,39.26300000000004,45.93603069029778,46.24225115497148,,,,,0,71028920,108483068.24,51.239230078266516,52.25407588645724,,,,,,
2017-10-25,39.2275,39.3875,38.8175,39.1025,36.711181249999996,37.940983333333335,39.46035000000007,39.03949999999996,39.37524999999998,39.09550000000004,45.66039865635448,46.18935547327902,,,,,0,84828392,107822397.12,48.90976553942447,52.30694901794921,,,,,,
2017-10-26,39.3075,39.457375,39.195,39.3525,36.75825625,37.96893333333333,39.44265000000007,39.09112499999996,39.41049999999997,39.16700000000004,46.1676084703674,46.18737847301433,,,,,0,68001876,106968705.68,52.294739794024125,52.619641230673224,,,,,,
2017-10-27,39.8225,40.9,39.675,40.7625,36.81300625,38.00588333333333,39.46860000000007,39.202749999999966,39.56199999999997,39.50700000000004,47.76109201687236,46.330443340637785,,,,,1,177816640,108289793.28,65.98365220726815,53.78823800439823,,,,,,
2017-10-30,40.9725,42.0175,40.93,41.68,36.87260625,38.044083333333326,39.51470000000007,39.36412499999996,39.73299999999997,40.034500000000044,48.44502473780254,46.52267801310731,,,,,0,178803088,109671609.52,71.67859224900303,55.34956571963381,,,,,,
2017-10-31,41.975,42.412475,41.735,42.26,36.93390624999999,38.08561666666667,39.57385000000007,39.54612499999997,39.947249999999976,40.63150000000004,49.27647765301244,46.773023434916865,,,,,0,144187312,110445873.52,74.57625357878034,56.961701175817,,,,,,
2017-11-01,42.4675,42.485,41.4025,41.7225,36.99253125,38.123883333333325,39.60940000000007,39.71374999999996,40.125499999999974,41.15550000000004,48.603830292863634,46.93946042200294,,,,,0,134551048,111408527.68,67.66680169909762,58.22215873768321,,,,,,
2017-11-02,41.91,42.125,41.32,42.0275,37.05294375,38.16463333333333,39.65005000000007,39.87274999999996,40.42874999999997,41.69050000000004,48.881311643198316,47.115992351202514,,,,,0,165573492,113168071.04,69.39932881552858,59.36031878134816,,,,,,
2017-11-03,43.5,43.565,42.78,43.125,37.11856875,38.21263333333332,39.71620000000007,40.08774999999996,40.83499999999997,42.163000000000046,50.14826443397872,47.39165344963671,,,,,0,237594524,116334448.08,74.660864715386,60.28235704725554,,,,,,
2017-11-06,43.09125,43.7475,42.93,43.5625,37.18628125,38.26176666666666,39.78815000000007,40.31787499999996,41.28699999999998,42.53950000000005,50.500610547792746,47.67428591310544,,,,,0,140105224,117098147.52,76.40268142790194,61.22587481467988,,,,,,
2017-11-07,43.4775,43.8125,43.4,43.7025,37.254831249999995,38.31308333333333,39.85485000000007,40.55424999999995,41.72974999999998,42.828000000000046,50.59858054208009,47.940130879375864,,,,,0,97445940,116969788.56,76.94874093945597,62.418542442379426,,,,,,
2017-11-08,43.665,44.06,43.5825,44.06,37.32278125,38.36738333333333,39.921500000000066,40.80037499999996,42.225499999999975,43.29550000000005,51.02214124695056,48.220313640064475,,,,,0,97638108,116561197.92,78.32789000846779,64.6164582394123,,,,,78.32789000846779,
2017-11-09,43.7775,44.02375,43.285,43.97,37.39020625,38.42161666666666,39.98415000000007,41.04887499999995,42.68724999999998,43.68400000000005,50.8445177653235,48.45887765145166,,,,,0,117930384,116738238.88,77.0776421294471,66.66532913818658,,,,,,
2017-11-10,43.7775,43.845,43.5675,43.6675,37.45610625,38.47411666666665,40.037500000000065,41.269874999999956,42.97774999999997,43.79250000000005,50.68540056178471,48.6612888251183,,,,,0,100582000,116607071.2,72.86764329718143,68.43098760565952,,,,,,
2017-11-13,43.375,43.625,43.35,43.4925,37.521531249999995,38.52801666666666,40.08710000000007,41.445999999999955,43.15899999999998,43.77850000000005,50.52763040700151,48.83095624165313,,,,,0,67928320,116638353.52,70.4696229941723,69.80458709965278,,,,,,
2017-11-14,43.26,43.37,42.795,42.835,37.58401875,38.57724999999999,40.13340000000007,41.581874999999954,43.21649999999998,43.60500000000005,49.71487596911221,48.91131258051305,,,,,0,99129948,116258047.36,62.18881347648432,70.75309052372849,,,,,,
2017-11-15,42.4925,42.579925,42.095,42.27,37.63443125,38.623966666666654,40.16925000000007,41.698374999999956,43.271249999999974,43.24700000000005,49.172699670786045,48.93507504326514,,,,,0,116632280,116858554.88,56.08938809286244,71.02413683078836,,,56.08938809286244,,,
2017-11-16,42.795,42.9675,42.575,42.775,37.68764375,38.67274999999999,40.21845000000007,41.887374999999956,43.34599999999998,43.00800000000005,50.03665260350461,49.035218457832364,,,,,0,94549936,116995273.44,59.87725653282964,70.58796571118562,,,,,,
2017-11-17,42.76,42.8475,42.41,42.5375,37.73898125,38.72099999999999,40.27605000000007,42.061124999999954,43.28724999999998,42.78200000000005,49.354318466607886,49.06422754953923,,,,,0,87598176,116458314.16,57.3707278624455,69.56597539786007,,,,,,
2017-11-20,42.5725,42.64,42.39,42.495,37.78859375,38.76983333333333,40.31845000000007,42.23374999999995,43.18049999999998,42.58250000000005,49.43482560055838,49.09791828145006,,,,,0,65049788,115232846.08,56.91161265900141,68.30421533216159,,,,,,
2017-11-21,42.695,43.425,42.695,43.285,37.84060625,38.82099999999999,40.37985000000006,42.434249999999956,43.13874999999998,42.67250000000005,50.28968220158473,49.20626045600776,,,,,0,100525180,111506226,62.861143109340645,67.9609540043218,,,,,,
2017-11-22,43.34,43.75,43.2625,43.74,37.89425625,38.87548333333333,40.456400000000066,42.66612499999995,43.10674999999998,42.966500000000046,50.48806670180798,49.32278829653505,,,,,0,102355700,109960751.12,65.79090934822385,67.70320975665719,,,,,,
2017-11-24,43.775,43.875,43.661475,43.7425,37.947443750000005,38.927699999999994,40.53985000000007,42.885624999999955,43.08399999999998,43.160000000000046,50.528863184807555,49.432431468196185,,,,,0,55391304,109167717.28,65.80687021923515,67.0707815783607,,,,,65.80687021923515,
2017-11-27,43.7625,43.77,43.335,43.5225,37.99990625,38.976966666666655,40.61090000000007,43.02362499999995,43.069499999999984,43.35700000000005,50.17157107615219,49.499625978010364,,,,,0,82867208,106895893.28,63.020343698231756,66.11490031195568,,,,,,
2017-11-28,43.575,43.7175,42.965,43.2675,38.049631250000004,39.025949999999995,40.682900000000075,43.10299999999995,43.04699999999998,43.51150000000005,49.89678713933159,49.53573153813048,,,,,0,105715208,106748642.64,59.85656624344156,64.89403069081179,,,,,,
2017-11-29,43.1575,43.23,41.79,42.37,38.092706250000006,39.068766666666654,40.736650000000076,43.10849999999996,43.00049999999998,43.32850000000005,48.38525488763018,49.43114275172136,,,,,0,166665456,108417101.2,50.287599881325555,62.891152824587344,,,,,,
2017-11-30,42.6075,43.035,42.11,42.9625,38.13813125000001,39.11576666666666,40.81555000000007,43.170499999999954,43.06974999999998,43.173000000000044,49.07999405956428,49.39922014334344,,,,,0,166108872,107503169.52,55.36107501971923,61.339969459606785,,,,,,
2017-12-01,42.4875,42.9175,42.125,42.7625,38.1827625,39.15654999999999,40.90385000000007,43.20724999999995,43.06849999999998,42.97700000000005,48.45462648909571,49.31334799295728,,,,,0,159037152,107682979.68,53.38068261262791,59.94804369642439,,,,,,
2017-12-04,43.12,43.155,42.4075,42.45,38.2253625,39.19369999999999,40.99340000000007,43.173499999999954,43.05974999999998,42.76250000000005,48.198106138020314,49.2119623697812,,,,,0,130169540,106554735.04,50.34993111879007,58.51092284818281,,,,,,
2017-12-05,42.265,42.88,42.1,42.41,38.266537500000005,39.231333333333325,41.08885000000007,43.11587499999995,43.051249999999975,42.59100000000005,48.20340678325705,49.120275498279,,,,,0,109400616,105191760.48,49.95893358575662,57.63735999884511,,,,,,
2017-12-06,41.875,42.551175,41.615,42.2525,38.30641250000001,39.26879999999999,41.16820000000007,43.043374999999955,42.94799999999997,42.56750000000005,48.20464942937438,49.03703676474222,,,,,0,114240000,104543756.88,48.36627379158934,57.08570897732561,,,48.36627379158934,,,
2017-12-07,42.2575,42.61,42.2275,42.33,38.34740000000001,39.30273333333333,41.24365000000007,42.956874999999954,42.806999999999974,42.44100000000005,48.29857717161037,48.9699040744575,,,,,0,102693232,104557283.36,49.22404950727649,56.32476561835752,,,,,,
2017-12-08,42.6225,42.75,42.205,42.3425,38.388287500000004,39.32999999999999,41.32410000000007,42.87549999999996,42.66699999999998,42.357000000000056,48.1715826437819,48.89732939894154,,,,,0,93420924,104665265.44,49.370146053021024,55.75329548911292,,,,,,
2017-12-11,42.3,43.2225,42.1975,43.1675,38.43296250000001,39.36113333333332,41.41685000000007,42.850499999999954,42.63149999999998,42.50050000000006,48.84122194983971,48.89222872175046,,,,,0,141095036,105383181.36,57.96636475350837,55.82863492443484,,,,,,
2017-12-12,43.0375,43.0975,42.86525,42.925,38.476350000000004,39.39186666666665,41.506300000000074,42.82212499999996,42.59724999999998,42.603500000000054,48.41183613472231,48.84855666838427,,,,,0,77636920,105440012.4,55.009826293932555,55.26782658047712,,,,,,
2017-12-13,43.125,43.385,43,43.0675,38.51695000000001,39.42239999999999,41.59525000000007,42.83374999999995,42.66699999999998,42.76650000000005,48.497434415245614,48.81663646355348,,,,,0,95273788,106047064.72,56.416575326888406,54.598231293238875,,,,,,
2017-12-14,43.1,43.2825,42.9125,43.055,38.55852500000001,39.44926666666666,41.68895000000007,42.87299999999995,42.67624999999998,42.91150000000005,48.50629964136169,48.78842402517241,,,,,0,81906164,106072088,56.2504237048274,53.91562797078118,,,,,,
2017-12-15,43.4075,43.5425,43.115,43.4925,38.601262500000004,39.479716666666654,41.78185000000007,42.90887499999995,42.74924999999998,43.14150000000005,49.19947511510138,48.825792306075044,,,,,1,160677228,107582931.04,60.62169365064384,53.7442958245249,,,,,,
2017-12-18,43.72,44.3,43.715,44.105,38.64761250000001,39.51463333333333,41.88745000000007,42.987249999999946,42.914749999999984,43.32900000000005,49.44857818753947,48.882409204389994,,,,,0,117684456,108544015.52,65.7771041357192,54.16719138825901,,,,,65.7771041357192,
2017-12-19,43.7575,43.8475,43.5225,43.635,38.691387500000005,39.555116666666656,41.980950000000064,43.04424999999995,43.037249999999986,43.471000000000046,48.6606744580248,48.86225150017498,,,,,0,109745788,109437897.44,59.35549861876053,54.814898440932936,,,,,,
2017-12-20,43.7175,43.855,43.3125,43.5875,38.73557500000001,39.59146666666665,42.07320000000007,43.059374999999946,43.170749999999984,43.575000000000045,48.76522951962916,48.85343132012536,,,,,0,93902596,110066588.24,58.731447717398844,55.05563934791005,,,,,,
2017-12-21,43.5425,44.005,43.525,43.7525,38.78098750000001,39.62804999999999,42.165500000000065,43.05999999999994,43.31299999999998,43.71450000000005,48.99038910142763,48.86588202751648,,,,,1,83799584,110390128.72,60.29315437776002,55.549387331133765,,,,,,
2017-12-22,43.67,43.856,43.625,43.7525,38.82582500000001,39.66308333333332,42.260550000000066,43.06049999999995,43.45399999999998,43.76650000000005,48.8933050730657,48.868375031657315,,,,,0,65397776,110408079.92,60.29315437776002,56.25961756391734,,,,,,
2017-12-26,42.7,42.8675,42.41975,42.6425,38.86503750000001,39.69103333333332,42.32845000000007,43.01649999999994,43.401499999999984,43.474000000000046,47.674726273971984,48.759861508231374,,,,,0,132742144,111751387.76,46.549465177462885,56.01608410618206,,,,,,
2017-12-27,42.525,42.695,42.4275,42.65,38.90455000000001,39.719799999999985,42.38205000000006,42.98562499999994,43.37399999999998,43.27700000000006,47.73363178511472,48.66656789703895,,,,,0,85992852,111541528.64,46.63797482091861,55.89263417970558,,,,,,
2017-12-28,42.75,42.9625,42.62,42.77,38.94282500000001,39.74848333333332,42.43510000000006,43.005624999999945,43.344249999999974,43.11350000000006,47.83010638853062,48.59052594172001,,,,,0,65920748,111340161.6,48.11830090851067,55.81365213693659,,,,,,
2017-12-29,42.63,42.6475,42.305,42.3075,38.97850000000001,39.77451666666665,42.482450000000064,42.972874999999945,43.26949999999998,42.82450000000005,47.226273841505616,48.466503023518705,,,,,0,103999688,112110222.24,43.14986486576078,55.36934633784658,,,43.14986486576078,,,
2018-01-02,42.54,43.075,42.315,43.065,39.01883750000001,39.80549999999999,42.563850000000066,42.98799999999995,43.22674999999998,42.687000000000054,48.322305796282926,48.45339418467909,,,,,0,102223736,110747963.68,51.908446970251646,54.936637924756816,,,,,,
2018-01-03,43.1325,43.6375,42.99,43.0575,39.05730000000001,39.837949999999985,42.64375000000006,43.01837499999995,43.12199999999998,42.77000000000005,47.91602523916744,48.40454246235985,,,,,0,118071596,111191463.92,51.82331536805314,54.70903000147971,,,,,,
2018-01-04,43.135,43.3675,43.02,43.2575,39.09878750000001,39.87103333333332,42.72805000000007,43.06074999999994,43.08424999999998,42.89150000000006,47.832521212210565,48.352540530528096,,,,,0,89738388,111227485.52,53.99029884314963,54.53572453835551,,,,,,
2018-01-05,43.36,43.8425,43.2625,43.75,39.14076250000001,39.90361666666665,42.81755000000007,43.13562499999994,43.10049999999998,43.087500000000055,48.182996266506116,48.337127415617005,,,,,0,94640072,111699708.56,58.89360492275433,54.72452319677887,,,,,,
2018-01-08,43.5875,43.9025,43.4825,43.5875,39.18255000000001,39.93764999999999,42.90725000000007,43.198499999999946,43.08399999999999,43.34350000000006,47.668738494067036,48.27636478638519,,,,,0,82271064,111648562,56.74479768826947,54.44760205660926,,,,,,
2018-01-09,43.6375,43.765,43.3525,43.5825,39.22466250000001,39.97078333333332,42.99185000000007,43.260499999999944,43.066999999999986,43.44700000000006,47.5841700907301,48.21343799587109,,,,,0,86335988,112015244.24,56.67627538651144,53.797542860237286,,,,,,
2018-01-10,43.29,43.575,43.25,43.5725,39.266425000000005,40.00231666666665,43.04805000000007,43.28074999999994,43.15999999999998,43.55000000000006,47.51134922163785,48.14961174366807,,,,,0,95839580,110375703.04,56.529249505703355,53.59566792359034,,,,,,
2018-01-11,43.6475,43.87215,43.6225,43.82,39.30577500000001,40.036133333333325,43.09085000000007,43.32549999999994,43.27699999999999,43.66250000000006,47.83442433857429,48.120958343205,,,,,0,74670916,108293059.6,59.340589993227425,53.63917808614953,,,,,,
2018-01-12,44.045,44.34,43.9125,44.2725,39.346987500000004,40.082983333333324,43.13110000000006,43.38574999999994,43.42724999999999,43.76700000000006,47.99082946711182,48.109128445378346,,,,,0,101672320,107442759.76,63.933128864404196,53.89917626376696,,,,,,
2018-01-16,44.475,44.8475,44.035,44.0475,39.38731250000001,40.134266666666655,43.17760000000007,43.43537499999994,43.601249999999986,43.85900000000006,47.42681893878488,48.0471003084153,,,,,0,118263788,107117014.56,60.286746295503335,53.89871854360577,,,,,,
2018-01-17,44.0375,44.8125,43.7675,44.775,39.43161250000001,40.18844999999999,43.23255000000007,43.49949999999994,43.77224999999999,44.09750000000006,48.38064846096772,48.07742286773825,,,,,1,137547344,106556491.6,66.86686799859217,55.34996160225786,,,,,,
2018-01-18,44.8425,45.025,44.5625,44.815,39.476062500000005,40.24528333333332,43.26635000000007,43.53499999999994,43.94799999999999,44.34600000000006,47.97221112126056,48.067858163513,,,,,0,124773408,104300069.28,67.1887765820967,56.81787601377058,,,,,67.1887765820967,
2018-01-19,44.6525,44.895,44.3525,44.615,39.518175000000014,40.30223333333332,43.28740000000007,43.58399999999994,44.083749999999995,44.50500000000006,47.8354413641026,48.0467293635666,,,,,0,129700268,104091970.16,63.848550986439214,57.94146530505119,,,,,,
2018-01-22,44.325,44.445,44.1504,44.25,39.55940000000001,40.36011666666666,43.29835000000007,43.61712499999994,44.133749999999985,44.50050000000006,47.23694979183717,47.97311303886392,,,,,0,108434204,104311735.44,58.16537444867205,59.014001703830566,,,,,,
2018-01-23,44.325,44.86,44.205,44.26,39.601125,40.41128333333332,43.30235000000007,43.64249999999994,44.200999999999986,44.54300000000005,46.86953974097855,47.872788193601615,,,,,0,130756584,104974104.96,58.27495380532206,59.468752192049884,,,,,,
2018-01-24,44.3125,44.325,43.3,43.555,39.639725000000006,40.45996666666666,43.29405000000007,43.63262499999994,44.19824999999999,44.299000000000056,46.022901381761315,47.704616665252495,,,,,0,204420360,106703904.48,48.60828277456701,59.23910700680087,,,,,,
2018-01-25,43.62625,43.7375,42.6325,42.7775,39.67465000000001,40.50203333333332,43.27625000000006,43.639374999999944,44.11874999999999,43.89150000000006,45.22667521867533,47.47934926101821,,,,,0,166116016,108014584.8,40.60804265690199,58.28323156492604,,,,,,
2018-01-26,43,43,42.515,42.8775,39.71200000000001,40.54516666666666,43.263950000000065,43.650749999999945,44.02449999999999,43.544000000000054,45.30509817733556,47.281690071592514,,,,,0,156572044,109787459.28,41.93182089315351,57.0716755628117,,,,,,
2018-01-29,42.54,42.54,41.7675,41.99,39.74470000000001,40.581299999999985,43.247050000000065,43.611749999999944,43.79624999999999,43.092000000000056,43.84813792479298,46.969548967338014,,,,,0,202561624,111856092.8,34.56783673329015,55.48760692317031,,,,,,
2018-01-30,41.38125,41.8425,41.175,41.7425,39.77710000000001,40.61654999999999,43.23650000000007,43.583499999999944,43.565749999999994,42.58850000000005,43.88511773137132,46.689146127704674,,,,,0,184192740,113207302,32.83598504364211,53.784729041536785,,,,,,
2018-01-31,41.7175,42.110425,41.625,41.8575,39.80910000000001,40.656049999999986,43.218150000000065,43.52312499999994,43.27399999999999,42.24900000000006,44.490917400963,46.48930715254634,,,,,0,129915720,113914617.68,34.478574952656444,52.209680859176295,,,,,,
2018-02-01,41.79125,42.155,41.69,41.945,39.84232500000001,40.69263333333332,43.20630000000006,43.46749999999994,42.98699999999999,42.08250000000005,44.56213413792005,46.31410960576213,,,,,0,188923148,115941117.12,35.76579777599724,50.52576712937414,,,,,,
2018-02-02,41.5,41.7,40.025,40.125,39.86710000000001,40.72066666666665,43.15890000000007,43.31087499999994,42.53799999999999,41.53200000000005,42.6562201007803,45.981574196218325,,,,,0,346375300,121567627.36,24.836210761591957,47.7331301220304,,,,,,
2018-02-05,39.775,40.97,39,39.1225,39.88466250000001,40.74144999999998,43.07565000000007,43.07949999999994,42.025249999999986,40.95850000000006,42.49166404188072,45.66430963673309,,,,,0,290954088,125376205.52,21.02495133714592,44.92871619643345,,,21.02495133714592,,,
2018-02-06,38.7075,40.93,38.5,40.7575,39.91061250000001,40.77399999999998,43.01600000000007,42.93799999999994,41.675,40.761500000000055,46.15902964959568,45.70928418335696,,,,,1,272975352,128788598.56,37.791721677102146,42.85192003061273,,,,,,
2018-02-07,40.77125,40.85,39.767125,39.885,39.930487500000005,40.79974999999998,42.938850000000066,42.75312499999994,41.30799999999999,40.36700000000006,44.39658051158753,45.589947485923375,,,,,0,206434320,131809458.88,33.682191143037,40.458592499251324,,,,,,
2018-02-08,40.0725,40.25,38.7575,38.7875,39.94376250000001,40.82044999999998,42.84415000000006,42.513874999999935,40.90899999999999,39.73550000000006,43.39196617020801,45.390131002676526,,,,,0,217562064,134503356,29.357645087301748,37.994956363598654,,,,,,
2018-02-09,39.2675,39.4725,37.56,39.1025,39.959675000000004,40.840833333333315,42.76085000000006,42.277999999999935,40.531499999999994,39.531000000000056,45.45040681906237,45.39561062234797,,,,,1,282690432,138042860.48,32.05410592118416,36.12986575449237,,,,,,
2018-02-12,39.625,40.9725,39.3775,40.6775,39.98332500000001,40.870249999999984,42.72700000000006,42.098249999999936,40.40024999999999,39.842000000000056,46.585291366837815,45.50376341730159,,,,,0,243278156,139575114.48,43.63834192678085,35.084393477453716,,,,,,
2018-02-13,40.4875,41.1875,40.4125,41.085,40.00918750000001,40.90159999999998,42.68945000000007,41.95012499999994,40.33449999999999,39.90750000000006,46.40625,45.585807652092356,,,,,0,130196652,138856870.08,46.194358868457186,34.91197034130301,,,,,,
2018-02-14,40.76125,41.885,40.72,41.8425,40.03517500000001,40.937649999999984,42.671050000000065,41.803499999999936,40.333,40.299000000000056,47.13868881762262,45.726978667140564,,,,,0,162579732,138927721.68,50.672604017029336,35.63086758131211,,,,,,
2018-02-15,42.4475,43.2725,42.25,43.2475,40.06702500000001,40.97968333333331,42.68700000000007,41.72512499999994,40.46325,41.19100000000005,48.07717249122704,45.94063265114843,,,,,0,204588684,140416104.56,57.704224409939755,36.757467832511125,,,,,,
2018-02-16,43.09,43.705,42.9425,43.1075,40.098737500000006,41.01866666666665,42.70095000000006,41.64974999999994,40.7615,41.99200000000006,47.35006590509666,46.068762946961904,,,,,0,160704364,141442179.52,56.83482734957456,38.34796716224573,,,,,,
2018-02-20,43.0125,43.565,42.855,42.9625,40.130387500000005,41.055816666666644,42.715150000000065,41.585374999999935,41.14549999999999,42.449000000000055,47.173177855370355,46.16916430227176,,,,,0,135722160,141871822.72,55.89551045038029,39.995076119869886,,,,,,
2018-02-21,43.2075,43.53,42.7525,42.7675,40.15802500000001,41.09079999999997,42.723900000000064,41.51074999999994,41.34649999999999,42.785500000000056,47.23498486890061,46.2660570810562,,,,,0,149886492,142815687.92,54.58887914140775,41.43152641906641,,,,,,
2018-02-22,42.95,43.4875,42.9275,43.125,40.18238750000001,41.12659999999998,42.73955000000007,41.48924999999994,41.67049999999999,43.04200000000005,47.89307489273803,46.413967791209096,,,,,0,123967760,143426624.64,56.592286047157614,42.919132724149286,,,,,,
2018-02-23,43.4175,43.9125,43.385,43.875,40.209275000000005,41.16853333333331,42.75370000000007,41.54412499999994,42.179249999999996,43.167500000000054,48.67860471308747,46.61984387501622,,,,,0,135249440,143309712.72,60.52670188911518,45.468453518972375,,,,,,
2018-02-26,44.0875,44.8475,44.0525,44.7425,40.24141250000001,41.216366666666644,42.79005000000007,41.63737499999994,42.74325,43.49450000000005,48.857969642922136,46.82330985391676,,,,,0,152648696,144809948.24,64.53123853759573,48.576045461861646,,,,,64.53123853759573,
2018-02-27,44.775,45.12,44.54,44.5975,40.271962500000015,41.26019999999998,42.82065000000007,41.76774999999994,43.13525,43.82150000000005,48.133724276874375,46.942438437822,,,,,0,155712500,146018722.48,63.37394689778942,50.403347263339306,,,,,,
2018-02-28,44.815,45.15375,44.5125,44.53,40.29948750000001,41.302499999999974,42.85015000000007,41.90712499999994,43.479749999999996,44.17400000000005,48.67943504307141,47.1003472201174,,,,,0,151128552,147403170.24,62.80924809931545,52.48385133164491,,,,,,
2018-03-01,44.635,44.94375,43.165,43.75,40.32361250000001,41.33839999999998,42.85530000000007,42.001749999999944,43.67049999999999,44.29900000000005,48.36338311537568,47.21516866514088,,,,,0,195207880,148093783.28,56.53971452212775,54.425427719846766,,,,,,
2018-03-02,43.2,44.075,43.1125,44.0525,40.34953750000001,41.38114999999998,42.85425000000007,42.10712499999994,43.75099999999999,44.33450000000005,49.355409740558024,47.409736035633344,,,,,0,153815800,148816410.16,58.279042046399645,56.29863744307645,,,,,,
2018-03-05,43.8025,44.435,43.63,44.205,40.38275000000001,41.426683333333315,42.86565000000008,42.31112499999994,43.860749999999996,44.22700000000005,49.276358569437996,47.57942899325195,,,,,0,113605464,148893603.68,59.16627355744181,57.40777541669508,,,,,,
2018-03-06,44.4775,44.5625,44.0325,44.1675,40.412912500000004,41.473249999999986,42.877250000000075,42.56337499999994,43.981249999999996,44.14100000000005,48.69732518908906,47.681055920146235,,,,,0,95154024,148918632.24,58.83494099756876,58.310674140203055,,,,,,
2018-03-07,43.735,43.9625,43.5675,43.7575,40.44037500000001,41.51488333333331,42.87735000000007,42.71337499999994,44.08024999999999,43.98650000000005,48.118301247745705,47.72080549538255,,,,,0,126813848,149778917.52,55.19553018980339,58.6337402954012,,,55.19553018980339,,,
2018-03-08,43.87,44.28,43.7675,44.235,40.469062500000014,41.54788333333331,42.88700000000007,42.93087499999994,44.19124999999999,44.08350000000004,48.66693560217104,47.80681732327241,,,,,0,95096428,150372890.56,58.42135165714976,58.68496367020192,,,,,,
2018-03-09,44.49,45,44.3475,44.995,40.50178750000001,41.588566666666644,42.93405000000008,43.24124999999994,44.30324999999999,44.27200000000004,49.283124678254964,47.941027082816284,,,,,0,128740648,150292860.64,62.98883189537727,59.12453542347354,,,,,,
2018-03-12,45.0725,45.5975,45.0525,45.43,40.53726250000001,41.63078333333331,42.989650000000076,43.557624999999945,44.372,44.51700000000004,48.90959136142283,48.029078380871425,,,,,0,128828324,151149570.08,65.33600576600725,59.79885651744689,,,,,65.33600576600725,
2018-03-13,45.6475,45.875,44.81,44.9925,40.56988750000001,41.66604999999997,43.03410000000008,43.773374999999945,44.4115,44.682000000000045,48.50037010154436,48.071923082750786,,,,,0,126774116,152366637.44,61.136605465358556,60.266551254871956,,,,,,
2018-03-14,45.08,45.13,44.4525,44.61,40.60092500000001,41.69664999999997,43.080150000000074,43.94962499999994,44.41949999999999,44.85250000000004,48.39602069930677,48.10138650243769,,,,,0,117473424,152636112.16,57.6479610101595,60.34195660937208,,,,,,
2018-03-15,44.625,45.06,44.517525,44.6625,40.63215000000002,41.72596666666664,43.11210000000008,44.090624999999946,44.510749999999994,44.938000000000045,48.73194203994937,48.158709733120574,,,,,0,90975192,152411141.28,58.00219847680315,60.161634937064086,,,,,,
2018-03-16,44.6625,44.78,44.405,44.505,40.663725000000014,41.76379999999998,43.141050000000085,44.15349999999994,44.55599999999999,44.840000000000046,48.59809342161299,48.1986537048017,,,,,0,157618752,153202084.4,56.476071781492344,59.586265883056704,,,,,,
2018-03-19,44.33,44.3675,43.415,43.825,40.691375000000015,41.79349999999997,43.15240000000008,44.18937499999994,44.51799999999999,44.51900000000005,47.774172332222626,48.16006448911269,,,,,0,133787084,154083058.32,50.320048885822985,58.65384459648767,,,,,,
2018-03-20,43.81,44.2,43.735,43.81,40.716112500000015,41.81914999999998,43.153600000000075,44.23174999999994,44.48224999999999,44.28250000000005,48.44595491205049,48.18605452756158,,,,,1,78597400,153762204.88,50.190085591640425,57.75247584593946,,,,,,
2018-03-21,43.76,43.7725,42.815,42.8175,40.73778750000002,41.83526666666664,43.13820000000009,44.23424999999994,44.38824999999999,43.92400000000005,47.27837199202044,48.10353793342148,,,,,0,148219740,155081178.4,42.38897383631087,56.741708654095405,,,,,,
2018-03-22,42.5,43.17,42.15,42.2125,40.75578750000002,41.84843333333331,43.11080000000009,44.188624999999945,44.18599999999999,43.43400000000005,46.696448654648165,47.97562072626027,,,,,0,165963068,156673720,38.46428057481507,55.32636854898222,,,,,,
2018-03-23,42.0975,42.48,41.235,41.235,40.76775000000002,41.86023333333331,43.06405000000009,44.05662499999995,43.809999999999995,42.780000000000044,46.79255132031365,47.8680689620833,,,,,0,164115136,158039231.12,33.127413140681696,53.466449947785065,,,33.127413140681696,,,
2018-03-26,42.0175,43.275,41.61,43.1925,40.78997500000002,41.88568333333331,43.05150000000009,43.97912499999995,43.58624999999999,42.65350000000005,50.063556211508896,48.06765871203108,,,,,1,150164944,159549111.68,48.52888060460498,52.730302776859084,,,,,,
2018-03-27,43.42,43.7875,41.73,42.085,40.81417500000002,41.904233333333316,43.00775000000009,43.853499999999954,43.2955,42.308500000000045,47.490173214722304,48.01516003045756,,,,,0,163690316,160789471.6,42.55699378046497,51.827550176192055,,,,,,
2018-03-28,41.8125,42.505,41.2975,41.62,40.84050000000001,41.915399999999984,42.959200000000095,43.70799999999995,42.9965,42.06900000000004,47.791106245837504,47.994791504583006,,,,,0,166674180,161757679.44,40.31383845286723,50.534156375886155,,,,,,
2018-03-29,41.95125,42.9375,41.725,41.945,40.86698750000002,41.92839999999998,42.902600000000085,43.61774999999995,42.72475,42.015500000000046,48.30518234165068,48.02300885340734,,,,,1,153594020,162078612.96,42.59145211268139,49.077200677122164,,,,,,
2018-04-02,41.97,42.235,41.1175,41.67,40.89388750000001,41.94074999999998,42.839700000000086,43.49862499999995,42.44125,42.10250000000004,47.33667314180555,47.96061469780718,,,,,0,150347164,162590088.08,41.16019439284424,47.350357007610526,,,,,,
2018-04-03,41.91,42.186375,41.22,42.0975,40.92401250000002,41.95496666666665,42.78935000000008,43.39324999999995,42.268499999999996,41.88350000000004,48.914937952189874,48.04737135729652,,,,,1,121112184,162418326.4,44.29409171570306,46.14732031120656,,,,,,
2018-04-04,41.22,43.0025,41.1925,42.9025,40.96068750000002,41.97186666666665,42.76240000000009,43.329999999999956,42.177749999999996,42.04700000000004,49.229283405687625,48.15481790715025,,,,,0,138421956,163018081.44,49.72429567741053,45.58134421601021,,,,,,
2018-04-05,43.145,43.5576,43.02,43.2,40.99376250000001,41.98834999999998,42.74120000000009,43.302124999999954,42.215999999999994,42.36300000000004,49.00385300356563,48.23200291591529,,,,,0,107732788,162557605.52,51.60196197839817,45.12418446612414,,,,,,
2018-04-06,42.7425,43.12,42.05,42.095,41.02297500000002,41.99673333333332,42.71200000000009,43.195124999999955,42.204249999999995,42.39300000000004,47.424929774226015,48.158632630307174,,,,,0,140021160,161269621.52,44.895102498175305,44.29697237445864,,,,,,
2018-04-09,42.47,43.2725,42.46125,42.5125,41.05320000000002,42.00681666666665,42.70670000000009,43.070999999999955,42.331999999999994,42.561500000000045,48.96869612627521,48.23227476630427,,,,,1,116070872,160268718.64,47.66294370102766,44.10717914697326,,,,,,
2018-04-10,43.25,43.5,42.8825,43.3125,41.08772500000002,42.02214999999998,42.71540000000009,42.96512499999995,42.343999999999994,42.80450000000005,49.7242801818488,48.367911622262866,,,,,0,114456964,159426417.04,52.57821054044595,44.27775950045937,,,,,,
2018-04-11,43.0575,43.4808,42.925,43.11,41.12042500000001,42.03941666666665,42.737800000000085,42.870999999999945,42.44649999999999,42.846000000000046,48.67757925679465,48.396063225402116,,,,,0,89726560,157169715.76,51.26575414924461,44.91181523709749,,,,,,
2018-04-12,43.3525,43.75,43.26,43.535,41.155825000000014,42.059799999999974,42.77365000000009,42.81724999999995,42.63799999999999,42.913000000000046,49.43058599116642,48.490110749562504,,,,,0,91557140,155317003.76,53.86846301387575,46.01211398274468,,,,,,
2018-04-13,43.695,43.96,43.4625,43.6825,41.194575000000015,42.08224999999998,42.810150000000085,42.76824999999995,42.811749999999996,43.23050000000005,49.192189159869216,48.553936059590384,,,,,0,100497020,154728629.76,54.77126714071182,47.55810355417541,,,,,,
2018-04-16,43.757525,44.0475,43.707525,43.955,41.23206250000001,42.11089999999998,42.85035000000009,42.74074999999995,43.04024999999999,43.51900000000005,49.64235967322967,48.65288366083032,,,,,0,86313680,152676440.4,56.46630841229344,48.125062683296,,,,,,
2018-04-17,44.1225,44.734125,44.1025,44.56,41.27526250000001,42.13879999999998,42.93905000000009,42.777499999999954,43.2865,43.768500000000046,49.92083171511367,48.76815166576517,,,,,0,106421768,147877369.76,60.046408988227626,49.37430662670762,,,,,60.046408988227626,
2018-04-18,44.4525,44.705,44.22,44.46,41.317537500000014,42.16709999999998,43.04580000000009,42.80999999999995,43.442249999999994,44.03850000000004,49.28336270825713,48.81498903326444,,,,,0,83018152,143718651.04,59.18009623652569,50.72189646839752,,,,,,
2018-04-19,43.7375,43.8475,43.165,43.2,41.35416250000001,42.189016666666646,43.094650000000094,42.82912499999995,43.442249999999994,43.97150000000005,47.84688995215312,48.72698002589068,,,,,0,139235200,141043848,49.49126390270321,51.214740167684795,,,,,,
2018-04-20,42.64875,42.8046,41.3575,41.43,41.38120000000001,42.201416666666645,43.125550000000096,42.78999999999995,43.37575,43.52100000000005,46.15076138173798,48.49277833096771,,,,,0,261964560,142154452.8,39.666773107772954,51.108067218751124,,,,,,
2018-04-23,41.7087,41.73,41.0225,41.31,41.409337500000014,42.21034999999998,43.176000000000094,42.79374999999995,43.2555,42.99200000000005,46.41329668107291,48.30373454461364,,,,,0,146061908,140724449.68,39.10007500497427,50.737066025127646,,,,,,
2018-04-24,41.4175,41.5825,40.305025,40.735,41.43278750000001,42.217466666666645,43.20865000000009,42.67087499999995,42.997749999999996,42.22700000000005,45.76469222444005,48.07291251550695,,,,,0,134768068,137766002.4,36.41546025468856,49.78643492350464,,,36.41546025468856,,,
2018-04-25,40.655,41.355,40.6025,40.9125,41.45602500000001,42.22566666666665,43.21335000000009,42.61224999999995,42.778,41.51750000000005,46.58747570751853,47.93787280568982,,,,,0,113528336,135171006,37.83441837881568,48.803038952105894,,,,,,
2018-04-26,41.03,41.4325,40.8425,41.055,41.47938750000001,42.23924999999998,43.2127500000001,42.58399999999995,42.529999999999994,41.088500000000046,46.66401454876108,47.82206750960539,,,,,0,111852056,134804114.08,39.01112941910402,48.38275516074366,,,,,,
2018-04-27,41,41.0825,40.1575,40.58,41.500112500000014,42.254133333333314,43.1875000000001,42.515749999999954,42.21974999999999,40.918500000000044,45.64782109833742,47.62440874494467,,,,,0,142623356,134404986.56,36.52901810530727,47.58747476104935,,,,,,
2018-04-30,40.53255,41.815,40.46,41.315,41.52197500000001,42.27641666666665,43.1488500000001,42.49799999999995,41.955749999999995,40.91950000000004,46.42291313190333,47.51518187103182,,,,,0,169709696,133707406.8,42.61346552002882,46.875707259590975,,,,,,
2018-05-01,41.60255,42.3,41.3175,42.275,41.54705000000002,42.30733333333331,43.1322000000001,42.50687499999995,41.72724999999999,41.22750000000004,47.893733124374535,47.549595621335705,,,,,1,214277504,134778869.6,49.43198946905393,46.744724068148784,,,,,,
2018-05-02,43.80625,44.4375,43.45,44.1425,41.58081250000001,42.346383333333314,43.1558000000001,42.56887499999995,41.695499999999996,41.87350000000005,49.88228868464667,47.76165862709124,,,,,0,266157484,137387576.08,59.51050914152838,47.147727362981115,,,,,,
2018-05-03,43.97,44.375,43.610275,44.2225,41.614325000000015,42.38414999999998,43.1849000000001,42.619999999999955,41.79774999999999,42.50700000000005,50.33539858935299,47.99563498729686,,,,,0,136272720,137115300.64,59.87940375901039,47.512594264288154,,,,,,
2018-05-04,44.5625,46.0625,44.5425,45.9575,41.655337500000016,42.43506666666664,43.241550000000096,42.81312499999995,42.2505,43.582500000000046,52.42838618413298,48.398612368827415,,,,,0,224805268,139132050.8,66.91880028505076,48.25920082662797,,,,,,
2018-05-07,46.295,46.9175,46.1875,46.29,41.69886250000001,42.48679999999998,43.289850000000094,43.00199999999995,42.74849999999999,44.57750000000004,52.13973012142283,48.73871398269973,,,,,0,169805692,139823175.84,68.07485344322689,48.8326611448422,,,,,,
2018-05-08,46.2475,46.555,45.91625,46.5125,41.74358750000002,42.54053333333331,43.325250000000096,43.16199999999995,43.32625,45.42500000000005,52.209808316153,49.05426801301366,,,,,0,113611108,139042424.08,68.85909672663334,49.52401832270703,,,,,,
2018-05-09,46.6375,46.85,46.305,46.84,41.787675000000014,42.59533333333331,43.37010000000009,43.34849999999995,43.919,45.96450000000006,52.59139495194468,49.375825007461934,,,,,0,92844964,137785073.36,70.02624241820126,50.990802502385456,,,,,,
2018-05-10,46.935,47.5925,46.9125,47.51,41.83430000000002,42.656266666666646,43.429700000000096,43.54724999999995,44.5645,46.62200000000005,52.83213296809611,49.690034822065044,,,,,0,111957156,137001645.44,72.3125030744327,53.32264035714686,,,,,72.3125030744327,
2018-05-11,47.3725,47.515,46.8625,47.1475,41.87821250000002,42.71159999999998,43.49765000000009,43.72049999999995,45.221250000000005,46.86000000000005,51.94229307362646,49.89478557220699,,,,,0,104848884,135194465.52,69.23547729876518,55.47516909241764,,,,,,
2018-05-14,47.2525,47.3825,46.965,47.0375,41.92520000000001,42.76634999999998,43.5573500000001,43.87462499999995,45.7935,47.009500000000045,51.732765826404474,50.06187468622495,,,,,0,83115088,133780451.28,68.2859262844495,57.75163095168627,,,,,,
2018-05-15,46.695,46.7675,46.275,46.61,41.971375000000016,42.81734999999998,43.605450000000104,43.97712499999995,46.227000000000004,47.02900000000004,51.217341298765994,50.16691710554686,,,,,0,94780636,133403954.72,64.57903959586575,59.66196103861842,,,,,,
2018-05-16,46.5175,47.115,46.5,47.045,42.020687500000015,42.87114999999998,43.6630000000001,44.10637499999995,46.517250000000004,47.070000000000036,52.05148536760775,50.33824149300694,,,,,0,76732256,133035519.36,66.56779316538896,61.630294163353064,,,,,,
2018-05-17,47,47.2275,46.59,46.7475,42.06686250000001,42.92188333333331,43.7228000000001,44.283749999999955,46.76975,46.91750000000004,51.513153544955664,50.44505167954773,,,,,0,69176116,131882764.72,63.92435362720783,63.58710384348882,,,,,,
2018-05-18,46.7975,46.95255,46.5325,46.5775,42.10332500000001,42.97239999999998,43.7696500000001,44.54112499999995,46.83175000000001,46.80350000000004,51.36978747339281,50.529118569897285,,,,,0,73190912,131444654.4,62.399483517200565,65.00039084328681,,,62.399483517200565,,,
2018-05-21,47,47.3175,46.72765,46.9075,42.143400000000014,43.02346666666665,43.80790000000011,44.82099999999995,46.8935,46.777500000000046,51.870275012255945,50.65104188283898,,,,,0,73603148,130341904.4,64.18545941121597,66.05421012486981,,,,,,
2018-05-22,47.09375,47.22,46.695,46.79,42.181862500000015,43.06893333333332,43.83510000000011,45.12374999999995,46.92125,46.81350000000004,51.36095367378823,50.715579318379824,,,,,0,60962816,128984594.24,63.037336854149295,66.30612639005703,,,,,,
2018-05-23,46.5875,47.125,46.44,47.09,42.218800000000016,43.11541666666665,43.87705000000011,45.43262499999995,46.946250000000006,46.82250000000004,51.85285783500463,50.81896827443662,,,,,0,80233660,128053785.12,64.77006910288692,66.65545962890535,,,,,,
2018-05-24,47.1925,47.21,46.5525,47.0375,42.25388750000002,43.162733333333314,43.9256000000001,45.73174999999995,46.899,46.88050000000004,51.627342872508954,50.89245687426138,,,,,0,92935900,127563034.64,64.20285725716474,66.46146369834206,,,,,,
2018-05-25,47.0575,47.4125,46.9125,47.145,42.28828750000002,43.217066666666646,43.975250000000116,46.05999999999995,46.89874999999999,46.99400000000004,51.850236091151714,50.9795277121605,,,,,0,69843852,127140407.84,64.88103952184835,66.23333413252931,,,,,,
2018-05-29,46.9,47.1875,46.7175,46.975,42.32901250000002,43.26981666666665,44.02465000000011,46.34299999999995,46.8925,47.007500000000036,51.78534025641875,51.052783398002155,,,,,0,90056300,125789158.8,62.853123030805314,65.80433601139875,,,,,,
2018-05-30,46.93,47,46.695,46.875,42.36653750000002,43.322033333333316,44.085650000000115,46.57299999999995,46.919,47.02450000000004,52.27967254801365,51.16431877527593,,,,,0,74762188,124608660.88,61.632785892372475,65.20480340241097,,,,,,
2018-05-31,46.805,47.0575,46.535,46.7175,42.40031250000002,43.37164999999998,44.14380000000011,46.701749999999954,46.886250000000004,46.95000000000004,51.450802309829996,51.19036273296266,,,,,0,109931172,125235336.32,59.667805270394524,64.30161070212252,,,59.667805270394524,,,
2018-06-01,46.9978,47.565,46.9375,47.56,42.436112500000014,43.42803333333332,44.23865000000011,46.86862499999996,46.9675,47.05450000000004,52.74150084834417,51.331375288906436,,,,,0,93770040,124146342.32,65.92593370379258,64.06521473105305,,,,,,
2018-06-04,47.90875,48.355,47.8375,47.9575,42.47471250000002,43.48539999999999,44.35355000000011,46.96862499999996,47.10549999999999,47.21700000000004,52.611514579722225,51.447751588071505,,,,,0,105064696,122928374.88,68.41600395514001,64.07450599324524,,,,,,
2018-06-05,48.26625,48.485,48.09,48.3275,42.51902500000002,43.53583333333332,44.49540000000012,47.07049999999996,47.247499999999995,47.48750000000004,52.78098344661379,51.56895448430262,,,,,0,86263852,121371349.2,70.57176733953011,64.50255797493554,,,,,,
2018-06-06,48.4075,48.52,47.98,48.495,42.564625000000014,43.58126666666666,44.60145000000011,47.16962499999996,47.41799999999999,47.81150000000004,52.926731664726425,51.69238877343206,,,,,0,83734476,120042739.84,71.51948637223765,64.85625034685332,,,,,71.51948637223765,
2018-06-07,48.535,48.55,48.08375,48.365,42.609937500000015,43.62196666666666,44.72705000000012,47.24587499999996,47.54549999999999,48.141000000000034,52.33646545349613,51.75094119889243,,,,,0,85388720,118476707.92,69.64484741854727,65.2648570462347,,,,,,
2018-06-08,47.7925,48,47.4425,47.925,42.64983750000002,43.66331666666666,44.85315000000012,47.26662499999996,47.634249999999994,48.21400000000004,51.89739998628342,51.76425563410979,,,,,0,106627196,117275768.24,63.57122437940082,65.34855282210614,,,,,,
2018-06-11,47.8375,47.9925,47.5525,47.8075,42.68890000000002,43.701849999999986,44.970400000000126,47.29962499999996,47.70049999999999,48.18400000000004,51.60883473730042,51.75012646167257,,,,,0,73233840,115668564.64,62.01586231259076,65.19358160077577,,,,,,
2018-06-12,47.84625,48.15275,47.7875,48.07,42.73016250000001,43.73481666666665,45.09840000000012,47.351249999999965,47.809999999999995,48.132500000000036,51.83680805176132,51.7580066062261,,,,,1,67644564,114014512.64,64.12745082653547,65.27144688451764,,,,,,
2018-06-13,48.105,48.22,47.61,47.675,42.76871250000002,43.76223333333332,45.20995000000012,47.40449999999996,47.89,47.968500000000034,51.32138435868454,51.71831367463141,,,,,0,86553572,113323340.4,58.82785774735962,64.84700321626569,,,,,,
2018-06-14,47.8875,47.8925,47.555,47.7,42.80537500000001,43.78888333333332,45.30590000000012,47.43724999999996,47.988249999999994,47.83550000000004,51.5558629932664,51.70354543087095,,,,,0,86440296,112283707.2,59.05847413699283,64.47954727911056,,,,,,
2018-06-15,47.5075,47.54,47.065,47.21,42.83778750000001,43.80988333333332,45.38610000000011,47.46037499999996,47.95324999999999,47.69250000000004,50.90045247242578,51.63053698010321,,,,,0,246876640,115066584.24,52.81424881553782,63.61763365723123,,,,,,
2018-06-18,46.97,47.305,46.8,47.185,42.86952500000001,43.83131666666665,45.48790000000012,47.49074999999996,47.87599999999999,47.56800000000004,50.925293021448674,51.5664238929528,,,,,0,73939460,113744950.24,52.50920627481963,62.87878246037511,,,,,,
2018-06-19,46.285,46.5825,45.8625,46.4225,42.89663750000002,43.849683333333324,45.56610000000011,47.46649999999996,47.68549999999999,47.23850000000004,50.20910319963948,51.44303110265159,,,,,0,134313820,114109809.2,44.13608093293577,61.62901782041534,,,,,,
2018-06-20,46.5875,46.8,46.4325,46.625,42.92470000000001,43.870566666666654,45.632350000000116,47.458249999999964,47.49849999999999,47.028500000000044,50.63183461896264,51.36928596777077,,,,,0,82514804,113470966,46.572687072143665,60.69365223482599,,,,,,
2018-06-21,46.8125,47.0875,46.235,46.365,42.95392500000002,43.89409999999999,45.69745000000012,47.42199999999996,47.2985,46.76150000000004,50.26343176791986,51.268753767784325,,,,,0,102847592,113733386.64,43.9236653929146,59.12206164119185,,,,,,
2018-06-22,46.53,46.5375,46.175,46.23,42.98268750000001,43.92049999999999,45.75135000000012,47.381624999999964,47.129,46.565500000000036,50.437129058536016,51.19315152148902,,,,,0,108801788,114078279.6,42.569723126034546,57.27589872482717,,,,,,
2018-06-25,45.85,46.23,45.1825,45.5425,43.008825000000016,43.938949999999984,45.78855000000012,47.30149999999996,46.90249999999999,46.23700000000004,49.59471918922058,51.0478394912828,,,,,0,126652384,114601386.88,36.413824203968616,54.836045643715636,,,36.413824203968616,,,
2018-06-26,45.7475,46.6325,45.635,46.1075,43.041075000000006,43.96274999999999,45.831600000000115,47.258124999999964,46.70625,46.174000000000035,50.908699444622336,51.03519039613185,,,,,0,98276804,114840649.36,43.628409492617955,52.84382586659995,,,,,,
2018-06-27,46.30695,46.82,46.0075,46.04,43.069400000000016,43.98638333333332,45.86120000000012,47.21637499999996,46.54275,46.05700000000004,50.722349121943694,51.006750280296565,,,,,0,101141312,114735040.24,43.00069216072134,50.940671919612384,,,,,,
2018-06-28,46.025,46.5525,45.95,46.375,43.100200000000015,44.006983333333324,45.89950000000012,47.199249999999964,46.41025,46.05900000000004,51.53483995955001,51.05475843295597,,,,,1,69460940,114463896,47.07088590077396,49.76207631399618,,,,,,
2018-06-29,46.5725,46.7975,45.7275,46.2775,43.13202500000001,44.0239,45.96105000000012,47.13512499999996,46.31699999999999,46.06850000000004,51.1106979689358,51.05984384531777,,,,,0,90950664,113498205.28,46.04043010972679,48.62097401379162,,,,,,
2018-07-02,45.955,46.825,45.855,46.795,43.16815000000001,44.04425,46.06835000000013,47.076999999999956,46.278,46.31900000000004,51.643080228225,51.112865334672975,,,,,0,70925372,109677421.52,52.041553061121434,47.75769560197633,,,,,,
2018-07-03,46.9475,46.9875,45.885,45.98,43.198200000000014,44.060633333333335,46.161750000000126,46.95962499999995,46.23375,46.29350000000004,50.58843808105738,51.06519012979883,,,,,0,55819224,107872567.84,43.78303942055715,46.68306572149044,,,,,,
2018-07-05,46.315,46.6025,46.07,46.35,43.23161250000002,44.081183333333335,46.27405000000013,46.85237499999995,46.20625,46.35550000000004,51.24906937144795,51.08190642449421,,,,,1,66416992,106505546.32,47.830625297485234,45.881076518668465,,,,,,
2018-07-06,46.355,47.1085,46.3,46.9925,43.26816250000002,44.112,46.39565000000013,46.783749999999955,46.269,46.47900000000004,51.51537851575489,51.12131297824518,,,,,0,69940980,105633799.2,54.02134404194352,45.96729760626887,,,,,,
2018-07-09,47.375,47.67,47.325,47.645,43.31130000000001,44.14321666666667,46.52745000000013,46.76974999999995,46.4105,46.75250000000004,51.79142117964216,51.182231905644905,,,,,0,79026536,104977288.8,59.303105466856906,46.45257611998583,,,,,59.303105466856906,
2018-07-10,47.6775,47.82,47.545025,47.5875,43.357500000000016,44.175383333333336,46.66760000000013,46.75874999999995,46.615,46.911000000000044,51.27650251241841,51.190801960806134,,,,,0,63756596,103399953.6,58.66357236717252,47.490254079574164,,,,,,
2018-07-11,47.125,47.444975,46.9025,46.97,43.402487500000014,44.20551666666667,46.78070000000013,46.70374999999995,46.70125,47.109000000000044,50.43595911004209,51.12217988346395,,,,,0,75325880,101512277.28,52.15833549913899,47.88922896721669,,,,,,
2018-07-12,47.3825,47.8525,47.3275,47.7575,43.45308750000001,44.241166666666665,46.890350000000126,46.70787499999995,46.873000000000005,47.390500000000046,51.64796937296775,51.169978927964294,,,,,1,72164524,98670017.68,58.48150084326924,48.92907435652773,,,,,,
2018-07-13,47.77,47.96,47.725,47.8325,43.50082500000001,44.27836666666667,46.964150000000124,46.71449999999995,47.01875,47.55850000000004,51.28042483087887,51.180019464592895,,,,,0,50079168,94348451.36,59.03678801993881,50.10529327752089,,,,,,
2018-07-16,47.88,48.1625,47.60375,47.7275,43.546675000000015,44.314350000000005,47.03425000000013,46.74037499999996,47.16375,47.57500000000004,51.11269370401705,51.17389894090418,,,,,0,60172440,92826445.76,57.869867687911594,51.637867812088246,,,,,,
2018-07-17,47.4375,47.9675,47.3,47.8625,43.59438750000001,44.351150000000004,47.072350000000135,46.77424999999995,47.2705,47.63000000000004,51.31002026136083,51.18627360640024,,,,,1,62138092,89573102.24,58.9921814939449,52.735280097897316,,,,,,
2018-07-18,47.945,47.95,47.4825,47.6,43.63973750000001,44.38070000000001,47.09855000000013,46.83312499999995,47.43249999999999,47.75600000000004,50.826644836361695,51.15358008185128,,,,,0,65573524,87488458.88,55.87529128225246,53.65489432086383,,,,,,
2018-07-19,47.4225,48.1375,47.4225,47.97,43.68732500000001,44.414333333333346,47.12770000000013,46.900374999999954,47.5945,47.79850000000003,51.11130053061137,51.14973648628402,,,,,0,81147008,86839176.88,59.151421087149714,54.517789691319244,,,,,,
2018-07-20,47.945,48.1075,47.5425,47.86,43.733525000000014,44.44628333333335,47.148100000000134,46.975124999999956,47.68124999999999,47.804000000000045,51.19647422526021,51.15398537164549,,,,,1,82824168,86638760.96,57.77795771979296,55.35618452060969,,,,,,
2018-07-23,47.67,47.99,47.39,47.9025,43.781187500000016,44.478600000000014,47.15595000000014,47.05874999999996,47.706999999999994,47.83900000000004,51.290585081892914,51.166403527122526,,,,,0,63957460,85678767.04,58.18197168596736,55.79478585095582,,,,,,
2018-07-24,48.1125,48.415025,48.0125,48.25,43.82820000000002,44.510316666666675,47.17800000000013,47.19412499999996,47.77325,47.91650000000004,51.56787722035782,51.20290113559846,,,,,0,74791592,85077621.2,61.431638900253695,57.05540009950557,,,,,,
2018-07-25,48.26505,48.7125,48.1075,48.705,43.87760000000002,44.540983333333344,47.21135000000013,47.323999999999955,47.946749999999994,48.137500000000045,51.8064813501631,51.257772064195244,,,,,0,67305932,84761438.08,65.24046042481777,58.2989597514579,,,,,,
2018-07-26,48.6525,48.99,48.4025,48.5525,43.92556250000001,44.57376666666668,47.250200000000135,47.449624999999955,48.02625,48.25400000000005,51.17846714943764,51.25056252649001,,,,,0,76303856,84391902.48,62.994983806581516,58.93993402036061,,,,,,
2018-07-27,48.7475,48.7975,47.525,47.745,43.96941250000002,44.60148333333334,47.26420000000014,47.518124999999955,48.0175,48.231000000000044,50.48036258035412,51.180544349568564,,,,,0,96095888,84779175.12,52.659603231591035,58.46539814641305,,,,,,
2018-07-30,47.975,48.05,47.2675,47.4775,44.01111250000002,44.62631666666668,47.27880000000013,47.57812499999996,47.99249999999999,48.14600000000005,50.52912211492752,51.121324146419376,,,,,0,84118140,85078015.6,49.74781077297069,57.82855803254149,,,49.74781077297069,,,
2018-07-31,47.575,48.035,47.335,47.5725,44.053975000000015,44.65178333333335,47.29870000000014,47.616999999999955,47.963499999999996,48.01050000000005,50.92324983943481,51.10331739123896,,,,,0,157492152,86764040.4,50.78853022671435,57.730714798796875,,,,,,
2018-08-01,49.7825,50.44,49.3275,50.375,44.10961250000002,44.70333333333335,47.36805000000013,47.83674999999995,48.241,48.344500000000046,53.6610221248522,51.335836003385616,,,,,1,271742864,90726834.72,70.31767707927645,58.57615595851168,,,,,,
2018-08-02,50.145,52.095,50.0875,51.8475,44.169000000000025,44.76465000000001,47.46920000000013,48.111624999999954,48.62875,49.003500000000045,55.28709443512383,51.69504131536182,,,,,0,249616048,94499899.36,75.7606100505194,59.77071467498172,,,,,,
2018-08-03,51.7575,52.185,51.370075,51.9975,44.22840000000002,44.82616666666668,47.56735000000013,48.361874999999955,49.042500000000004,49.85400000000004,55.17522513281599,52.01142166240311,,,,,0,133789584,95571017.84,76.23860971010097,61.08276767656668,,,,,,
2018-08-06,52,52.3125,51.7675,52.2675,44.290037500000025,44.89256666666668,47.67195000000012,48.592999999999954,49.479,50.81200000000004,55.205344411780246,52.30177827598285,,,,,0,101701548,95746330.8,77.11347841520427,62.3771460280852,,,,,77.11347841520427,
2018-08-07,52.33,52.375,51.69,51.7775,44.353950000000026,44.95065000000001,47.76460000000013,48.80249999999995,49.83175000000001,51.65300000000004,54.494983160258215,52.5011605381897,,,,,0,102349548,96396444.72,71.93693386207852,63.52440621235849,,,,,,
2018-08-08,51.5125,51.9525,51.13,51.8125,44.417700000000025,45.00901666666668,47.86135000000013,49.044624999999954,50.142500000000005,51.94050000000004,54.37824695201946,52.67180475762877,,,,,0,90101948,96397357.68,72.08110044557229,64.4479547379601,,,,,,
2018-08-09,51.82,52.445,51.8,52.22,44.48358750000002,45.06876666666667,47.96825000000013,49.26774999999995,50.50925000000001,52.01500000000004,54.820310039542285,52.86712341962091,,,,,0,93970504,96781524,73.7706146683607,65.59028737714351,,,,,,
2018-08-10,51.84,52.275,51.6675,51.8825,44.54662500000002,45.12298333333334,48.07155000000012,49.47024999999995,50.92300000000001,51.99200000000004,54.54464216878448,53.019625124090325,,,,,0,98444808,96551796.72,69.99274121757628,66.43391377225844,,,69.99274121757628,,,
2018-08-13,51.925,52.738,51.925,52.2175,44.61220000000002,45.18051666666667,48.164700000000124,49.69474999999995,51.397000000000006,51.98200000000004,55.290158402981696,53.22603724035318,,,,,0,103563520,96747666.32,71.55014006796864,67.15666385566665,,,,,,
2018-08-14,52.53875,52.64,52.065,52.4375,44.67762500000003,45.23955000000001,48.25430000000012,49.92349999999995,51.88350000000001,52.11400000000005,55.746421775168066,53.45516310715453,,,,,0,82992040,96306213.2,72.55744425319716,67.67930555769375,,,,,,
2018-08-15,52.305,52.685,52.0825,52.56,44.73661250000002,45.299466666666675,48.33895000000013,50.17149999999995,52.10200000000001,52.26350000000004,55.521908759278304,53.64304907552942,,,,,0,115230256,96885541.28,73.12797491993109,68.40309063721872,,,,,,
2018-08-16,52.9375,53.453025,52.8675,53.33,44.794862500000015,45.362866666666676,48.43565000000013,50.439499999999946,52.25025000000001,52.485500000000044,56.7668546003541,53.92703139596803,,,,,0,114001468,97490881.12,76.44318014876143,70.10191755987374,,,,,,
2018-08-17,53.36,54.4875,53.29,54.395,44.855537500000025,45.430350000000004,48.55625000000013,50.76624999999995,52.49000000000001,52.98800000000004,57.44555020083149,54.24689674186471,,,,,0,141707988,98617266.48,80.10002204373085,72.26993265064233,,,,,80.10002204373085,
2018-08-20,54.525,54.795,53.7775,53.865,44.91625000000002,45.4958,48.67505000000013,51.06437499999995,52.64975000000002,53.31750000000005,56.69741380217745,54.46967102007496,,,,,0,121150780,98907738.16,73.9478820663162,73.92417206775676,,,,,,
2018-08-21,54.2,54.2975,53.50625,53.76,44.974912500000016,45.5557,48.79410000000013,51.33987499999995,52.84800000000001,53.58200000000005,56.44983461962513,54.64968589276134,,,,,0,104639020,99535841.76,72.7556564495991,74.09831345135123,,,,,,
2018-08-22,53.525,54.09,53.46,53.7625,45.02810000000002,45.61535000000001,48.90795000000013,51.59274999999995,53.043000000000006,53.82250000000005,56.3359250565848,54.80298036219984,,,,,0,76072524,99704400.96,72.76691454568379,73.88447805814869,,,,,,
2018-08-23,53.6625,54.2625,53.65,53.8725,45.07965000000002,45.67706666666667,49.031900000000135,51.85874999999995,53.20825000000001,53.931000000000054,56.47367758978552,54.954861928343995,,,,,0,75532896,99483987.44,73.28991401571227,73.67385693712092,,,,,,
2018-08-24,54.15,54.225,53.7775,54.04,45.131337500000015,45.742333333333335,49.15870000000014,52.173499999999954,53.424000000000014,53.86000000000005,56.74523447836527,55.11762306925502,,,,,0,73905424,99233290,74.10540712698185,73.45899470224789,,,,,,
2018-08-27,54.2875,54.685,54.0825,54.485,45.183462500000026,45.810500000000005,49.30420000000013,52.523874999999954,53.650750000000016,53.98400000000005,56.86004403953122,55.276024975643764,,,,,0,82100468,95937766.56,76.18564816328714,73.76247429519137,,,,,,
2018-08-28,54.7525,55.135,54.73,54.925,45.238237500000025,45.88630000000001,49.45900000000013,52.89149999999995,53.89950000000001,54.217000000000056,56.882909753723155,55.422105410014616,,,,,0,91107064,96281118.64,78.0622574313861,74.18969979417807,,,,,,
2018-08-29,55.0375,55.8725,54.8525,55.745,45.29862500000002,45.97275000000001,49.64545000000014,53.159999999999954,54.218,54.613500000000045,57.71659902261244,55.6306957384326,,,,,0,109019216,95775226.56,81.05801365165874,74.71022829298508,,,,,,
2018-08-30,55.8125,57.065,55.6,56.2575,45.362450000000024,46.06195000000001,49.83810000000013,53.38049999999995,54.51075000000001,55.090500000000056,57.91701555229167,55.83854299423797,,,,,0,195175296,98028436.4,82.65248428249876,75.61449565476525,,,,,,
2018-08-31,56.6275,57.2175,56.5,56.9075,45.432812500000026,46.16140000000001,50.04895000000014,53.625999999999955,54.762000000000015,55.66400000000006,58.84689758818115,56.11202977550553,,,,,0,173360536,99438695.28,84.44131063907665,76.53529355270153,,,,,,
2018-09-04,57.1025,57.295,56.6575,57.09,45.50691250000003,46.263716666666674,50.26615000000013,53.86712499999995,55.08450000000001,56.185000000000045,59.02768204251566,56.37708907250645,,,,,0,109560528,99453870.08,84.9117503267545,77.41774398652706,,,,,84.9117503267545,
2018-09-05,57.2475,57.4175,56.275,56.7175,45.57662500000002,46.36278333333334,50.48965000000014,54.11412499999996,55.38025000000001,56.54350000000005,58.73971250241653,56.5918730206801,,,,,0,133331840,99587459.2,79.61997871826827,77.88145854355115,,,,,,
2018-09-06,56.5575,56.8375,55.325,55.775,45.642812500000026,46.454983333333345,50.68300000000015,54.31224999999995,55.58150000000002,56.549500000000045,57.925984906182926,56.71315591936217,,,,,0,137159904,100365121.2,68.06209373019213,77.28280951365333,,,,,,
2018-09-07,55.4625,56.3425,55.1775,55.325,45.706962500000024,46.55631666666668,50.868700000000146,54.46749999999995,55.72675000000002,56.363000000000056,57.669255224891856,56.80007403804669,,,,,0,150479240,101351879.76,63.334780095862435,76.08529223166273,,,,,,
2018-09-10,55.2375,55.4625,54.1175,54.5825,45.76345000000002,46.659383333333345,51.03285000000014,54.60249999999995,55.78100000000002,55.898000000000046,57.0214996099844,56.820203635495574,,,,,0,158065812,103123977.2,56.37687161059796,74.8302200562543,,,,,,
2018-09-11,54.5025,56.07475,54.14,55.9625,45.82456250000002,46.76075000000002,51.22655000000013,54.789749999999955,55.92875000000002,55.67250000000005,58.35242064140306,56.95949609057807,,,,,0,142996196,104164887.84,64.24008757354082,74.22196513653584,,,,,,
2018-09-12,56.235,56.25,54.96,55.2675,45.882187500000015,46.86330000000002,51.39600000000014,54.931249999999956,55.96300000000002,55.38250000000005,57.4130247343216,57.00072596728203,,,,,0,197114960,106688679.6,58.51909481958996,73.20426372752914,,,,,,
2018-09-13,55.88,57.0875,55.6425,56.6025,45.947587500000026,46.98206666666669,51.60845000000014,55.13337499999996,56.04875000000002,55.54800000000006,58.77888622737909,57.162376900018124,,,,,0,166825508,108908805.28,64.97208124587853,72.61013281539813,,,,,,
2018-09-14,56.4375,56.71,55.6305,55.96,46.011050000000026,47.09445000000002,51.80065000000014,55.26487499999996,56.01900000000003,55.675000000000054,57.80633431812078,57.220918483482,,,,,0,127997156,110140408.56,60.12434033367982,71.61148518730514,,,,,,
2018-09-17,55.5375,55.7375,54.3175,54.47,46.07155000000002,47.18640000000002,51.95020000000013,55.268624999999965,55.77525000000003,55.65250000000005,56.251678152689514,57.13280572613723,,,,,0,148780532,111717199.6,50.68045056597353,69.78968535892558,,,,,,
2018-09-18,54.4475,55.4625,54.28,54.56,46.129537500000026,47.27623333333335,52.08850000000013,55.30337499999996,55.52225000000003,55.37200000000005,56.66020492938244,57.08984201734134,,,,,0,126286848,112662405.84,51.179272743332355,67.86947216692174,,,,,,
2018-09-19,54.625,54.905,53.825,54.5925,46.18868750000002,47.361233333333345,52.228600000000135,55.344999999999956,55.30975000000003,55.23700000000006,56.391191022996864,57.026328290582754,,,,,0,108495332,113557180.56,51.37054482840012,65.74893867954613,,,,,,
2018-09-20,55.06,55.57,54.7875,55.0075,46.25147500000003,47.43963333333335,52.38935000000013,55.407249999999955,55.233000000000025,54.91800000000005,56.748740521673355,57.001093038863715,,,,,0,106435176,114179366.48,53.85657607805668,63.69208809351455,,,,,,
2018-09-21,55.195,55.34,54.3225,54.415,46.311500000000024,47.51501666666668,52.522500000000136,55.43437499999997,55.14200000000003,54.60900000000006,55.700759191333276,56.882880870906405,,,,,0,384986992,120435815.84,49.93184642197552,61.22712636372162,,,49.93184642197552,,,
2018-09-24,54.205,55.315,54.1575,55.1975,46.37622500000002,47.59658333333335,52.66980000000013,55.492249999999956,55.203500000000034,54.75450000000005,56.52257762819703,56.8501260306601,,,,,0,110773432,121649701.12,54.633856388797014,59.06441965386751,,,,,,
2018-09-25,54.9375,55.705,54.925,55.5475,46.44231250000003,47.68178333333334,52.82620000000013,55.54537499999996,55.16200000000002,54.952000000000055,57.08166487975146,56.87117501694113,,,,,1,98217516,122410602.64,56.59725097305175,57.419939100637755,,,,,,
2018-09-26,55.25,55.9375,54.94,55.105,46.506125000000026,47.76165000000002,52.971050000000126,55.55437499999996,55.145750000000035,55.054500000000054,56.70094252905102,56.85569933622385,,,,,0,95938824,123086617.28,53.4477957471606,56.37606067327837,,,,,,
2018-09-27,55.955,56.61,55.885,56.2375,46.57147500000003,47.844066666666684,53.14380000000013,55.578999999999965,55.10925000000002,55.30050000000004,58.057206371710656,56.96492724854083,,,,,1,120724908,124189644.96,59.63821527118818,56.11202032865877,,,,,,
2018-09-28,56.1975,56.46,56.005,56.435,46.63902500000003,47.92201666666668,53.313100000000134,55.58787499999996,55.156750000000024,55.70450000000005,58.10054907343857,57.06816559625881,,,,,0,91717456,124401053.92,60.621661883643085,56.415219633876276,,,,,,
2018-10-01,56.9875,57.355,56.5875,56.815,46.70776250000003,48.003466666666675,53.49220000000013,55.583249999999964,55.39125000000003,56.028000000000056,58.49216535460093,57.19762011974446,,,,,0,94403208,124632634.72,62.51421557954713,56.291943062876726,,,,,,
2018-10-02,56.8125,57.5,56.6575,57.32,46.779087500000024,48.088733333333344,53.68055000000013,55.594749999999955,55.667250000000024,56.38250000000005,58.797985358631465,57.34310786873419,,,,,0,99152680,125336539.12,64.92667611282553,56.74962744096499,,,,,,
2018-10-03,57.5125,58.3675,57.445,58.0175,46.85171250000002,48.18385000000001,53.87590000000013,55.65974999999996,56.00975000000002,56.965000000000046,59.53708486264423,57.54256032272601,,,,,0,114619196,126133091.2,67.99079762216854,56.96525003927142,,,,,67.99079762216854,
2018-10-04,57.695,58.0875,56.6825,56.9975,46.91617500000003,48.270150000000015,54.04175000000013,55.72087499999996,56.20875000000002,57.11700000000004,58.448783289067535,57.62494422875706,,,,,0,128168000,127350332.56,59.76768671312163,56.93977478066012,,,,,,
2018-10-05,56.99,57.1025,55.145,56.0725,46.978362500000024,48.34926666666667,54.192150000000126,55.75824999999996,56.37450000000001,57.04450000000004,57.97384900107181,57.65666284442204,,,,,0,134321852,128510692.48,53.45387729618506,57.13787668996094,,,,,,
2018-10-08,55.5525,56.2,55.05,55.9425,47.04013750000002,48.42776666666668,54.35610000000013,55.82624999999996,56.44900000000001,56.87000000000005,58.16095260208555,57.702507367845996,,,,,0,118655692,128961888.56,52.612672601028436,57.24026239408209,,,,,,
2018-10-09,55.91,56.8175,55.56155,56.7175,47.10496250000002,48.51416666666668,54.54090000000013,55.86399999999996,56.56600000000002,56.74950000000005,58.989991090094065,57.81955134259582,,,,,0,107564116,129430808.08,56.96104951731485,57.639584157576,,,,,,
2018-10-10,56.365,56.5875,54.0125,54.09,47.15665000000002,48.579866666666675,54.67125000000013,55.80512499999996,56.46450000000002,55.96400000000004,56.33709909246826,57.68478295622059,,,,,0,167962216,129640209.36,42.666322077867804,56.84028030041966,,,,,,
2018-10-11,53.63,54.875,53.08,53.6125,47.21150000000002,48.63731666666668,54.73600000000013,55.655624999999965,56.20200000000002,55.28700000000005,57.73724907383476,57.68955260327642,,,,,1,212497568,128455303.44,40.66887452521935,56.17863945065136,,,40.66887452521935,,,
2018-10-12,55.105,55.72,54.21,55.5275,47.275887500000024,48.70463333333334,54.80960000000014,55.63399999999997,56.11125000000002,55.17800000000004,61.055685262629346,57.99556466321759,,,,,0,161351404,126690010.56,50.647666232915036,55.89391158237407,,,,,,
2018-10-15,55.29,55.4575,54.3175,54.34,47.333737500000026,48.766950000000016,54.85645000000014,55.62749999999996,55.86375000000002,54.85750000000005,58.913025408997775,58.078970185561246,,,,,0,123164028,126477499.44,45.53348848158201,55.103642832983375,,,,,,
2018-10-16,54.7325,55.7475,54.190675,55.5375,47.39988750000002,48.83980000000001,54.921850000000134,55.67637499999997,55.68550000000001,54.62150000000004,60.56896382493757,58.30533324368637,,,,,0,116735852,126778185.52,50.91597706730837,54.922798641565365,,,,,,
2018-10-17,55.575,55.66,54.835,55.2975,47.46105000000002,48.91070000000001,54.99225000000014,55.711624999999984,55.41350000000001,54.86300000000004,59.038157669969245,58.371953646075724,,,,,0,91541588,126562026.32,49.85266117141757,54.223830491581744,,,,,,
2018-10-18,54.465,54.935,53.25,54.005,47.51578750000002,48.974033333333345,55.03610000000013,55.661499999999975,55.11425000000001,54.94150000000004,57.6727976904539,58.308394013746465,,,,,0,130325260,127366492.56,44.466878094185205,53.06991736376333,,,,,,
2018-10-19,54.515,55.315,54.3575,54.8275,47.573637500000025,49.04738333333334,55.08825000000014,55.68212499999997,54.989750000000015,54.80150000000005,59.406128330889416,58.40818804257764,,,,,1,132314904,128133380.56,48.294978108018334,52.05425754436841,,,,,,
2018-10-22,54.9475,55.84,54.735,55.1625,47.630700000000026,49.12306666666668,55.15385000000014,55.68037499999997,54.91175000000002,54.966000000000044,59.79069868269877,58.5338708280432,,,,,0,115168328,128467850.96,49.812450374770656,50.9746699916502,,,,,,
2018-10-23,53.9575,55.8125,53.675,55.6825,47.69117500000002,49.208833333333345,55.22315000000013,55.687124999999966,54.80825000000001,54.99500000000004,60.61493969258457,58.72305890663787,,,,,0,155071384,129498008.24,52.15952418156027,49.84386474589247,,,,,52.15952418156027,
2018-10-24,55.65,56.0575,53.635,53.7725,47.742125000000016,49.28590000000001,55.24985000000013,55.62049999999997,54.77650000000001,54.69000000000004,58.86017754653026,58.73552423753718,,,,,0,163700652,131112180.48,44.01689170766289,48.71880795978827,,,,,,
2018-10-25,54.4275,55.345,54.1875,54.95,47.79901250000002,49.37733333333335,55.29765000000014,55.55612499999997,54.910250000000005,54.87900000000004,62.06468129964987,59.03817487954742,,,,,0,119423072,131196036.8,49.274297663269195,48.42026655743714,,,,,,
2018-10-26,53.975,55.0475,53.1675,54.075,47.850287500000015,49.44988333333335,55.31255000000014,55.43812499999997,54.76500000000001,54.72850000000004,59.95963881917674,59.12194432860463,,,,,0,189033500,132696677.44,45.830033150193195,47.935792310948905,,,,,,
2018-10-29,54.7975,54.9225,51.5225,53.06,47.89422500000001,49.52305000000001,55.285850000000146,55.25037499999998,54.637000000000015,54.308000000000035,59.871590896268465,59.190094016574065,,,,,0,183742080,133537359.28,42.14949672365461,46.87782425425889,,,,,,
2018-10-30,52.7875,53.795,52.3175,53.325,47.940612500000015,49.60108333333335,55.275050000000135,55.05062499999997,54.41575000000002,53.836500000000036,60.56791292001893,59.315350280523596,,,,,0,146639960,134047142.88,43.42692132980094,46.932152772254106,,,,,,
2018-10-31,54.22,55.1125,54.155,54.715,47.990312500000016,49.68621666666668,55.29415000000014,54.885499999999965,54.357500000000016,54.02500000000005,61.18808780935127,59.48559914678066,,,,,0,153435732,135023077.12,49.70088615440513,47.5772964600531,,,,,,
2018-11-01,54.7625,55.59,54.2025,55.555,48.044012500000015,49.778783333333344,55.33000000000013,54.813374999999965,54.512500000000024,54.146000000000036,61.46053825219232,59.66513906545445,,,,,0,233292720,138167481.04,53.08680428715861,47.75152060678478,,,,,53.08680428715861,
2018-11-02,52.3875,53.4125,51.3575,51.87,48.08028750000001,49.84393333333334,55.28995000000013,54.60324999999996,54.216750000000026,53.70500000000004,56.7843028496152,59.40324486401452,,,,,0,365314616,143963115.44,40.27759012263856,47.37609929543168,,,,,,
2018-11-05,51.075,51.0975,49.5425,50.3975,48.11102500000002,49.89390000000001,55.217100000000144,54.325999999999965,53.74025000000002,53.172500000000035,55.52301454980794,59.0504966536321,,,,,0,264654676,147778100.48,36.48882029913685,46.345588097705146,,,,,,
2018-11-06,50.48,51.18,50.4225,50.9425,48.14443750000001,49.945516666666684,55.146250000000144,54.03724999999996,53.26625000000003,52.69600000000004,55.81088335506207,58.7559863537621,,,,,0,127531524,148686721.6,38.78404523341303,45.55497267356196,,,,,,
2018-11-07,51.4925,52.515,51.0325,52.4875,48.18910000000002,50.014800000000015,55.09750000000015,53.95712499999995,53.13775000000002,52.25050000000003,57.1458382478361,58.60960925322337,,,,,0,133697736,149538535.04,44.86685841572208,45.58354269652888,,,,,,
2018-11-08,52.495,52.53,51.6875,52.1225,48.23582500000001,50.078866666666684,55.02505000000015,53.88262499999996,52.85500000000002,51.564000000000036,55.569869468955794,58.33326927283541,,,,,0,101450544,149387161.6,43.76056125318568,45.25965577832655,,,,,,
2018-11-09,51.3875,51.5025,50.5625,51.1175,48.27702500000001,50.13090000000002,54.92225000000015,53.66212499999996,52.55925000000002,51.41350000000004,54.63547845790447,57.99710647147805,,,,,0,137463000,148232915.68,40.77902012889412,44.61441076076394,,,,,,
2018-11-12,49.75,49.9625,48.4475,48.5425,48.30978750000001,50.167116666666686,54.75495000000014,53.37224999999995,52.10750000000003,51.04250000000004,52.36496812309196,57.48509389435204,,,,,0,204542072,148856546.4,34.32582547254826,43.340575138691655,,,,,,
2018-11-13,47.9075,49.295,47.862525,48.0575,48.34136250000002,50.197266666666685,54.57430000000015,52.99824999999996,51.58075000000002,50.465500000000034,52.88366309395426,57.066782003406786,,,,,0,187531744,150415970.72,33.25827864157523,42.57210277682825,,,,,,
2018-11-14,48.475,48.62,46.4825,46.7,48.36557500000001,50.21738333333335,54.37395000000015,52.56837499999996,50.779250000000026,49.308000000000035,51.46610437223108,56.55762949148172,,,,,0,243203828,152613410.48,30.407704358007763,41.224488969309576,,,,,,
2018-11-15,47.0975,47.9925,46.725,47.8525,48.39511250000001,50.24336666666669,54.215500000000155,52.26074999999995,50.00900000000002,48.454000000000036,53.13834867003753,56.246785780441336,,,,,0,185915204,153588516.48,35.464949746220356,40.48412586902581,,,,,,
2018-11-16,47.625,48.742375,47.365,48.3825,48.43640000000001,50.268850000000015,54.07665000000016,51.938499999999955,49.66025000000002,47.90700000000004,53.163687641931006,55.96650413148585,,,,,0,147713012,153533191.92,37.706832508047796,40.16679271076818,,,,,,
2018-11-19,47.5,47.675,46.2475,46.465,48.473112500000006,50.282216666666685,53.914300000000146,51.50362499999994,49.26700000000002,47.491500000000045,50.94343759935971,55.50986171947438,,,,,0,167683488,153725545.44,33.21160847560927,39.43712750689734,,,,,,
2018-11-20,44.5925,45.3675,43.8775,44.245,48.49055000000001,50.28918333333335,53.679950000000154,50.931749999999944,48.59725000000002,46.72900000000004,49.33047908931776,54.94809966218742,,,,,0,271300988,156291641.28,28.91387160327598,37.95234075324526,,,,,,
2018-11-21,44.9325,45.0675,44.1375,44.195,48.51210000000001,50.307616666666675,53.45850000000016,50.45287499999994,47.76800000000002,46.228000000000044,50.18566253704734,54.51515083262923,,,,,0,124496840,154839278.88,28.8234032087487,36.21924067621598,,,,,,
2018-11-23,43.735,44.14875,43.025,43.0725,48.53352500000001,50.319366666666674,53.187900000000155,49.858999999999945,46.863000000000014,45.27200000000004,48.7626088236293,53.99219246817469,,,,,0,94495888,153392686.48,26.796340641227104,35.25629428468659,,,26.796340641227104,,,
2018-11-26,43.56,43.7375,42.565,43.655,48.55628750000001,50.33883333333335,52.94180000000016,49.337999999999944,46.116750000000025,44.326500000000046,49.74815388823047,53.606370779088856,,,,,0,179994080,154432624.96,29.564602260858706,34.76170728195244,,,,,,
2018-11-27,42.8775,43.6925,42.72,43.56,48.57070000000001,50.356483333333344,52.72360000000016,48.86299999999994,45.618500000000026,43.745500000000035,48.88065982157887,53.17676069204249,,,,,0,165549508,154768004.48,29.369535274891902,34.089242284915215,,,,,,
2018-11-28,44.1825,45.3225,43.7325,45.235,48.59145,50.38435000000001,52.53710000000015,48.45849999999994,45.33625000000002,43.94350000000004,50.59522699903437,52.94207581085993,,,,,0,184250156,155927270.64,37.23308127549176,33.54397248918448,,,,,,
2018-11-29,45.665,45.7,44.425,44.8875,48.60667500000002,50.41306666666668,52.343000000000146,47.96712499999994,45.155000000000015,44.082000000000036,49.07901114881241,52.59088811431016,,,,,0,167079968,157098963.36,36.329412201069836,33.01317612831907,,,,,,
2018-11-30,45.0725,45.0825,44.2575,44.645,48.61366250000001,50.43526666666668,52.13575000000015,47.421624999999935,44.83425000000002,44.396500000000046,48.9213809829934,52.25729655691773,,,,,0,158126196,158132783.76,35.678638002089656,32.648863119261605,,,,,,
2018-12-03,46.115,46.235,45.3025,46.205,48.62915000000001,50.461466666666674,51.97155000000015,47.13837499999994,44.616500000000016,44.90650000000004,50.21973284254231,52.07206349197451,,,,,0,163192008,153696884.08,42.77964647120358,33.25270747630841,,,,,42.77964647120358,
2018-12-04,45.2375,45.597475,44.0675,44.1725,48.635200000000005,50.46166666666668,51.75105000000015,46.82712499999994,44.38725000000002,45.02900000000004,47.49101373652957,51.655604423297696,,,,,0,165377128,154788958,37.04181605133059,33.522960148433796,,,,,,
2018-12-06,42.94,43.695,42.605,43.68,48.6397625,50.458050000000014,51.513700000000156,46.46399999999993,44.33075000000002,44.71800000000003,48.53225483878136,51.37166355197803,,,,,0,172393640,156272480.48,35.78918634661571,33.90735171904864,,,,,,
2018-12-07,43.3725,43.6225,42.075,42.1225,48.634750000000004,50.43248333333335,51.25405000000016,45.94574999999993,44.12350000000002,44.165000000000035,46.87308740889112,50.96270208442468,,,,,0,169126524,157736234.48,32.093050391727715,33.66650176515631,,,,,,
2018-12-10,41.25,42.5225,40.8325,42.4,48.627375,50.40655000000001,50.977300000000156,45.45962499999993,44.05625000000002,43.71600000000004,48.30844486305012,50.721405973390624,,,,,0,248103976,160283815.84,33.412546562162206,33.35976705473591,,,,,,
2018-12-11,42.915,42.9475,41.75,42.1575,48.614450000000005,50.37751666666668,50.69175000000016,45.01162499999993,43.90650000000003,42.90650000000004,47.94765934215915,50.46924718873322,,,,,0,189126660,162231999.92,32.81252480331955,33.33126107814379,,,,,,
2018-12-12,42.6,42.98,42.255,42.275,48.60283750000001,50.347083333333345,50.40095000000016,44.69824999999993,43.77800000000003,42.52700000000004,48.098438246649316,50.25371910308923,,,,,0,142510696,163194149.68,33.436268101597264,33.65428939945245,,,,,,
2018-12-13,42.6225,43.1425,42.3875,42.7375,48.593875,50.31526666666668,50.10930000000017,44.432249999999925,43.52825000000003,42.33850000000003,48.36254795233622,50.08179445302078,,,,,0,127591308,163762922.24,35.95655962595423,34.16380057210999,,,,,35.95655962595423,
2018-12-14,42.25,42.27,41.32,41.37,48.581975,50.276750000000014,49.77635000000016,44.16574999999993,43.17650000000002,42.18800000000003,46.824420684087016,49.78566956493589,,,,,0,162814840,164726835.12,32.08794633006828,34.54177240702722,,,,,,
2018-12-17,41.3625,42.0875,40.6825,40.985,48.566637500000006,50.23640000000001,49.45610000000016,43.82237499999993,42.810500000000026,41.90500000000004,47.29129406334738,49.55890815570057,,,,,0,177151688,165706508.88,31.074277015668642,34.64960631808507,,,,,,
2018-12-18,41.345,41.8825,41.0975,41.5175,48.553200000000004,50.20245000000001,49.16500000000016,43.47912499999993,42.34175000000002,41.77700000000003,48.922009159681686,49.50100824697158,,,,,0,135366072,165727393.28,34.1717685674045,34.99262298183597,,,,,,
2018-12-19,41.5,41.8625,39.7725,40.2225,48.53347500000001,50.156966666666676,48.850600000000156,43.16699999999993,41.94675000000002,41.36650000000003,47.391954943915536,49.30927612851194,,,,,0,196189188,167278063.2,30.573387146873003,34.51693054407749,,,,,,
2018-12-20,40.1,40.5275,38.825,39.2075,48.510725,50.10670000000001,48.500400000000155,42.91512499999993,41.49950000000002,40.660500000000035,46.91837923221751,49.09192186521245,,,,,0,259091840,170308617.68,28.07774177791191,33.927525513851926,,,,,,
2018-12-21,39.215,39.54,37.4075,37.6825,48.477962500000004,50.04740000000002,48.17225000000016,42.58949999999993,41.055500000000016,39.92300000000004,45.81607509058044,48.794117612973174,,,,,0,382977536,174608924.08,24.80196772065527,33.150620493749464,,,,,,
2018-12-24,37.0375,37.8875,36.6475,36.7075,48.43652500000001,49.97940000000002,47.834150000000164,42.27124999999994,40.48625000000002,39.06750000000004,45.56881098393625,48.500907919424364,,,,,0,148676928,173332511.28,22.957795790483857,31.7347740165552,,,22.957795790483857,,,
2018-12-26,37.075,39.3075,36.68,39.2925,48.405837500000004,49.92941666666668,47.50945000000017,42.05312499999994,40.199750000000016,38.62250000000004,50.13716983539619,48.64965900269453,,,,,1,234330176,174792086.72,36.44970616387739,31.69248045316569,,,,,,
2018-12-27,38.96,39.1925,37.5175,39.0375,48.37606250000001,49.87573333333335,47.203400000000165,41.826999999999934,39.87600000000002,38.385500000000036,47.458159419702554,48.541340858786164,,,,,0,212468260,176578171.36,35.78397686819601,31.69210834756428,,,,,,
2018-12-28,39.375,39.63,38.6375,39.0575,48.34830000000001,49.82253333333335,46.873800000000166,41.518124999999934,39.50800000000002,38.35550000000004,47.0793505382047,48.40843264782421,,,,,0,169165696,177626768.24,35.88288957286173,31.962811146216712,,,,,,
2018-12-31,39.6325,39.84,39.12,39.435,48.32216250000001,49.771133333333346,46.55655000000017,41.245499999999936,39.31450000000002,38.70600000000004,47.5934731709672,48.334345422655396,,,,,0,140013864,178596213.76,37.82943754413915,32.27830335921506,,,,,,
2019-01-02,38.7225,39.7125,38.5575,39.48,48.29703750000001,49.72116666666668,46.266050000000156,40.98724999999994,39.164000000000016,39.260500000000036,47.24654446815725,48.235454426791925,,,,,0,148158948,178952887.52,38.070798430120014,32.653894332557954,,,,,,
2019-01-03,35.995,36.43,35.5,35.5475,48.25565,49.64565000000002,45.88045000000015,40.454374999999935,38.56700000000002,38.511500000000034,42.486543985530055,47.71282620485903,,,,,0,365248780,183611565.04,27.883306659292472,32.25725422953618,,,27.883306659292472,,,
2019-01-04,36.1325,37.137475,35.95,37.065,48.22192500000001,49.58130000000001,45.51850000000015,40.09899999999994,38.25125000000001,38.11700000000003,45.42483526629056,47.50482702862553,,,,,0,234428280,185996764.08,35.10039455081083,32.19609958131166,,,,,,
2019-01-07,37.175,37.2075,36.475,36.9825,48.192750000000004,49.51078333333335,45.14450000000015,39.764124999999936,38.02875000000002,37.70200000000004,43.8191663309557,47.169766965201,,,,,0,219111056,187277557.52,34.89593333471737,32.396670081643734,,,,,,
2019-01-08,37.39,37.955,37.13,37.6875,48.170125000000006,49.442316666666684,44.82280000000015,39.542374999999936,38.02925000000002,37.352500000000035,44.34362608787735,46.91284506726249,,,,,0,164101256,187285569.6,38.20837623686679,32.9062485974436,,,,,,
2019-01-09,37.8225,38.6325,37.4075,38.3275,48.15558750000001,49.375650000000014,44.49035000000014,39.33874999999993,38.19125000000002,37.122000000000035,44.66363166706158,46.708371121789675,,,,,0,180396324,188505034.64,41.13632322790801,33.40371678747956,,,,,,
2019-01-10,38.125,38.4925,37.715,38.45,48.13187500000001,49.30868333333335,44.17785000000014,39.15337499999994,38.10700000000002,37.70250000000003,44.62351448378312,46.51883870015271,,,,,0,143122680,187586818.24,41.70570096825026,34.19888206043508,,,,,,
2019-01-11,38.22,38.425,37.8775,38.0725,48.111812500000006,49.24006666666668,43.87810000000015,38.943249999999935,38.01050000000002,37.90400000000004,43.98665198102163,46.28863990750443,,,,,0,108092964,186073835.92,40.40854597171904,35.079653788564165,,,,,,
2019-01-14,37.7125,37.8175,37.305,37.5,48.091212500000005,49.17056666666668,43.561600000000155,38.68137499999993,37.854750000000024,38.007500000000036,43.33156155392757,46.01981460263381,,,,,0,129756744,185736171.6,38.455133356671865,36.054879905422496,,,,,,
2019-01-15,37.5675,38.3475,37.5125,38.2675,48.072825,49.10696666666668,43.23265000000015,38.52624999999993,37.73800000000002,38.123500000000035,44.45212401407878,45.877297276401535,,,,,0,114841296,184964282.88,42.470272999834194,37.44862827751895,,,,,,
2019-01-16,38.27,38.97,38.25,38.735,48.058150000000005,49.04473333333335,42.89625000000015,38.413749999999936,37.66350000000002,38.20500000000003,44.51787150902195,45.75371311573066,,,,,0,122278824,182744004.96,44.83124020588561,38.047309280519535,,,,,,
2019-01-17,38.55,39.415,38.315,38.965,48.0424875,48.986666666666686,42.63815000000015,38.286124999999934,38.005250000000025,38.308000000000035,44.68292496464203,45.65636873835897,,,,,0,119284640,177823405.44,46.00527211978057,38.77740179848986,,,,,,
2019-01-18,39.375,39.47,38.99515,39.205,48.02400000000001,48.930033333333355,42.41430000000016,38.23524999999994,38.219250000000024,38.53450000000003,44.61941759359019,45.5621004524709,,,,,0,135004092,175230393.76,47.26635197076897,39.59050625548323,,,,,,
2019-01-22,39.1025,39.1825,38.155,38.325,47.99962500000001,48.87080000000001,42.161950000000154,38.19112499999993,38.353500000000025,38.69950000000003,43.050349906953585,45.33375949378751,,,,,0,121575880,175111280.88,43.27529959685146,39.979496402105546,,,,,,
2019-01-23,38.5375,38.785,37.925,38.48,47.981550000000006,48.812766666666676,41.88180000000015,38.23099999999993,38.43275000000003,38.74200000000003,43.84518971476319,45.198434968421665,,,,,0,92522280,174287771.76,44.169511566789176,40.415118769010476,,,,,,
2019-01-24,38.5275,38.62,37.935,38.175,47.9598625,48.75778333333335,41.602850000000146,38.30437499999993,38.41750000000003,38.63000000000003,43.40205404176299,45.035127611452694,,,,,0,101766196,174294084.8,42.74169367339856,41.47643212716092,,,42.74169367339856,,,
2019-01-25,38.87,39.5325,38.58,39.44,47.9405,48.709883333333345,41.36930000000015,38.31174999999993,38.51650000000002,38.72500000000003,44.778661257299426,45.01181248834785,,,,,0,134191572,174228656.24,49.96592244393628,42.53825554809845,,,,,,
2019-01-28,38.9475,39.0825,38.415,39.075,47.920325000000005,48.661283333333344,41.17995000000015,38.31362499999993,38.616750000000025,38.69900000000003,43.990828442336266,44.91899575689225,,,,,0,104768232,172233179.44,48.080916381049626,43.4800400514079,,,,,,
2019-01-29,39.0625,39.5325,38.5275,38.67,47.896,48.61088333333334,40.992200000000146,38.294249999999934,38.73375000000003,38.76800000000003,43.879191330824376,44.824468081795175,,,,,0,166348956,171809523.68,46.00691611809463,44.037078614352744,,,,,,
2019-01-30,40.8125,41.5375,40.0575,41.3125,47.88415,48.58268333333335,40.88445000000014,38.38812499999993,39.038250000000026,39.334500000000034,46.94602272727272,45.0173366859295,,,,,1,244439120,171834229.52,58.565547903685435,45.282023234051124,,,,,,
2019-01-31,41.5275,42.25,41.14,41.61,47.87242499999999,48.55270000000001,40.75960000000015,38.49462499999994,39.32575000000002,40.02150000000004,46.56011637231681,45.15758938469198,,,,,0,162958596,171375097.36,59.70198271885287,46.567471930522736,,,,,,
2019-02-01,41.74,42.245,41.4825,41.63,47.85777499999999,48.52330000000001,40.62455000000014,38.79874999999994,39.59225000000002,40.459500000000034,46.1854221367553,45.25102872578864,,,,,0,130672552,171034288.16,59.78184336135286,47.95127888692515,,,,,,
2019-02-04,41.8525,42.91375,41.82,42.8125,47.8495375,48.49955000000001,40.55150000000014,39.08612499999994,39.95300000000002,41.20700000000003,47.45467443553183,45.451360153947114,,,,,0,125982328,170200264.96,64.28811836411208,49.796492101742295,,,,,,
2019-02-05,43.215,43.77,43.087525,43.545,47.851262500000004,48.48133333333334,40.53750000000014,39.41424999999994,40.47500000000002,42.18200000000003,47.94173667000627,45.6777580190434,,,,,0,144406512,167662375.44,66.77178713930763,51.53231454027611,,,,,,
2019-02-06,43.6625,43.8925,43.213275,43.56,47.861912499999995,48.459766666666674,40.524800000000134,39.70787499999993,40.98300000000002,42.63150000000003,47.73349892245316,45.86464355571702,,,,,0,112958364,167431605.92,66.82267224260355,53.10313111432739,,,,,66.82267224260355,
2019-02-07,43.1,43.485,42.585,42.735,47.869037500000005,48.43813333333333,40.51805000000014,39.928249999999935,41.43900000000002,42.856500000000025,46.93385951874535,45.96184500690141,,,,,0,126966760,168081023.36,61.26558008189611,54.19315311162136,,,,,,
2019-02-08,42.2475,42.665,42.105,42.6025,47.878375000000005,48.41315,40.49700000000013,40.13587499999993,41.755250000000025,43.05100000000003,47.23028029785111,46.07715730607866,,,,,0,95279864,166386739.04,60.39685039122898,55.13104585593994,,,,,,
2019-02-11,42.7625,42.8025,42.3125,42.3575,47.885600000000004,48.382250000000006,40.472950000000125,40.350124999999935,42.08350000000003,42.96000000000002,46.926931769502346,46.15440953002627,,,,,0,83973700,164755222.88,58.73831594741929,56.23554702383764,,,58.73831594741929,,,
2019-02-12,42.525,42.75,42.425,42.7225,47.893937500000014,48.34943333333334,40.42270000000013,40.611249999999934,42.488750000000024,42.795500000000025,47.29777105321425,46.25835148667972,,,,,0,89134092,162852901.6,60.47949776114262,57.40054603772003,,,,,,
2019-02-13,42.8475,43.12,42.48,42.545,47.90376250000001,48.31581666666668,40.37585000000013,40.825124999999936,42.61200000000002,42.592500000000015,46.501841711206566,46.280486961636704,,,,,0,89960932,161310520.88,59.171815466604315,58.574126165806156,,,,,,
2019-02-14,42.4275,42.815375,42.345,42.7,47.910687500000016,48.28735000000001,40.33695000000013,41.02337499999994,42.721000000000025,42.585500000000025,46.5305499758448,46.30321996292835,,,,,0,87342988,159894856.72,59.985451204047294,59.28980679152837,,,,,,
2019-02-15,42.8125,42.925,42.4375,42.605,47.91233750000001,48.253000000000014,40.264950000000134,41.20537499999993,42.81850000000002,42.58600000000003,46.55046199007185,46.32569651085049,,,,,0,98507256,158601161.68,59.20666697055933,60.08450326220764,,,,,,
2019-02-19,42.4275,42.86,42.3725,42.7325,47.90528750000001,48.21900000000001,40.23615000000013,41.38174999999993,42.810500000000026,42.66100000000002,46.18731085170774,46.31311599638297,,,,,0,75891304,156811445.2,59.95804375145996,61.08101237887659,,,,,,
2019-02-20,42.7975,43.33,42.7475,43.0075,47.899212500000004,48.18753333333334,40.22270000000013,41.61587499999993,42.756750000000025,42.71800000000002,46.41497827150545,46.322376203212286,,,,,1,104457448,155452721.36,61.60089003645823,61.297822531217506,,,,,,
2019-02-21,42.95,43.0925,42.575,42.765,47.883250000000004,48.15355000000001,40.23555000000013,41.83012499999993,42.67725000000003,42.76200000000002,46.071390095881064,46.299559284363994,,,,,0,68998680,153450164.48,59.290780652603615,61.26845095505684,,,,,,
2019-02-22,42.895,43.25,42.845,43.2425,47.86801250000001,48.124500000000005,40.25240000000013,42.08349999999993,42.72800000000002,42.87050000000002,46.75067029925618,46.34056937662692,,,,,1,75652616,150001137.28,62.289617324473625,61.44757766670832,,,,,,
2019-02-25,43.54,43.9675,43.4875,43.5575,47.85323750000001,48.095083333333335,40.28040000000013,42.289374999999936,42.82350000000002,43.06100000000002,46.79124278915875,46.38153968685708,,,,,0,87493432,147968472.72,64.16499757511602,61.43878332463719,,,,,,
2019-02-26,43.4275,43.825,43.2933,43.5825,47.836950000000016,48.066566666666674,40.30655000000012,42.51474999999993,42.94600000000002,43.231000000000016,46.76049940810626,46.41599057060701,,,,,0,68280844,146483875.68,64.31667044621022,61.2634178465588,,,,,,
2019-02-27,43.3025,43.75,43.1825,43.7175,47.817987500000015,48.03866666666668,40.326150000000126,42.76712499999993,43.04550000000002,43.37300000000001,46.94244604316546,46.46385015902141,,,,,0,111341556,146158880.64,65.17387422521915,61.145646559602774,,,,,65.17387422521915,
2019-02-28,43.58,43.7275,43.23,43.2875,47.798687500000014,48.00558333333334,40.36450000000012,42.86587499999993,43.119750000000025,43.47750000000001,46.50602711665318,46.46768442789703,,,,,0,112861664,145159817.12,60.21225988653029,61.07040940279092,,,,,,
2019-03-01,43.57,43.7875,43.2225,43.7425,47.78221250000002,47.97250000000001,40.41965000000012,42.97249999999993,43.224000000000025,43.577500000000015,47.12801985282763,46.52771492107254,,,,,0,103544668,143687676.72,63.388374066382404,61.284089665301885,,,,,,
2019-03-04,43.9225,44.4375,43.4925,43.9625,47.76897500000002,47.94190000000001,40.46855000000012,43.08912499999993,43.359750000000034,43.65850000000002,47.040685667816334,46.574348625321974,,,,,0,109744812,143175251.52,64.84945690984884,61.72059973404685,,,,,,
2019-03-05,43.985,44,43.635,43.8825,47.75316250000001,47.916150000000016,40.54175000000012,43.14262499999994,43.47475000000003,43.71850000000001,47.138007956144534,46.62559038266948,,,,,0,78949676,140830461.28,63.851574368911926,61.961462348887515,,,,,,
2019-03-06,43.6675,43.8725,43.485,43.63,47.737575000000014,47.89050000000002,40.630200000000116,43.14687499999993,43.53700000000003,43.701000000000015,46.91986449913072,46.652342575075046,,,,,0,83241536,137313455.2,60.677918492050125,62.06904113641936,,,,,,
2019-03-07,43.4675,43.61,43.005,43.125,47.72031250000002,47.86085000000001,40.73905000000011,43.12512499999993,43.57300000000002,43.668500000000016,46.68134009273125,46.65497871304379,,,,,0,99185496,131637614.4,54.81026078153439,61.699384677668434,,,54.81026078153439,,,
2019-03-08,42.58,43.2675,42.375,43.2275,47.70191250000002,47.813200000000016,40.869450000000114,43.14974999999994,43.57150000000003,43.56550000000002,47.17562833538867,46.702310496893325,,,,,0,95997432,130584024.48,55.74568137374099,61.45217142075284,,,,,,
2019-03-11,43.8725,44.78,43.8375,44.725,47.691587500000004,47.76571666666668,40.97810000000011,43.25587499999993,43.688250000000025,43.71800000000002,48.91417280638117,46.90338888866495,,,,,0,128044136,128458303.68,66.61771525936544,61.92786224274609,,,,,,
2019-03-12,45,45.6675,44.8425,45.2275,47.68227500000001,47.720583333333344,41.101900000000114,43.399374999999935,43.85275000000003,43.987000000000016,48.74878741062767,47.07115239066156,,,,,0,129870336,126806345.2,69.3396986820122,62.480634288857075,,,,,,
2019-03-13,45.5625,45.825,45.23,45.4275,47.674225000000014,47.67498333333335,41.22930000000011,43.534624999999934,44.02375000000003,44.34650000000002,48.820176821230014,47.230154611622325,,,,,0,124130096,125905633.2,70.37509127230217,63.272370761692684,,,,,,
2019-03-14,45.975,46.025,45.64,45.9325,47.668162500000015,47.63601666666668,41.35925000000011,43.70399999999993,44.288250000000026,44.90800000000002,49.0222062527571,47.39306839718003,,,,,0,94318032,124991716.56,72.86668672179299,64.02787571864407,,,,,,
2019-03-15,46.2125,46.8325,45.935,46.53,47.66593750000002,47.60080000000002,41.50025000000011,43.89549999999993,44.56700000000003,45.568500000000014,49.703042215005986,47.60306601698239,,,,,0,156171648,125151970.56,75.49297457077311,64.83701693261958,,,,,,
2019-03-18,46.45,47.0975,46.4475,47.005,47.66658750000001,47.56603333333335,41.729400000000105,44.115499999999926,44.87125000000003,46.02450000000002,49.961381480116785,47.81745833181279,,,,,0,104879328,119944581.52,77.36838140378066,65.76928200101746,,,,,,
2019-03-19,47.0875,47.2475,46.48,46.6325,47.66616250000002,47.53103333333335,41.920750000000105,44.31049999999993,45.14625000000003,46.305500000000016,49.38244368041681,47.95972972714043,,,,,0,126585476,117787725.44,72.67173593857855,66.3048435519717,,,,,,
2019-03-20,46.5575,47.3725,46.1825,47.04,47.66356250000002,47.49651666666668,42.1219000000001,44.512124999999926,45.48725000000003,46.62800000000002,49.820481047246844,48.12888893805919,,,,,0,124140924,115888322.8,74.49572907267547,67.32509135098208,,,,,,
2019-03-21,47.505,49.0825,47.4525,48.7725,47.66763750000002,47.472083333333345,42.34360000000011,44.81249999999993,46.052000000000035,47.19600000000002,51.807926408259945,48.463346889895625,,,,,0,204136948,116689036.64,80.46535365975828,68.54487560765178,,,,,80.46535365975828,
2019-03-22,48.835,49.4225,47.695,47.7625,47.66481250000002,47.440100000000015,42.53230000000011,45.03849999999993,46.505500000000026,47.44250000000002,50.19037577761587,48.62034951605201,,,,,0,169630664,116473723.44,70.15599374330151,68.9239139528984,,,,,,
2019-03-25,47.8775,47.995,46.65,47.185,47.65826250000002,47.399133333333346,42.707000000000114,45.21987499999993,46.751500000000036,47.47850000000002,50.54254099853252,48.79509419627751,,,,,0,175381172,117118893.28,65.02590934775398,69.00779502281569,,,,,,
2019-03-26,47.916,48.22,46.145,46.6975,47.649925000000025,47.347816666666674,42.87950000000011,45.37562499999992,46.89850000000003,47.491500000000016,50.06235795251504,48.9102999922991,,,,,0,199202152,118941077.04,60.972669937199015,69.02884869746917,,,60.972669937199015,,,
2019-03-27,47.1875,47.44,46.6375,47.1175,47.645887500000015,47.30283333333334,43.07185000000011,45.54562499999993,47.06750000000003,47.50700000000002,50.152388183618,49.02321710060082,,,,,0,119393708,118733816.32,63.10633839126482,69.62142566959278,,,,,,
2019-03-28,47.2375,47.38975,46.8825,47.18,47.642750000000014,47.25896666666667,43.25010000000011,45.740249999999925,47.19225000000003,47.18850000000002,50.45323789731836,49.1532189912115,,,,,0,83121452,118099419.44,63.4267710768224,70.1700749340986,,,,,,
2019-03-29,47.4575,47.52,47.135,47.4875,47.63983750000001,47.217133333333344,43.425150000000116,45.927499999999924,47.28800000000003,47.13350000000001,50.60043900775722,49.28478444726111,,,,,0,94255844,117538959.84,65.03578080517266,70.05707961594199,,,,,,
2019-04-01,47.91,47.92,47.095,47.81,47.640512500000014,47.17671666666668,43.60205000000012,46.11987499999992,47.36850000000003,47.25850000000001,50.60330228619814,49.404649705346294,,,,,0,111447856,117382224.16,66.69089372196171,69.86787926165266,,,,,,
2019-04-02,47.7725,48.615,47.7625,48.505,47.64453750000001,47.139816666666675,43.78805000000012,46.35099999999992,47.55575000000003,47.62000000000002,50.75178136084459,49.5271162194825,,,,,0,91062928,116503400.88,69.98803799342176,69.84023259887549,,,,,,
2019-04-03,48.3125,49.125,48.2875,48.8375,47.652675000000016,47.102166666666676,43.998300000000114,46.61137499999992,47.73550000000004,47.96400000000002,51.09879186953307,49.669995824032554,,,,,0,93087320,115933629.68,71.44436314250456,69.73863805749775,,,,,,
2019-04-04,48.6975,49.0925,48.285,48.9225,47.66136250000002,47.06215000000001,44.20715000000011,46.90124999999992,47.75050000000003,48.31250000000002,51.07799122990186,49.79799540638431,,,,,0,76457100,115612326.08,71.82081064157225,69.4763406339834,,,,,,
2019-04-05,49.1125,49.275,48.9825,49.25,47.67550000000002,47.018850000000015,44.42865000000012,47.20237499999992,47.89925000000004,48.66500000000002,51.312951701575685,49.93571870594716,,,,,0,74106576,115059133.68,73.28227779128983,69.18447609023406,,,,,,
2019-04-08,49.105,50.0575,49.085,50.025,47.69250000000001,46.977300000000014,44.64035000000012,47.46737499999991,48.18325000000003,49.10800000000002,51.87987859261462,50.11246051382602,,,,,0,103526788,114445838,76.40133334241513,69.45087590479382,,,,,76.40133334241513,
2019-04-09,50.08,50.7125,49.8075,49.875,47.71005000000002,46.93041666666668,44.85635000000011,47.699749999999916,48.501000000000026,49.38200000000002,51.670194801382706,50.25407272178572,,,,,0,143072948,115211932.32,74.5864127031468,69.45735330697032,,,,,,
2019-04-10,49.67,50.185,49.545,50.155,47.729675000000015,46.88418333333335,45.086050000000114,47.93612499999991,48.80475000000003,49.64550000000001,52.277465082343134,50.43801748183639,,,,,0,86781152,113620576.24,75.74469621842644,69.12016348973235,,,,,,
2019-04-11,50.2125,50.25,49.610775,49.7375,47.75065000000002,46.83765000000001,45.25455000000011,48.12637499999991,49.06050000000003,49.808500000000016,51.662621485279814,50.54934511851307,,,,,0,83603232,110403858.48,70.57923637507001,69.15039510628723,,,,,,
2019-04-12,49.8,50.035,49.0525,49.7175,47.76870000000002,46.79726666666668,45.41670000000011,48.28574999999991,49.28350000000003,49.90200000000002,51.639880622645684,50.64848470979785,,,,,0,111042672,109365540,70.33179821243469,69.52938716805015,,,70.33179821243469,,,
2019-04-15,49.645,49.9625,49.5025,49.8075,47.78753750000001,46.76048333333335,45.580250000000106,48.42587499999991,49.483250000000034,49.85850000000002,51.3936802858902,50.71622976216988,,,,,0,70146584,108155020.64,70.82743276321241,70.23329879847968,,,,,,
2019-04-16,49.865,50.3425,49.64,49.8125,47.80472500000002,46.72868333333335,45.72025000000011,48.58487499999991,49.61400000000003,49.84600000000002,51.43121166858252,50.781228117298305,,,,,0,102785540,107691084.88,70.85656161171381,70.78688617136889,,,,,,
2019-04-17,49.885,50.845,49.6525,50.7825,47.827250000000014,46.694150000000015,45.86500000000011,48.77199999999991,49.80850000000003,49.97150000000002,52.406039091040434,50.928938205820316,,,,,0,115627120,107115497.04,75.88681304953282,71.67688916941962,,,,,,
2019-04-18,50.78,51.0375,50.63,50.965,47.84810000000002,46.66546666666668,46.0131000000001,48.88162499999991,50.01275000000003,50.21700000000003,52.71423399817271,51.0912378233069,,,,,0,96783064,106791991.04,76.70161224502783,72.510162843695,,,,,,
2019-04-22,50.7075,51.235,50.585,51.1325,47.873862500000016,46.62900000000001,46.181050000000106,49.05012499999991,50.201000000000036,50.50000000000002,52.80410185092752,51.246952734908774,,,,,0,77758180,105807819.44,77.45460442159035,73.2789993222399,,,,,,
2019-04-23,51.1075,51.9375,50.975,51.87,47.901462500000015,46.60173333333335,46.366400000000105,49.28437499999991,50.38550000000003,50.91250000000002,53.51155617148733,51.452825774597734,,,,,0,93291964,105768061.44,80.45053274361382,74.02632037582505,,,,,80.45053274361382,
2019-04-24,51.84,52.12,51.7625,51.79,47.92545000000002,46.58386666666669,46.5550500000001,49.53899999999991,50.577000000000034,51.308000000000014,52.960786452510156,51.58991310895341,,,,,0,70162436,105491836.16,79.22075903582771,74.58177722534813,,,,,,
2019-04-25,51.7075,51.94,51.28,51.32,47.94382500000002,46.56226666666669,46.72700000000011,49.74912499999991,50.69350000000003,51.41550000000002,52.59543940558545,51.681324590465415,,,,,0,74172824,105192610.8,72.23466397955583,74.61133817806125,,,,,,
2019-04-26,51.225,51.25,50.53,51.075,47.96126250000001,46.53881666666668,46.897600000000104,49.9438749999999,50.827250000000035,51.43750000000002,52.363669916648725,51.74335598375481,,,,,0,74596408,104885320.32,68.82737022346626,74.29313049464527,,,,,,
2019-04-29,51.1,51.4925,50.965,51.1525,47.98217500000001,46.51311666666669,47.0666500000001,50.12712499999991,50.970750000000024,51.44150000000002,52.19855912486224,51.78473808749185,,,,,0,88818864,104914837.84,69.32035616595614,73.78734641061249,,,,,,
2019-04-30,50.765,50.85,49.7775,50.1675,47.994225000000014,46.48480000000002,47.2179000000001,50.244999999999905,51.006750000000025,51.10100000000002,51.13862244013822,51.72600030136879,,,,,0,186139692,106667486.56,56.98525300216133,72.53012071768494,,,,,,
2019-05-01,52.47,53.8275,52.3075,52.63,48.01821250000001,46.467683333333355,47.4158500000001,50.4512499999999,51.28850000000002,51.26900000000003,53.597797564693145,51.89616368894373,,,,,1,259309312,110335846.72,70.91787445502203,72.18534773458462,,,,,,
2019-05-02,52.46,53.1625,52.0325,52.2875,48.04101250000001,46.445950000000025,47.601450000000106,50.6237499999999,51.439000000000036,51.46250000000002,53.651499967507256,52.05573971426769,,,,,0,127985296,110806403.68,67.63642925120077,71.97514722573683,,,,,,
2019-05-03,52.7225,52.96,52.5575,52.9375,48.06638750000001,46.43150000000002,47.804900000000096,50.8244999999999,51.63625000000003,51.83500000000002,54.43407414516438,52.27195193525829,,,,,0,83569512,111097820.32,70.43257858107185,71.98234582349662,,,,,,
2019-05-06,51.0725,52.21,50.875,52.12,48.0889875,46.404050000000026,47.9824500000001,50.967999999999904,51.73500000000003,52.02850000000002,53.08184299507068,52.34557839524124,,,,,0,129772452,112180217.04,63.053955088530344,71.42709741816218,,,,,,
2019-05-07,51.47,51.854375,50.20625,50.715,48.10271250000001,46.3659166666667,48.1256000000001,51.0024999999999,51.61950000000003,52.13800000000002,51.88288371236535,52.30351524225252,,,,,0,155054792,113531444.24,52.813486167608346,70.1383063150118,,,,,,
2019-05-08,50.475,51.335,50.4375,50.725,48.11703750000001,46.325316666666694,48.268450000000094,51.0449999999999,51.51300000000002,51.757000000000026,52.76434181099495,52.34540856668365,,,,,1,105358016,114272987.68,52.87215311195282,68.49440203375609,,,,,,
2019-05-09,50.1,50.42,49.165,50.18,48.12842500000001,46.27771666666669,48.39770000000009,51.04624999999991,51.39900000000002,51.335500000000025,52.281362218780174,52.3395861714197,,,,,0,139634428,114838845.12,49.27635471439968,66.53545506728264,,,,,,
2019-05-10,49.35475,49.7125,48.1925,49.295,48.13365000000001,46.219566666666694,48.517850000000095,51.024124999999906,51.221000000000025,50.60700000000002,51.51495095307101,52.264619333388,,,,,0,164834848,115878308.8,44.03872785737455,64.14860674126723,,,,,,
2019-05-13,46.9275,47.37,45.7125,46.43,48.12227500000001,46.14911666666669,48.571600000000096,50.859749999999906,50.74875000000002,49.46900000000002,48.34108419518289,51.9079343208239,,,,,0,229722492,118401865.28,32.13185293416383,60.69727246916366,,,32.13185293416383,,,
2019-05-14,46.6025,47.425,46.3525,47.165,48.1153375,46.089733333333356,48.6356500000001,50.727624999999904,50.448500000000024,48.75900000000002,50.320605148886685,51.7636316688296,,,,,0,146118708,119129343.2,36.84911358331542,57.67072636541279,,,,,,
2019-05-15,46.5675,47.9375,46.505,47.73,48.11526250000001,46.03498333333336,48.712600000000094,50.62349999999991,49.95850000000002,48.16000000000002,50.51845004780536,51.65043333964558,,,,,0,106178872,119673927.12,40.28510706589277,55.388615157294,,,,,,
2019-05-16,47.4775,48.117225,47.21,47.52,48.11547500000002,45.973666666666695,48.7904000000001,50.4603749999999,49.48175000000002,47.62800000000002,50.004209108510814,51.500776591360605,,,,,0,132125456,120651605.52,39.426457087496324,53.288549933296146,,,,,,
2019-05-17,46.7325,47.725,46.69,47.25,48.11386250000001,45.928066666666695,48.8729000000001,50.2746249999999,48.913000000000025,47.21900000000002,49.281721088056955,51.299044272878454,,,,,0,131516360,121298222.8,38.29625248461547,51.072542527486085,,,,,,
2019-05-20,45.88,46.08725,45.070975,45.7725,48.09085000000001,45.87580000000003,48.9238000000001,50.0066249999999,48.27825000000002,47.08750000000002,48.021003451616174,51.00104056185461,,,,,0,154449160,122467257.36,32.76168204667526,49.342287459237085,,,,,,
2019-05-21,46.305,47,46.175,46.65,48.06486250000002,45.81661666666669,48.9623000000001,49.745624999999905,47.87175000000002,46.984500000000025,49.27417849962855,50.84405310165224,,,,,0,113459392,122175562.48,38.450913133488704,47.02321879341328,,,,,,
2019-05-22,46.165,46.4275,45.6375,45.695,48.03335000000002,45.758983333333354,48.971650000000096,49.440874999999906,47.36875000000002,46.57750000000003,47.85885852336997,50.57267177635386,,,,,0,118994224,121958040.24,34.98179016680248,44.69074457309911,,,,,,
2019-05-23,44.95,45.135,44.4525,44.915,47.99658750000001,45.688166666666696,48.9614000000001,49.1206249999999,46.84225000000002,46.05650000000003,47.17516201199466,50.2638072523212,,,,,0,146118944,122397817.2,32.40982195881037,41.974833385794724,,,,,,
2019-05-24,45.05,45.535,44.655,44.7425,47.961412500000016,45.61780000000003,48.937600000000096,48.8039999999999,46.387000000000015,45.55500000000003,47.56062560235842,50.01806346596095,,,,,0,94858744,122408631.44,31.852070879770636,39.74612737088331,,,,,,
2019-05-28,44.73,45.1475,44.4775,44.5575,47.92513750000001,45.554816666666696,48.89815000000009,48.4742499999999,46.199750000000016,45.312000000000026,47.29995116876499,49.77096234803405,,,,,0,111792640,121521051.28,31.231314278169748,38.20454366449484,,,,,,
2019-05-29,44.105,44.8375,44,44.345,47.88576250000001,45.48493333333336,48.84495000000009,48.1831249999999,45.91775000000002,44.85100000000003,47.47197927483327,49.56196388683398,,,,,0,113924660,121701957.92,30.496123252703498,36.60625581740561,,,,,,
2019-05-30,44.4875,44.8075,44.1675,44.575,47.84922500000002,45.41435000000003,48.803800000000095,47.78037499999989,45.60225000000001,44.627000000000024,48.0503194371582,49.42454166413618,,,,,0,84873648,120867721.36,32.3522884720616,35.39739394295289,,,,,,
2019-05-31,44.0575,44.4975,43.7475,43.7675,47.80697500000001,45.33491666666669,48.73835000000009,47.3543749999999,45.22700000000002,44.39750000000002,47.08106538155375,49.21149836571959,,,,,0,108174336,120548389.6,29.385168137452723,34.35071110581562,,,,,,
2019-06-03,43.9,44.48,42.5675,43.325,47.76141250000001,45.26526666666669,48.629400000000096,46.873749999999895,44.83450000000001,44.114000000000026,47.22825810483783,49.031203796548525,,,,,0,161584276,119697336.16,27.876400775675947,34.04675023735219,,,27.876400775675947,,,
2019-06-04,43.86,44.9575,43.63,44.91,47.72316250000001,45.19833333333336,48.5723500000001,46.5132499999999,44.74825000000002,44.18450000000003,49.091803457887735,49.03671285667027,,,,,1,123871844,118782159.76,39.799630978189526,34.2575014798432,,,,,,
2019-06-05,46.07,46.2475,45.285,45.635,47.68468750000001,45.14206666666669,48.54135000000009,46.259249999999895,44.64675000000002,44.44250000000003,48.83760750837414,49.01861237046153,,,,,0,119093708,117656410.48,44.3328716761179,34.54662752343071,,,,,,
2019-06-06,45.77,46.3675,45.537225,46.305,47.64423750000001,45.09703333333336,48.533500000000096,46.0382499999999,44.70775000000002,44.78850000000003,49.15344196167931,49.03086960602678,,,,,1,90105244,115474472.32,48.2138792041585,35.17430053176371,,,,,,
2019-06-07,46.6275,47.98,46.4425,47.5375,47.6126,45.05845000000003,48.5419000000001,45.906124999999896,44.97000000000001,45.54250000000003,50.15403606131902,49.132975647416984,,,,,0,122737572,115541349.6,54.498361554462676,36.3315940367528,,,,,,
2019-06-10,47.9525,48.8425,47.905,48.145,47.584525000000006,45.01465000000003,48.5612000000001,45.8486249999999,45.31025000000001,46.50650000000003,50.26728476268037,49.23609465789547,,,,,0,104883404,115976588.64,57.25205392561268,38.08090631381976,,,,,,
2019-06-11,48.715,49,48.4,48.7025,47.559225000000005,44.968966666666695,48.5855000000001,45.96224999999989,45.724750000000014,47.26500000000003,50.61349693251534,49.36131304649728,,,,,0,107731528,116246102.32,59.664507807222236,39.596163076229296,,,,,,
2019-06-12,48.4875,48.9925,48.34625,48.5475,47.5326,44.94681666666669,48.600250000000095,46.0313749999999,46.14500000000002,47.84750000000003,50.47007332658748,49.46210943559639,,,,,0,73012756,115477400.32,58.67309556199279,41.288399175885736,,,,,,
2019-06-13,48.675,49.1975,48.4,48.5375,47.5050875,44.93441666666669,48.600900000000095,46.071749999999895,46.54125000000001,48.29400000000003,50.56270487249292,49.56216356622335,,,,,0,86698500,115390111.76,58.60543601231476,43.159514465421765,,,,,,
2019-06-14,47.88625,48.396575,47.575,48.185,47.4735875,44.91603333333335,48.587850000000095,46.1049999999999,46.98300000000001,48.42350000000003,49.99066273810019,49.60111803639397,,,,,0,75045896,115029283.28,56.14753385191045,44.89490467771747,,,,,,
2019-06-17,48.225,48.74,48.0425,48.4725,47.441325000000006,44.88926666666669,48.5788500000001,46.166124999999894,47.49775000000001,48.48900000000003,50.370109941876976,49.67102639143788,,,,,0,58676576,114673672.8,57.7055552874071,46.78592189266299,,,,,,
2019-06-18,49.0125,50.0725,48.8025,49.6125,47.41066250000001,44.87253333333336,48.58610000000011,46.3581249999999,47.968,48.671000000000035,51.5067464450958,49.83791003267951,,,,,0,106204016,115315621.6,63.277015812773435,49.12741421838228,,,,,,
2019-06-19,49.92,49.97,49.3275,49.4675,47.37671250000001,44.86153333333336,48.57495000000011,46.498999999999896,48.35125000000001,48.85500000000003,50.86196555565076,49.93100598931326,,,,,0,84496940,114935024.64,62.15548039741078,51.25621364162151,,,,,,
2019-06-20,50.0925,50.1525,49.5075,49.865,47.3415,44.87035000000002,48.5747500000001,46.7074999999999,48.70725000000001,49.120500000000035,51.11807439705309,50.03892129910779,,,,,0,86055952,113794684.72,64.03727990150976,53.731364481911285,,,,,64.03727990150976,
2019-06-21,49.7,50.2125,49.5375,49.695,47.304525000000005,44.88126666666669,48.5655500000001,46.9464999999999,48.923000000000016,49.422500000000035,50.465780690411556,50.07772669831722,,,,,0,191202356,115883108.8,62.60355502506416,56.211875499724734,,,,,,
2019-06-24,49.635,50.04,49.5425,49.645,47.269162500000014,44.90090000000003,48.56370000000011,47.1916249999999,49.073000000000015,49.65700000000004,50.47856944340882,50.114166947871006,,,,,0,72881684,115668677.84,62.16272743079721,57.80923953205386,,,,,,
2019-06-25,49.6075,49.815,48.8225,48.8925,47.234750000000005,44.90783333333336,48.5472000000001,47.4083749999999,49.09200000000001,49.513000000000034,49.79968424805202,50.085577611523824,,,,,0,84281336,115133451.12,55.79497662608032,58.627961314194025,,,55.79497662608032,,,
2019-06-26,49.4425,50.2475,49.3375,49.95,47.207875,44.918283333333356,48.5500500000001,47.6886249999999,49.232250000000015,49.60950000000004,51.36458054830019,50.20185060577622,,,,,1,104270048,115815920.4,61.72823244300029,59.59327225982558,,,,,,
2019-06-27,50.0725,50.3925,49.8925,49.935,47.18463750000001,44.9414166666667,48.5525000000001,47.9566249999999,49.372000000000014,49.62350000000004,51.41259806848835,50.31191855693187,,,,,0,83598868,115432186.96,61.60193012089002,60.10067001457038,,,,,,
2019-06-28,49.67,49.87375,49.2625,49.48,47.15222500000001,44.97631666666669,48.5264500000001,48.2422499999999,49.50150000000001,49.58050000000004,50.75010598580474,50.351753777738494,,,,,0,124442568,115608495.92,57.742460716311356,60.13569907104887,,,,,,
2019-07-01,50.7925,51.1225,50.1625,50.3875,47.127825,45.01760000000002,48.5149000000001,48.5953749999999,49.69300000000001,49.72900000000004,51.38505520504732,50.4456902711302,,,,,0,109266956,115858173.76,62.75462761399221,60.35642191438958,,,,,,
2019-07-02,50.3525,50.783075,50.34,50.6825,47.098225,45.068333333333364,48.50590000000009,48.8839999999999,49.80000000000001,50.08700000000004,51.292366234528544,50.522660813257325,,,,,0,67740868,115657827.52,64.2394863350833,60.754021255324616,,,,,,
2019-07-03,50.82,51.11,50.672525,51.1025,47.0739375,45.117983333333356,48.49055000000009,49.1573749999999,49.96350000000002,50.31750000000004,51.56642594542231,50.61754855254505,,,,,0,45448180,114700951.84,66.2994598328876,61.303594385365535,,,,,66.2994598328876,
2019-07-05,50.8375,51.27,50.725,51.0575,47.05687499999999,45.16796666666669,48.475900000000095,49.3949999999999,50.08275000000001,50.542000000000044,51.12873937686509,50.66402044566506,,,,,0,69062072,114678944.56,65.86169717835608,61.99746319439737,,,,,,
2019-07-08,50.2025,50.35,49.6025,50.005,47.034099999999995,45.19976666666669,48.44960000000009,49.51837499999989,50.11375000000001,50.64700000000004,50.165361940335956,50.618687854271506,,,,,0,101354512,115222578.32,56.47006118556576,61.90921361569441,,,56.47006118556576,,,
2019-07-09,49.8,50.3775,49.7025,50.31,47.01268749999999,45.23591666666669,48.43430000000009,49.62662499999989,50.180250000000015,50.631500000000045,50.71657789949428,50.62758694929176,,,,,1,82312060,115376891.36,58.32465969659875,61.55547389311051,,,,,,
2019-07-10,50.4625,50.9325,50.39,50.8075,46.99168749999999,45.27700000000002,48.42740000000009,49.731874999999896,50.371750000000006,50.656500000000044,51.15484137292214,50.67551916962179,,,,,0,71588552,115032285.12,61.22650793521611,61.489118717239464,,,,,,
2019-07-11,50.8275,51.0975,50.4275,50.4375,46.971799999999995,45.30521666666669,48.432800000000086,49.82637499999989,50.42050000000001,50.52350000000005,50.55428038769557,50.664497462173955,,,,,0,80767368,112924838.64,57.99236165882598,61.05733884276204,,,,,,
2019-07-12,50.6125,51,50.55,50.825,46.94993749999999,45.34956666666669,48.396700000000095,49.940749999999895,50.50950000000002,50.47700000000005,50.82652479574388,50.67922721977122,,,,,1,70380848,109146269.36,60.35431215914394,60.89667863805346,,,,,,
2019-07-15,51.0225,51.4675,51,51.3025,46.92871249999998,45.40038333333335,48.37700000000008,50.09662499999989,50.69175000000001,50.73650000000005,51.068097432783524,50.71457905731779,,,,,0,67789680,107942357.04,63.107093696475886,60.96413337131623,,,,,63.107093696475886,
2019-07-16,51.1475,51.5275,50.875,51.125,46.90881249999998,45.460400000000014,48.34075000000008,50.229249999999894,50.76550000000001,50.899500000000046,50.88246027270012,50.729840985988915,,,,,0,67467264,107620312.08,61.400395906879005,61.36452046280185,,,,,,
2019-07-17,51.0125,51.272875,50.8175,50.8375,46.88181249999998,45.51665000000001,48.315100000000086,50.290499999999895,50.781000000000006,50.90550000000005,50.769130903716324,50.733412796691404,,,,,0,56429800,106153459.04,58.63437826584685,61.14353087871946,,,,,,
2019-07-18,51,51.47,50.925,51.415,46.85671249999998,45.57836666666669,48.32910000000008,50.387874999999894,50.812250000000006,51.10100000000005,51.68340917163133,50.819776103504125,,,,,0,74328644,104538936.08,62.3075170984132,61.19392994854254,,,,,,
2019-07-19,51.4475,51.625,50.59,50.6475,46.82587499999997,45.634183333333354,48.32755000000008,50.42699999999989,50.77125000000001,51.06550000000004,50.730190210042366,50.81163193137124,,,,,0,83717228,104106120.32,55.28179449661766,61.01816807570729,,,55.28179449661766,,,
2019-07-22,50.9125,51.8075,50.9025,51.805,46.79829999999997,45.69463333333335,48.360050000000086,50.53249999999989,50.95125,51.16600000000004,52.212080185177086,50.93894540898995,,,,,1,89111728,103095666.32,62.20371984831901,60.978817521016346,,,,,,
2019-07-23,52.115,52.2275,51.8225,52.21,46.76926249999997,45.766900000000014,48.41835000000009,50.660749999999894,51.14125000000001,51.38300000000004,52.471834453925084,51.07829895852951,,,,,0,73420840,101267386.16,64.28672765022462,60.9821919006693,,,,,64.28672765022462,
2019-07-24,51.9175,52.2875,51.7925,52.1675,46.74511249999997,45.841450000000016,48.5331000000001,50.8244999999999,51.27725,51.64900000000004,52.072554375854686,51.168685814649976,,,,,0,59966268,97872261.68,63.88881726347364,60.81000314571116,,,,,,
2019-07-25,52.2225,52.31,51.6825,51.755,46.72352499999997,45.909700000000015,48.62490000000009,50.9147499999999,51.409000000000006,51.71700000000004,51.41974327385447,51.1915092200322,,,,,0,55638248,96062652.48,60.00657610527987,60.39178021192,,,,,,
2019-07-26,51.87,52.4325,51.785,51.935,46.703487499999966,45.98778333333335,48.70900000000009,51.01474999999989,51.52,51.97450000000005,51.87154381140405,51.25333054652055,,,,,0,70475496,95348584.96,61.116905202104164,60.72369764167275,,,,,,
2019-07-29,52.115,52.66,52.11,52.42,46.68199999999996,46.07586666666668,48.80700000000009,51.1617499999999,51.63175,52.097500000000046,51.97200134837699,51.31866425578023,,,,,0,86693556,94439946.96,64.01577806115696,61.13020609628405,,,,,,
2019-07-30,52.19,52.54,51.8275,52.195,46.67252499999996,46.172616666666684,48.905900000000095,51.2521249999999,51.73875,52.09450000000004,51.832689500392256,51.36539382347223,,,,,0,135742872,94524477.2,61.716991985793996,61.16524067132533,,,,,,
2019-07-31,54.105,55.3425,52.825,53.26,46.67076249999995,46.28296666666668,49.0556500000001,51.380999999999894,51.98100000000001,52.313000000000045,53.027034561493174,51.516452072383224,,,,,0,277125444,96978002.88,67.6403400328148,61.854381983753115,,,,,67.6403400328148,
2019-08-01,53.475,54.5075,51.685875,52.1075,46.65366249999995,46.36840000000002,49.164800000000085,51.4312499999999,52.050250000000005,52.38350000000004,52.450526442936805,51.60136792425173,,,,,0,216071688,99030248.8,57.30691613126315,61.63671083890449,,,,,,
2019-08-02,51.3825,51.6075,50.4075,51.005,46.63698749999996,46.448183333333354,49.271000000000086,51.4286249999999,52.086,52.19750000000003,51.80697192540527,51.620059197083876,,,,,0,163448488,99919334.08,49.514173317055075,60.66578795466015,,,,,,
2019-08-05,49.4975,49.66225,48.145,48.335,46.60097499999996,46.510033333333354,49.33940000000009,51.345124999999896,51.739,51.38050000000004,49.455159359492505,51.42325012093921,,,,,0,209571876,101188392.72,36.55125146559396,58.89084906599693,,,36.55125146559396,,,
2019-08-06,49.0775,49.51675,48.51,49.25,46.57073749999996,46.57546666666669,49.42955000000009,51.2921249999999,51.443000000000005,50.79150000000004,51.937962696063614,51.47004217322325,,,,,1,143299148,102157200.8,42.1415462500371,57.71278963629624,,,,,,
2019-08-07,48.8525,49.89,48.455,49.76,46.549512499999956,46.64400000000002,49.5336000000001,51.2397499999999,51.20225000000001,50.09150000000004,51.80149699663748,51.50017442989727,,,,,0,133457600,102590500,45.04778072808591,56.479951324130006,,,,,,
2019-08-08,50.05,50.8825,49.8475,50.8575,46.52966249999996,46.74606666666669,49.663850000000096,51.260749999999895,51.1125,49.84150000000004,52.90345286721822,51.62774519692645,,,,,0,108038092,102472768.64,50.7776558431903,56.15822713459948,,,,,,
2019-08-09,50.325,50.69,49.8225,50.2475,46.50508749999995,46.83395000000002,49.777300000000096,51.2318749999999,50.94375000000001,49.69000000000004,51.30629082158818,51.598522071895694,,,,,0,98478984,102744875.36,47.794681736068995,55.129010126581626,,,,,,
2019-08-12,49.905,50.5129,49.7875,50.12,46.477274999999956,46.92153333333336,49.90435000000011,51.1727499999999,50.713750000000005,50.04700000000004,51.51696846144621,51.591108107309374,,,,,0,89927556,102379939.76,47.170923564131094,53.90645269186065,,,,,,
2019-08-13,50.255,53.035,50.2075,52.2425,46.46962499999996,47.01856666666669,50.082700000000095,51.228624999999894,50.7185,50.64550000000004,54.3609460682809,51.84291155830679,,,,,1,190159144,102951437.12,57.18768973990783,53.427800725891665,,,,,,
2019-08-14,50.79,51.61,50.646725,50.6875,46.44831249999996,47.10096666666669,50.19825000000009,51.221124999999894,50.46125,50.83100000000004,51.96372918887886,51.853894979267885,,,,,0,146189772,103397795.68,49.74587327920202,52.69489338117182,,,,,,
2019-08-15,50.865,51.285,49.9175,50.435,46.43011249999995,47.180866666666695,50.29425000000009,51.172124999999895,50.294000000000004,50.74650000000004,53.265155248891084,51.982191367415446,,,,,0,111533452,103246590.56,48.639052806157466,51.80361821003277,,,,,,
2019-08-16,51.07,51.79,50.96,51.625,46.422937499999954,47.271216666666696,50.4006500000001,51.220999999999904,50.35600000000001,51.022000000000034,54.38790560471977,52.20089266171584,,,,,0,115254496,103749575.6,53.85048970725431,51.077526184754,,,,,,
2019-08-19,52.655,53.182675,52.50625,52.5875,46.41924999999995,47.37180000000003,50.50165000000009,51.2601249999999,50.78125,51.51550000000003,54.614045169419946,52.420270162416216,,,,,0,97727660,103249377.36,57.59805095493654,50.78331611112132,,,,,,
2019-08-20,52.72,53.3375,52.58,52.59,46.40862499999996,47.467283333333356,50.59055000000009,51.279124999999894,51.11525,51.585000000000036,53.963367708173,52.560551757485015,,,,,0,107678116,103305271.6,57.607680211958545,50.06669755248873,,,,,,
2019-08-21,53.2475,53.4125,52.9008,53.16,46.39664999999995,47.563450000000024,50.679700000000096,51.3287499999999,51.45525,52.07950000000003,54.98343394782296,52.78081377478846,,,,,0,86258988,102875820.8,59.84665019785274,50.24810712867371,,,,,59.84665019785274,
2019-08-22,53.2975,53.60875,52.6875,53.115,46.40287499999995,47.657783333333356,50.771050000000095,51.3967499999999,51.681000000000004,52.61550000000004,54.487541161867455,52.93597080997746,,,,,0,89071276,103196991.2,59.57911711513306,50.967031685679274,,,,,,
2019-08-23,52.3575,53.01275,50.25,50.66,46.40418749999995,47.73415000000002,50.8135000000001,51.3329999999999,51.72225000000001,52.422500000000035,51.9954155904138,52.85046579001713,,,,,0,187531372,105213648.64,47.18613734522653,51.72666639136731,,,47.18613734522653,,,
2019-08-26,51.465,51.7975,51.264325,51.6225,46.407587499999956,47.82280000000002,50.88225000000009,51.2931249999999,51.87250000000002,52.22950000000003,54.39463174938798,52.9908445135963,,,,,1,104264520,105798021.12,51.45001470998785,52.39155699564951,,,,,,
2019-08-27,51.965,52.1375,50.8825,51.04,46.40034999999995,47.90653333333336,50.9336000000001,51.2353749999999,51.752250000000004,51.91950000000003,53.196589748400136,53.009548625851195,,,,,0,103589376,106696277.12,48.87813149631632,52.665153479094535,,,,,,
2019-08-28,51.025,51.43,50.83,51.3825,46.39664999999995,47.99458333333336,50.969000000000094,51.141499999999894,51.82175000000001,51.564000000000036,53.72565489550949,53.07464919582013,,,,,0,63830528,105848807.36,50.446644551053545,52.641509815370476,,,,,,
2019-08-29,52.125,52.33,51.66375,52.2525,46.402324999999955,48.08000000000002,51.024700000000095,51.1487499999999,52.00350000000001,51.39150000000003,54.28004044405354,53.1842302183868,,,,,0,84030608,105839480.72,54.283681886326924,53.105009826103185,,,,,,
2019-08-30,52.54,52.6125,51.8,52.185,46.42053749999995,48.16740000000002,51.07110000000009,51.2077499999999,52.0595,51.696500000000036,53.5307633916665,53.2157332341395,,,,,0,84650244,105811366.56,53.93473389608221,53.588139135528266,,,,,,
2019-09-03,51.6075,51.745,51.055,51.425,46.437374999999946,48.25243333333335,51.10570000000009,51.36224999999989,51.94325000000001,51.65700000000004,52.71727616300923,53.17041895494584,,,,,0,80238296,103592085.36,50.0347930874982,53.07721794607044,,,,,,
2019-09-04,52.0975,52.37,51.83,52.2975,46.465362499999955,48.325666666666685,51.15875000000009,51.514624999999896,51.91400000000001,51.90850000000004,53.98414462524129,53.24439401588179,,,,,1,76867280,103671797.28,54.13501409416647,53.39072800428219,,,,,,
2019-09-05,53,53.4925,52.8775,53.32,46.49269999999995,48.403733333333356,51.247300000000095,51.69262499999989,51.93000000000001,52.296000000000035,54.44927802626472,53.3539289259166,,,,,0,95787936,103901929.28,58.439334874965375,54.090748152054175,,,,,,
2019-09-06,53.5125,53.605,53.1275,53.315,46.51736249999995,48.481633333333356,51.31460000000009,51.81549999999989,51.95000000000001,52.50850000000004,53.74495967741935,53.38947717605321,,,,,0,77449176,103365511.84,58.41046762455268,54.41646086043263,,,,,,
2019-09-09,53.71,54.11,52.7675,53.5425,46.55274999999995,48.55316666666669,51.38675000000009,51.9802499999999,52.23825000000001,52.780000000000044,53.92518909192234,53.43817825931404,,,,,0,109237604,103878286.56,59.3933319908446,54.544695220140355,,,,,,
2019-09-10,53.465,54.195,52.9275,54.175,46.60239999999995,48.62403333333336,51.4806500000001,52.1829999999999,52.493500000000004,53.33000000000004,54.5673391686224,53.54082925106935,,,,,0,127111724,103931669.68,62.076695665069245,54.86391060964826,,,,,,
2019-09-11,54.5175,55.9275,54.4325,55.8975,46.66091249999995,48.70628333333335,51.59085000000009,52.36574999999989,52.97925,54.05000000000003,56.28417226344991,53.790224070376674,,,,,0,177158584,105289502.24,68.23325752910696,55.46295399045213,,,,,68.23325752910696,
2019-09-12,56.2,56.605,55.715,55.77125,46.724406249999944,48.79319166666669,51.69262500000009,52.6199374999999,53.41812500000001,54.540250000000036,55.75396627045616,53.968746088565716,,,,,0,128906676,106512818.4,67.36997038689469,56.01944350986367,,,,,,
2019-09-13,55,55.1975,54.255,54.6875,46.779568749999946,48.873758333333356,51.7643250000001,52.8325624999999,53.661625,54.81475000000004,54.51360161086134,54.01827840877441,,,,,0,159053184,108784918.48,60.315411408524525,56.957248800099244,,,,,,
2019-09-16,54.4325,55.0325,54.39,54.975,46.83664374999995,48.95787500000002,51.8426750000001,53.0000624999999,53.940625,55.101250000000036,54.839911019189394,54.0929722824485,,,,,0,84632564,109096328.32,61.468113822960966,57.67282730816875,,,,,,
2019-09-17,54.99,55.205,54.78,55.175,46.88634374999995,49.04089166666668,51.94607500000009,53.1294374999999,54.315625,55.30125000000004,55.21254453028059,54.194751577705965,,,,,0,73545872,108540155.52,62.28873598205412,58.6307276285786,,,,,,
2019-09-18,55.265,55.7125,54.86,55.6925,46.940368749999955,49.128541666666685,52.05372500000009,53.2845624999999,54.655125,55.26025000000004,55.58688491865456,54.321309154155834,,,,,0,102572372,108945361.76,64.40135635778633,59.62749275763093,,,,,,
2019-09-19,55.5025,55.94,55.0925,55.24,46.99334374999995,49.21214166666668,52.142375000000094,53.38856249999991,54.847125000000005,55.15400000000004,55.11635564217605,54.393586107612215,,,,,0,88751504,109288620.8,61.17425944347402,60.11967686885573,,,,,,
2019-09-20,55.345,55.64,54.36825,54.4325,47.034481249999956,49.29099166666668,52.22227500000009,53.454437499999905,54.958875,55.10300000000003,54.309579318808424,54.38594912681187,,,,,0,231908376,112311440.96,55.800663722355395,60.252957570732384,,,,,,
2019-09-23,54.7375,54.96,54.4125,54.68,47.08701874999996,49.370641666666685,52.29937500000009,53.655437499999906,55.072624999999995,55.044000000000025,54.82492053996063,54.42585561891631,,,,,1,77678592,112457395.84,57.046085269327506,60.753764155148765,,,,,,
2019-09-24,55.2575,55.6225,54.2975,54.42,47.14071874999996,49.446725000000015,52.361725000000085,53.79531249999991,55.09712499999999,54.89300000000003,54.56952048613199,54.438916061390465,,,,,0,125737468,113616351.6,55.2837798202385,60.83581884986819,,,55.2837798202385,,,
2019-09-25,54.6375,55.375,54.28505,55.2575,47.20639374999996,49.530008333333356,52.44437500000009,54.00618749999991,55.033125,54.80600000000004,55.879626508460866,54.56988973839687,,,,,0,89924024,114065486.8,59.61195040658894,60.919577102127015,,,,,,
2019-09-26,55,55.235,54.7075,54.9725,47.269256249999955,49.60820833333336,52.52707500000009,54.1856874999999,54.953250000000004,54.75250000000003,55.25114996633018,54.6318224863908,,,,,0,76353248,114463955.76,57.5698408400685,60.85953233180671,,,,,,
2019-09-27,55.135,55.24,54.32035,54.705,47.33199374999995,49.68252500000003,52.592875000000085,54.30831249999991,54.955,54.80700000000004,55.11616660285732,54.67585376970594,,,,,0,101445140,115006285.68,55.643111437792214,60.59165943516012,,,,,,
2019-09-30,55.225,56.145,55.1975,55.9925,47.40058124999995,49.76525833333335,52.69977500000008,54.4986874999999,55.05675,55.06950000000004,56.714858244507546,54.86121781286972,,,,,0,105274332,115437427.76,62.20035804321585,60.600492462170585,,,,,,
2019-10-01,56.2675,57.055,56.05,56.1475,47.46763124999995,49.84812500000002,52.786625000000086,54.734812499999904,55.15400000000001,55.415000000000035,56.586231918138644,55.018037276985076,,,,,0,144748652,116550166.24,62.91119889891901,60.22034541715716,,,,,62.91119889891901,
2019-10-02,55.765,55.895,54.4825,54.74,47.53448124999994,49.924475000000015,52.83722500000009,54.8569374999999,55.058749999999996,55.31150000000004,55.85239350395375,55.09388784307314,,,,,0,143069028,117943130,53.13886385669793,59.2038378078574,,,53.13886385669793,,,
2019-10-03,54.6075,55.24,53.783,55.205,47.60558124999995,50.00089166666668,52.89797500000009,54.951187499999904,55.05525,55.35800000000004,57.35365925453921,55.29932160775187,,,,,0,121410744,119172019.52,55.59306641454101,58.86652745114429,,,,,,
2019-10-04,56.41,56.8725,55.9725,56.7525,47.68175624999995,50.08615833333335,52.99792500000009,55.123062499999904,55.28725000000001,55.76750000000004,58.495068078044945,55.58984401414215,,,,,0,139022212,120839698.8,62.61092618412136,58.94815690551288,,,,,,
2019-10-07,56.5675,57.4825,56.46,56.765,47.76446874999995,50.17204166666668,53.09452500000008,55.2841874999999,55.49575,55.92200000000004,57.68781271066155,55.78056844109846,,,,,0,123557076,121901330.4,62.66225556410173,58.97483687565914,,,,,,
2019-10-08,56.455,57.015,56.0825,56.1,47.84893124999996,50.25517500000001,53.16812500000008,55.3804374999999,55.66375000000001,55.912500000000044,57.26846763463875,55.915832004147575,,,,,0,117130800,122510075.28,58.09303919009291,58.52424279225246,,,,,,
2019-10-09,56.7575,56.9475,56.41,56.7575,47.94430624999996,50.346058333333346,53.259375000000084,55.423437499999906,55.813750000000006,56.316000000000045,58.85550247834473,56.18307477452913,,,,,0,76117696,121317571.76,61.112339507440936,58.51981993967867,,,,,,
2019-10-10,56.9825,57.61,56.825,57.5225,48.04838124999996,50.44135833333335,53.34462500000008,55.510999999999896,56.06875,56.77950000000004,59.110604918818936,56.449213878555476,,,,,0,115851936,118092101.6,64.33226647522366,59.129220136312135,,,,,,
2019-10-11,58.2375,59.41,58.076875,59.0525,48.14718124999997,50.536875000000016,53.48352500000007,55.7292499999999,56.50350000000001,57.23950000000004,60.296004601566295,56.798922126101914,,,,,0,167960840,117129884.64,69.7305259836773,60.03525161590854,,,,,69.7305259836773,
2019-10-14,58.725,59.53355,58.667525,58.9675,48.24683124999996,50.628475000000016,53.64277500000007,55.928874999999906,56.80100000000001,57.68000000000004,59.55771697522448,57.04972165784033,,,,,0,97653936,115813993.6,69.1047793699698,61.02246586946078,,,,,,
2019-10-15,59.0975,59.4125,58.72,58.83,48.34569374999997,50.71782500000002,53.85267500000007,56.111624999999904,57.06925000000001,58.22600000000004,59.50137383476898,57.272599128470205,,,,,0,92161932,113465794.72,68.041088876471,61.62454718873807,,,,,,
2019-10-16,58.3425,58.81,58.3,58.5925,48.44148124999996,50.80222500000002,54.039525000000076,56.25662499999991,57.45450000000001,58.59300000000005,58.676994872616575,57.400271468847144,,,,,0,77146776,112142747.28,66.1471586042569,62.237212743322964,,,,,,
2019-10-17,58.7725,59.0375,58.38,58.82,48.53818124999996,50.88415833333335,54.22072500000007,56.4356249999999,57.81600000000001,58.852500000000056,59.02284183309975,57.54777786559738,,,,,0,69091588,110855427.04,67.09207989668928,63.054996204672754,,,,,,
2019-10-18,58.6475,59.395,58.5725,59.1025,48.65595624999996,50.96480833333335,54.385625000000076,56.66912499999991,58.05100000000001,58.862500000000054,59.142914324788606,57.6927902709784,,,,,0,97508664,110644838.48,68.27623073244345,63.48898711104615,,,,,,
2019-10-21,59.38,60.2475,59.33,60.1275,48.77126874999996,51.054775000000014,54.58322500000008,56.941499999999905,58.38725000000001,59.09450000000005,60.40536467751659,57.93938794430005,,,,,0,89469932,110464657.44,72.18686050393798,64.1515343685475,,,,,,
2019-10-22,60.29,60.55,59.90545,59.99,48.88630624999996,51.14110833333335,54.78062500000007,57.2199999999999,58.776250000000005,59.32650000000005,59.85592273307792,58.11361837964349,,,,,0,90736004,110480826.4,70.92381920914576,65.42188832229377,,,,,,
2019-10-23,60.525,60.81,60.305,60.795,49.00184374999996,51.221258333333346,54.95167500000008,57.49687499999991,59.18000000000001,59.76700000000005,60.87637141646001,58.364777746626814,,,,,0,79730180,108272247.12,73.81269019660809,66.72329002101284,,,,,,
2019-10-24,61.1275,61.2,60.45125,60.895,49.11468124999996,51.30880833333335,55.15582500000007,57.79299999999991,59.51725000000001,60.18200000000006,60.80338955973002,58.5864697296362,,,,,0,71665020,106781752.08,74.15619752196012,67.5479522594299,,,,,,
2019-10-25,60.79,61.6825,60.72,61.645,49.23065624999995,51.40520833333335,55.38002500000007,58.13999999999991,59.77650000000001,60.69050000000006,61.434280418165706,58.84536161041161,,,,,0,73477184,106020626.72,76.63198254787952,68.54578990112832,,,,,,
2019-10-28,61.855,62.3125,61.68,62.2625,49.35160624999996,51.50897500000002,55.592775000000074,58.453499999999906,60.106000000000016,61.11750000000005,61.79798514499347,59.11378193173723,,,,,0,96572964,105646996.08,78.46148368687157,70.00067879375537,,,,,78.46148368687157,
2019-10-29,62.2425,62.4375,60.6425,60.8225,49.46821874999995,51.60034166666668,55.75747500000008,58.687249999999906,60.305250000000015,61.28400000000006,60.03365773733145,59.197407004973066,,,,,0,142839468,106549232.24,65.5694217550287,70.3190418114402,,,,,,
2019-10-30,61.19,61.325,60.3025,60.815,49.58095624999996,51.691241666666684,55.921975000000074,58.99099999999991,60.52750000000001,61.28800000000005,60.07626222879327,59.27730293441127,,,,,0,124522088,106886111.68,65.50904766368745,70.40309761061619,,,65.50904766368745,,,
2019-10-31,61.81,62.2925,59.315,62.19,49.69823124999996,51.78925833333335,56.10257500000008,59.34024999999991,60.86450000000002,61.54700000000006,61.235341033290986,59.45530639794579,,,,,0,139162080,107944173.52,70.81470770344228,70.48053916202797,,,,,,
2019-11-01,62.385,63.9825,62.29,63.955,49.82318124999996,51.89689166666669,56.31937500000007,59.70037499999991,61.349750000000014,62.00900000000006,63.164184411172116,59.79247712642091,,,,,0,151125336,109185254.72,75.93258991262117,70.9682399150745,,,,,,
2019-11-04,64.3325,64.46125,63.845,64.375,49.949031249999955,52.002691666666685,56.593675000000076,60.0808749999999,61.774500000000025,62.43150000000005,62.97054690225667,60.0813925605878,,,,,0,103271808,107500063.44,76.9676230689782,71.60584950025358,,,,,,
2019-11-05,64.2625,64.5475,64.08,64.2825,50.078818749999954,52.10565833333335,56.846875000000075,60.48999999999991,62.20375000000003,63.12350000000006,62.64801333216384,60.31472172164017,,,,,0,79897708,107012727.2,76.19047687970875,72.32322937707157,,,,,,
2019-11-06,64.1925,64.3725,63.84125,64.31,50.20796874999994,52.20824166666669,57.11227500000008,60.8676249999999,62.55525000000002,63.82250000000006,62.749217789515455,60.536039545992466,,,,,0,75864496,106458229.6,76.26719876979065,72.97859501086454,,,,,,
2019-11-07,64.685,65.0875,64.5275,64.8575,50.34138124999995,52.31229166666669,57.38177500000008,61.23437499999991,62.951500000000024,64.35600000000005,63.23900311364478,60.78176350668813,,,,,0,94940332,107080425.68,77.80089772408154,73.65892836741011,,,,,,
2019-11-08,64.6725,65.11,64.2125,65.035,50.469356249999954,52.41235833333335,57.63742500000008,61.533499999999904,63.29050000000002,64.57200000000005,63.2394220110334,61.00518700708315,,,,,0,70081980,106801453.12,78.29071660839125,74.09491808915676,,,,,,
2019-11-11,64.575,65.6175,64.57,65.55,50.60173124999996,52.51685833333335,57.90472500000007,61.8626249999999,63.61925000000002,64.80700000000004,63.57740504610291,61.2390250106304,,,,,0,82029836,106749044.96,79.69089826207865,74.72113802150912,,,,,,
2019-11-12,65.3875,65.6975,65.23,65.49,50.735831249999954,52.61909166666669,58.18602500000007,62.19562499999991,64.08600000000004,65.04850000000005,63.644108700652076,61.45766898245055,,,,,0,87388904,106892057.12,79.0511986911911,75.09531719969361,,,,,,
2019-11-13,65.2825,66.195,65.2675,66.1175,50.85985624999996,52.728291666666685,58.46242500000007,62.571874999999906,64.61625000000004,65.41000000000005,64.15354610846616,61.70274872117924,,,,,0,103270372,107420118.96,80.78813548742282,75.56902705436953,,,,,80.78813548742282,
2019-11-14,65.9375,66.22,65.525,65.66,50.98010624999996,52.834575000000015,58.70922500000006,62.913874999999905,64.96325000000003,65.57050000000004,63.66433530271102,61.881074774045764,,,,,0,89582224,107296004.72,75.85021912857366,75.5131868101334,,,,,,
2019-11-15,65.92,66.445,65.7525,66.44,51.10415624999996,52.94545833333335,58.97172500000006,63.2807499999999,65.21175000000002,65.85150000000006,64.36674707666074,62.1070449833744,,,,,0,100374664,107754514.48,78.28693788680309,75.50071925298565,,,,,,
2019-11-18,66.45,66.8575,66.0575,66.775,51.22396874999997,53.05854166666668,59.23637500000006,63.6131249999999,65.45175000000003,66.09650000000005,64.19726578773643,62.29706505649822,,,,,0,86803588,107305834.16,79.25507947249636,76.47826623280477,,,,,,
2019-11-19,66.975,67,66.34815,66.5725,51.339106249999965,53.16380833333335,59.48432500000006,63.94224999999991,65.68075000000003,66.31300000000006,63.97039746575145,62.44918618461215,,,,,0,76278388,106289167.44,77.0195335851541,77.30044379862382,,,,,,
2019-11-20,66.385,66.52075,65.1,65.7975,51.450293749999965,53.26269166666668,59.68232500000006,64.1923749999999,65.82950000000002,66.24900000000005,63.26317712439668,62.5231853609562,,,,,0,106439676,104874789.28,68.99805067561185,77.17068258235021,,,,,,
2019-11-21,65.9225,66.00125,65.295,65.5025,51.56413124999997,53.35849166666668,59.87695000000007,64.42274999999991,65.89400000000003,66.21750000000006,63.21699491066315,62.5862589563841,,,,,0,121395112,104724558,66.17291667227963,76.47356306518296,,,,,,
2019-11-22,65.6475,65.795,65.21,65.445,51.67834374999996,53.44899166666668,60.092100000000066,64.6127499999999,65.93500000000003,66.01850000000005,63.261630267372084,62.647656348292095,,,,,0,65325052,102849995.36,65.60902416816626,75.66223457226782,,,,,,
2019-11-25,65.6775,66.61,65.63,66.5925,51.799518749999955,53.54767500000002,60.32445000000006,64.82924999999992,66.03925000000002,65.98200000000004,64.2311488639323,62.791610213350296,,,,,0,84118068,102839705.44,70.93247898436593,75.28666329402905,,,,,,
2019-11-26,66.735,66.79,65.625,66.0725,51.91626874999995,53.646025000000016,60.54240000000007,65.0917499999999,66.09750000000003,65.88200000000003,63.25471336847884,62.83371050018016,,,,,0,105339528,103475578.56,65.9504935218556,74.54975577631942,,,,,,
2019-11-27,66.395,66.995,66.3275,66.96,52.03834374999996,53.751925000000014,60.76775000000007,65.3989999999999,66.18175000000002,66.11450000000004,63.96392954033089,62.936457685648406,,,,,0,65544488,102735020.88,69.84352245422915,73.9813718284728,,,,,,
2019-11-29,66.65,67,66.475,66.8125,52.15890624999995,53.85632500000001,60.999200000000066,65.6301249999999,66.29700000000003,66.37650000000004,63.5577096869322,62.99293514031057,,,,,0,46617452,101892339.84,68.44292379728002,73.27795805625057,,,,,,
2019-12-02,66.8175,67.0625,65.8625,66.04,52.276081249999955,53.96214166666668,61.231350000000056,65.73437499999991,66.25700000000003,66.49550000000004,63.07585530630569,63.00047333721922,,,,,0,94774200,99149656.32,61.48833501325331,71.97777496704876,,,,,,
2019-12-03,64.5775,64.8825,64.0725,64.8625,52.38673124999995,54.04369166666668,61.43500000000005,65.7587499999999,66.06575000000002,66.14950000000003,62.49056640129484,62.95411816122609,,,,,0,117509072,99946265.92,52.698369149889665,70.09542999981295,,,52.698369149889665,,,
2019-12-04,65.2675,65.8275,65.17,65.435,52.49886874999995,54.13134166666668,61.655300000000054,65.81637499999991,65.95200000000003,66.02200000000003,63.46340359498255,63.00041683702214,,,,,1,67241552,98776347.6,55.99235579771194,68.32430287911932,,,,,,
2019-12-05,65.9475,66.4725,65.6825,66.395,52.61701874999995,54.221058333333346,61.87805000000006,65.9206249999999,66.01175000000003,65.90900000000003,63.98983538724476,63.09036397795147,,,,,0,74645372,98470774.56,60.90833778393775,67.25702564021674,,,,,,
2019-12-06,66.87,67.75,66.825,67.6775,52.739193749999956,54.32477500000001,62.13215000000005,66.0616249999999,66.22925000000002,66.08200000000002,65.12816647045804,63.27561874999752,,,,,0,106189972,99067509.04,66.32101340969784,66.40231674899493,,,,,,
2019-12-09,67.5,67.7,66.2275,66.73,52.855056249999954,54.431541666666675,62.37265000000006,66.14637499999989,66.35775000000002,66.22000000000003,63.63500545152277,63.308290268318,,,,,0,128730580,99613217.84,59.73990671060827,65.0083758374315,,,,,,
2019-12-10,67.15,67.5175,66.465,67.12,52.97274374999996,54.54084166666667,62.59520000000006,66.22487499999991,66.41050000000001,66.67150000000004,64.21000267860559,63.39026412379869,,,,,0,90529532,99318321.84,61.436187758093695,63.89527970692719,,,,,,
2019-12-11,67.2025,67.775,67.125,67.6925,53.09261874999996,54.65759166666668,62.82610000000006,66.3349999999999,66.57250000000002,67.12300000000003,64.82879598534086,63.52103974757525,,,,,0,78893564,98001220.08,63.844396950793374,63.52716158372588,,,,,,
2019-12-12,66.945,68.139975,66.83025,67.865,53.215506249999954,54.78139166666668,63.08860000000006,66.4223749999999,66.66300000000001,67.41700000000003,64.80553088683263,63.63781166932592,,,,,0,137748168,97894802.88,64.56248192560855,63.41213053039222,,,,,,
2019-12-13,67.865,68.825,67.7325,68.7875,53.340731249999955,54.93044166666668,63.36025000000006,66.5787499999999,66.86050000000002,67.63900000000004,65.12795993145171,63.77327969315554,,,,,0,133731224,98141212.48,68.1998808649395,63.597191723018874,,,,,,
2019-12-16,69.25,70.1975,69.245,69.965,53.470743749999954,55.08244166666668,63.62450000000006,66.7549999999999,67.25300000000001,68.28600000000003,66.23800807876798,63.997345910029395,,,,,0,128324420,97927256.64,72.13188889221121,63.68286385929354,,,,,,
2019-12-17,69.8925,70.4425,69.7,70.1025,53.60184374999995,55.23159166666668,63.89125000000007,66.9213749999999,67.77700000000002,68.88250000000004,65.8971627316737,64.17005653017888,,,,,0,114303192,97742178.96,72.55858493701024,64.15487038894744,,,,,,
2019-12-18,69.95,70.475,69.78,69.935,53.733368749999954,55.38102500000001,64.16795000000008,67.0894999999999,68.227,69.33100000000005,65.71767757132297,64.31074935210107,,,,,0,116098748,97721537.92,71.12982384948309,64.246749060037,,,,,,
2019-12-19,69.875,70.295,69.7375,70.005,53.86776874999996,55.53272500000001,64.43290000000007,67.2998749999999,68.58800000000001,69.75900000000004,65.81190420978083,64.4472179755265,,,,,0,98507788,98169339.76,71.38342798401831,64.45678507337546,,,,,,
2019-12-20,70.5575,70.6625,69.64,69.86,54.00093124999996,55.69330833333335,64.67965000000008,67.51774999999991,68.80625000000002,69.97350000000004,65.38402742897077,64.53238247129416,,,,,0,276130972,101374920.48,70.01150121058896,65.06558265889943,,,,,,
2019-12-23,70.1325,71.0625,70.093375,71,54.13230624999996,55.855641666666685,64.91860000000008,67.7954999999999,69.23325000000003,70.18050000000005,66.1240151247043,64.6770763488769,,,,,0,98711532,99989934.32,74.20844033305755,66.60201631483999,,,,,,
2019-12-24,71.1725,71.2225,70.729925,71.0675,54.26150624999997,56.02479166666668,65.16060000000007,68.0192499999999,69.62800000000001,70.37350000000004,66.1296025756744,64.80912418767667,,,,,0,48478856,99006432.72,74.43656943132798,67.91946014581256,,,,,,
2019-12-26,71.205,72.495,71.175,72.4775,54.396756249999974,56.20854166666669,65.43355000000008,68.3394999999999,70.10650000000001,70.88200000000005,67.45481451147553,65.04964148984021,,,,,0,93336016,99029914.4,78.67896682553382,69.18879079164086,,,,,,
2019-12-27,72.78,73.4925,72.03,72.45,54.52934374999996,56.39325833333335,65.71070000000007,68.61399999999989,70.56500000000001,71.37100000000005,67.08519681102253,65.23469197358406,,,,,0,146371744,100414413.76,78.4056678928757,70.05198039758214,,,,,,
2019-12-30,72.365,73.1725,71.305,72.88,54.661093749999964,56.58207500000002,65.99190000000007,68.9173749999999,70.97425000000001,71.97500000000005,67.48106493169794,65.43890769704896,,,,,0,144238456,101917351.12,79.5989736844719,71.47048518142954,,,,,,
2019-12-31,72.4825,73.42,72.38,73.4125,54.793131249999966,56.77585833333335,66.27810000000007,69.28599999999989,71.319,72.45750000000005,68.36934892543049,65.70531144508365,,,,,0,100990500,101986987.84,80.9992644524866,72.8678478024576,,,,,,
2020-01-02,74.06,75.15,73.7975,75.0875,54.93540624999996,56.979275000000015,66.57730000000006,69.79724999999988,71.81750000000001,73.26150000000004,69.72387472994137,66.07063538007071,,,,,0,135647456,102910538.32,84.58373662687873,74.34922920789226,,,,,84.58373662687873,
2020-01-03,74.2875,75.145,74.125,74.3575,55.071993749999955,57.18320833333335,66.86465000000007,70.24337499999987,72.25975,73.63750000000005,68.47230535475852,66.28896901413324,,,,,0,146535512,104026528.48,77.70372211006064,75.28788922106742,,,,,,
2020-01-06,73.4475,74.99,73.1875,74.95,55.20288124999996,57.39404166666668,67.14775000000007,70.67112499999988,72.75424999999998,74.13750000000005,69.50863254864987,66.5816656990893,,,,,0,118578576,104803496.4,79.18370310685971,76.07244795263315,,,,,,
2020-01-07,74.96,75.225,74.37,74.5975,55.33705624999996,57.59195833333335,67.42180000000006,71.01712499999988,73.228,74.48100000000004,68.93813842305654,66.79589049217724,,,,,0,111510620,105600408.4,75.95352010996231,76.34542161104393,,,75.95352010996231,,,
2020-01-08,74.29,76.109975,74.289,75.7975,55.48011874999997,57.79304166666669,67.70485000000006,71.47049999999987,73.70775,74.95800000000004,70.24400867421646,67.10935578145353,,,,,0,132363784,106778140.4,79.0819054897505,76.81137307909681,,,,,,
2020-01-09,76.80875,77.6075,76.55,77.4075,55.63366874999996,58.00039166666668,68.00775000000006,71.98487499999989,74.34175,75.42200000000004,71.38608382902198,67.49814924032339,,,,,0,170486168,108256404.48,82.39179269176496,77.61579942497409,,,,,,
2020-01-10,77.65,78.1675,77.0625,77.5825,55.78599374999997,58.20069166666668,68.34295000000006,72.47937499999989,74.85225,76.06700000000004,71.07444956789935,67.8232674519212,,,,,0,140869088,108216996.88,82.71200104452109,78.42498321500999,,,,,,
2020-01-13,77.91,79.2675,77.7875,79.24,55.94629374999997,58.407991666666675,68.71145000000006,73.04812499999989,75.53125,76.92500000000004,72.80077173962975,68.27576784171288,,,,,0,122086888,108168292.88,85.41698665286388,79.52537503231534,,,,,85.41698665286388,
2020-01-14,79.175,79.3925,78.0425,78.17,56.09970624999996,58.60444166666668,69.03105000000006,73.51724999999989,76.06025000000001,77.63950000000004,71.32017286421157,68.5525319346673,,,,,0,162613828,108637327.84,77.03715331113405,79.72742595932081,,,,,,
2020-01-15,77.9625,78.875,77.3875,77.835,56.24983124999997,58.79969166666668,69.30865000000006,73.9107499999999,76.50250000000001,78.04700000000005,71.12224540456573,68.78614225011262,,,,,0,121923528,108053291.68,74.5705231489621,79.73699408200896,,,74.5705231489621,,,
2020-01-16,78.3975,78.925,78.0225,78.81,56.40135624999997,59.00150833333334,69.59735000000006,74.34612499999989,76.87475000000002,78.32750000000004,71.87873370849029,69.06728692814696,,,,,0,108829016,108164435.84,76.88979715703462,79.60919624854473,,,,,,
2020-01-17,79.0675,79.685,78.75,79.6825,56.555581249999975,59.211491666666674,69.90535000000007,74.83349999999989,77.40725000000002,78.74750000000003,72.07150846747327,69.34039797717662,,,,,0,137816468,109322811.04,78.75693869576571,79.63428702017973,,,,,,
2020-01-21,79.2975,79.755,79,79.1425,56.706681249999974,59.41595833333334,70.20200000000006,75.2903749999999,77.82650000000002,78.72800000000004,71.30768676305405,69.51924241225639,,,,,0,110843256,110022386.24,74.73258190066281,79.2866876070505,,,,,,
2020-01-22,79.645,79.9975,79.3275,79.425,56.85755624999998,59.61470833333334,70.49335000000006,75.76862499999989,78.30925000000002,78.97900000000004,71.75250467509237,69.72226625433238,,,,,0,101832460,110160228.8,75.43963470452327,78.8895711964817,,,,,,
2020-01-23,79.48,79.89,78.9125,79.8075,57.006468749999975,59.81697500000002,70.78880000000008,76.20899999999988,78.71025000000003,79.37350000000005,72.07721833370964,69.93635280700305,,,,,0,104471972,110848028.64,76.40247681112345,78.30519549535633,,,,,,
2020-01-24,80.0625,80.8325,79.3797,79.5775,57.154981249999985,60.01505833333335,71.06935000000007,76.63449999999989,78.92725000000003,79.52700000000004,71.78758938397974,70.10464704127365,,,,,0,146537520,112138182.32,74.51091206262342,78.07713763482509,,,,,,
2020-01-27,77.515,77.9425,76.22,77.2375,57.29039374999998,60.198675000000016,71.30430000000007,76.87249999999989,78.89275000000004,79.03800000000004,70.31242887964387,70.1235362993073,,,,,0,161940020,113629204.64,58.611838373920506,76.60771872532943,,,,,,
2020-01-28,78.15,79.6,78.0475,79.4225,57.438818749999975,60.397191666666686,71.57040000000008,77.22112499999989,78.91100000000003,79.09400000000002,73.45705274645998,70.42658324904846,,,,,0,162233944,114808476.08,65.92365396574796,75.89129971502841,,,,,,
2020-01-29,81.1125,81.9625,80.345,81.085,57.595656249999976,60.61180833333336,71.87890000000007,77.63137499999989,79.20250000000004,79.42600000000004,74.24822357336458,70.77400509671357,,,,,0,216599712,117348825.84,70.23271993463311,75.25921503252003,,,,,,
2020-01-30,80.135875,81.0225,79.6875,80.9675,57.75145624999996,60.81859166666668,72.16945000000007,78.00912499999988,79.51575000000005,79.65800000000004,74.20495509256429,71.0859096417909,,,,,0,126743232,117876197.2,69.56318922184613,74.3428862132401,,,,,,
2020-01-31,80.2325,80.67,77.0725,77.3775,57.88928124999997,61.00154166666668,72.38150000000007,78.12362499999988,79.37250000000004,79.21800000000005,70.69322036995305,71.05021061707838,,,,,0,199588384,120131893.12,52.953341474414046,72.21726767251816,,,,,,
2020-02-03,76.075,78.3725,75.555,77.165,58.021193749999966,61.186108333333344,72.59335000000007,78.26399999999988,79.12075000000006,79.20350000000005,71.76982316029665,71.11562993918913,,,,,1,173985604,122086037.44,52.15943703324668,69.84172841397408,,,52.15943703324668,,,
2020-02-04,78.8275,79.91,78.408625,79.7125,58.164931249999974,61.381608333333354,72.87165000000007,78.5021249999999,79.17775000000005,79.26150000000004,73.60522881449836,71.3419571096718,,,,,0,136616536,122689574.64,59.91774401995382,68.61891346460406,,,,,,
2020-02-05,80.88,81.19,79.7375,80.3625,58.31108124999997,61.57947500000002,73.16885000000008,78.7903749999999,79.27150000000005,79.11700000000005,73.11021079030444,71.50270744427476,,,,,0,118826872,122638209.84,61.62765260739395,67.69442271163491,,,,,,
2020-02-06,80.6425,81.305,80.0662,81.3025,58.45824374999997,61.78080833333335,73.48600000000008,79.06562499999988,79.42100000000005,79.18400000000005,73.14248101022882,71.6517777684524,,,,,0,105425540,123440219.6,64.01822809804315,66.775024921707,,,,,,
2020-02-07,80.5925,80.85,79.5,80.0075,58.59933124999997,61.97380833333335,73.75430000000007,79.1956249999999,79.46400000000004,79.71000000000004,71.73887703315818,71.65969588342566,,,,,0,117684048,124111539.2,58.601701054272,65.33536509017173,,,,,,
2020-02-10,78.545,80.3875,78.4625,80.3875,58.74466874999997,62.17635833333334,74.04060000000008,79.3358749999999,79.77900000000005,80.35450000000003,72.47100859149386,71.73345158415913,,,,,0,109348860,124191725.84,59.679751244878936,64.26016290047288,,,,,,
2020-02-11,80.9,80.975,79.6775,79.9025,58.88880624999997,62.37364166666668,74.29945000000008,79.3689999999999,79.82700000000006,80.39250000000004,71.50986399529846,71.71312543971725,,,,,0,94323120,124767298.48,57.61744431796376,62.987149301432915,,,,,,
2020-02-12,80.3675,81.805,80.3675,81.8,59.04204374999997,62.58025833333334,74.59920000000007,79.5504999999999,79.89850000000004,80.68000000000004,73.08465490283672,71.83780993636447,,,,,1,113730292,126109555.28,63.00394199908058,62.03011110057271,,,,,,
2020-02-13,81.0475,81.555,80.8375,81.2175,59.19729374999997,62.785458333333345,74.90275000000008,79.71962499999991,79.92350000000005,80.66300000000004,72.09827042862005,71.86148816293316,,,,,0,94747568,126109022.64,60.46348785357616,61.02672365706934,,,,,,
2020-02-14,81.185,81.495,80.7125,81.2375,59.34033124999996,62.98820833333334,75.23025000000008,79.8409999999999,80.30950000000004,80.90900000000005,72.23379787429533,71.89533450032972,,,,,0,80113788,125361116.96,60.522346966498624,61.1631885565392,,,,,,
2020-02-18,78.84,79.9375,78.6525,79.75,59.47764374999997,63.17785833333334,75.51655000000008,79.8443749999999,80.56800000000005,80.78150000000004,70.78067310423175,71.794001646139,,,,,0,152762180,127071529.52,54.07443617104726,60.31681585691772,,,,,,
2020-02-19,80,81.1425,80,80.905,59.617481249999976,63.37639166666668,75.80675000000008,79.9324999999999,80.68725000000005,80.98200000000004,72.01605796533829,71.81418858424801,,,,,1,93983964,127458301.36,57.831122968347294,59.430987502183015,,,,,,
2020-02-20,80.6575,81.1625,79.5525,80.075,59.757256249999976,63.57130833333334,76.05470000000008,79.96499999999989,80.65850000000005,80.63700000000003,70.94340179850272,71.73502614918026,,,,,0,100565956,127345821.04,54.388135409811504,58.34705508703769,,,,,,
2020-02-21,79.655,80.1125,77.625,78.2625,59.89499374999997,63.75029166666668,76.28535000000008,79.8877499999999,80.35450000000006,80.04600000000003,69.60316966231179,71.54122101401039,,,,,0,129705660,127365322.64,47.70848060070367,57.97242216748695,,,,,,
2020-02-24,74.315,76.045,72.3075,74.545,60.014093749999965,63.909608333333345,76.43385000000008,79.63612499999991,79.80825000000006,78.70750000000004,67.00172271739946,71.12853935068212,,,,,0,222195312,129998638.24,37.52809894396325,56.92732658968099,,,,,,
2020-02-25,75.2375,75.6325,71.5325,72.02,60.12329374999997,64.04437500000002,76.52040000000008,79.37524999999991,78.97150000000006,77.16150000000003,66.97686529918874,70.75111443690999,,,,,0,230673456,133034236.08,32.46134238639735,54.966155044426955,,,,,,
2020-02-26,71.6325,74.47,71.625,73.1625,60.24263124999997,64.18405833333335,76.62635000000007,79.06224999999989,78.29750000000006,75.61300000000003,70.16392761355534,70.69773381660502,,,,,0,198713724,134253547.2,36.630364439413675,53.180634460999784,,,,,,
2020-02-27,70.275,71.5,68.24,68.38,60.35238124999997,64.29214166666668,76.61820000000007,78.4269999999999,76.95550000000006,73.27400000000003,65.82616424773536,70.25486385579869,,,,,0,320605524,137991033.2,28.656219625789845,50.65477671298169,,,,,,
2020-02-28,64.315,69.6025,64.0925,68.34,60.45825624999998,64.40270833333335,76.58570000000007,77.79562499999989,75.66775000000005,71.28950000000005,68.82729726463361,70.12508507478368,,,,,0,426884920,143962243.2,28.6001405635851,48.51180810650406,,,28.6001405635851,,,
2020-03-02,70.57,75.36,69.43,74.7025,60.593118749999974,64.55449166666668,76.67770000000007,77.6618749999999,75.01425000000006,71.32100000000004,75.86012551536446,70.64645238756376,,,,,1,341397356,148504126.48,46.525907814114014,47.57224786144942,,,,,,
2020-03-03,75.9175,76,71.45,72.33,60.71716874999997,64.68722500000001,76.72560000000007,77.4201249999999,74.27225000000007,71.38300000000004,70.21807438281293,70.60750893258641,,,,,0,319475408,152571659.68,42.26480177422042,46.475630536896325,,,,,,
2020-03-04,74.11,75.85,73.2825,75.685,60.85934374999998,64.84382500000001,76.83920000000008,77.21874999999989,73.75025000000007,71.88750000000005,75.60007591472247,71.06137865823514,,,,,1,219178272,154985069.36,49.33178524509081,45.49904791161134,,,,,49.33178524509081,
2020-03-05,73.88,74.8875,72.8525,73.23,60.99663124999998,64.97695833333334,76.90660000000007,76.86212499999989,73.06575000000007,72.85750000000004,70.18580757287262,70.98178128683855,,,,,0,187572876,153213907.44,44.9919623631808,44.39393894801167,,,,,,
2020-03-06,70.5,72.705,70.3075,72.2575,61.12466874999998,65.11129166666669,76.93175000000008,76.40987499999989,72.46525000000005,73.64100000000003,71.68545010813706,71.04575117968388,,,,,1,226176984,155763216.48,43.36453120784294,43.16838067953627,,,,,,
2020-03-09,65.9375,69.5225,65.75,66.5425,61.22890624999997,65.21487500000002,76.84125000000007,75.73662499999989,71.66500000000005,72.00900000000004,67.16105330090132,70.69259682706728,,,,,0,286744832,160528536,35.28677159847969,41.82640463863858,,,,,,
2020-03-10,69.285,71.61,67.3425,71.335,61.361006249999974,65.36820833333336,76.81840000000007,75.28399999999989,71.59650000000006,71.81000000000003,77.91746766864732,71.34940326721092,,,,,1,285290080,164367617.28,44.60544180301469,40.88171312682912,,,,,,
2020-03-11,69.3475,70.305,67.965,68.8575,61.48158124999997,65.49892500000001,76.74655000000008,74.73174999999989,71.16600000000005,70.44450000000003,71.6710671944987,71.3786454424189,,,,,0,256379880,166567780,41.2949392148146,39.946484827186474,,,,,,
2020-03-12,63.985,67.5,62,62.0575,61.56908124999998,65.58090833333335,76.53010000000008,73.74462499999989,70.53375000000005,68.21000000000005,67.91196404730464,71.0634925883176,,,,,0,418474068,172052492.24,33.86567567692505,38.95771304691658,,,33.86567567692505,,,
2020-03-13,66.2225,69.98,63.2375,69.4925,61.694818749999975,65.70514166666663,76.45170000000009,73.1583749999999,70.649,67.65700000000001,84.04181985294119,72.2433405214652,,,,,1,370732128,177447324.8,45.42647105945863,39.52188248373768,,,,,45.42647105945863,
2020-03-16,60.4875,64.77,60,60.5525,61.77470624999997,65.77384166666663,76.16100000000007,72.12412499999988,69.23400000000001,66.459,67.00706745062743,71.76731569684358,,,,,0,322423460,181182844.88,37.041672856872516,39.849048945914475,,,,,,
2020-03-17,61.8775,64.4025,59.6,63.215,61.87194374999997,65.86114166666664,75.93815000000008,71.29737499999987,68.3225,64.83500000000001,79.47806699551157,72.46829308763158,,,,,1,324055860,184733251.84,40.56048171760832,40.12977160864266,,,,,,
2020-03-18,59.9425,62.5,59.28,61.6675,61.96365624999998,65.92397499999997,75.67250000000008,70.33549999999988,66.92075000000001,63.397000000000006,73.14693637093298,72.52998793156807,,,,,0,300233624,188366352.8,39.189480842963896,40.88214740986938,,,,,,
2020-03-19,61.84625,63.21,60.6525,61.195,62.045081249999974,65.99402499999997,75.40445000000008,69.39149999999988,65.71725,63.22450000000001,76.55435553146242,72.89583953155847,,,,,0,271857020,191573280.8,38.758696776049085,41.60775856790252,,,,,,
2020-03-20,61.795,62.9575,57,57.31,62.10345624999997,66.0398583333333,75.03470000000007,68.34387499999988,64.2225,60.78800000000001,71.35831060973939,72.75606417502946,,,,,0,401693384,196959872.8,35.32078763338319,40.807392840707465,,,,,,
2020-03-23,57.02,57.124925,53.1525,56.0925,62.15239374999997,66.06964166666664,74.60840000000007,67.42124999999989,63.177499999999995,59.896,73.00795689221319,72.77896351295526,,,,,1,336752832,200285206.08,34.29417129442973,40.23806209215099,,,34.29417129442973,,,
2020-03-24,59.09,61.9225,58.575,61.72,62.22330624999997,66.13052499999996,74.29115000000007,66.90624999999987,62.215999999999994,59.597000000000016,82.75677125234647,73.686036943809,,,,,0,287531092,203218446.16,42.598963060943724,39.757146221854775,,,,,,
2020-03-25,62.6875,64.5625,61.075,61.38,62.28948124999997,66.18912499999996,73.93395000000008,66.31712499999989,61.46825,59.53950000000002,75.24118120564044,73.82741369488458,,,,,0,303602040,206848749.2,42.251494891482174,39.561398545304876,,,,,,
2020-03-26,61.63,64.67,61.59,64.61,62.36901874999997,66.2654583333333,73.66275000000009,66.12862499999989,61.7235,60.222500000000004,78.29743573171324,74.23377933459628,,,,,0,252560676,208647686.16,46.69940824007553,39.799604047607204,,,,,46.69940824007553,
2020-03-27,63.1875,63.9675,61.7625,61.935,62.43595624999996,66.3242583333333,73.34475000000009,65.80837499999987,60.96775,61.1475,70.64640865072032,73.90765472697119,,,,,0,204216612,210293547.84,43.697624845768566,40.40037927955641,,,,,,
2020-03-30,62.685,63.88,62.35,63.7025,62.51178124999997,66.41120833333329,73.04260000000008,65.25837499999987,61.28275,62.669500000000006,75.1956544834289,74.0247456139219,,,,,1,167976440,211476496.32,46.16021213198655,40.51143430305439,,,,,,
2020-03-31,63.9,65.6225,63,63.5725,62.58871874999996,66.49087499999996,72.7204000000001,64.82049999999988,61.31849999999999,63.040000000000006,72.60864599394667,73.89600928483324,,,,,0,197002004,212660207.04,46.000844787052465,40.8475704153571,,,,,,
2020-04-01,61.625,62.18,59.7825,60.2275,62.64749374999996,66.55212499999996,72.34210000000009,64.04762499999988,61.1745,62.8095,69.90760623541838,73.53342718943189,,,,,0,176218552,213967712.96,41.984272168763454,41.42747016477413,,,41.984272168763454,,,
2020-04-02,60.085,61.2875,59.225,61.2325,62.70559374999996,66.61779166666663,71.97825000000009,63.44774999999987,61.17824999999999,62.134,74.35640558591378,73.60824340729388,,,,,1,165933972,215249743.2,43.57828110489671,41.29545659659113,,,,,,
2020-04-03,60.7,61.425,59.743525,60.3525,62.760018749999965,66.67179166666664,71.58915000000009,62.85249999999987,61.48249999999998,61.81750000000001,71.65202421939927,73.43040529930346,,,,,0,129880068,215757905.12,42.47773645572688,41.68374685365216,,,,,,
2020-04-06,62.725,65.7775,62.345,65.6175,62.838781249999975,66.76134166666664,71.30995000000009,62.80624999999988,62.43499999999999,62.2005,79.10011451992044,73.94583341026863,,,,,1,201820284,216863560.4,50.527797966069436,42.395698014256524,,,,,,
2020-04-07,67.7,67.925,64.75,64.8575,62.91459374999997,66.85089166666666,71.06235000000008,62.48237499999988,62.74874999999999,62.4575,73.04649957952908,73.86407578929231,,,,,0,202887324,217682506.48,49.451960547103326,43.128732278837916,,,,,,
2020-04-08,65.685,66.8425,65.3075,66.5175,62.99895624999997,66.94569166666665,70.80425000000008,62.36537499999988,63.26249999999999,63.7155,75.03638024975466,73.97064892206161,,,,,1,168895284,217815733.28,51.862842227445995,44.06474266822341,,,,,,
2020-04-09,67.175,67.5175,66.175,66.9975,63.08948124999997,67.03687499999998,70.5225000000001,62.61237499999987,63.50124999999999,64.8685,73.08871337246089,73.890472963007,,,,,0,162116492,216726068.88,52.567319652079476,45.296637812416,,,,,,
2020-04-13,67.0775,68.425,66.4575,68.3125,63.181293749999966,67.13685833333332,70.26940000000009,62.55337499999988,64.13899999999998,66.4605,73.45904036819579,73.85125181802417,,,,,0,131022924,216811662.72,54.53056853575902,46.74209475822523,,,,,,
2020-04-14,70,72.0625,69.5125,71.7625,63.290431249999976,67.25832499999999,70.15710000000009,63.11387499999988,64.94499999999998,67.6895,77.95667775914949,74.22447235812646,,,,,1,194994688,216719788.8,59.29119466192301,47.93439701543803,,,,,59.29119466192301,
2020-04-15,70.6,71.5825,70.1575,71.1075,63.398568749999974,67.3712083333333,70.03595000000008,63.50849999999988,65.6985,68.9395,74.95362009233818,74.29075851578207,,,,,0,131154564,215863168,58.04856160475034,49.06275892352862,,,,,,
2020-04-16,71.845,72.049375,70.58755,71.6725,63.504993749999976,67.47637499999998,69.87515000000009,64.00874999999988,66.84299999999999,69.9705,77.25105627730512,74.55987649410235,,,,,0,157125160,216273340.48,58.84971808114249,49.93063819789054,,,,,,
2020-04-17,71.1725,71.73625,69.215,70.7,63.60508124999997,67.57589999999998,69.68190000000008,64.4839999999999,67.78974999999998,70.711,75.76217606401029,74.66917645500308,,,,,0,215249912,218201801.28,56.83769573410673,50.86921468991469,,,,,,
2020-04-20,69.4875,70.42,69.2125,69.2325,63.69573124999997,67.67286666666665,69.44050000000009,65.08012499999988,68.67774999999999,70.895,72.2536666481131,74.44958465437672,,,,,0,130015000,218693590.48,53.84601552350889,51.418200646452,,,,,,
2020-04-21,69.07,69.3125,66.3575,67.0925,63.77590624999997,67.75364999999998,69.18220000000008,65.63012499999988,68.82524999999998,69.96099999999998,71.29510902676434,74.1628141427756,,,,,0,180991572,219959740.96,49.734894570557465,51.684918488130926,,,49.734894570557465,,,
2020-04-22,68.4025,69.475,68.05,69.025,63.871006249999965,67.84598333333332,68.95495000000008,65.99537499999988,69.24199999999999,69.54449999999999,75.66981904288596,74.29981458824018,,,,,1,117057368,220113911.12,53.209122332124686,52.486693499799586,,,,,,
2020-04-23,68.9675,70.4375,68.7175,68.7575,63.96324374999997,67.93308333333331,68.73205000000009,66.36424999999988,69.46599999999998,68.96149999999997,73.68690855960934,74.24409585836464,,,,,0,124814328,220723735.28,52.66647841939622,53.13585045083527,,,,,,
2020-04-24,69.3,70.7525,69.25,70.7425,64.06291874999997,68.03643333333332,68.51090000000008,66.67087499999988,69.84049999999998,68.97,75.85513617842591,74.3905540692793,,,,,1,126508732,220979304.08,56.23339617754158,54.11839757382204,,,,,,
2020-04-27,70.45,71.135,69.9875,70.7925,64.16469374999997,68.14549999999998,68.30240000000008,67.11374999999988,70.08849999999998,69.282,74.86674845068636,74.43384446758904,,,,,0,117087572,221426104.16,56.322680341217,54.532317743475424,,,,,,
2020-04-28,71.27,71.4575,69.55,69.645,64.25879374999997,68.24526666666665,68.07055000000008,67.41087499999989,69.87674999999999,69.79249999999999,72.58518384703038,74.26578441117462,,,,,0,112004748,222063923.36,53.61922326291233,54.82997936603322,,,,,,
2020-04-29,71.1825,72.4175,70.9725,71.9325,64.36194374999997,68.36201666666665,67.91420000000008,67.8288749999999,69.95924999999997,70.374,75.36434086869062,74.36565318003971,,,,,1,137280816,221754296.08,57.9520749721043,55.264924562080246,,,,,,
2020-04-30,72.49,73.6325,72.0875,73.45,64.47356874999997,68.48329999999999,67.76510000000009,68.4899999999999,70.13699999999997,71.3125,74.96147317069851,74.41981863373597,,,,,0,183063872,223535894.24,60.58279093119202,55.837458224874,,,,,,
2020-05-01,71.5625,74.75,71.4625,72.2675,64.58071874999997,68.59859999999998,67.60895000000008,69.0417499999999,70.29374999999997,71.61749999999999,74.4404157353138,74.42169109751578,,,,,0,240616700,226336909.12,57.56066652949424,56.05389379585508,,,,,,
2020-05-04,72.2925,73.4225,71.5793,73.29,64.69009374999997,68.72249999999998,67.50950000000007,69.68862499999989,70.69949999999997,72.11699999999999,77.67309261634009,74.71727305377253,,,,,0,133567944,226414154.8,59.44457114375155,56.06484925884284,,,,,,
2020-05-05,73.765,75.25,73.615,74.39,64.80880624999998,68.84514999999998,67.50640000000007,70.12724999999989,71.42924999999998,73.066,78.50524493974125,75.06163413431514,,,,,0,147751180,224925272.16,61.42826036605977,56.30625631322208,,,,,,
2020-05-06,75.115,75.81,74.7175,75.1575,64.92556874999997,68.97188333333331,67.56915000000008,70.64224999999989,72.04249999999998,73.711,78.60457252025492,75.38371944212786,,,,,0,142333752,223158478.08,62.7956392371712,56.588107824366986,,,,,,
2020-05-07,75.805,76.2925,75.4925,75.935,65.04419374999996,69.1131833333333,67.62460000000009,71.11312499999988,72.76024999999997,74.208,79.97591647299205,75.80119189947915,,,,,0,115215056,221488504.72,64.1809290867277,57.11262449241134,,,,,,
2020-05-08,76.41,77.5875,76.0725,77.5325,65.17101874999997,69.2620333333333,67.80765000000008,71.63987499999988,73.43924999999999,75.261,80.7296637847556,76.24923479814065,,,,,0,134047940,217757353.04,66.90741147580123,58.045581346146506,,,,,,
2020-05-11,77.025,79.2625,76.81,78.7525,65.30600624999997,69.40869999999998,68.01590000000007,72.16187499999988,74.23524999999998,76.3535,80.63946344460372,76.64834649327365,,,,,0,145946244,212138579.52,68.85704019016035,59.41144889040386,,,,,68.85704019016035,
2020-05-12,79.4575,79.922,77.7275,77.8525,65.43559374999997,69.5492833333333,68.07890000000009,72.46637499999989,75.05599999999998,77.04599999999999,79.7037524911955,76.92611067490292,,,,,0,162301052,208556653.44,65.77831259894955,60.30924819517707,,,,,,
2020-05-13,78.0375,78.9875,75.8025,76.9125,65.55805624999995,69.68803333333331,68.17055000000009,72.75662499999989,75.55399999999997,77.397,80.3929800844564,77.24128062122595,,,,,0,200622556,206179596.4,62.628636482702724,61.020830913984675,,,,,,
2020-05-14,76.1275,77.4475,75.3825,77.385,65.68400624999995,69.82554999999998,68.20455000000008,73.04224999999988,75.94749999999998,77.687,82.32446808510639,77.70338857248781,,,,,0,158929076,204974612.48,63.572843201769814,61.54507713000098,,,,,,
2020-05-15,75.0875,76.975,75.0525,76.9275,65.80234374999996,69.95491666666665,68.27850000000008,73.35362499999988,76.41349999999997,77.566,80.90534618755477,77.994475628403,,,,,0,166348376,204550122.48,61.94099305204032,61.94638518077407,,,61.94099305204032,,,
2020-05-18,78.2925,79.125,77.581025,78.74,65.93550624999995,70.08616666666666,68.40815000000008,73.82899999999987,76.95849999999997,77.5635,82.48769074972937,78.40294973034176,,,,,0,135372500,202734032.8,65.69767009040402,62.80913138273777,,,,,,
2020-05-19,78.7575,79.63,78.2525,78.285,66.07190624999996,70.21494999999997,68.64300000000007,74.38862499999988,77.34799999999998,77.65,79.50648462546253,78.50327108444365,,,,,0,101729540,199033726.96,63.990104892131654,63.24041923416829,,,,,,
2020-05-20,79.17,79.88,79.05,79.8075,66.22926874999996,70.35479999999998,68.81245000000007,74.92774999999986,77.81299999999996,78.229,81.91153427713192,78.81311319286986,,,,,0,111504860,195558022.56,67.07398240963836,63.70407576834303,,,,,67.07398240963836,
2020-05-21,79.665,80.2225,78.9675,79.2125,66.37908124999996,70.49226666666664,69.01955000000007,75.45049999999988,78.14074999999998,78.5945,79.9692759144033,78.91821889482745,,,,,0,102688844,192484201.84,64.74054600001288,64.21692430195151,,,,,,
2020-05-22,78.9425,79.8075,78.8375,79.7225,66.52889374999997,70.63161666666664,69.37285000000007,75.89949999999988,78.35974999999998,79.15350000000001,81.1146986104846,79.1178988689781,,,,,0,81803016,185750780.8,65.83760034105178,64.67356924461582,,,,,,
2020-05-26,80.875,81.06,79.125,79.1825,66.67051874999997,70.76548333333331,69.56665000000007,76.31899999999987,78.40274999999998,79.24199999999999,80.37608486017359,79.23227941363224,,,,,0,125521816,180846574.56,63.58183518771782,64.82739601759138,,,63.58183518771782,,,
2020-05-27,79.035,79.6775,78.2725,79.5275,66.81691874999997,70.89481666666666,69.94615000000007,76.81312499999987,78.57024999999997,79.4905,79.74627060235245,79.27900588533407,,,,,0,112945096,176657007.28,64.42057797343514,64.94346307018166,,,,,,
2020-05-28,79.1925,80.86,78.9075,79.5625,66.96413124999997,71.02529999999999,70.27310000000007,77.19462499999989,78.83524999999997,79.44149999999999,78.61570486112254,79.21870579222393,,,,,0,133796412,172851818.32,64.50987805692284,64.96695942519561,,,,,,
2020-05-29,79.8125,80.2875,79.1175,79.485,67.10034374999996,71.14989999999997,70.62945000000008,77.49637499999987,79.04524999999998,79.49600000000001,78.70503312176334,79.17200827672751,,,,,0,153598128,169919108.4,64.12607715515875,64.76829268800687,,,,,,
2020-06-01,79.4375,80.5875,79.3025,80.4625,67.24921874999997,71.28034999999998,71.01480000000008,77.90612499999989,79.39874999999998,79.644,79.29136651655057,79.18285902580233,,,,,1,81018612,166102340.24,66.80838089333966,64.6219598810911,,,,,,
2020-06-02,80.18625,80.86,79.7325,80.835,67.40121874999997,71.40828333333332,71.48530000000007,78.28337499999988,79.60824999999997,79.97449999999999,79.36074195036863,79.1990302007629,,,,,0,87642816,159821328.88,67.79653765497488,64.76611881366433,,,,,,
2020-06-03,81.165,81.55,80.575,81.28,67.54949374999997,71.53506666666664,71.98905000000008,78.62787499999988,79.90774999999998,80.325,79.14775936276706,79.19436921549055,,,,,0,104491216,155176096.56,68.98447876036923,65.22010754778337,,,,,,
2020-06-04,81.0975,81.405,80.195,80.58,67.68945624999996,71.66678333333333,72.36625000000008,78.89899999999987,79.98499999999999,80.5285,77.40956235770301,79.03211404660078,,,,,0,87560364,151176682,64.92713948711845,65.31684299673684,,,,,,
2020-06-05,80.8375,82.9375,80.8075,82.875,67.84088124999998,71.81384999999999,72.79615000000007,79.24599999999988,80.35124999999998,81.20649999999999,79.88336787315052,79.1095007581053,,,,,1,137250200,147849645.2,70.95807483524806,65.96092026696597,,,,,,
2020-06-08,82.5625,83.4,81.83,83.365,67.99190624999997,71.95501666666665,73.17125000000007,79.53762499999988,80.71549999999998,81.78699999999999,78.30321891838581,79.03620240903989,,,,,0,95654536,144711522.4,72.06265365213602,66.41556194994682,,,,,,
2020-06-09,83.035,86.4025,83.0025,85.9975,68.15631874999997,72.10196666666666,73.65250000000007,79.89987499999988,81.39699999999998,82.81949999999999,79.8147810134297,79.10698228216623,,,,,1,147712364,143581437.44,77.10154003847718,67.35209303182866,,,,,,
2020-06-10,86.975,88.6925,86.5225,88.21,68.34406874999996,72.26086666666664,74.14265000000007,80.41774999999987,82.26524999999998,84.20549999999999,82.51173928497931,79.41650564605833,,,,,0,166651752,143554943.68,80.31507329863541,68.29788523818559,,,,,80.31507329863541,
2020-06-11,87.3275,87.765,83.87,83.975,68.50583124999997,72.39214999999999,74.55070000000006,80.77087499999989,82.70649999999998,84.88449999999999,78.96988846884463,79.37590408449344,,,,,0,201662452,143648152.64,62.29409949733556,68.12313905942291,,,62.29409949733556,,,
2020-06-12,86.18,86.95,83.555825,84.7,68.67413124999997,72.52808333333331,75.04015000000007,81.1366249999999,83.22799999999998,85.24949999999998,84.64075147396824,79.8545265744457,,,,,1,200146052,144126702.64,63.79190740050994,67.9770181350985,,,,,,
2020-06-15,83.3125,86.42,83.145,85.7475,68.84595624999997,72.66735,75.53045000000006,81.57762499999987,83.75649999999999,85.726,84.58279491403376,80.28436915077188,,,,,0,138808920,143584201.6,65.89959868249733,68.14257267043989,,,,,,
2020-06-16,87.865,88.3,86.18,88.02,69.02479374999997,72.82058333333332,76.08380000000005,82.04162499999987,84.47499999999998,86.1305,86.10867445599183,80.81385145124642,,,,,0,165428728,144295174.8,69.98201616295393,68.5398182554055,,,,,,
2020-06-17,88.7875,88.85,87.7725,87.8975,69.20335624999998,72.96956666666665,76.52940000000007,82.52224999999989,85.13674999999998,86.068,84.38862113327828,81.13883051324932,,,,,0,114406504,142546899.2,69.4990091705365,68.89618476352078,,,,,,
2020-06-18,87.8525,88.3625,87.305,87.9325,69.38589374999998,73.11918333333332,76.99090000000007,82.92849999999989,85.87199999999999,86.8595,84.72726747155123,81.46505205491313,,,,,0,96820384,140425560.4,69.56364543385621,69.28458249771344,,,,,,
2020-06-19,88.65875,89.14,86.2875,87.43,69.56155624999998,73.26126666666666,77.40915000000007,83.33937499999988,86.32749999999999,87.40549999999999,84.19305757959003,81.71305255715649,,,,,0,264475808,142337170.88,67.35667930867227,69.3237466702372,,,,,,
2020-06-22,87.835,89.865,87.7875,89.7175,69.74354374999997,73.42165,77.86355000000006,83.83912499999988,86.96275,88.1995,86.8867303259796,82.18338689977676,,,,,0,135445264,141803746.32,71.75042549376269,69.60616723015062,,,,,,
2020-06-23,91,93.095,90.567525,91.6325,69.93513124999998,73.58959999999999,78.32995000000007,84.46162499999988,87.52624999999999,88.922,88.1686477263251,82.72750152037207,,,,,0,212155476,143426397.36,74.80748892973818,70.02209652796269,,,,,74.80748892973818,
2020-06-24,91.25,92.1975,89.63,90.015,70.11749374999998,73.74453333333334,78.69500000000006,84.98599999999988,87.70674999999999,89.34550000000002,86.24081448859735,83.04689360839255,,,,,0,192623396,143378971.52,68.10365630214577,70.24899058617892,,,,,,
2020-06-25,90.175,91.25,89.3925,91.21,70.30266874999998,73.90878333333333,79.09705000000005,85.56837499999988,88.43024999999997,90.001,89.70504830624883,83.65218039910675,,,,,0,137522512,143506330.48,70.22649204798196,70.19673467280276,,,,,,
2020-06-26,91.1025,91.33,88.255,88.4075,70.46521874999998,74.05951666666667,79.43175000000005,86.01449999999988,88.80099999999999,90.19650000000001,86.00620670869327,83.86618279088735,,,,,0,205256844,144468964.16,60.120868127743236,69.343749992489,,,60.120868127743236,,,
2020-06-29,88.3125,90.5434,87.82,90.445,70.63858749999997,74.22579999999999,79.82665000000006,86.51362499999989,89.27074999999999,90.34200000000001,90.17297818248284,84.43952782648694,,,,,0,130646076,142776887.44,64.15898710852618,68.41928192606392,,,,,,
2020-06-30,90.02,91.495,90,91.2,70.82114999999997,74.3975,80.26600000000006,87.03187499999989,89.58874999999999,90.25550000000001,89.60972606149534,84.90954584785133,,,,,0,140223284,142981053.12,65.55100244997271,67.36470543687373,,,,,,
2020-07-01,91.28,91.84,90.9775,91.0275,71.00141249999997,74.5604,80.74470000000005,87.51924999999989,89.90174999999999,90.458,88.08288902005941,85.19803159077934,,,,,0,110737236,141575966.4,64.93050590886261,67.55302018055424,,,,,,
2020-07-02,91.9625,92.6175,90.91,91.0275,71.18067499999998,74.72676666666666,81.18475000000007,88.04162499999988,90.21124999999998,90.42150000000001,87.64273747857735,85.42027758057915,,,,,0,114041468,141515648.4,64.93050590886261,67.63434864543657,,,,,,
2020-07-06,92.5,93.945,92.4675,93.4625,71.36952499999998,74.90345,81.67885000000005,88.57099999999988,90.81449999999998,91.4325,89.58038472720536,85.79846913936335,,,,,0,118655652,141392474.88,69.63593443224273,67.90122977041838,,,,,,
2020-07-07,93.8525,94.655,93.0575,93.1725,71.55918749999998,75.07918333333333,82.12745000000007,89.06137499999988,91.15999999999998,91.978,87.90632508522764,85.99009240716919,,,,,0,112424456,141110789.36,68.45784937580059,67.79236071419315,,,,,,
2020-07-08,94.18,95.375,94.09,95.3425,71.76373749999998,75.27453333333334,82.61845000000005,89.52862499999989,91.53099999999998,92.8065,90.9374880775247,86.43985564992877,,,,,0,117091880,141110875.52,72.24207219852799,67.98829378762112,,,,,,
2020-07-09,96.2625,96.3175,94.6725,95.6825,71.96874999999997,75.48,83.13920000000006,89.9022499999999,92.09774999999998,93.73749999999998,90.55297576610283,86.81377566049005,,,,,0,125642608,141383632.72,72.79284488951963,68.21895089159707,,,,,,
2020-07-10,95.335,95.98,94.705175,95.92,72.17624999999998,75.68323333333333,83.61895000000005,90.49949999999988,92.56874999999998,94.716,91.29296806839993,87.22097497030003,,,,,0,90257320,140443162.8,73.1929769265648,68.63582929287512,,,,,,
2020-07-13,97.265,99.955,95.2575,95.4775,72.37734999999998,75.87711666666667,84.05950000000004,91.03837499999989,93.27574999999999,95.119,89.93058171953885,87.46730285659447,,,,,0,191649140,140614868.16,71.09503337160473,68.58901556986383,,,,,,
2020-07-14,94.84,97.255,93.8775,97.0575,72.58777499999998,76.07298333333334,84.55530000000005,91.60387499999987,93.93699999999998,95.896,92.28278852187803,87.90507428071116,,,,,0,170989364,139222321.44,73.96460490834285,68.52880956833559,,,,,,
2020-07-15,98.99,99.2475,96.49,97.725,72.80287499999997,76.27961666666666,85.04400000000005,92.08912499999988,94.58949999999999,96.37249999999999,91.68824589056518,88.24899897251608,,,,,0,153197932,139614921.2,75.08973266420543,69.02781502276842,,,,,75.08973266420543,
2020-07-16,96.5625,97.405,95.905,96.5225,73.00552499999998,76.47563333333333,85.48665000000004,92.52037499999989,95.13899999999998,96.54049999999998,89.74496057720916,88.38499548203363,,,,,0,110577672,138871451.04,69.2811366988882,68.9602896406903,,,,,,
2020-07-17,96.9875,97.1475,95.84,96.3275,73.20642499999997,76.66653333333333,85.91005000000004,92.94012499999988,95.669,96.62199999999999,89.86975870529953,88.51997395687599,,,,,0,92186900,137868514,68.35768923317184,69.54863400536377,,,,,,
2020-07-20,96.41625,98.5,96.0625,98.3575,73.42451249999998,76.86981666666667,86.35850000000003,93.4864999999999,96.1585,97.19799999999998,91.50300955428827,88.7911590111862,,,,,0,90317908,137370571.04,72.47134784588879,70.14237405803253,,,,,,
2020-07-21,99.1725,99.25,96.7425,97,73.63348749999997,77.0579,86.74785000000006,93.8506249999999,96.54124999999999,97.1865,89.48779767762251,88.85448979904405,,,,,0,103645836,136762528.96,66.26713440479797,70.19352634052004,,,,,,
2020-07-22,96.6925,97.975,96.6025,97.2725,73.83608749999998,77.23995000000001,87.11825000000005,94.13262499999989,96.73425,97.09599999999998,89.58876984005157,88.92124253004474,,,,,0,89001652,135623637.12,66.88007874468099,70.3327815430785,,,,,,
2020-07-23,96.998375,97.0775,92.00975,92.845,74.01648749999998,77.39156666666668,87.41810000000005,94.27412499999988,96.45049999999999,96.36049999999997,85.0223747107771,88.56680000102041,,,,,0,197004432,136317704.72,50.74593819567527,69.31959813499368,,,,,,
2020-07-24,90.9875,92.97,89.145,92.615,74.19906249999997,77.54276666666668,87.73215000000006,94.3443749999999,96.11999999999999,95.61799999999998,85.86965255929239,88.32160477904513,,,,,0,185438864,136014030.88,50.070194061806056,67.92204525139107,,,50.070194061806056,,,
2020-07-27,93.71,94.905,93.48,94.81,74.38932499999999,77.70813333333334,88.08065000000005,94.66449999999989,96.05324999999999,94.90849999999999,88.45234059888732,88.33348985357624,,,,,1,121214192,135259733.2,56.08090390048319,67.03797771743982,,,,,,
2020-07-28,94.3675,94.54965,93.2475,93.2525,74.56797499999998,77.86408333333333,88.40715000000004,94.8048749999999,95.67275,94.15899999999999,86.36063357216283,88.15413928253865,,,,,0,103625500,134005275.68,51.356574729799505,65.54615646967349,,,,,,
2020-07-29,93.75,95.23,93.7125,95.04,74.74791249999998,78.02435,88.73315000000004,94.9968749999999,95.40424999999999,93.7125,88.58950298902573,88.1937178013102,,,,,1,90329256,133104410.8,55.94365450033122,64.34264287044576,,,,,,
2020-07-30,94.1875,96.2975,93.7675,96.19,74.93402499999998,78.19183333333334,89.09125000000003,95.25499999999991,95.37099999999998,94.38149999999999,88.56078368789971,88.2270874273638,,,,,0,158130020,134232420.4,58.6455635405325,63.30354191430059,,,,,,
2020-07-31,102.88375,106.415,100.825,106.26,75.17117499999999,78.41704999999999,89.62030000000004,96.01662499999989,96.36425,97.1105,98.20036842851071,89.13374933655898,,,,,0,374295468,139488232.56,73.79867511199357,63.49665918147122,,,,,,
2020-08-03,108.2,111.636425,107.8925,108.9375,75.42289999999998,78.6603,90.21480000000005,96.7903749999999,97.42224999999999,99.936,99.90844114554037,90.1132667737391,,,,,0,308151388,143597483.44,76.28670871854756,63.66252373934299,,,,,,
2020-08-04,109.1325,110.79,108.3875,109.665,75.67712499999999,78.90553333333334,90.81365000000005,97.61499999999991,98.68874999999998,103.21849999999999,99.85855685498436,90.99920223567048,,,,,0,172792368,145417270.48,76.92778610927998,63.79381327113403,,,,,,
2020-08-05,109.3775,110.3925,108.8975,110.0625,75.93192499999999,79.14986666666667,91.43125000000003,98.35099999999991,99.96774999999998,106.223,99.85982198753366,91.8047131222035,,,,,0,121991952,145346673.2,77.28906489428068,64.36580814223349,,,,,,
2020-08-06,110.405,114.4125,109.7975,113.9025,76.20079999999999,79.40863333333333,92.11875000000003,99.26199999999992,102.07349999999998,109.7655,102.68362897676224,92.79370547261793,,,,,0,202428900,147136349.28,80.4705001306703,65.23100892062624,,,,,80.4705001306703,
2020-08-07,113.205,113.675,110.2925,111.1125,76.4564125,79.65366666666667,92.74975000000003,100.02162499999991,103.92324999999998,110.73599999999999,99.52868779037131,93.4059765924137,,,,,0,198045612,148421333.28,72.52149988584503,65.23459120919453,,,,,,
2020-08-10,112.6,113.775,110,112.7275,76.71607499999999,79.90551666666667,93.41460000000005,100.8841249999999,105.71499999999999,111.494,100.91144279200783,94.08829170146771,,,,,0,212403424,149597439.2,74.11543171327563,65.7951838740858,,,,,,
2020-08-11,111.96875,112.4825,109.106675,109.375,76.95847499999999,80.13736666666668,93.99285000000005,101.49999999999991,107.32724999999998,111.43599999999999,97.64259166128548,94.41140987963296,,,,,0,187902376,151735114.48,65.60772273088055,65.70430130167149,,,65.60772273088055,,,
2020-08-12,110.4975,113.275,110.2975,113.01,77.21529999999998,80.38545,94.63635000000004,102.26424999999992,109.12424999999999,112.02550000000001,101.69811830134175,95.07383791797012,,,,,0,165944820,153301154.56,69.67269934948604,67.05621281265796,,,,,,
2020-08-13,114.43,116.0425,113.9275,115.01,77.47903749999999,80.63613333333333,95.31095000000005,103.18862499999992,111.00624999999998,112.247,102.06931234931294,95.70979013900129,,,,,0,210082064,155412971.52,71.65762234442305,68.59817197570204,,,,,,
2020-08-14,114.82875,115,113.045,114.9075,77.74946249999998,80.88496666666667,95.99750000000006,104.1176249999999,111.87099999999998,113.006,102.18753612791728,96.29867613799365,,,,,0,165565208,156973068.4,71.39970243878184,69.69237187129481,,,,,,
2020-08-17,116.0625,116.0875,113.962525,114.6075,78.01842499999998,81.12075,96.63215000000005,104.9301249999999,112.43799999999999,113.38199999999999,101.93827178795381,96.8113666516264,,,,,0,119561444,156619293.28,70.5987594393976,71.0668136362661,,,,,,
2020-08-18,114.3525,116,114.0075,115.5625,78.28528749999998,81.37003333333332,97.27610000000006,105.85824999999991,113.02775,114.61949999999999,102.50991280281727,97.32941630173467,,,,,0,105633540,156818873.36,71.68756234513873,72.19137848232377,,,,,,
2020-08-19,115.98325,117.1625,115.61,115.7075,78.54404999999998,81.62251666666666,97.87030000000006,106.77999999999993,113.59224999999999,115.15899999999999,102.40266329968314,97.79062057427544,,,,,0,145538008,156775386.24,71.8579697081375,73.13512178000984,,,,,,
2020-08-20,115.75,118.392,115.733375,118.275,78.81354999999998,81.88561666666668,98.47160000000007,108.05149999999992,114.02949999999998,115.81199999999998,105.13800613360594,98.45856471603275,,,,,0,126907188,155980494.96,74.75536243891798,73.20345658907588,,,,,,
2020-08-21,119.2625,124.868,119.25,124.37,79.11398749999998,82.18353333333334,99.27950000000006,109.63924999999992,115.35524999999998,117.70449999999998,110.20791549869887,99.52668751445695,,,,,0,338054640,158708338.72,80.01546228223397,73.4697961293392,,,,,,
2020-08-24,128.6975,128.785,123.93625,125.8575,79.42172499999997,82.49496666666666,100.10265000000007,111.19162499999993,116.66824999999999,119.95450000000001,111.14357286674752,100.58276800102882,,,,,0,345937768,161624173.04,81.05306649548979,73.76445901406846,,,,,81.05306649548979,
2020-08-25,124.6975,125.1793,123.0525,124.825,79.72156249999998,82.79763333333334,100.88420000000008,112.77024999999992,118.21324999999997,121.80699999999999,109.13565783031405,101.36030344005475,,,,,0,211495788,163077910.4,78.02484053020842,73.81701441663473,,,,,,
2020-08-26,126.179125,126.9925,125.0825,126.5225,80.02899999999998,83.10906666666666,101.65425000000006,114.34437499999993,119.56449999999998,123.96999999999998,110.22339863283403,102.16603936667104,,,,,0,163022268,163029781.2,79.3882847313709,73.73971331668477,,,,,,
2020-08-27,127.1425,127.485,123.8325,125.01,80.32629999999999,83.41194999999999,102.39650000000007,115.78537499999993,120.56449999999998,125.31699999999998,107.80658458690384,102.67881620487402,,,,,0,155552384,163852698.8,74.92744576688088,73.91156659390161,,,,,,
2020-08-28,126.0125,126.4425,124.5775,124.8075,80.62288749999998,83.72908333333334,103.13400000000007,116.71274999999991,121.55449999999999,125.40449999999998,107.4521817738302,103.11275852932458,,,,,0,187629916,165668889.44,74.32528695087372,73.92655625373004,,,,,,
2020-08-31,127.58,131,126,129.04,80.9375,84.05986666666666,103.96620000000006,117.717875,122.99775,126.04100000000001,110.35316318938655,103.77097713478476,,,,,0,225702688,164893427.04,78.25826054598974,74.8301660976664,,,,,,
2020-09-01,132.76,134.8,130.53,134.18,81.2801,84.41383333333333,104.85545000000006,118.943625,124.8595,127.912,115.00124274707098,104.79191037226532,,,,,0,152470142,165233924.6,81.8870060439627,75.70261657584332,,,,,81.8870060439627,
2020-09-02,137.59,137.98,127,131.4,81.6049,84.75005,105.65080000000006,120.01050000000001,126.42875,128.88750000000002,111.77746586704096,105.42696087179038,,,,,0,200118991,164993194.9,74.63175814641863,75.91505484741444,,,,,,
2020-09-03,126.91,128.84,120.5,120.88,81.87542499999999,85.04006666666666,106.26810000000005,120.359375,126.68925000000002,128.06150000000002,101.27232716345884,105.0492668983057,,,,,0,257599640,166292719.78,54.833102240272986,74.73172626180666,,,,,,
2020-09-04,120.07,123.7,110.89,120.96,82.1473625,85.33203333333334,106.86310000000005,120.85175,126.34825000000001,127.292,105.02856679768225,105.0473850709763,,,,,0,332607163,170194412.8,54.93101712627318,73.61260181086921,,,,,,
2020-09-08,113.95,118.99,112.68,112.82,82.382475,85.55274999999999,107.35135000000005,120.856375,125.04450000000001,124.04800000000003,98.7639190419497,104.47616088651934,,,,,0,231366563,170716607.18,44.38705391293314,71.66256549428309,,,,,,
2020-09-09,117.26,119.14,115.26,117.32,82.6415625,85.79913333333333,107.88885000000003,121.25362499999999,124.29400000000003,120.67600000000002,105.63532462543219,104.58153940823868,,,,,1,176940455,171642494.76,50.090557892834205,70.10775036461857,,,,,,
2020-09-10,120.36,120.5,112.5,113.49,82.88178749999999,86.01371666666665,108.33465000000005,121.27762499999999,122.99075,117.09400000000002,100.16887518535081,104.18038811524887,,,,,0,182274391,172483516.9,45.7865350359609,68.03854840726449,,,,,,
2020-09-11,114.57,115.23,110,112,83.108825,86.22699999999999,108.75410000000005,121.127125,121.68975,115.31800000000003,100.62320502876446,103.85700783465938,,,,,0,180860325,173885978.68,44.19553823854052,65.47998240414353,,,,,,
2020-09-14,114.72,115.93,112.8,115.355,83.3552375,86.46011666666665,109.24065000000004,121.14950000000002,120.74449999999999,114.19700000000003,103.58219319538938,103.83202468563483,,,,,0,140150087,174408151.06,48.532223208607256,63.157065026509066,,,,,,
2020-09-15,118.33,118.829,113.61,115.54,83.59813749999999,86.69769999999998,109.68220000000005,121.19612500000001,119.3945,114.74100000000003,102.44300348156074,103.705750030719,,,,,0,184642039,175727878.8,48.76864563792287,61.06733681991724,,,,,,
2020-09-16,115.23,116,112.04,112.13,83.824725,86.89989999999999,110.06135000000003,121.02449999999999,117.1895,113.70300000000002,98.9033282370928,103.26916623129844,,,,,0,155026675,176579923.18,44.69331225152541,58.589124499928275,,,,,,
2020-09-17,109.72,112.2,108.71,110.34,84.04622499999999,87.09404999999998,110.36130000000003,120.756125,115.0835,113.07300000000002,97.77609740392086,102.76979633790047,,,,,0,178010968,177798304.94,42.67725766075163,56.285539635204756,,,,,,
2020-09-18,110.4,110.88,106.09,106.84,84.2561125,87.26473333333331,110.58445000000003,120.184375,113.6795,112.04100000000003,95.47782103717296,102.10688949237979,,,,,0,287104882,181027550.42,38.97516406113548,53.760530857366305,,,38.97516406113548,,,
2020-09-21,104.54,110.19,103.1,110.08,84.47933749999999,87.46693333333332,110.86765000000003,119.469875,112.5915,110.98600000000003,99.4857612811684,101.86860510954239,,,,,0,195713815,183136680.32,43.83249477315258,51.30154758787794,,,,,,
2020-09-22,112.68,112.86,109.16,111.81,84.70641249999998,87.67296666666664,111.19430000000003,118.7675,112.4905,110.24000000000004,102.23220544580106,101.9016596855659,,,,,1,183055373,182964804.98,46.290744294568185,48.75895746292118,,,,,,
2020-09-23,111.62,112.11,106.77,107.12,84.90362499999999,87.85326666666664,111.39555000000001,117.88225,111.47049999999999,109.23800000000003,96.92451071761417,101.44919159757029,,,,,0,150718671,182559391.12,41.046013133959505,46.35997567631697,,,,,,
2020-09-24,105.17,110.25,105,108.22,85.11107499999999,88.05298333333332,111.60545000000002,116.96712500000001,110.9435,108.81400000000004,100.29904971392557,101.34463324451168,,,,,0,167743349,182850299.46,42.68619804542823,45.49233966239949,,,,,,
2020-09-25,108.43,112.44,107.67,112.28,85.336875,88.30454999999996,111.92060000000001,116.33062500000001,110.97149999999999,109.90200000000004,103.75193664737463,101.56347900840832,,,,,1,149981441,183638374.84,48.39315945060275,45.025349828423025,,,,,,
2020-09-28,115.01,115.32,112.78,114.96,85.5732125,88.59081666666664,112.29325,115.83825000000002,110.93199999999997,110.87800000000004,104.55788458856556,101.83569769751352,,,,,0,137672403,184548084.9,51.804650929277344,45.55517818673332,,,,,,
2020-09-29,114.55,115.31,113.57,114.09,85.8043375,88.86366666666663,112.60790000000001,115.09075,110.78699999999996,111.33400000000003,102.12137486573577,101.86166834917009,,,,,0,100060526,184742937.26,50.634471544453646,45.594029161849,,,,,,
2020-09-30,113.79,117.26,113.62,115.81,86.03945,89.17986666666664,112.98410000000001,114.17225,111.15499999999997,113.07200000000003,104.16223200928206,102.07081050008937,,,,,0,142675184,185523524.22,52.899646421117055,46.10210854650301,,,,,,
2020-10-01,117.64,117.72,115.83,116.79,86.27357499999998,89.50286666666663,113.37445,113.44175,111.79999999999998,114.78600000000003,104.18376449598573,102.26289722698904,,,,,0,116120440,186065899.98,54.189456314738706,46.815959837660024,,,,,54.189456314738706,
2020-10-02,112.89,115.37,112.22,113.02,86.48816249999999,89.75831666666664,113.77795,113.04875,112.41799999999998,114.93400000000004,100.28987221959298,102.08353131722576,,,,,0,144711986,185020051.06,48.66809872785052,46.825665231891676,,,,,,
2020-10-05,113.91,116.65,113.55,116.5,86.72098749999999,90.05278333333331,114.25564999999999,112.82575,113.05999999999999,115.24200000000003,104.37696360096045,102.29202516120165,,,,,1,106243839,183436150.56,53.38916938647058,47.15570264250224,,,,,,
2020-10-06,115.7,116.12,112.25,113.16,86.93676249999999,90.30261666666664,114.62265,112.84274999999998,113.19499999999998,115.05600000000001,99.59426514464754,102.04677425060582,,,,,0,161498212,184241830.96,48.75449021565006,47.44578678279685,,,,,,
2020-10-07,114.62,115.55,114.13,115.08,87.16286249999999,90.58161666666665,115.0592,112.73074999999999,113.99099999999999,114.91000000000004,102.72095687231288,102.10806357985192,,,,,1,96848985,184106300.66,51.368022598903714,48.066555706950574,,,,,,
2020-10-08,116.25,116.4,114.5901,114.97,87.38271249999998,90.86636666666664,115.45779999999999,112.80474999999998,114.66599999999998,114.54600000000002,100.8670985099943,101.99524857350123,,,,,0,83477153,183969258.6,51.20689251650058,48.94025059661952,,,,,,
2020-10-09,115.28,117,114.92,116.97,87.61222499999998,91.20254999999997,115.8734,113.05325,115.13499999999999,115.33600000000004,101.80658750213964,101.9780975670138,,,,,0,100506865,182816795.5,54.030323784208555,49.66866695455208,,,,,,
2020-10-12,120.06,125.18,119.2845,124.4,87.87183749999998,91.55631666666663,116.2362,113.50550000000001,116.079,116.91600000000003,107.32989563231746,102.4646246638596,,,,,1,240226769,180135421.52,62.671983434246215,50.83875546452908,,,,,62.671983434246215,
2020-10-13,125.27,125.39,119.65,121.1,88.11508749999997,91.90459999999997,116.47945,113.7835,116.78,118.50400000000002,102.79495900085449,102.49465505813185,,,,,0,262330451,179219002.78,57.50167973622814,52.01416022183399,,,,,,
2020-10-14,121,123.03,119.62,121.19,88.35663749999998,92.29881666666664,116.70995,114.2365,117.31800000000001,119.72600000000003,103.52427297810607,102.58825668722042,,,,,0,151062308,178784401.58,57.60440484355765,53.07974642170037,,,,,,
2020-10-15,118.72,121.2,118.15,120.71,88.59312499999999,92.64026666666663,116.92290000000001,114.755,117.71,120.87400000000002,103.80173533180266,102.69857292763699,,,,,0,112559219,178595746.92,56.81562458017386,53.6813510738126,,,,,,
2020-10-16,121.28,121.548,118.81,119.02,88.81278749999997,93.03004999999997,117.02525000000001,115.36399999999999,118.30999999999999,121.28400000000003,102.50506697594835,102.68098147748347,,,,,0,115393808,176855045.08,54.01138075810976,53.838974633014914,,,,,,
2020-10-19,119.96,120.419,115.66,115.98,89.02089999999998,93.38181666666665,117.12260000000002,115.65899999999999,118.258,119.60000000000002,99.87341445141956,102.42574811147766,,,,,0,120639337,175306919.58,49.297838286162936,53.74350082885129,,,,,,
2020-10-20,116.2,118.98,115.63,117.51,89.23369999999997,93.75409999999998,117.21825000000003,115.94399999999999,118.69300000000001,118.88200000000002,102.87079943506122,102.46620732271253,,,,,1,124423728,173547325.66,51.58775606199957,53.64979437462862,,,,,,
2020-10-21,116.67,118.705,116.45,116.87,89.44506249999999,94.12526666666665,117.36815000000003,116.43149999999999,118.872,118.01800000000003,101.82915495248497,102.40829347087366,,,,,0,89945980,171588197.74,50.55910978781154,53.39048390841953,,,,,,
2020-10-22,117.45,118.04,114.59,115.75,89.64482499999998,94.51486666666665,117.42295000000004,116.80799999999999,118.95,117.02600000000002,101.07522499970894,102.2871054280405,,,,,0,101987954,170309060.42,48.72797417856103,53.394760726327426,,,,,,
2020-10-23,116.39,116.55,114.28,115.04,89.83298749999999,94.90784999999997,117.42355000000003,116.94599999999998,118.75699999999999,116.23000000000002,99.93369026694735,102.07315859521385,,,,,0,82572645,167758872.04,47.55221903509123,52.9778357012289,,,,,,
2020-10-26,114.01,116.55,112.88,115.05,90.02032499999997,95.26338333333332,117.42640000000003,116.95049999999999,117.82199999999997,116.04400000000003,99.5991793131509,101.84825138775359,,,,,0,111850657,166684581.02,47.57140718341959,52.893329770355294,,,,,,
2020-10-27,115.49,117.28,114.5399,116.6,90.20712499999998,95.63151666666664,117.46625000000003,117.076,117.37199999999999,115.86200000000004,102.85300958256028,101.93959304182692,,,,,1,92276772,166138887.58,50.588903980098515,52.83767844044064,,,,,,
2020-10-28,115.05,115.43,111.1,111.2,90.37227499999997,95.94211666666665,117.37900000000003,116.84549999999999,116.37299999999998,114.72800000000002,98.38734413156065,101.6166613227118,,,,,0,143937823,166904973.24,41.60490156200388,52.15182194369088,,,,,,
2020-10-29,112.37,116.93,112.2,115.32,90.55969999999999,96.29801666666665,117.37125000000003,116.772,115.83399999999997,114.64200000000001,105.76485082680377,101.99376945944744,,,,,1,146129173,166916796.54,49.040678695986394,51.79541872310357,,,,,,
2020-10-30,111.06,111.99,107.72,108.86,90.70994999999999,96.59906666666666,117.18295000000003,116.564,114.81799999999996,113.40600000000002,98.66137379120329,101.69082439869797,,,,,0,190573476,168190122.3,40.36218053713966,50.20186137331025,,,,,,
2020-11-02,109.11,110.68,107.32,108.77,90.85538749999998,96.90038333333331,116.87095000000004,116.17750000000001,114.09699999999995,112.15000000000002,99.79021150105812,101.51804140800344,,,,,0,122866899,163886367.48,40.25529822824408,48.96997697988282,,,40.25529822824408,,,
2020-11-03,109.66,111.49,108.73,110.44,91.01187499999997,97.23513333333332,116.56260000000003,116.0415,113.38999999999996,110.91800000000003,100.08941949828413,101.38816668893804,,,,,0,107624448,159120101.08,43.25788371353328,47.94522547059536,,,,,,
2020-11-04,114.14,115.59,112.35,114.95,91.1895,97.59325,116.36510000000003,116.035,113.19799999999998,111.66800000000003,102.35914301488266,101.47643726402391,,,,,1,138235482,157654894.96,50.49389878528189,47.49367362810308,,,,,,
2020-11-05,117.95,119.62,116.8686,119.03,91.3856125,97.98443333333333,116.21525000000003,116.23800000000001,113.52599999999998,112.41000000000001,103.70153102711244,101.67871851521377,,,,,0,126387074,156922191.08,55.96483740336397,47.63320624562124,,,,,,
2020-11-06,118.32,119.2,116.13,118.69,91.58117499999999,98.33825,116.08885000000004,116.32400000000003,113.89099999999999,114.37600000000002,101.43144041362218,101.65623868779636,,,,,0,114457922,156100301.84,55.4152511516973,48.07016430744512,,,,,,
2020-11-09,120.5,121.99,116.05,116.32,91.77658749999999,98.68133333333333,115.91910000000003,115.92,114.01799999999999,115.88600000000001,99.43466763928147,101.45427768338591,,,,,0,154515315,155438009.82,51.61060986030018,48.07179672160945,,,,,,
2020-11-10,115.55,117.59,114.13,115.97,91.95932499999999,99.01101666666665,115.65770000000003,115.66350000000003,113.955,116.992,97.98901563160116,101.13925386049638,,,,,0,138023390,153684423.86,51.05315287650256,48.10708551365881,,,,,,
2020-11-11,117.19,119.63,116.44,119.49,92.15134999999998,99.36096666666666,115.36390000000003,115.5785,114.78399999999999,117.9,101.10477135999412,101.13611908772344,,,,,0,112294954,152880920.1,56.17951046532531,48.63933810557053,,,,,,
2020-11-12,119.62,120.53,118.57,119.21,92.34256249999999,99.70028333333333,115.12010000000004,115.5035,115.17299999999997,117.936,100.10188487009678,101.04209779521193,,,,,0,103350674,150945553.76,55.67995569885211,49.219890724410604,,,,,,
2020-11-13,119.44,119.6717,117.87,119.26,92.55197499999998,100.01693333333333,115.08770000000003,115.5155,116.213,118.05,101.15323394618618,101.05220108166414,,,,,1,81688586,147427332.68,55.75561459134179,49.804476967833615,,,,,,
2020-11-16,118.92,120.99,118.146,120.3,92.76764999999997,100.34488333333333,115.07450000000003,115.73150000000001,117.36599999999999,118.846,100.66524413204469,101.01702317715328,,,,,0,91183018,142598849.78,57.385167977721196,50.28992439623523,,,,,57.385167977721196,
2020-11-17,119.55,120.6741,118.96,119.39,92.96603749999998,100.663,115.20590000000001,115.82549999999999,118.261,119.53000000000002,98.75348437099349,100.81124692204784,,,,,0,74270973,139456937.98,55.460366694764346,51.279600477146694,,,,,,
2020-11-18,118.61,119.82,118,118.03,93.15437499999999,100.97853333333333,115.22010000000002,115.8835,118.56899999999999,119.23800000000001,98.09864442184994,100.56464669475713,,,,,0,76322111,137444571.1,52.619721534702094,51.53524639419782,,,,,,
2020-11-19,117.59,119.06,116.81,118.64,93.34106249999999,101.30791666666666,115.32310000000001,116.02799999999999,118.53,119.12400000000002,99.75923470832083,100.49142742326292,,,,,0,74112972,135281342.72,53.76363595528722,52.49249320977979,,,,,,
2020-11-20,118.64,118.77,117.29,117.34,93.52772499999998,101.64289999999998,115.42990000000002,116.14299999999999,118.39500000000001,118.74000000000001,98.27827363918847,100.2902316247107,,,,,0,73604287,133136221.96,50.94095859542588,53.25575466457849,,,,,,
2020-11-23,117.18,117.6202,113.75,113.85,93.69503749999998,101.94173333333332,115.39980000000003,116.083,118.148,117.45,96.00735339588591,99.9008790584539,,,,,0,127959318,132892406.58,44.227695374319985,53.325026926063245,,,44.227695374319985,,,
2020-11-24,113.91,115.85,112.59,115.17,93.87137499999999,102.25115,115.39240000000004,116.01149999999998,118.06800000000001,116.60600000000002,96.57618676259717,99.5986343042851,,,,,0,113874218,131477050.16,47.06895064404146,53.0803877731175,,,,,,
2020-11-25,115.55,116.75,115.17,116.03,94.04252499999998,102.55306666666667,115.47040000000004,116.253,117.72200000000001,116.20600000000002,95.74986040089013,99.24874576761283,,,,,0,76499234,129906501.34,48.89561613185859,52.57544339658141,,,,,,
2020-11-27,116.57,117.49,116.22,116.59,94.2193875,102.85838333333334,115.59540000000003,116.31649999999998,117.46,115.796,96.36466325954294,98.98655644869739,,,,,0,46691331,127280108.6,50.103140736332996,52.19600693834111,,,,,,
2020-11-30,116.97,120.97,116.81,119.05,94.40844999999999,103.18775,115.83960000000003,116.826,117.43900000000001,116.138,98.16262866409224,98.91165392282419,,,,,0,169410176,124926214.48,55.11990155990925,52.44667063117032,,,,,,
2020-12-01,121.01,123.4693,120.01,122.72,94.62329999999999,103.52633333333333,116.09240000000004,117.52349999999998,117.681,117.912,101.65588422892453,99.16112940519695,,,,,1,128166803,123575274.24,61.36137949423851,53.18297253243718,,,,,,
2020-12-02,122.02,123.37,120.89,123.08,94.83417499999997,103.85719999999999,116.31780000000005,118.15549999999999,118.05,119.494,100.81775860421303,99.31173205965295,,,,,0,89004195,121694250.68,61.92080532259036,53.59306502224182,,,,,,
2020-12-03,123.52,123.78,122.21,122.94,95.04849999999999,104.19501666666666,116.63420000000004,118.55499999999998,118.54099999999998,120.876,100.52302937304614,99.42184999723415,,,,,0,78967630,120259229.86,61.54760477220362,54.0121828131955,,,,,,
2020-12-04,122.6,122.8608,121.52,122.25,95.26843749999998,104.52141666666665,116.91480000000003,118.71599999999998,118.90199999999997,122.00800000000001,100.02127241785576,99.47634294456338,,,,,0,78260421,118469571.3,59.63974182868455,54.28962047300569,,,,,,
2020-12-07,122.31,124.57,122.25,123.75,95.5144625,104.85048333333332,117.14420000000004,118.96899999999998,119.54299999999998,122.94800000000001,100.36170764938687,99.55683064500188,,,,,0,86711990,117204182.28,62.37054733304417,54.64571899838591,,,,,,
2020-12-08,124.37,124.98,123.09,124.38,95.77626249999997,105.17863333333331,117.33260000000004,119.37199999999999,120.59599999999998,123.28000000000002,101.06826726183382,99.69423397380478,,,,,0,82225512,116095244.46,63.487943313397686,55.219117328288284,,,,,,
2020-12-09,124.53,125.95,121,121.78,96.01934999999997,105.48426666666666,117.48640000000003,119.66249999999998,121.25699999999998,123.02000000000001,98.68053210885272,99.60207925880914,,,,,0,115089193,116395817.8,56.08591872366661,55.466702841785754,,,,,,
2020-12-10,120.5,123.87,120.15,123.24,96.29364999999999,105.78898333333332,117.63500000000003,119.84999999999998,121.97799999999998,123.08000000000001,100.66379512200433,99.69859888273598,,,,,1,81312170,115168557.52,58.97818533758208,55.839170654806814,,,,,,
2020-12-11,122.43,122.76,120.55,122.41,96.56399999999998,106.08003333333332,117.74740000000003,120.00999999999996,122.55999999999999,123.11200000000001,100.11450069518278,99.73640813841295,,,,,0,86939786,114584944.44,56.69222877326647,56.24997566750971,,,,,,
2020-12-14,122.6,123.35,121.54,121.78,96.79938749999998,106.37288333333332,117.92260000000002,120.136,122.83299999999997,122.71800000000003,99.72539621014013,99.73540705402452,,,,,0,79075988,113272224.48,54.95121965855867,57.01594168781247,,,54.95121965855867,,,
2020-12-15,124.34,127.9,124.13,127.88,97.07713749999998,106.71266666666665,118.15020000000003,120.51499999999999,123.34899999999998,123.41800000000003,105.17917801008363,100.23029532275717,,,,,1,157572262,114298792.94,65.87788086847894,58.35943670384372,,,,,,
2020-12-16,127.41,128.37,126.56,127.81,97.33776249999997,107.04883333333332,118.44320000000002,120.93599999999999,123.82199999999997,124.62400000000002,103.78063237897268,100.55305323695858,,,,,0,98208591,113033000.52,65.68100290685257,59.55839290205758,,,,,,
2020-12-17,128.9,129.58,128.045,128.7,97.61511250000005,107.39398333333337,118.71560000000001,121.46949999999997,124.39799999999995,125.71600000000004,104.31836419294439,100.89535423295729,,,,,0,94359811,112983217.04,67.03012553716752,60.76746324497434,,,,,,
2020-12-18,128.96,129.1,126.12,126.655,97.88710000000005,107.7134166666667,118.94930000000002,121.87024999999997,124.83849999999995,126.56500000000001,102.07308031205002,101.00242024014754,,,,,0,192541496,115164503.9,61.08776417139743,61.19373914579493,,,,,,
2020-12-21,125.02,128.31,123.449,128.23,98.19553750000004,108.04638333333337,119.17450000000001,122.41474999999996,125.28649999999996,127.85500000000002,103.7065193656134,101.24824743337172,,,,,0,121251553,115579397.66,63.75298502185609,61.36456811205331,,,,,,
2020-12-22,131.61,134.405,129.65,131.88,98.49826250000005,108.39353333333337,119.32410000000002,123.31624999999997,126.03649999999996,128.65500000000003,107.07674320418303,101.77811068526366,,,,,0,169351825,114161898.78,69.04451872984718,61.87340478400023,,,,,,
2020-12-23,132.16,132.43,130.78,130.96,98.80877500000005,108.7385166666667,119.52130000000002,124.10574999999999,126.95449999999997,129.28500000000003,106.55066363641296,102.21197913536814,,,,,0,88223692,110679763.6,66.41279250782736,62.220918193687645,,,,,,
2020-12-24,131.32,133.46,131.1,131.97,99.15833750000006,109.08683333333336,119.73690000000002,124.90275,127.82749999999996,129.93900000000002,107.29239216153886,102.67383486502003,,,,,0,54930064,108757118.72,67.86109987811038,62.80815805436091,,,,,,
2020-12-28,133.99,137.34,133.51,136.69,99.49432500000005,109.4702166666667,120.05650000000003,125.90775,129.25549999999996,131.946,110.73814628982518,103.40695408545686,,,,,0,124486237,108995659.08,73.59205229998027,63.60969412342778,,,,,73.59205229998027,
2020-12-29,138.05,138.789,134.3409,134.87,99.86591250000005,109.83916666666669,120.37350000000002,126.69874999999999,130.56449999999995,133.27400000000003,108.31887689539965,103.85349252272438,,,,,0,121047324,109108729.4,68.51843940455805,63.96901527279637,,,,,,
2020-12-30,135.58,135.99,133.4,133.72,100.21843750000004,110.2002166666667,120.72830000000003,127.24875,131.14849999999996,133.64200000000002,107.63472451402583,104.19724088556997,,,,,0,96452124,108624985.14,65.4480445807468,64.63773854830211,,,,,,
2020-12-31,134.08,134.74,131.72,132.69,100.57355000000005,110.55491666666671,121.03190000000002,127.72925000000001,131.63649999999996,133.98800000000003,106.66255811149368,104.42136063338121,,,,,0,99116586,108118842.3,62.7364140120282,64.90618345361969,,,,,,
2021-01-04,133.52,133.6116,126.76,129.41,100.91462500000006,110.88123333333337,121.28270000000002,128.05275,131.70749999999998,133.47600000000006,103.36041830844924,104.32491133111466,,,,,0,143301887,109185960.44,54.93136650281197,64.78040757715864,,,,,,
2021-01-05,128.89,131.74,128.43,131.01,101.28312500000006,111.21573333333339,121.58790000000003,128.49075000000002,132.14299999999997,132.34000000000003,106.2053795809396,104.49586299018966,,,,,1,97664898,109099499.32,57.69618255125504,64.97647635520839,,,,,,
2021-01-06,127.72,131.0499,126.382,126.6,101.63566250000005,111.51786666666672,121.81910000000002,128.63325000000003,131.97999999999996,130.68600000000004,101.90857207254345,104.2606547249491,,,,,0,155087970,110549805.82,48.8084641908567,63.757232306806806,,,48.8084641908567,,,
2021-01-07,128.36,131.63,127.86,130.92,101.98166250000006,111.85346666666672,122.1365,128.96025000000003,131.88399999999996,130.12600000000003,104.7876952629964,104.30856750113523,,,,,1,109578157,110504355.82,55.96454921628535,63.06319990033772,,,,,,
2021-01-08,132.43,132.63,130.23,132.05,102.33501250000005,112.18130000000005,122.4455,129.47375000000002,131.993,129.99800000000005,104.14585414585416,104.29377537792786,,,,,0,105158245,110761985.28,57.63289290780744,62.391968998240564,,,,,,
2021-01-11,129.19,130.17,128.5,128.98,102.65686250000005,112.48540000000003,122.80109999999999,129.76075,131.694,129.91200000000006,101.16898363004583,104.00970340084767,,,,,0,100620880,109895646.42,51.88189126671092,61.73440664790582,,,,,,
2021-01-12,128.5,129.69,126.86,128.8,102.99118750000005,112.77075000000005,123.07069999999997,130.08025,130.90499999999997,129.47000000000006,101.69437996431223,103.79921945207172,,,,,0,91951145,108812085.86,51.55704349664575,60.86326796753365,,,,,,
2021-01-13,128.76,131.45,128.49,130.89,103.32712500000005,113.05528333333338,123.51129999999998,130.53575,130.507,130.32800000000003,103.3015889719036,103.75398031751098,,,,,0,88636831,106773352.96,55.07440039365013,59.865402372091005,,,,,,
2021-01-14,130.8,131,128.76,128.91,103.65381250000006,113.35485000000006,123.91409999999996,130.58724999999998,130.02599999999998,129.92600000000004,101.50793338320406,103.54979423257399,,,,,0,90221755,106120450.08,51.275977355721736,58.78420128979775,,,,,,
2021-01-15,128.78,130.2242,127,127.14,103.98837500000005,113.63778333333337,124.24809999999997,130.55375,129.47099999999998,128.94400000000005,100.49136488782916,103.27175520123355,,,,,0,111598531,106199931.74,48.08339963119518,57.37150841501809,,,48.08339963119518,,,
2021-01-19,127.78,128.71,126.938,127.83,104.32136250000005,113.91833333333338,124.50569999999996,130.51025,129.313,128.71400000000006,101.7684554675102,103.13509158907688,,,,,0,90757329,105250368.68,49.40587659413492,55.64392443602913,,,,,,
2021-01-20,128.66,132.49,128.55,132.03,104.67975000000006,114.2117333333334,124.76569999999997,130.77900000000002,129.415,129.35999999999999,104.26384340812652,103.23770539080867,,,,,1,104319489,104809016.98,56.64528514963734,54.795841989249084,,,,,,
2021-01-21,133.8,139.67,133.59,136.87,105.03601250000006,114.53821666666673,125.12929999999997,131.211,130.44199999999998,130.55599999999998,106.60044757597628,103.54340922582391,,,,,0,120529544,104930449.42,63.183079114181155,54.634058741637254,,,,,,
2021-01-22,136.28,139.85,135.02,139.07,105.40707500000006,114.87913333333337,125.58429999999997,131.5705,131.25699999999998,132.588,108.27961007817123,103.97397293967366,,,,,0,114459360,104129330.32,65.71397367533247,54.846741574730416,,,,,,
2021-01-25,143.07,145.09,136.54,142.92,105.78908750000006,115.24906666666672,126.12329999999994,132.16850000000002,132.34399999999997,135.744,111.61323240001249,104.66845107243174,,,,,0,157611713,104521096.78,69.64639144087826,55.89781478459229,,,,,,
2021-01-26,143.6,144.3,141.37,143.16,106.16990000000006,115.60535000000003,126.59669999999994,132.728,133.76199999999997,138.81,111.39786842767361,105.28021628654463,,,,,0,98390555,104243008.8,69.87832140508507,56.76796755986587,,,,,69.87832140508507,
2021-01-27,143.43,144.3,140.41,142.06,106.53863750000006,115.94153333333338,127.05369999999995,132.99650000000003,135.08799999999997,140.81599999999997,110.70674324545476,105.77353691917283,,,,,0,140843759,104992870.5,67.33865262083876,58.09155244772173,,,,,,
2021-01-28,139.52,141.99,136.7,137.09,106.86527500000005,116.25536666666672,127.41029999999995,133.10750000000002,135.70799999999994,140.85999999999999,109.64919296786267,106.12586928723555,,,,,0,142621128,106211521.34,57.219838232316654,58.181215948866836,,,,,,
2021-01-29,135.83,136.74,130.21,131.96,107.16953750000006,116.52703333333338,127.64349999999995,133.01950000000002,136.01299999999998,139.43800000000002,104.52580801026565,105.98040917114737,,,,,0,177523812,107938337.22,49.03004141899789,57.566726556809,,,49.03004141899789,,,
2021-02-01,133.75,135.38,130.93,134.14,107.48187500000006,116.8319166666667,127.93849999999993,133.09200000000004,136.71299999999997,137.682,108.34488793161472,106.19536178573532,,,,,1,106239823,108577714.22,52.163403517861475,57.58683457474832,,,,,,
2021-02-02,135.73,136.31,134.61,134.99,107.80332500000006,117.12888333333339,128.27769999999995,133.37100000000004,137.42899999999995,136.048,107.30894280937076,106.29659642424762,,,,,0,83305367,108717379.34,53.36715094095805,57.71612796362778,,,,,,
2021-02-03,135.76,135.77,133.61,133.94,108.12686250000006,117.41381666666673,128.58369999999994,133.51750000000004,137.61999999999995,134.42400000000004,105.01474001129021,106.18006402306968,,,,,0,89880937,109032738.64,51.63851361070809,57.47070747913192,,,,,,
2021-02-04,136.3,137.4,134.59,137.39,108.47835000000006,117.72290000000005,128.98469999999995,134.05700000000004,137.67199999999997,134.484,107.61113054738941,106.31016097982601,,,,,1,84183061,109244314.12,56.61151761113893,57.85181749737601,,,,,,
2021-02-05,137.35,137.42,135.86,136.76,108.81702500000007,118.02778333333337,129.44289999999992,134.34900000000005,137.44099999999997,135.44400000000002,105.967585717053,106.27901777411937,,,,,0,75693830,108199004.36,55.48940770831085,58.38081807431284,,,,,,
2021-02-08,136.03,136.96,134.92,136.91,109.15778750000007,118.31743333333337,129.87769999999992,134.59200000000004,136.83999999999995,135.998,105.67195974107501,106.22383068020625,,,,,0,71297214,107347464.28,55.71448294233767,58.83143281347019,,,,,,
2021-02-09,136.62,137.877,135.85,136.01,109.48412500000008,118.6030166666667,130.2772999999999,134.94350000000003,136.12499999999994,136.202,104.20625191541525,106.04041442886161,,,,,0,76774213,107352963.86,53.951674195508886,58.63903203103244,,,,,,
2021-02-10,136.48,136.99,134.4,135.39,109.80711250000007,118.87000000000002,130.65329999999992,135.27300000000005,135.45799999999994,136.49200000000002,103.84686186477946,105.84100055939959,,,,,0,73046563,107880068.5,52.71430460798724,57.89126242344715,,,,,,
2021-02-11,135.9,136.39,133.77,135.13,110.13453750000008,119.13298333333337,130.9748999999999,135.48500000000004,135.26199999999994,136.04000000000002,103.68322382471118,105.64483903806428,,,,,0,64280029,105777465.56,52.173906020710014,56.92411473383127,,,,,,
2021-02-12,134.35,135.53,133.6921,135.37,110.45172500000008,119.39598333333338,131.2278999999999,135.80800000000005,135.60299999999992,135.762,103.69498441166483,105.46757952657342,,,,,0,60145130,104417032.1,52.656375454072894,55.71054216334516,,,,,,
2021-02-16,135.49,136.01,132.79,133.19,110.75042500000009,119.64740000000005,131.43009999999992,136.11050000000006,135.50799999999992,135.01799999999997,101.54669567250511,105.11113553983994,,,,,0,80576316,104248474.52,47.92688820999578,54.14258264941021,,,,,,
2021-02-17,131.25,132.22,129.47,130.84,111.04328750000008,119.8726166666667,131.5880999999999,136.26100000000005,135.0929999999999,133.98399999999998,99.81182932411129,104.62938042931916,,,,,0,98085249,104630826.9,43.40142406361269,52.43278060960835,,,,,,
2021-02-18,129.2,129.995,127.41,129.71,111.32538750000009,120.08585000000004,131.73729999999992,136.14500000000007,134.6699999999999,132.848,98.9815177522168,104.1159383677644,,,,,0,96856748,105002753.44,41.37816991473821,51.301232872638465,,,,,,
2021-02-19,130.24,130.71,128.8,129.87,111.60278750000009,120.30816666666671,131.85969999999992,135.79500000000007,133.91799999999992,131.796,99.54317599987736,103.7002326979565,,,,,0,87668834,105021890.32,41.791936895931734,50.78422540670517,,,,,,
2021-02-22,128.01,129.72,125.6,126,111.85700000000008,120.50598333333338,131.89209999999994,135.1415000000001,132.84199999999993,129.92199999999997,96.75635827497236,103.06897138677611,,,,,0,103916419,105455708.46,35.30160917188749,49.57981152484989,,,,,,
2021-02-23,123.76,126.71,118.39,125.86,112.10662500000008,120.6893333333334,131.97369999999992,134.28850000000006,131.7369999999999,128.45599999999996,97.40204462261157,102.55379622639752,,,,,0,158273022,106319385.04,35.089308829268404,48.27425137401491,,,,,,
2021-02-24,124.94,125.56,122.23,125.35,112.34571250000008,120.87833333333339,132.01589999999993,133.39800000000008,130.6709999999999,127.35799999999998,96.88564376587708,102.03850963907749,,,,,0,111039904,106913939.72,34.28052859991581,47.03439530181546,,,,,,
2021-02-25,124.68,126.4585,120.54,120.99,112.55690000000008,121.03645000000004,131.98749999999993,132.34450000000007,129.23099999999994,125.61399999999999,92.4660674981658,101.16828762626733,,,,,0,148199540,108139134.8,28.279468776349702,45.01067752790194,,,28.279468776349702,,,
2021-02-26,122.59,124.85,121.2,121.26,112.77393750000009,121.22588333333339,131.97709999999995,131.55300000000005,127.84399999999994,123.89199999999998,94.99784558737123,100.60733835000404,,,,,0,164560394,109848822.92,29.10711559715935,43.12622809139112,,,,,,
2021-03-01,123.75,127.93,122.79,127.79,113.02832500000008,121.46038333333337,131.97529999999995,131.3445000000001,127.08599999999993,124.24999999999997,100.59142098468708,100.6058913167934,,,,,0,116307892,109023535.52,45.4906227298045,42.395952361924465,,,,,45.4906227298045,
2021-03-02,128.41,128.72,125.01,125.12,113.26700000000008,121.66245000000005,131.92149999999995,130.89350000000007,126.27899999999995,124.10199999999998,96.20101337064916,100.20544786714393,,,,,0,102260945,109104582.6,41.288962223831824,41.4914729353761,,,,,,
2021-03-03,124.81,125.71,121.84,122.06,113.49266250000008,121.85450000000004,131.78869999999995,130.2470000000001,125.40099999999995,123.44399999999999,94.61282071157274,99.69702721663747,,,,,0,112966340,109476713.18,37.063795803865276,40.37357944936739,,,,,,
2021-03-04,121.75,123.6,118.62,120.13,113.69961250000007,122.02176666666671,131.65819999999994,129.55650000000009,124.44299999999994,123.27199999999998,94.34960062622226,99.21089752659972,,,,,0,178154975,109188982.76,34.65501900455877,39.12223037678515,,,,,,
2021-03-05,120.98,121.935,117.57,121.42,113.91528750000006,122.1899666666667,131.52199999999996,128.7580000000001,123.59799999999996,123.304,96.65966118965737,98.97896695051405,,,,,0,153766601,109839283.72,37.57527155202773,38.045008669496205,,,,,,
2021-03-08,120.93,121,116.21,116.36,114.09805000000007,122.25730000000003,131.21159999999995,127.7380000000001,122.63399999999994,121.01799999999999,90.86011010033968,98.24088905504365,,,,,0,154376610,109539779.42,31.608290329501457,36.87939453517519,,,31.608290329501457,,,
2021-03-09,119.03,122.06,118.79,121.085,114.30741250000008,122.33828333333337,131.01409999999996,126.94675000000011,122.15649999999997,120.21099999999997,95.05908891075427,97.9516344964719,,,,,0,129525780,110365821.18,41.02607124828919,36.70972647693778,,,,,,
2021-03-10,121.69,122.17,119.45,119.98,114.50870000000008,122.40705000000004,130.77429999999995,126.1452500000001,121.61949999999997,119.79499999999999,92.87695622443846,97.49030010810522,,,,,0,111943326,111506086.42,39.65094119945547,36.58635299727473,,,,,,
2021-03-11,122.54,123.21,121.26,121.96,114.72258750000009,122.4863666666667,130.47969999999995,125.47375000000008,121.71649999999997,120.16099999999997,93.84377837396956,97.1587981322747,,,,,0,103026514,111076891.96,43.317196944907025,36.695300143630114,,,,,,
2021-03-12,120.4,121.17,119.16,121.03,114.93010000000008,122.53388333333336,130.20289999999994,124.76875000000011,121.69349999999997,120.08299999999997,92.17002805031288,96.70527357936908,,,,,0,88105050,110418046.48,42.0257684626828,37.17559723582978,,,,,,
2021-03-15,121.41,124,120.42,123.99,115.15223750000008,122.61973333333337,130.00829999999996,124.19975000000011,121.31349999999995,121.60899999999997,94.32842633801211,96.48919655742753,,,,,0,92590555,110340815.1,47.40081777290024,38.05499073180347,,,,,,
2021-03-16,125.7,127.22,124.715,125.57,115.38266250000008,122.70535000000004,129.86589999999995,123.8187500000001,121.35849999999996,122.50599999999997,94.91427203668476,96.34602160099637,,,,,0,115227936,110663042.1,50.062314411792585,39.18226114693753,,,,,50.062314411792585,
2021-03-17,124.05,125.8599,122.336,124.76,115.60415000000008,122.80791666666671,129.77289999999996,123.51475000000009,121.62849999999996,123.46199999999996,94.45027657770422,96.17368114433344,,,,,0,111932636,110035657.08,48.701795698286055,40.640998784218695,,,,,,
2021-03-18,122.88,123.18,120.32,120.53,115.80262500000008,122.85805000000005,129.56329999999997,123.0557500000001,121.66849999999997,123.17599999999997,90.98595164224623,95.70206937141643,,,,,0,121469755,110511754.22,42.24510448904552,41.57942656221057,,,,,,
2021-03-19,119.9,121.43,119.675,119.99,115.99617500000008,122.89125000000004,129.43109999999996,122.56175000000012,121.52549999999997,122.96799999999999,91.93532321790232,95.35963790291514,,,,,0,185549522,111120985.26,41.48890720364184,41.293589738913234,,,41.48890720364184,,,
2021-03-22,120.33,123.87,120.26,123.39,116.21022500000008,122.94780000000004,129.28049999999996,122.43125000000012,122.22849999999998,122.84799999999998,94.59739184433865,95.29034280668091,,,,,0,111912284,111167667.8,47.82200185654861,41.76023542696443,,,,,,
2021-03-23,123.33,124.24,122.14,122.54,116.40855000000006,123.00068333333337,129.09029999999996,122.26525000000012,122.37399999999998,122.24199999999999,93.29036187382633,95.10852635823959,,,,,0,95467142,110973845.74,46.46788735378858,42.43195625195896,,,,,,
2021-03-24,122.82,122.9,120.065,120.09,116.59217500000008,123.0308666666667,128.9125,122.00225000000015,122.38499999999999,121.30799999999996,92.12817699902571,94.83758550740197,,,,,0,88530485,110732037.84,42.713614737793,43.00757023290425,,,,,,
2021-03-25,119.54,121.66,119,120.59,116.76513750000008,123.0634166666667,128.74829999999997,121.98225000000014,122.24799999999998,121.31999999999996,93.02032577812633,94.67238007746782,,,,,0,98844681,110869908.56,43.713082853158454,43.445985325842166,,,,,,
2021-03-26,120.35,121.48,118.92,121.21,116.93013750000007,123.08298333333335,128.55469999999997,121.97975000000015,122.26599999999999,121.56399999999996,93.01118037206517,94.52136192243121,,,,,0,94071234,110978596.62,44.99461383824915,44.40215129075271,,,,,,
2021-03-29,121.65,122.58,120.7299,121.39,117.11721250000008,123.06311666666669,128.40429999999998,121.65975000000014,122.00599999999997,121.16399999999999,91.62546703400385,94.25809875075599,,,,,0,80819203,110790545.58,45.383400897439365,44.71338912283487,,,,,,
2021-03-30,120.11,120.4031,118.86,119.9,117.29321250000007,123.02340000000001,128.25949999999995,121.39875000000015,121.439,120.63599999999997,90.5794364281937,93.92367490325033,,,,,0,85671919,110272013.34,42.693322227501675,44.9307020534096,,,42.693322227501675,,,
2021-03-31,121.65,123.52,121.15,122.15,117.47522500000008,123.00556666666668,128.14589999999995,121.40325000000016,121.178,121.04799999999996,92.57154116648479,93.80075365445346,,,,,0,118323826,110823343.28,47.73166322198411,45.246021073200815,,,,,,
2021-04-01,123.66,124.18,122.49,123,117.65012500000007,122.98208333333334,127.96529999999997,121.54675000000016,121.425,121.52999999999997,92.87925696594428,93.71698122822535,,,,,0,75089134,110238736.18,49.53667194500097,45.782514179080685,,,,,,
2021-04-05,123.87,126.1601,123.07,125.9,117.84013750000007,122.98801666666668,127.74589999999995,121.77075000000013,122.016,122.46799999999996,93.95802859786858,93.73889462546565,,,,,1,88651175,109601168.8,55.21867333331874,46.34093243339629,,,,,,
2021-04-06,126.5,127.13,125.65,126.21,118.03152500000007,122.9973666666667,127.48869999999995,122.26325000000016,122.298,123.43199999999997,92.84880527327657,93.65797741163027,,,,,0,80171253,108915406.66,55.791703657206,46.75017452235439,,,,,,
2021-04-07,125.83,127.92,125.14,127.9,118.23387500000007,122.98976666666667,127.18829999999994,122.60400000000016,122.83400000000002,125.03199999999997,94.18377741503946,93.70577741194019,,,,,1,83466716,107432506.72,58.88082346414205,47.47724793420125,,,,,,
2021-04-08,128.95,130.39,128.52,130.36,118.43708749999998,122.96430000000001,126.93229999999994,123.12300000000016,123.86100000000002,126.67399999999998,95.85388092040118,93.90105954907301,,,,,0,88844591,107241587.44,62.940265653783385,48.955473731682524,,,,,,
2021-04-09,129.8,133.04,129.47,132.995,118.64389999999997,122.97493333333334,126.75099999999993,123.67475000000017,125.10150000000002,128.67299999999994,97.38039334371447,94.21736262131314,,,,,0,106686703,106558446.32,66.72918677682522,50.7583508440528,,,,,66.72918677682522,
2021-04-12,132.52,132.85,130.63,131.24,118.85002499999999,123.04400000000001,126.63399999999994,124.18525000000018,126.1045,129.74099999999999,95.35919550669563,94.32116561089337,,,,,0,91419983,105534423.42,62.17011805030251,51.78321628646379,,,,,,
2021-04-13,132.44,134.66,131.93,134.43,119.06612499999997,123.1338,126.68339999999993,124.70725000000016,127.4085,131.385,97.69622093023257,94.62798882174239,,,,,0,91266545,103809278.08,66.63264031038432,53.2235557833635,,,,,,
2021-04-14,134.94,135,131.655,132.03,119.28423749999997,123.26186666666668,126.64119999999994,125.03025000000017,128.62150000000003,132.21099999999996,95.63695190264632,94.7197127381882,,,,,0,87222782,103428937.26,60.81971146458017,54.51684840670544,,,,,,
2021-04-15,133.82,135,133.64,134.5,119.50451249999998,123.37640000000002,126.63139999999994,125.51725000000017,129.8565,133.039,97.82600789881373,95.00210320733598,,,,,0,89347102,103549771.96,64.27403018571603,55.98548750188813,,,,,,
2021-04-16,134.3,134.67,133.28,134.16,119.71931249999997,123.5142,126.63579999999995,126.19875000000016,130.97250000000003,133.272,96.508033943742,95.1390060015547,,,,,0,84922386,103450600.94,63.44483325884071,57.30336031764467,,,,,,
2021-04-19,133.51,135.47,133.34,134.84,119.93837499999998,123.66646666666668,126.58479999999996,126.94125000000015,131.8665,133.992,96.64841308523754,95.27622482734405,,,,,0,94264215,103652224.02,64.43311918350769,58.664054480935256,,,,,,
2021-04-20,135.02,135.53,131.81,133.11,120.14878749999998,123.78483333333335,126.51179999999995,127.42725000000016,132.5565,133.72799999999998,95.9173918578425,95.33451273920755,,,,,0,94812349,104034594.4,59.98955597643747,59.89949974871639,,,,,,
2021-04-21,132.36,133.75,131.3001,133.5,120.34897499999997,123.90456666666668,126.44359999999995,127.97525000000016,133.1165,134.022,96.85727759706889,95.47294590810404,,,,,0,68847136,103985592.84,60.6484077256744,60.82212435612284,,,,,,
2021-04-22,133.04,134.15,131.41,131.94,120.54281249999998,124.03663333333336,126.36219999999994,128.56775000000016,133.2745,133.51,94.84285108412024,95.41566456046915,,,,,0,84566456,104141437.7,56.63128220855243,61.328882232090805,,,56.63128220855243,,,
2021-04-23,132.16,135.12,132.16,134.32,120.73769999999996,124.19650000000001,126.34079999999994,129.25425000000016,133.40699999999998,133.54199999999997,97.45126348552235,95.60071900820127,,,,,1,78756779,104255642.02,60.88771896851642,61.73381406317635,,,,,,
2021-04-26,134.83,135.06,133.56,134.72,120.93288749999998,124.38236666666668,126.33259999999994,129.92975000000015,133.755,133.51799999999997,96.68483175365654,95.69927471233356,,,,,0,66905069,104308142.82,61.57037737145312,62.14657647133686,,,,,,
2021-04-27,135.01,135.41,134.11,134.39,121.12523749999998,124.54443333333334,126.31299999999996,130.57975000000016,133.75099999999998,133.77399999999997,96.27641410535314,95.7517419298808,,,,,0,66015804,104425556.3,60.630182659609666,62.27153069958454,,,,,,
2021-04-28,134.31,135.02,133.08,133.58,121.31574999999997,124.68956666666668,126.32079999999995,131.26375000000016,133.906,133.79,95.71670492245741,95.74855674738775,,,,,0,107760097,104969231.92,58.2778159814912,61.9384985801351,,,,,,
2021-04-29,136.47,137.07,132.45,133.48,121.49786249999997,124.86530000000002,126.37359999999994,131.83025000000015,133.80399999999997,134.09799999999996,95.72598901795043,95.74650513562072,,,,,0,151100953,106029546,57.97873791513712,61.31346651858594,,,,,,
2021-04-30,131.78,133.56,131.065,131.46,121.66653749999998,125.02023333333335,126.40859999999994,132.25325000000015,133.53399999999996,133.52599999999998,93.64403962502494,95.55537190738474,,,,,0,109839466,106289200.36,52.15606774430382,60.59817721101461,,,,,,
2021-05-03,132.04,134.07,131.83,132.54,121.84662499999996,125.15530000000004,126.46199999999993,132.58525000000017,133.30399999999997,133.08999999999997,95.09755619227107,95.51375229691986,,,,,0,75135100,106038525.68,54.771381650168124,59.7509444495706,,,,,,
2021-05-04,131.19,131.4899,126.7,127.85,122.00423749999996,125.24123333333337,126.49899999999994,132.66725000000017,132.77799999999996,131.78199999999998,91.48108484569498,95.14714616499033,,,,,0,137564718,106711491.66,43.62025134939311,58.52241158420009,,,,,,
2021-05-05,129.2,130.45,127.97,128.1,122.15294999999996,125.33463333333336,126.54379999999993,132.67725000000016,132.23799999999997,130.68599999999998,92.27621876403173,94.88615276490319,,,,,0,84000900,105226049.22,44.27157049974078,57.09366446377329,,,,,,
2021-05-06,127.89,129.75,127.13,129.74,122.31664999999997,125.42750000000002,126.63159999999995,132.64625000000015,132.01799999999997,129.93799999999996,93.39188021883098,94.75030980616935,,,,,0,78128334,104567817.82,48.47655257553019,56.02450155782254,,,,,,
2021-05-07,130.85,131.2582,129.475,130.21,122.48133749999997,125.5169666666667,126.81599999999995,132.50700000000015,131.60699999999997,129.688,92.97106123099846,94.58855993569928,,,,,0,78973273,103183292.48,49.64910754236544,54.96850072631238,,,,,,
2021-05-10,129.41,129.54,126.81,126.85,122.65136249999998,125.6091666666667,126.92779999999995,132.28750000000014,130.81999999999996,128.54999999999998,89.90906320213769,94.16315114173914,,,,,0,88071229,101653509.18,42.24707419959778,53.70118059939525,,,,,,
2021-05-11,123.5,126.27,122.77,125.91,122.81783749999997,125.67190000000005,126.89019999999995,131.86150000000015,129.97199999999998,128.16199999999998,90.18393483015157,93.80140420432208,,,,,0,126142826,101850207.86,40.431025032474366,52.25708183559525,,,,,,
2021-05-12,123.4,124.64,122.25,122.77,122.95763749999996,125.7359666666667,126.84319999999997,131.39850000000015,128.89099999999996,127.09599999999998,88.70429733316314,93.33803085239855,,,,,0,112172282,102048434.6,35.01617809199777,50.71314582726991,,,35.01617809199777,,,
2021-05-13,124.58,126.15,124.26,124.97,123.11622499999996,125.80190000000005,126.90139999999995,130.92200000000017,128.03999999999996,126.14199999999997,92.27304611068038,93.2412140576969,,,,,0,105861339,101906334.58,40.98029544645486,49.29118700426552,,,,,,
2021-05-14,126.25,127.89,125.85,127.45,123.27827499999995,125.88510000000005,127.04779999999995,130.58650000000017,127.63899999999997,125.58999999999996,92.97241830415001,93.21677808010172,,,,,0,81917951,99981594.1,46.89692384055935,48.24308318063025,,,,,,
2021-05-17,126.82,126.93,125.17,126.27,123.42867499999997,125.94710000000003,127.14479999999996,130.1580000000002,127.01199999999997,125.47399999999993,90.75771587930598,92.99322697093847,,,,,0,74244624,98391154.56,44.60562416849512,47.09847185983635,,,,,,
2021-05-18,126.56,126.99,124.78,124.85,123.52162499999997,125.95010000000005,127.31459999999996,129.74500000000018,126.71199999999996,125.26199999999994,89.96469147070833,92.71790556182664,,,,,0,63342929,96570480.94,41.94945989774584,45.932160710997394,,,,,,
2021-05-19,123.16,124.915,122.86,124.69,123.60038749999995,125.97403333333338,127.38669999999995,129.30450000000016,126.37099999999995,125.64599999999993,90.62124500949648,92.52730005706935,,,,,0,92611989,95832205.12,41.64851901249316,44.76571650366568,,,,,,
2021-05-20,125.23,127.72,125.1,127.31,123.68861249999996,126.0148333333334,127.53329999999994,129.07300000000015,126.12799999999996,126.11399999999992,92.79853438913038,92.55195772362036,,,,,1,76857123,95130481.06,48.20148778605478,44.483246506647895,,,,,,
2021-05-21,127.82,128,125.21,125.43,123.76544999999996,126.04630000000007,127.60269999999996,128.62850000000017,125.64999999999998,125.70999999999992,90.4732480110023,92.36298411338235,,,,,0,79295436,94655859.5,44.3525079245016,43.73904124052886,,,,,,
2021-05-24,126.01,127.94,125.94,127.1,123.83143749999995,126.10016666666672,127.72409999999995,128.24750000000014,125.67499999999998,125.87599999999993,91.74974193129236,92.30723482410144,,,,,0,63092945,94155617.4,48.30167048437059,44.07342832159868,,,,,48.30167048437059,
2021-05-25,127.82,128.32,126.32,126.9,123.91037499999995,126.17296666666671,127.78229999999996,127.87300000000016,125.77399999999997,126.28599999999992,90.70635158896943,92.16169998454399,,,,,0,72009482,93743995.94,47.86358101813476,44.33000050148397,,,,,,
2021-05-26,126.955,127.39,126.42,126.85,123.98098749999996,126.23523333333338,127.80789999999996,127.53650000000013,126.18199999999997,126.71799999999993,90.86415862009684,92.04374167868515,,,,,0,56575920,92570955.62,47.746988324645706,44.27788876927793,,,,,,
2021-05-27,126.44,127.64,125.08,125.28,124.06051249999997,126.29130000000005,127.81829999999997,127.12650000000015,126.21299999999997,126.31199999999994,89.57144695637254,91.81898761302037,,,,,0,94625601,92224814.92,44.11328181426765,43.88247264584237,,,,,,
2021-05-28,125.57,125.8,124.55,124.61,124.11851249999997,126.35036666666672,127.89989999999996,126.78400000000015,125.92899999999995,126.14799999999994,88.98870948160737,91.56168960107374,,,,,0,71311109,91221642,42.62253803980179,43.90929149157123,,,,,,
2021-06-01,125.08,125.35,123.94,124.28,124.16486249999997,126.41196666666673,127.98569999999997,126.37100000000017,125.72999999999998,125.58399999999992,88.68443336536542,91.30012085237298,,,,,0,67637118,88863393.92,41.87198564853446,44.01221724986124,,,,,,
2021-06-02,124.28,125.24,124.05,125.06,124.21562499999996,126.47870000000005,128.01909999999995,126.23150000000014,125.75099999999998,125.21599999999992,89.28541681044638,91.11696593947056,,,,,0,59278862,87810725.48,44.36571635227016,44.68004141130927,,,,,,
2021-06-03,124.68,124.85,123.13,123.54,124.26028749999998,126.52496666666671,128.03909999999996,126.00350000000014,125.63599999999997,124.55399999999993,88.07279277395317,90.84022292442353,,,,,0,76229170,87425966.04,40.701290697801525,44.66011250069117,,,40.701290697801525,,,
2021-06-04,124.07,126.16,123.85,125.89,124.31192499999997,126.62290000000006,128.15509999999995,125.81100000000015,125.49399999999996,124.67599999999993,90.07455531546486,90.77061677815456,,,,,0,75169343,87158743.2,47.870205038311575,44.729632586244904,,,,,,
2021-06-07,126.17,126.32,124.8321,125.9,124.36288749999999,126.69343333333337,128.26129999999995,125.59550000000016,125.54099999999997,124.93399999999993,89.29331328548328,90.636316460639,,,,,0,71057550,86603000.58,47.899069964245555,44.96487871451279,,,,,,
2021-06-08,126.6,128.46,126.2101,126.74,124.40521249999998,126.81263333333338,128.37189999999995,125.59000000000015,125.50499999999995,125.4259999999999,89.96032206088682,90.57486242429789,,,,,0,74403774,86209651.38,50.38430506455702,45.5673676549993,,,,,,
2021-06-09,127.21,127.75,126.52,127.13,124.41901249999997,126.9350333333334,128.48669999999996,125.65100000000014,125.52799999999995,125.83999999999992,90.22177538588917,90.54276360262438,,,,,0,56877937,85730826.06,51.54008371221186,46.273907990693495,,,,,,
2021-06-10,127.02,128.19,125.94,126.11,124.42027499999996,127.03950000000005,128.61089999999996,125.81800000000014,125.45399999999995,126.35399999999993,89.6614322888277,90.4626425740974,,,,,0,71186421,85441116.1,48.36670202258123,46.28570900758824,,,,,,
2021-06-11,126.53,127.44,126.1,127.35,124.43289999999998,127.12216666666671,128.71489999999994,125.93700000000013,125.66099999999997,126.64599999999992,90.12334903601868,90.43179770699933,,,,,0,53522373,84145087.04,52.21833312351524,46.84755366466063,,,,,,
2021-06-14,127.82,130.54,127.07,130.48,124.45268749999995,127.19849999999991,128.86449999999996,126.08849999999998,126.24799999999996,127.5619999999999,92.15882470658866,90.58880016150745,,,,,1,96906490,84581434.16,60.27393051890773,47.70271509569901,,,,,,
2021-06-15,129.94,130.6,129.39,129.64,124.47583749999995,127.27149999999992,128.93929999999995,126.25699999999999,126.78399999999996,128.1419999999999,91.39961834572613,90.66251090552733,,,,,0,62746332,84063337.3,57.473506566330286,48.38913834914154,,,,,,
2021-06-16,130.37,130.89,128.461,130.15,124.50254999999996,127.36369999999991,129.01809999999995,126.52199999999998,127.29299999999998,128.74599999999992,91.94457657691602,90.77906233019903,,,,,0,91815026,84296212.76,58.72731886656083,49.17344767356405,,,,,,
2021-06-17,129.8,132.55,129.65,131.79,124.51629999999996,127.46916666666657,129.09589999999997,126.877,128.118,129.8819999999999,93.60727890882659,91.03617292825608,,,,,0,96721669,84561311.82,62.55091903112464,50.49042176048241,,,,,,
2021-06-18,130.71,131.51,130.24,130.46,124.49769999999997,127.54229999999991,129.09789999999998,127.03449999999998,128.575,130.5039999999999,92.7034356976207,91.1877422709256,,,,,0,108953309,84963486.18,57.86875719089924,51.57943741413222,,,,,,
2021-06-21,130.3,132.41,129.21,132.3,124.50219999999996,127.62956666666658,129.08399999999995,127.37799999999997,129.21499999999997,130.8679999999999,95.26072493195663,91.55801342192842,,,,,0,79663316,84423018.44,62.0959250490565,53.024004514169505,,,,,,
2021-06-22,132.13,134.08,131.62,133.98,124.56769999999997,127.72769999999991,129.13879999999995,127.72199999999998,129.939,131.73599999999993,95.13823139556902,91.88348778316848,,,,,0,74783618,84090291.14,65.49958157630975,54.533566315886624,,,,,,
2021-06-23,133.77,134.32,133.23,133.7,124.63139999999996,127.81703333333324,129.12419999999997,128.06199999999995,130.59599999999998,132.4459999999999,94.45581347155138,92.11733557302146,,,,,0,60214200,83469244.24,64.4606476621103,56.23066324190868,,,,,,
2021-06-24,134.45,134.64,132.93,133.41,124.73434999999996,127.91049999999991,129.15179999999998,128.38999999999996,131.326,132.76999999999992,94.35314475120408,92.32059095285625,,,,,0,68710998,83099008.56,63.34004305960987,57.33565167200141,,,,,,
2021-06-25,133.46,133.89,132.81,133.11,124.81329999999997,128.01103333333322,129.12399999999997,128.78149999999997,131.902,133.2999999999999,93.59706362153347,92.436633922736,,,,,0,70783746,82727741.44,62.136633662748935,58.35262050760879,,,,,,
2021-06-28,133.41,135.245,133.35,134.78,124.91974999999996,128.11863333333324,129.13639999999995,129.28999999999996,132.332,133.7959999999999,94.45673477873895,92.6202794550999,,,,,0,62111303,82271519.78,66.00821922042874,59.46861437588536,,,,,,
2021-06-29,134.8,136.49,134.35,136.33,125.04139999999998,128.24523333333323,129.16619999999995,129.89249999999996,133.00099999999998,134.2659999999999,95.32188821196006,92.8658802511781,,,,,0,64556081,81677357.1,69.16018380509823,60.727192953948666,,,,,,
2021-06-30,136.17,137.41,135.87,136.96,125.14942499999998,128.3992999999999,129.24319999999997,130.48749999999995,133.682,134.9179999999999,95.73583173532843,93.1267849315554,,,,,0,63261393,81046337.98,70.36309560668751,62.29836392424198,,,,,,
2021-07-01,136.6,137.33,135.76,137.27,125.25807499999998,128.54663333333323,129.31859999999998,131.17399999999995,134.23,135.6899999999999,95.82570291030346,93.3721411114416,,,,,0,52485781,80719110.88,70.96326739580078,63.6372878008338,,,,,,
2021-07-02,137.9,140,137.745,139.96,125.39722499999998,128.70616666666658,129.47899999999996,131.87749999999997,135.18,137.0599999999999,97.19601937994365,93.71976640857814,,,,,0,78945572,80606693.2,75.58383616658121,64.73085248995334,,,,,,
2021-07-06,140.07,143.15,140.07,142.02,125.55562499999998,128.8756999999999,129.63299999999998,132.68349999999995,136.152,138.5079999999999,97.8923932698118,94.09909612323574,,,,,0,108181793,81195193.48,78.41635096478386,66.22676994698574,,,,,,
2021-07-07,143.535,144.89,142.66,144.57,125.74427499999997,129.04583333333323,129.82999999999996,133.57499999999996,137.21099999999998,140.1559999999999,99.85196372535702,94.62208408706495,,,,,0,104911589,81955323.88,81.30720776607205,67.83961915409368,,,,,81.30720776607205,
2021-07-08,141.58,144.06,140.665,143.24,125.91007499999998,129.18263333333323,130.00699999999995,134.38049999999996,138.165,141.4119999999999,98.60169705424791,94.98386708408158,,,,,0,105575458,82746516.96,75.61835031622533,68.77300710302946,,,,,,
2021-07-09,142.75,145.65,142.6522,145.11,126.07657499999998,129.3294999999999,130.23759999999996,135.33049999999997,139.33499999999998,142.9799999999999,100.75147598956684,95.50819516639842,,,,,0,99890800,82589131.02,77.95396475256435,70.20766478600554,,,,,,
2021-07-12,146.21,146.32,144,144.5,126.26347499999999,129.47323333333324,130.45799999999997,136.18799999999996,140.474,143.8879999999999,99.20952777637922,95.84467994912394,,,,,0,76299719,81093106.34,75.41606284740186,71.15910320017306,,,,,,
2021-07-13,144.03,147.46,143.63,145.64,126.45057499999999,129.62916666666658,130.74159999999998,136.94599999999997,141.56,144.6119999999999,99.64786162603997,96.1904237379345,,,,,0,100827099,80912859,76.92782954671591,71.97540662663064,,,,,,
2021-07-14,148.1,149.57,147.68,149.15,126.63492499999998,129.7984999999999,131.07379999999998,137.92149999999995,142.84199999999998,145.52799999999993,102.4100521834661,96.7558445057101,,,,,0,127050785,81951172.7,80.83549886433023,73.14503885536064,,,,,,
2021-07-15,149.24,150,147.09,148.48,126.80252499999999,129.95916666666656,131.48639999999997,138.83799999999997,143.99399999999997,146.57599999999994,101.83091733324797,97.217214762759,,,,,0,106820297,81336284.28,78.11580128381215,74.20045015708936,,,,,,
2021-07-16,148.46,149.76,145.88,146.39,126.96402499999998,130.12323333333325,131.85219999999998,139.56799999999996,144.906,146.83199999999994,100.72614012715479,97.53620797770407,,,,,0,93251426,81521294.8,70.18332801984441,74.77521403973904,,,,,,
2021-07-19,143.75,144.07,141.67,142.45,127.097225,130.2512999999999,132.10639999999998,140.16749999999996,145.15499999999997,146.4219999999999,98.76015391192817,97.64747578990625,,,,,0,121434571,82387419.54,58.18741271151778,74.21658500338826,,,58.18741271151778,,,
2021-07-20,143.46,147.0997,142.96,146.15,127.24402499999998,130.4095666666666,132.4252,140.85999999999996,145.56799999999998,146.52399999999992,102.95903007873683,98.13034436161813,,,,,0,96350036,82734954.8,64.3498314555836,73.87298840699437,,,,,,
2021-07-21,145.53,146.13,144.63,145.4,127.40592499999997,130.56703333333323,132.79619999999997,141.43099999999995,145.651,145.77399999999992,100.90098425879876,98.38222071590728,,,,,0,74993460,82473399.42,62.34405095493126,73.30019950329748,,,,,,
2021-07-22,145.935,148.195,145.81,146.8,127.55742499999997,130.69316666666657,133.21399999999997,142.08599999999996,146.007,145.43799999999993,101.0397643323208,98.6238155901267,,,,,0,77338156,81497306.02,64.56442879669638,72.84313960336145,,,,,,
2021-07-23,147.55,148.7177,146.92,148.56,127.73442499999997,130.83149999999992,133.72979999999998,142.84349999999998,146.352,145.8719999999999,102.04488161392472,98.93482159229015,,,,,0,71447416,80682808.7,67.18410075959362,72.24315850286234,,,,,,
2021-07-26,148.27,149.83,147.7,148.99,127.90397499999997,130.96676666666656,134.21019999999996,143.6375,146.801,147.17999999999992,101.312389500884,99.15096412943504,,,,,0,72434089,80014263.7,67.81023259243197,71.48557861912292,,,,,67.81023259243197,
2021-07-27,149.12,149.21,145.55,146.77,128.06297499999997,131.10086666666658,134.59659999999997,144.23699999999997,146.91400000000002,147.30399999999992,99.56561163735695,99.18865935742794,,,,,0,104818578,80472276.24,61.30657415104224,70.05696193233507,,,,,,
2021-07-28,144.81,146.97,142.54,144.98,128.20302499999997,131.21253333333325,134.97079999999997,144.66949999999997,146.497,147.21999999999994,98.81698614326577,99.1548708834132,,,,,0,118931191,81366007.58,56.59340471087828,68.69803724623885,,,56.59340471087828,,,
2021-07-29,144.685,146.55,144.58,145.64,128.30922499999997,131.30426666666656,135.3866,145.1035,146.213,146.98799999999991,99.28578408091568,99.16677208318615,,,,,1,56699475,81233138.5,57.87921831155526,67.26412678616677,,,,,,
2021-07-30,144.38,146.33,144.11,145.86,128.433025,131.4035999999999,135.80999999999997,145.533,146.16,146.44799999999992,99.0192661920645,99.15336245672054,,,,,0,70440626,80789711.24,58.322406680578496,66.04315134567939,,,,,,
2021-08-02,146.36,146.95,145.25,145.52,128.55467499999997,131.49393333333325,136.17419999999998,145.81099999999998,146.467,145.75399999999993,99.3249561460388,99.1689618830222,,,,,1,62879961,80510168,57.318649191619535,64.64249560602964,,,,,,
2021-08-03,145.81,148.045,145.18,147.36,128.687925,131.56506666666658,136.6128,146.078,146.58800000000002,145.87199999999993,100.76701275315412,99.31423923485238,,,,,0,64786618,80219991.64,61.20948168090051,63.24063723578466,,,,,,
2021-08-04,147.27,147.79,146.28,146.95,128.82757499999997,131.64559999999992,137.00979999999998,146.197,146.743,146.26599999999993,99.66856274699535,99.34645046322902,,,,,0,56368271,80085498.16,59.89916620035827,61.93944901553796,,,,,,
2021-08-05,146.98,147.84,146.17,147.06,128.98297499999998,131.73453333333325,137.41299999999998,146.388,146.769,146.54999999999993,100.20782937548977,99.42475763707091,,,,,0,46397674,79573262,60.14567145337739,61.2224735465046,,,,,,
2021-08-06,146.35,147.11,145.63,146.14,129.126125,131.82419999999988,137.7988,146.4395,146.527,146.60599999999994,98.9864735193911,99.38491362637275,,,,,0,54126813,79524279.86,56.990278987320515,61.136963994776224,,,,,,
2021-08-09,146.2,146.7,145.52,146.09,129.272225,131.93539999999987,138.215,146.519,146.237,146.71999999999994,98.78710968756974,99.3305678137543,,,,,0,48908689,78609941.62,56.815823284338485,60.598820553973,,,,,,
2021-08-10,146.44,147.71,145.3,145.6,129.421475,132.03266666666656,138.63479999999998,146.517,146.11999999999998,146.36799999999994,98.54839655802577,99.2594613359608,,,,,0,69023081,78564181.06,55.03772556229077,60.0769401687844,,,55.03772556229077,,,
2021-08-11,146.05,146.72,145.53,145.86,129.57557499999996,132.16106666666656,139.0664,146.35250000000002,146.208,146.14999999999992,98.62646898398376,99.20191657669015,,,,,0,48493463,78181307.96,55.827673637047006,59.45288622880945,,,,,,
2021-08-12,146.19,149.05,145.84,148.89,129.74477499999998,132.28086666666653,139.543,146.37300000000002,146.533,146.51599999999993,100.42741288174311,99.31332533169497,,,,,1,73779113,78471312.98,63.807942298339654,59.21173205300558,,,,,,
2021-08-13,148.97,149.4444,148.27,149.1,129.90727499999997,132.3945333333332,140.0542,146.5085,146.857,147.10799999999992,100.2730439694944,99.40057248058582,,,,,0,59375009,78134229.76,64.28947394834216,58.960249292713456,,,,,,
2021-08-16,148.535,151.19,146.47,151.12,130.10687499999997,132.5421333333332,140.55880000000002,146.942,147.417,148.11399999999992,101.46844554262657,99.58856094077134,,,,,0,103558782,78702018.54,68.61510084989442,59.48228691406003,,,,,68.61510084989442,
2021-08-17,150.23,151.68,149.09,150.19,130.28122499999998,132.68473333333318,141.0446,147.144,147.7,149.03199999999993,100.57994696097076,99.67868694260765,,,,,0,92229735,79125462.24,64.72770065717322,60.06330805308111,,,,,,
2021-08-18,149.8,150.72,146.15,146.36,130.46872499999998,132.78786666666653,141.437,147.192,147.641,149.13199999999992,98.71247529827545,99.59084952039564,,,,,0,86325990,79363906.56,51.72961724415516,59.624050833981094,,,51.72961724415516,,,
2021-08-19,145.03,148,144.5,146.7,130.65837499999995,132.90646666666652,141.82840000000002,147.18699999999998,147.60499999999996,148.6939999999999,100.01658989107484,99.62955319045739,,,,,1,86960310,79965554.02,52.63885232614125,59.218082665807,,,,,,
2021-08-20,147.44,148.5,146.78,148.19,130.84712499999998,133.04679999999985,142.27,147.1685,147.81,148.5119999999999,100.90562440419447,99.74555966443349,,,,,0,60549630,79752818.2,56.50539548917539,59.15999311563242,,,,,,
2021-08-23,148.31,150.19,147.89,149.71,131.02092499999998,133.1926666666665,142.71720000000002,147.2045,148.172,148.2299999999999,101.1173725197955,99.87026992401185,,,,,0,60131810,79885006.94,60.085330822794596,59.07969662576771,,,,,,
2021-08-24,149.45,150.86,149.15,149.62,131.17387499999998,133.30993333333316,143.10000000000002,147.34699999999998,148.574,148.1159999999999,100.2024765991075,99.90047053083873,,,,,0,48606428,78919005.7,59.77162795782833,59.070586751301285,,,,,,
2021-08-25,149.81,150.32,147.8,148.36,131.32222499999997,133.38653333333315,143.47440000000003,147.516,148.82399999999998,148.5159999999999,99.21025003176388,99.83772321274101,,,,,0,58991297,78843905,55.40997877684203,58.73232298869162,,,,,,
2021-08-26,148.35,149.12,147.51,147.54,131.47832499999996,133.4429999999998,143.8222,147.611,148.68900000000002,148.68399999999988,98.44312975401449,99.71094198922042,,,,,0,48597195,77979548.38,52.71404051001599,58.42687738316987,,,,,,
2021-08-27,147.48,148.75,146.83,148.6,131.64147499999999,133.4808666666665,144.15840000000003,147.748,148.639,148.76599999999988,99.73132051158721,99.71279458216286,,,,,1,55802388,77161162.76,55.71367474139088,58.34815248724504,,,,,,
2021-08-30,149,153.49,148.61,153.12,131.80962499999995,133.54726666666647,144.6116,148.128,148.839,149.44799999999987,101.86766251679832,99.90869166712972,,,,,0,90956723,76801231.04,65.7043062441368,59.11005110737693,,,,,,
2021-08-31,152.66,152.8,151.29,151.83,131.97272499999997,133.61239999999978,145.00220000000002,148.3515,149.00300000000001,149.88999999999987,100.57631160572338,99.96938438882005,,,,,0,86453117,76937027.06,61.444019118544425,59.51121864176961,,,,,,
2021-09-01,152.83,154.98,152.34,152.51,132.13897499999996,133.7151999999998,145.3728,148.62949999999998,149.618,150.71999999999986,101.16324576745257,100.07791724142301,,,,,0,80313711,77047628.92,62.812825749017634,59.44013888824661,,,,,,
2021-09-02,153.87,154.72,152.4,153.65,132.30572499999997,133.8597999999998,145.7718,148.959,150.31300000000002,151.94199999999987,101.88766826551137,100.24244006179468,,,,,0,71171317,77266771.26,65.05280157714736,59.49466229030411,,,,,,
2021-09-03,153.76,154.63,153.09,154.3,132.48027499999995,133.9941999999998,146.18960000000004,149.367,150.924,153.08199999999985,102.02912094936237,100.4048655970281,,,,,0,57866066,77049872.62,66.29927378952783,59.32924607170651,,,,,,
2021-09-07,154.97,157.26,154.39,156.69,132.67357499999997,134.13886666666647,146.66120000000004,149.897,151.622,153.79599999999985,103.64420494684065,100.69935099246561,,,,,0,82278261,77279762.92,70.46992619085785,59.73940503839826,,,,,70.46992619085785,
2021-09-08,156.98,157.04,153.975,155.11,132.85592499999996,134.2799999999998,147.06780000000003,150.3725,152.171,154.45199999999983,102.94865951920566,100.90383358580561,,,,,0,74420207,77525941,64.76380535498294,60.670418474885956,,,,,,
2021-09-09,155.49,156.11,153.95,154.07,133.03957499999996,134.39119999999977,147.42260000000002,150.78299999999996,152.742,154.76399999999984,102.39295714741432,101.03920845504277,,,,,0,57305730,77380933.98,61.2482666337331,61.28537663971395,,,,,,
2021-09-10,155,155.48,148.7,148.97,133.215175,134.47259999999977,147.6628,150.78699999999998,152.885,153.82799999999983,99.4620844062342,100.89583354151472,,,,,0,140893235,78933570.82,47.60218573479205,60.649433085829436,,,,,,
2021-09-13,150.63,151.42,148.75,149.55,133.38707499999998,134.55686666666645,147.9084,150.80949999999996,152.98,152.87799999999982,100.62643403602503,100.87134267737929,,,,,0,102404329,79931941.78,48.99398946559679,59.85719441745816,,,,,,
2021-09-14,150.35,151.07,146.91,148.12,133.54752499999998,134.63759999999976,148.0716,150.65949999999995,152.47999999999996,151.16399999999982,99.43787035213663,100.74102701144814,,,,,0,109296295,80538956.24,45.766219392320494,58.85680809135045,,,,,,
2021-09-15,148.56,149.44,146.37,149.03,133.709725,134.72853333333308,148.2118,150.60149999999996,152.2,149.9479999999998,100.62659518439995,100.73062411808012,,,,,0,83281315,80040946.68,48.10905287435525,58.335313384029966,,,,,,
2021-09-16,148.44,148.97,147.221,148.79,133.85842499999998,134.81959999999975,148.2962,150.72299999999996,151.82799999999997,148.89199999999983,99.62081732947381,100.62973259184318,,,,,0,68034149,79303397.88,47.525934482085034,57.9647343820349,,,,,,
2021-09-17,148.82,148.82,145.76,146.06,133.975125,134.89086666666643,148.3526,150.69099999999997,151.069,148.30999999999983,97.94445835270555,100.38561675192157,,,,,0,129868824,79789265.2,41.381619089215015,56.9410161211652,,,,,,
2021-09-20,143.8,144.84,141.27,142.94,134.074425,134.9558666666664,148.3092,150.42849999999996,149.933,146.9879999999998,96.7340254185672,100.0536539034348,,,,,0,123478863,80261026.46,35.70095285462433,54.79791945048573,,,35.70095285462433,,,
2021-09-21,143.93,144.6,142.78,143.43,134.176875,135.03979999999973,148.2878,150.11449999999996,148.60699999999997,146.0499999999998,98.74200269865894,99.93441288481881,,,,,0,75833962,80251711.32,37.15995014305217,53.06334309509343,,,,,,
2021-09-22,144.45,146.43,143.7001,145.85,134.294875,135.14739999999975,148.292,149.92599999999996,147.68099999999998,145.41399999999982,100.48964443362468,99.9848884801648,,,,,1,76404341,79763256.16,43.927115860376915,51.71436381733338,,,,,,
2021-09-23,146.65,147.08,145.64,146.83,134.410275,135.2604666666664,148.2456,149.84949999999995,146.95699999999997,145.02199999999985,100.21089127155835,100.0054341884733,,,,,0,64838170,78519003.86,46.44239855608277,50.385049315828766,,,,,,
2021-09-24,145.66,147.4701,145.56,146.92,134.522975,135.39993333333305,148.21439999999998,149.81849999999994,146.75199999999998,145.19399999999982,99.06967648837151,99.92036530664586,,,,,0,53477869,77452155.3,46.678954400553295,48.98359793090201,,,,,46.678954400553295,
2021-09-27,145.47,145.96,143.82,145.37,134.64092500000004,135.52999999999975,148.194,149.65699999999995,146.334,145.67999999999984,97.88192940363194,99.73505295182642,,,,,0,74150729,77070141.36,43.14457903626544,47.0317874198597,,,,,,
2021-09-28,143.25,144.75,141.69,141.91,134.73427500000003,135.64039999999974,148.18319999999997,149.09649999999993,145.713,145.37599999999983,95.81823501609236,99.37897859403242,,,,,0,108972340,76820896.74,36.50069854318763,45.012994076160034,,,,,,
2021-09-29,142.47,144.45,142.03,142.83,134.83637500000003,135.78599999999975,148.11679999999998,148.64649999999997,145.093,144.77199999999982,98.44370313189239,99.29395355201969,,,,,0,74602044,76385936.9,39.18246409718386,43.43686532354936,,,,,,
2021-09-30,143.66,144.378,141.28,141.5,134.934975,135.9209333333331,148.03879999999998,148.09599999999998,144.36399999999998,143.70599999999982,97.37466882290198,99.11947312209989,,,,,0,89056664,76667200.98,36.76513112051257,42.66278999395797,,,,,,
2021-10-01,141.9,142.92,139.1101,142.65,135.008825,136.01999999999975,147.95579999999998,147.546,144.02299999999997,142.8519999999998,99.3492790531929,99.14036457038107,,,,,1,94639581,77013229.48,40.20049843423876,42.03468349171811,,,,,,
2021-10-04,141.76,142.21,138.27,139.14,135.065475,136.1134666666664,147.76739999999998,146.78799999999995,143.64299999999997,141.60599999999982,95.80335318621543,98.83699989909329,,,,,0,98322008,77550721.32,34.10953115763297,41.20206290352615,,,34.10953115763297,,,
2021-10-05,139.49,142.24,139.36,141.11,135.127525,136.2404666666664,147.60979999999998,146.00899999999996,143.411,141.4459999999998,98.43807769848412,98.80073424449245,,,,,0,80861062,77719260.78,39.637502955052945,40.596952195004555,,,,,,
2021-10-06,139.47,142.15,138.37,142,135.20425,136.3862666666664,147.5144,145.3535,143.026,141.2799999999998,98.0277100864991,98.73045932103851,,,,,0,83221119,77287311.6,42.00475275764599,40.20258207183033,,,,,,
2021-10-07,143.06,144.215,142.72,143.29,135.27955,136.5320666666664,147.48059999999998,144.8145,142.672,141.63799999999978,98.51359898798228,98.71074474530613,,,,,0,61732656,76143340.9,45.350168571981754,40.48604989202795,,,,,,
2021-10-08,144.03,144.1781,142.56,142.9,135.33465,136.70899999999972,147.42579999999998,144.511,142.27,141.6879999999998,97.4373543951361,98.59498198619977,,,,,0,58773155,76184814.5,44.514151056190634,41.11556404928269,,,,,,
2021-10-11,142.27,144.81,141.81,142.81,135.3939,136.85383333333306,147.36479999999997,144.174,142.01399999999998,142.4219999999998,97.56225306568594,98.50109753888033,,,,,0,64452219,76065046.36,44.31114358787066,41.626363581055436,,,,,,
2021-10-12,143.23,143.25,141.0401,141.51,135.4416,136.9973666666664,147.28459999999998,143.8435,141.974,142.50199999999978,97.34247454828946,98.39576817609934,,,,,0,73035859,76268164.32,41.37588263349857,41.44413263627841,,,,,,
2021-10-13,141.235,141.4,139.2,140.91,135.46269999999998,137.12369999999973,147.15559999999996,143.4375,141.78199999999998,142.2839999999998,97.16501480241986,98.28388150576484,,,,,0,78762721,76547686.38,40.05700408309823,40.98803303106523,,,40.05700408309823,,,
2021-10-14,142.11,143.88,141.51,143.76,135.50715,137.27523333333306,147.09179999999998,143.186,142.00799999999998,142.3779999999998,98.83152030688917,98.3336668513216,,,,,1,69907100,76818462.96,48.46076677091229,41.11530534323373,,,,,,
2021-10-15,143.77,144.895,143.51,144.84,135.56275,137.41423333333304,147.04739999999998,143.12500000000003,142.227,142.7659999999998,97.9034529375317,98.29455649552251,,,,,0,67940334,77249316.16,51.24993137557056,41.694259081755526,,,,,,
2021-10-18,143.445,146.84,143.16,146.55,135.63205,137.55409999999975,147.05559999999997,143.30550000000002,142.96800000000002,143.5139999999998,98.32534922104585,98.29735583420646,,,,,1,85589175,77878563.4,55.368399347391275,43.041951996341496,,,,,,
2021-10-19,147.01,149.17,146.55,148.76,135.72879999999998,137.71409999999972,147.10899999999995,143.57200000000003,143.733,144.9639999999998,99.47241372392993,98.40417927872677,,,,,0,76378894,78427967.5,60.06414238732942,44.533500445637614,,,,,,
2021-10-20,148.7,149.7539,148.12,149.26,135.82004999999998,137.90563333333304,147.18219999999997,143.7425,144.459,146.63399999999982,99.07426255188464,98.46509593992295,,,,,0,58418788,78215881.64,61.062289795760705,46.2690117795839,,,,,,
2021-10-21,148.81,149.64,147.87,149.48,135.93445,138.10223333333306,147.25459999999995,143.87500000000003,145.07800000000003,147.77799999999982,98.85807504078304,98.5008213127284,,,,,0,61420990,78474432.18,61.51803931551624,47.791693271103725,,,,,,
2021-10-22,149.69,150.18,148.64,148.69,136.02329999999998,138.27089999999973,147.25059999999996,143.9635,145.65700000000004,148.54799999999983,98.04188764756177,98.45910007044053,,,,,0,58883443,78176518.78,58.85411584186996,49.559163605692085,,,,,,
2021-10-25,148.68,149.37,147.6211,148.64,136.10625,138.4448999999997,147.24139999999997,144.127,146.24000000000004,148.96599999999984,98.11415407565826,98.42774134364214,,,,,0,50720556,78003429.72,58.6809174914563,50.919407501149465,,,,,,
2021-10-26,149.33,150.84,149.0101,149.32,136.20794999999998,138.6397666666664,147.20539999999994,144.4975,147.02100000000002,149.0779999999998,98.09722565909485,98.39769446322875,,,,,0,60893395,77150121.98,60.388236519696164,52.23251348415305,,,,,,
2021-10-27,149.36,149.73,148.49,148.85,136.30819999999997,138.8281666666664,147.17859999999996,144.79850000000005,147.815,148.9959999999998,97.61082451691875,98.32616083174602,,,,,0,56094929,76427425.86,58.586323251089254,53.1779531040893,,,,,,
2021-10-28,149.82,153.165,149.72,152.57,136.4166,139.03723333333306,147.30279999999996,145.35200000000003,148.696,149.6139999999998,100.55869603903622,98.52911857786331,,,,,1,100077888,76702463.82,66.98363934245612,54.78291655310826,,,,,66.98363934245612,
2021-10-29,147.215,149.94,146.4128,149.8,136.52104999999997,139.22663333333307,147.36479999999995,145.70950000000005,149.19200000000004,149.8359999999998,97.77195680977113,98.46028568985493,,,,,0,124953168,77462320.98,57.615421743949554,55.733222135685324,,,,,,
2021-11-01,148.985,149.7,147.8,148.96,136.63015,139.42036666666638,147.38019999999995,146.20050000000006,149.43300000000002,149.8999999999998,97.03412740289097,98.33063493649456,,,,,0,74588258,77743093.54,55.098818697504434,56.71343185454288,,,55.098818697504434,,,
2021-11-02,148.66,151.57,148.65,150.02,136.7411,139.60616666666638,147.38639999999995,146.64600000000004,149.55900000000003,150.03999999999982,97.54902810771445,98.25957977024183,,,,,0,69121987,77922897.08,57.61476753153019,57.96755781514518,,,,,,
2021-11-03,150.39,151.97,149.82,151.49,136.83839999999998,139.79609999999968,147.42379999999994,147.12050000000005,149.782,150.5679999999998,98.14367714321502,98.24904316778485,,,,,0,54511534,78040999.2,60.887814758348455,58.855204099962044,,,,,,
2021-11-04,151.58,152.43,150.64,150.96,136.90884999999997,139.96316666666635,147.47579999999994,147.50400000000008,149.93,150.2459999999998,97.17245493050223,98.15117150985006,,,,,0,60394616,78069065.58,59.11533582685631,59.41701870362531,,,,,,
2021-11-05,151.89,152.2,150.06,151.28,136.96989999999997,140.13029999999966,147.55059999999995,147.92300000000006,150.18900000000002,150.54199999999983,96.9729085248725,98.04405669303392,,,,,0,65463883,78406399.34,59.87483330426045,59.73890684340167,,,,,,
2021-11-08,151.41,151.57,150.16,150.44,137.0075,140.28056666666635,147.58739999999995,148.30450000000008,150.36899999999997,150.83799999999982,96.07581840708116,97.86512593976549,,,,,0,55020868,78390768.94,56.8874146470547,59.511997719096335,,,,,,
2021-11-09,150.2,151.428,150.0601,150.81,137.04574999999997,140.41689999999969,147.54119999999995,148.76950000000008,150.518,150.9959999999998,96.22710131888748,97.71621461059476,,,,,0,56787930,77707393.08,57.88420515673123,59.28499167345137,,,,,,
2021-11-10,150.02,150.13,147.85,147.92,137.07504999999995,140.5163999999997,147.46299999999994,149.12000000000006,150.425,150.2819999999998,94.71406069246957,97.44329152712884,,,,,0,65187092,77282072.58,48.45964923687625,58.35224952497709,,,,,,
2021-11-11,148.96,149.43,147.681,147.87,137.12894999999995,140.62726666666634,147.37019999999993,149.32550000000006,149.95499999999998,149.66399999999982,95.46775130737943,97.26369696169706,,,,,0,40999950,76495797.36,48.31308687561156,57.599318884530064,,,48.31308687561156,,,
2021-11-12,148.43,150.4,147.48,149.99,137.21909999999997,140.73099999999968,147.29699999999994,149.58300000000006,149.974,149.4059999999998,96.78314398420395,97.22001032737951,,,,,0,63804008,76348451.18,54.58489863208117,57.30674610886041,,,,,,
2021-11-15,150.37,151.88,149.43,150,137.29839999999996,140.85079999999965,147.21099999999996,149.75550000000007,150.07799999999997,149.3179999999998,96.09512135746104,97.11774769375056,,,,,0,59222803,76375585.92,54.61287516638368,56.89422029790951,,,,,,
2021-11-16,149.94,151.488,149.34,151,137.37844999999996,140.96079999999967,147.09719999999996,149.86750000000006,150.176,149.35599999999982,96.73678838133515,97.08311502898552,,,,,0,59256210,75915144.9,57.436552735481825,56.81209383250899,,,,,,
2021-11-17,150.995,155,150.99,153.49,137.47619999999995,141.08966666666632,147.06479999999993,150.07900000000006,150.37599999999998,150.4699999999998,97.95337498484336,97.16222957042714,,,,,1,88807000,76202880.76,63.52205978032634,56.56483814949972,,,,,,
2021-11-18,153.71,158.67,153.05,157.87,137.57859999999994,141.24319999999966,147.14079999999996,150.49850000000006,151.06699999999998,152.4699999999998,101.0113720706041,97.51215161589778,,,,,0,137827673,77813319.62,71.29629081475971,57.54204308312901,,,,,,
2021-11-19,157.65,161.02,156.5328,160.55,137.69754999999995,141.426133333333,147.37239999999994,151.09150000000005,151.994,154.58199999999982,102.37961122742875,97.95464794421878,,,,,0,117305597,77341566.86,74.83089134358609,58.95147684356341,,,,,,
2021-11-22,161.68,165.7,161,161.02,137.81809999999996,141.60959999999966,147.60179999999994,151.71050000000008,153.052,156.78599999999977,102.82357198352474,98.39727740233751,,,,,0,117467889,77642838.06,75.40294037935959,60.22206061840838,,,,,,
2021-11-23,161.12,161.8,159.0601,161.41,137.94509999999997,141.80606666666634,147.86759999999995,152.31500000000008,154.112,158.8679999999998,103.4027696217128,98.85232214955344,,,,,0,96041899,77377750.14,75.8925700951446,61.29382885675096,,,,,,
2021-11-24,160.75,162.14,159.64,161.94,138.07784999999996,141.99019999999965,148.12579999999994,152.9695000000001,155.51399999999998,160.5579999999998,103.57111640291727,99.2813034453138,,,,,0,69463623,77101396.3,76.5750031594748,62.540947951937994,,,,,76.5750031594748,
2021-11-26,159.565,160.45,156.36,156.81,138.18624999999997,142.1374666666663,148.28619999999992,153.18150000000009,156.40799999999996,160.3459999999998,100.06061959608206,99.35215036811091,,,,,0,76959752,77279908.36,59.12776187995883,62.487585707345026,,,59.12776187995883,,,
2021-11-29,159.37,161.19,158.7901,160.24,138.31059999999997,142.30979999999965,148.56979999999993,153.70350000000008,157.43299999999996,160.2839999999998,104.62694330966067,99.83167699916089,,,,,0,88748217,76457496.22,64.88818587403514,63.05906936641505,,,,,,
2021-11-30,159.985,165.52,159.92,165.3,138.47114999999997,142.52126666666635,149.01699999999994,154.52050000000008,158.96299999999997,161.1399999999998,106.52466242486993,100.4401302196799,,,,,0,174048056,77468880.08,71.31169083057546,64.01817548597536,,,,,,
2021-12-01,167.48,170.3,164.53,164.77,138.64079999999996,142.7298666666663,149.44379999999992,155.2580000000001,160.33999999999997,161.8119999999998,108.23492832290711,101.1487482290642,,,,,0,152423003,79000660.9,69.86984569995124,65.54747523333786,,,,,,
2021-12-02,158.735,164.2,157.8,163.76,138.81104999999997,142.9451999999997,149.80199999999994,155.87150000000008,161.36699999999996,162.1759999999998,108.85812857437244,101.84960098772858,,,,,0,136739174,80207357.56,67.08615505214274,66.88840867451867,,,,,,
2021-12-03,164.02,164.96,159.72,161.84,138.97089999999997,143.140533333333,150.10219999999993,156.4155000000001,161.76399999999995,163.1819999999998,106.07613134109226,102.23383101985254,,,,,0,118023116,81271056.48,62.02701603448736,67.41998848897624,,,,,,
2021-12-06,164.29,167.8799,164.28,165.32,139.16749999999996,143.39033333333302,150.47019999999992,157.1175000000001,162.24099999999993,164.19799999999978,109.27984065009122,102.87437734987424,,,,,0,107496982,82351438.74,66.89940754142857,68.2975979443366,,,,,,
2021-12-07,169.08,171.58,168.34,171.18,139.39409999999998,143.67753333333303,150.98639999999995,158.1545000000001,163.25699999999995,165.3739999999998,111.84141752038471,103.68956281992064,,,,,0,120405352,83276531.2,73.14759085717677,69.41981495302909,,,,,,
2021-12-08,172.125,175.96,170.7,175.08,139.64274999999998,143.9797999999997,151.6497999999999,159.3680000000001,164.62399999999997,167.43599999999978,112.06889194240799,104.45132001287404,,,,,0,116998901,83437062.42,76.34755889062747,70.33592203233631,,,,,,
2021-12-09,174.91,176.75,173.92,174.56,139.9106,144.27546666666638,152.28439999999992,160.7000000000001,165.88599999999997,169.59599999999978,111.39236198263428,105.08232382830678,,,,,0,108923739,84123496.32,75.06312299732609,70.6049814739482,,,,,,
2021-12-10,175.205,179.63,174.69,179.45,140.20154999999997,144.62613333333303,153.04339999999993,162.2790000000001,168.14999999999995,173.11799999999977,115.34160053476853,106.01498534707603,,,,,0,115402731,84650417.66,78.69327047804211,70.88086569783792,,,,,78.69327047804211,
2021-12-13,181.115,182.13,175.53,175.74,140.44129999999998,144.95833333333303,153.70519999999993,163.5665000000001,169.69999999999996,175.2019999999998,111.8885571125698,106.54894641666638,,,,,0,153237019,85822366.42,70.32834050296313,70.51839427809531,,,,,,
2021-12-14,175.25,177.74,172.21,174.33,140.68734999999998,145.30206666666638,154.40899999999993,164.78300000000013,170.60299999999998,175.8319999999998,112.01375889380553,107.04574755095176,,,,,0,139380382,86643533.9,67.39616613208482,69.9115082807339,,,,,,
2021-12-15,175.11,179.5,172.3108,179.3,140.97354999999996,145.6642666666664,155.17279999999994,166.19800000000012,172.05599999999998,176.67599999999976,116.07431863792321,107.86652674067643,,,,,0,131063257,87647577.8,71.85111372600552,69.57408760691467,,,,,,
2021-12-16,179.28,181.14,170.75,172.26,141.23419999999996,145.9629999999997,155.77799999999993,167.13650000000013,172.90599999999998,176.21599999999978,109.72347255957739,108.03533999694015,,,,,0,150185843,88986872.28,59.45788798744974,69.59766804316402,,,,,,
2021-12-17,169.93,173.47,169.69,171.14,141.48279999999994,146.26213333333305,156.33499999999992,167.80000000000013,173.83599999999996,174.5539999999998,109.97159784606289,108.21136343776949,,,,,0,195923441,91670687.98,57.75124662787941,69.08788666843861,,,,,,
2021-12-20,168.28,170.58,167.46,169.75,141.74974999999995,146.5614666666664,156.87199999999993,168.2600000000001,174.27899999999994,173.3559999999998,110.21176674277429,108.39321828367902,,,,,0,107499114,92645207.16,55.61758107703782,67.9668788289002,,,55.61758107703782,,,
2021-12-21,171.555,173.2,169.12,172.99,142.00927499999997,146.8834666666664,157.47559999999993,168.8585000000001,174.45999999999995,173.0879999999998,113.60964621355907,108.86743900457721,,,,,0,91185905,93179880.88,59.38438416584514,67.21791729074978,,,,,,
2021-12-22,173.04,175.86,172.15,175.64,142.28757499999995,147.2056666666664,158.15819999999994,169.5700000000001,174.51599999999993,172.3559999999998,113.33514008801474,109.27359364852607,,,,,0,92135303,93561869.76,62.20946293022705,66.86958213918437,,,,,,
2021-12-23,175.85,176.8499,175.27,176.28,142.55917499999995,147.54466666666642,158.86559999999992,170.28700000000012,174.68799999999993,173.1599999999998,112.6013239449215,109.57611458456202,,,,,0,68356567,93353746.68,62.880973539733766,66.93057910384482,,,,,,
2021-12-27,177.085,180.42,177.07,180.33,142.85567499999996,147.8995333333331,159.59699999999992,171.46300000000014,174.77599999999995,174.9979999999998,114.47634041364603,110.0215896599333,,,,,0,74919582,93453996.32,66.89041012133566,66.92993643098104,,,,,66.89041012133566,
2021-12-28,180.16,181.33,178.53,179.29,143.13217499999996,148.24879999999976,160.28599999999994,172.41550000000012,175.13099999999997,176.90599999999978,112.26253240329103,110.22531172751127,,,,,0,79144339,93678076.42,64.95028026000733,66.34441424546894,,,,,,
2021-12-29,179.33,180.63,178.14,179.38,143.40122499999995,148.59899999999976,160.94259999999994,173.11950000000016,175.63599999999997,178.1839999999998,112.43246405395354,110.42596193900602,,,,,0,62348931,93213271.54,65.04476746241099,65.53707200059634,,,,,,
2021-12-30,179.47,180.57,178.09,178.2,143.66842499999996,148.9517999999998,161.53139999999993,173.79100000000014,175.52599999999998,178.69599999999977,111.53649555084966,110.52691954008272,,,,,0,59773014,92881153.94,62.659698594803125,64.65111311470184,,,,,,
2021-12-31,178.085,179.23,177.26,177.57,143.95362499999993,149.30486666666644,162.09759999999994,174.48150000000015,176.05699999999996,178.95399999999978,111.47499131570248,110.61310788332088,,,,,0,64062261,92994023.4,61.36592270843056,63.41344541687244,,,,,,
2022-01-03,177.83,182.88,177.71,182.01,144.26372499999994,149.6897333333331,162.74819999999994,175.49000000000015,177.14399999999995,179.28999999999976,114.56320457220548,110.97220758231039,,,,,0,104701220,93859628,66.60004365822158,63.147138499390906,,,,,,
2022-01-04,182.63,182.94,179.12,179.7,144.54527499999992,150.05399999999975,163.36839999999995,176.20900000000015,178.13899999999995,179.37199999999976,112.39281403169348,111.10135362316339,,,,,0,99310438,94668167.9,61.90125052314122,62.754644527323514,,,,,,
2022-01-05,179.61,180.17,174.64,174.92,144.80717499999994,150.39653333333308,163.89399999999995,176.39600000000013,178.33199999999997,178.47999999999973,109.47255988801571,110.95328146542269,,,,,0,94537602,95544508.82,53.49126446244983,61.44322672278382,,,,,,
2022-01-06,172.7,175.3,171.64,172,145.06672499999993,150.70393333333308,164.34759999999994,176.24200000000013,177.96799999999996,177.23999999999972,109.77345397067177,110.84602442044533,,,,,0,96903955,96264720.02,49.102529478555795,60.70355825786282,,,,,,
2022-01-07,172.89,174.14,171.03,172.17,145.32462499999994,151.01239999999976,164.81399999999994,176.12250000000012,177.55699999999996,176.15999999999977,109.98841577158628,110.76805999782178,,,,,0,86709147,96877004.38,49.363009925532474,60.10439849340946,,,,,,
2022-01-10,169.08,172.5,168.17,172.19,145.57952499999993,151.31539999999976,165.20639999999995,175.75950000000012,176.743,174.19599999999974,110.44806116689189,110.73896919500997,,,,,0,106765552,97010757.66,49.39582180163513,59.65998711659499,,,,,,
2022-01-11,172.32,175.18,170.82,175.08,145.84797499999996,151.63506666666643,165.71199999999996,175.72650000000013,176.32199999999997,173.27199999999976,112.4643490326062,110.89582190751872,,,,,1,76138312,96034460.54,54.03113895310884,59.2776124585424,,,,,,
2022-01-12,176.12,177.18,174.82,175.53,146.12612499999994,151.9645333333331,166.24339999999995,175.7865000000001,175.93699999999998,173.39399999999978,111.72948475307018,110.97160943893249,,,,,0,74805173,96038798.84,54.72654122775397,58.743118051222886,,,,,54.72654122775397,
2022-01-13,175.78,176.62,171.79,172.19,146.37632499999995,152.26346666666643,166.68679999999998,175.4310000000001,175.33599999999996,173.43199999999973,109.29552552069669,110.81923817363833,,,,,0,84505760,96346474.3,48.82296530400487,57.738974605813674,,,,,,
2022-01-14,171.34,173.78,171.09,173.07,146.62667499999995,152.54739999999975,167.11839999999995,175.47150000000013,174.886,173.61199999999974,111.44189121317356,110.87584299541426,,,,,1,80440780,96865059.22,50.34288120252951,56.55700825447038,,,,,,
2022-01-18,171.51,172.54,169.405,169.8,146.84617499999996,152.81513333333308,167.49519999999995,175.40450000000013,173.665,173.13399999999973,109.24672517178372,110.72774137508421,,,,,0,91168729,97480541.48,44.99525634096115,55.13164940310994,,,,,,
2022-01-19,170,171.08,165.94,166.23,147.04627499999998,153.05566666666644,167.79419999999993,175.2285000000001,172.31799999999998,171.36399999999975,108.95326735269055,110.5664255548666,,,,,0,94814990,98067563.62,39.99969094070706,53.34271536584537,,,,,,
2022-01-20,166.98,169.68,164.18,164.51,147.22932499999996,153.27379999999977,168.07559999999998,174.8045000000001,171.277,169.15999999999974,108.88044176077761,110.41315430085851,,,,,0,91420515,98795556.56,37.82099899068746,51.56852253697997,,,,,,
2022-01-21,164.415,166.33,162.3,162.41,147.38957499999998,153.4867999999998,168.30759999999998,174.1430000000001,170.31799999999998,167.20399999999975,108.6902207132245,110.25652397470996,,,,,0,122848858,100116775.12,35.29339973284729,49.706199467295455,,,,,,
2022-01-24,160.02,162.3,154.7,161.62,147.53269999999998,153.68226666666646,168.58159999999995,173.41000000000008,169.26299999999998,164.91399999999976,110.24681954092247,110.25564175345656,,,,,0,162706686,102067167,34.36302253058696,47.40355510103584,,,,,,
2022-01-25,158.98,162.76,157.02,159.78,147.67539999999997,153.85426666666643,168.81979999999996,172.3825000000001,168.022,162.90999999999977,108.69042706127242,110.11334950871255,,,,,0,115798367,103563135.34,32.231815001221506,45.284309706613,,,,,,
2022-01-26,163.5,164.3894,157.82,159.69,147.80169999999995,154.0275333333331,169.01379999999997,171.4025000000001,166.48299999999998,161.60199999999975,109.9677260895314,110.10011101605971,,,,,0,108275308,104452561.34,32.12685785674408,43.75828066334831,,,,,,
2022-01-27,162.45,163.84,158.28,159.22,147.93764999999996,154.1995999999998,169.19819999999999,170.3945000000001,164.85199999999995,160.54399999999976,109.80891602604186,110.07363874423991,,,,,0,121954638,105707198.04,31.549089037351635,42.504463488976576,,,31.549089037351635,,,
2022-01-28,165.71,170.35,162.8,170.33,148.11679999999996,154.4477333333331,169.5848,170.0010000000001,164.66599999999997,162.12799999999976,118.10701490812437,110.80394566822942,,,,,1,179935660,108120787.04,53.045431995098774,42.76749363680275,,,,,,
2022-01-31,170.16,175,169.51,174.78,148.31989999999996,154.71439999999978,170.01059999999998,169.86150000000012,164.83699999999996,164.75999999999976,118.31149900944524,111.48645051743085,,,,,0,115541590,108655478.84,58.64715215051708,43.42830294743717,,,,,,
2022-02-01,174.01,174.84,172.31,174.61,148.51874999999995,154.9695999999998,170.3454,169.49150000000012,165.31799999999996,167.72599999999974,116.00605907599092,111.89732402275449,,,,,0,86213911,107623203.6,58.36070947843147,43.73755798496022,,,,,,
2022-02-02,174.745,175.88,173.33,175.84,148.73239999999996,155.2287999999998,170.6512,169.29850000000013,166.27899999999994,170.95599999999976,116.02694802409752,112.27274438651294,,,,,0,84914256,106975376.78,59.88726950964496,44.10618143366671,,,,,59.88726950964496,
2022-02-03,174.48,176.2399,172.12,172.9,148.92939999999996,155.46633333333313,170.88879999999997,169.1975000000001,167.11799999999994,173.69199999999978,113.02204877793686,112.34086296755147,,,,,0,89418074,106414380.48,54.72301664824749,44.527613672541186,,,,,,
2022-02-04,171.68,174.1,170.68,172.39,149.13164999999998,155.6825333333331,171.1084,169.21700000000013,168.11599999999993,174.10399999999976,115.50599339353155,112.62860209718603,,,,,0,82465400,106142850.5,53.8554355962944,44.77851041495297,,,,,,
2022-02-07,172.86,173.9458,170.95,171.66,149.31834999999995,155.8801333333331,171.3028,169.1915000000001,169.11999999999995,173.47999999999976,114.42626884773827,112.79202634723623,,,,,0,77251204,106298602.12,52.5706786365861,45.319612007497604,,,,,,
2022-02-08,171.73,175.35,171.43,174.83,149.51889999999995,156.08186666666646,171.6632,169.3235000000001,170.62499999999994,173.5239999999998,116.9723543002935,113.17205616115052,,,,,0,74829217,106255991.42,57.33088870987447,46.557554705295274,,,,,,
2022-02-09,176.05,176.65,174.9,176.28,149.72834999999995,156.3021333333331,171.98399999999998,169.38350000000008,172.28399999999993,173.6119999999998,116.95989207240879,113.51640488035582,,,,,0,71285038,105906727.84,59.3410406729882,48.09470053974534,,,,,,
2022-02-10,174.14,175.48,171.55,172.12,149.92104999999995,156.4821999999998,172.12039999999996,169.2130000000001,173.57399999999996,173.45599999999976,112.56564476291587,113.42997214240674,,,,,0,90865899,104243084.7,51.801155194710084,49.27382592987839,,,,,,
2022-02-11,172.33,173.08,168.04,168.64,150.09684999999996,156.6431333333331,172.1978,169.0355000000001,173.40499999999994,172.70599999999976,112.32507487672261,113.32952693643546,,,,,0,98670687,103168038.38,46.4806553968436,50.139371134611004,,,,,,
2022-02-14,167.37,169.58,166.56,168.88,150.28394999999995,156.79806666666647,172.30019999999996,168.82600000000008,172.81499999999997,172.14999999999978,114.65945481085853,113.45042947047392,,,,,1,86185530,102156965.5,46.88582801040967,51.186086349553015,,,,,,
2022-02-15,170.97,172.95,170.25,172.79,150.48519999999996,156.95566666666647,172.51919999999998,168.97550000000007,172.63299999999995,171.7419999999998,117.76693338422321,113.8428389171784,,,,,0,64286320,101082229.58,53.1135199973077,52.68513364530755,,,,,,
2022-02-16,171.85,173.34,170.05,172.55,150.70869999999996,157.11613333333312,172.66379999999998,169.2915000000001,172.30399999999995,170.99599999999978,115.77739606538017,114.01870774883311,,,,,0,61177398,100155837.9,52.70502391880778,54.19627185112586,,,,,,
2022-02-17,171.03,171.91,168.47,168.88,150.91259999999994,157.26606666666646,172.6178,169.5100000000001,171.902,170.34799999999976,113.2151364686638,113.94565581427226,,,,,0,69589344,99139517.74,46.780091752831815,53.748747548106785,,,,,,
2022-02-18,169.82,170.5413,166.19,167.3,151.10039999999995,157.43173333333314,172.46219999999997,169.7545000000001,171.39299999999997,170.07999999999976,114.58223941044596,114.00352705028804,,,,,1,82772674,98454993.2,44.462682510392774,52.73557114524076,,,,,,
2022-02-22,164.98,166.69,162.15,164.32,151.27094999999994,157.55286666666646,172.2574,169.8895000000001,170.65899999999996,169.16799999999975,113.35332315446733,113.94441760521343,,,,,0,91162758,98099773.58,40.3978404515544,51.4525090718924,,,,,,
2022-02-23,165.54,166.15,159.75,160.07,151.43704999999994,157.6506666666665,171.8698,169.90400000000008,169.18299999999996,166.62399999999977,111.5529981857335,113.72701583980617,,,,,0,90009247,97591903.9,35.4238883938191,49.70512470647627,,,35.4238883938191,,,
2022-02-24,152.58,162.85,152,162.74,151.62119999999993,157.75693333333314,171.60979999999995,170.05650000000009,167.82899999999998,164.66199999999975,115.54162949149094,113.89198071723206,,,,,1,141147540,97350114.32,40.38950503593122,48.68130244845368,,,,,,
2022-02-25,163.84,165.12,160.8738,164.85,151.83159999999992,157.86553333333316,171.42019999999997,170.33800000000008,167.10199999999995,163.85599999999977,115.31493299818827,114.02134001550081,,,,,0,91974222,96401991.12,44.0509292726541,47.98098056819366,,,,,,
2022-02-28,163.06,165.42,162.43,165.12,152.03234999999992,157.97306666666648,171.13659999999996,170.07750000000007,166.74999999999994,163.41999999999976,112.97620785286819,113.92632800071603,,,,,0,95056629,95681858.56,44.52052663216143,47.405969710734745,,,,,,
2022-03-01,164.695,166.6,161.97,163.2,152.21109999999993,158.08259999999981,170.95539999999997,169.4985000000001,166.18199999999996,163.19599999999977,111.9354359331954,113.7453378127596,,,,,0,83474425,94347630.2,41.83171378851576,46.298885787780556,,,,,,
2022-03-02,164.39,167.36,162.95,166.56,152.41254999999992,158.22646666666648,170.86379999999997,169.09600000000006,165.55899999999994,164.49399999999977,116.03545527800159,113.95353030959978,,,,,1,79724750,92023656.38,47.775919310428776,45.472805690454884,,,,,47.775919310428776,
2022-03-03,168.47,168.91,165.55,166.23,152.61944999999992,158.36373333333316,170.79339999999996,168.61550000000005,164.92699999999996,165.19199999999975,113.68667260910104,113.92927051864535,,,,,0,76678441,91407242.92,47.265053256378955,45.14879840914552,,,,,,
2022-03-04,164.49,165.55,162.1,163.17,152.81184999999994,158.47913333333315,170.59699999999998,168.12900000000008,164.35599999999994,164.85599999999977,112.18288071502234,113.77050780922508,,,,,0,83819592,91259916.66,42.7050097282976,44.879109432820805,,,,,,
2022-03-07,163.36,165.02,159.04,159.3,152.97179999999992,158.57099999999983,170.27019999999996,167.4745000000001,163.55599999999995,163.69199999999975,110.39807063258858,113.46392261134903,,,,,0,96418845,91345587.5,37.74520228733105,44.22620759545804,,,,,,
2022-03-08,158.82,162.88,155.8,157.44,153.13184999999993,158.63819999999984,169.89339999999996,166.76350000000008,162.86799999999994,162.53999999999974,112.42769750779556,113.36972032920781,,,,,0,131148280,92601421.76,35.6048660265611,42.97558945469042,,,,,,
2022-03-09,161.475,163.41,159.41,162.95,153.31109999999993,158.7448666666665,169.54579999999999,166.1695000000001,163.15599999999995,161.81799999999976,117.21082123101934,113.71891132028158,,,,,1,91454905,92932128.22,45.4695402848957,42.45876919512528,,,,,,
2022-03-10,160.2,160.39,155.98,158.52,153.46919999999992,158.82126666666647,169.13039999999998,165.2815000000001,162.73399999999995,160.27599999999975,111.1674735323888,113.48696243047314,,,,,0,105342033,93456082.1,40.14482838910957,41.98482181200227,,,,,,
2022-03-11,158.93,159.28,154.5,154.73,153.60859999999994,158.87853333333317,168.63739999999999,164.4120000000001,161.72199999999995,158.58799999999974,108.977323682771,113.07699527159113,,,,,0,96970102,94148505.52,36.235273931140256,41.39714977062709,,,,,,
2022-03-14,151.45,154.12,150.1,150.62,153.73529999999994,158.90873333333315,168.08579999999998,163.5110000000001,160.27199999999996,156.85199999999972,107.47516839821898,112.56773828310276,,,,,0,108732111,95127687.46,32.53498552939968,40.83551727618747,,,32.53498552939968,,,
2022-03-15,150.9,155.57,150.38,155.09,153.8876999999999,158.9719999999998,167.6362,162.8215000000001,159.46099999999996,156.38199999999975,111.49212100299057,112.46995489400165,,,,,0,92964302,95705728.28,39.74220349762652,41.14396835503085,,,,,,
2022-03-16,157.05,160,154.46,159.59,154.06424999999993,159.06353333333314,167.18779999999998,162.1615000000001,158.76399999999995,155.70999999999975,112.32298871069153,112.45659433188254,,,,,0,102300157,95657707.02,45.99678593397384,41.544488419176744,,,,,,
2022-03-17,158.61,161,157.63,160.62,154.24204999999992,159.14173333333315,166.8062,161.5650000000001,158.20299999999995,156.12999999999974,110.57287423844326,112.28534705066079,,,,,0,75615376,95183805.78,47.34401731712722,41.77970899378197,,,,,,
2022-03-18,160.51,164.48,159.76,163.98,154.44424999999993,159.24093333333315,166.5874,161.3200000000001,158.28399999999996,157.97999999999973,111.50904648136984,112.21477427163434,,,,,0,123511692,95763287.58,51.58700049352989,42.28445712673687,,,,,,
2022-03-21,163.51,166.35,163.015,165.38,154.64169999999993,159.3359999999998,166.455,161.2240000000001,158.89199999999997,160.93199999999973,111.16463631862088,112.11930718499676,,,,,0,95811352,95741435.52,53.27640361768484,43.101934971677515,,,,,,
2022-03-22,165.51,169.42,164.91,168.82,154.85629999999995,159.46019999999982,166.388,161.44900000000013,160.02999999999997,163.67799999999974,113.52627225593285,112.2472131005364,,,,,1,81532007,95637892.72,57.22611273767602,43.77694878790946,,,,,,
2022-03-23,167.99,172.64,167.65,170.21,155.07364999999993,159.6191999999998,166.3484,161.9560000000001,160.75599999999997,165.80199999999974,113.18157638088482,112.33215521693171,,,,,0,98062674,95463835.16,58.74372188719366,44.59685369011051,,,,,,
2022-03-24,171.06,174.14,170.21,174.07,155.30834999999993,159.8016666666665,166.3282,162.52250000000012,162.31099999999998,168.49199999999973,117.18650069677733,112.77345935146313,,,,,0,90131418,95743697.28,62.7013214474682,46.02516167005127,,,,,,
2022-03-25,173.88,175.28,172.75,174.72,155.55139999999994,159.97853333333316,166.31199999999998,163.01600000000013,164.31,170.63999999999973,115.96024043343503,113.06316672255149,,,,,0,80546156,95858516.94,63.339079431866615,47.853295751803806,,,,,,
2022-03-28,172.17,175.73,172,175.6,155.79264999999995,160.15113333333315,166.38019999999997,163.54000000000013,166.80799999999996,172.6839999999997,115.95734143361837,113.32627351446666,,,,,0,90371916,95975840.06,64.2307937911965,49.89800487784918,,,,,,
2022-03-29,176.69,179.01,176.34,178.96,156.03504999999993,160.34673333333316,166.49799999999996,164.32800000000015,169.195,174.7119999999997,117.33773939954234,113.69095223129173,,,,,0,100589440,96378813.26,67.48297330845772,51.47039295096075,,,,,67.48297330845772,
2022-03-30,178.55,179.61,176.7,177.77,156.27569999999992,160.54279999999983,166.65739999999997,164.88850000000014,171.01299999999998,176.22399999999973,115.1457052731124,113.82320250782088,,,,,0,92633154,96408101.76,65.22121366187889,53.26156332758713,,,,,,
2022-03-31,177.84,178.03,174.4,174.61,156.49799999999993,160.72326666666652,166.82499999999996,165.30750000000012,172.41199999999998,176.33199999999974,113.81522055596355,113.82247687583386,,,,,0,103049285,96572787.66,59.51673278295162,54.92452467414508,,,,,,
2022-04-01,174.03,174.88,171.94,174.31,156.71059999999994,160.8946666666665,167.021,165.86450000000013,173.445,176.24999999999974,115.42638430873959,113.96828664246165,,,,,1,78751328,96319403.92,58.98923712650793,56.81411407393853,,,,,,
2022-04-04,174.57,178.49,174.44,178.44,156.95049999999992,161.0634666666665,167.3416,166.82150000000013,174.751,176.81799999999973,117.75963676919929,114.31295483580143,,,,,0,76545983,95393346.42,63.75217811789488,58.529112261100565,,,,,,
2022-04-05,177.5,178.3,174.415,175.06,157.16429999999994,161.21833333333316,167.6104,167.70250000000013,175.375,176.03799999999973,114.60231351865632,114.33926017060642,,,,,0,73401786,93607248.42,57.83246835957936,59.37451814864381,,,,,,
2022-04-06,172.36,173.63,170.13,171.83,157.35354999999993,161.34713333333318,167.85140000000004,168.14650000000012,175.537,174.84999999999974,113.91767271955821,114.30093403869294,,,,,0,89058782,93072456.72,52.788045612373935,59.76337731259001,,,,,,
2022-04-07,171.16,173.36,169.85,172.14,157.5457499999999,161.47039999999984,168.1004,168.82750000000013,175.344,174.3559999999997,115.24248185737622,114.38652929493688,,,,,1,77594650,92458843.56,53.20987593788637,59.8792969871869,,,,,,
2022-04-08,171.78,171.78,169.2,170.09,157.72914999999992,161.57566666666648,168.31779999999998,169.59550000000013,174.88100000000003,173.51199999999972,113.38829385360653,114.2957806184523,,,,,0,76575508,91551260.96,50.02667324708754,59.64717338928709,,,,,,
2022-04-11,168.71,169.03,165.5,165.75,157.8923499999999,161.6360666666665,168.22620000000003,170.35200000000015,173.89600000000002,170.97399999999973,110.78878944448529,113.97696323900075,,,,,0,72246706,89397481.88,44.02232863247065,58.704045953200996,,,,,,
2022-04-12,168.02,169.87,166.64,167.66,158.0567499999999,161.71973333333315,168.08380000000005,170.98050000000012,172.76600000000002,169.49399999999974,113.98876837377111,113.97803643307078,,,,,1,79265181,88671953.7,47.03519379348443,57.86772251793605,,,,,,
2022-04-13,167.39,171.04,166.77,170.4,158.2270999999999,161.82859999999982,167.99960000000002,171.52100000000013,172.02900000000002,169.20799999999974,116.24892551609338,114.18448089516374,,,,,0,70618925,88360053.98,51.1011732960182,57.03914050711819,,,,,,
2022-04-14,170.62,171.27,165.04,165.29,158.36874999999992,161.93739999999983,167.78860000000003,171.75450000000012,171.097,167.83799999999974,111.51666441775735,113.94195212449044,,,,,0,75329376,88168356.38,44.2748082749044,55.67740685304947,,,,,,
2022-04-18,163.92,166.5984,163.57,165.07,158.50774999999987,162.0408666666665,167.63200000000003,171.8090000000001,170.173,166.83399999999975,112.73733096571505,113.83244111005631,,,,,0,69023941,87760473.72,44.00227456623358,54.232512622694976,,,,,,
2022-04-19,165.02,167.82,163.91,167.4,158.64494999999988,162.16939999999983,167.53220000000002,171.9100000000001,169.069,167.16399999999976,114.35207322904571,113.8796803936008,,,,,1,67723833,87465642.38,47.67580795513328,52.817715097457516,,,,,,
2022-04-20,168.76,168.88,166.1,167.23,158.7709999999999,162.29073333333318,167.4436,171.83050000000011,168.286,167.07799999999975,112.43058387977284,113.74794434688916,,,,,0,67929814,87279214.58,47.431320542489864,51.54700844607259,,,,,,
2022-04-21,168.91,171.53,165.91,166.42,158.88024999999988,162.4082666666665,167.27540000000005,171.6410000000001,167.74499999999998,166.28199999999975,111.95525915693827,113.58497296598453,,,,,0,87227768,87527185.6,46.21523427960095,50.59690141011897,,,,,,
2022-04-22,166.46,167.8699,161.5,161.79,158.97299999999987,162.51313333333314,166.98560000000006,171.0270000000001,166.70999999999998,165.58199999999974,110.47029021296547,113.30181998843734,,,,,0,84882424,87799133.32,39.91551046838769,49.234492363110384,,,,,,
2022-04-25,161.12,163.17,158.46,162.88,159.06184999999988,162.64606666666648,166.80080000000007,170.4350000000001,165.98899999999998,165.14399999999972,114.38764546009986,113.40053139495213,,,,,1,96046376,87902742.86,41.922631095993644,47.675239004403146,,,,,,
2022-04-26,162.25,162.34,156.72,156.8,159.12334999999987,162.73519999999982,166.56400000000005,169.4950000000001,165.09399999999997,163.02399999999972,109.4938933412164,113.04538248097614,,,,,0,95623240,87841793.92,34.91615995468253,46.0383598326248,,,,,,
2022-04-27,155.91,159.79,155.38,156.57,159.17799999999988,162.80666666666647,166.31780000000006,168.3755000000001,163.98499999999996,160.89199999999974,112.4997305524752,112.99577776020332,,,,,0,88063191,87879347.14,34.680036411767276,44.74493060401004,,,34.680036411767276,,,
2022-04-28,159.25,164.515,158.93,163.64,159.2504499999999,162.91873333333314,166.13480000000007,167.66900000000012,163.30899999999997,160.33599999999973,117.3335372863572,113.39011953530822,,,,,1,130216792,89197956.58,46.62819477481758,44.27481052093369,,,,,,
2022-04-29,161.84,166.2,157.25,157.65,159.2962999999999,162.99026666666649,165.83680000000007,166.8210000000001,162.54499999999996,159.50799999999975,110.30929518202959,113.11004459410107,,,,,0,131747571,90609360.04,39.95915346848382,43.555701965319145,,,,,,
2022-05-02,156.71,158.23,153.27,157.96,159.35414999999986,163.07419999999985,165.61840000000004,166.00350000000012,161.83399999999997,158.52399999999972,114.68760285775136,113.25345898170563,,,,,1,123055265,91678678.46,40.43397779321993,43.29939119108695,,,,,,
2022-05-03,158.15,160.71,156.32,159.48,159.4392999999999,163.19133333333318,165.46200000000007,165.0555000000001,161.04199999999997,159.05999999999975,115.13720733793939,113.42470883227234,,,,,0,88966526,91802555.5,42.82170089893917,42.998427412905144,,,,,,
2022-05-04,159.67,166.48,159.26,166.02,159.53864999999988,163.3459333333332,165.49600000000007,164.6035000000001,160.921,160.94999999999976,119.2823801871406,113.95722440998765,,,,,0,108256503,92144430.4,51.77836240644358,43.04679806364981,,,,,51.77836240644358,
2022-05-05,163.85,164.08,154.95,156.77,159.59549999999987,163.44773333333316,165.43000000000006,163.8505000000001,159.95599999999996,159.57599999999974,109.3703490102694,113.54023573728598,,,,,0,130525275,92954750.96,41.804068745774195,42.87031666871194,,,,,,
2022-05-06,156.01,159.44,154.18,157.28,159.64789999999988,163.5452666666665,165.32080000000005,163.10750000000013,159.505,159.50199999999978,113.78247637971864,113.56225761387077,,,,,1,116124647,92454293.1,42.4621815760089,42.76031002655304,,,,,,
2022-05-09,154.925,155.83,151.49,152.06,159.6653999999999,163.63139999999984,165.06500000000003,162.2060000000001,158.42299999999997,158.32199999999978,110.63334424678962,113.29599276231794,,,,,0,131577921,93246367.08,37.75590322279235,42.0517454028144,,,,,,
2022-05-10,155.52,156.74,152.93,154.51,159.69299999999987,163.72073333333316,164.85280000000006,161.64400000000012,158.194,157.32799999999978,116.1371306589698,113.55427802564992,,,,,1,115366736,93652569.22,41.057932625739106,41.596503408760775,,,,,,
2022-05-11,153.5,155.45,145.81,146.5,159.69164999999987,163.75073333333316,164.51880000000006,160.58600000000013,157.18699999999998,153.42399999999978,109.84643992561935,113.21720183473805,,,,,0,142689825,94836877.22,34.596033289696194,40.76656048091043,,,,,,
2022-05-12,142.77,146.2,138.8,142.56,159.67954999999986,163.7458666666665,164.03880000000004,159.19400000000013,155.079,150.5819999999998,108.68090231983714,112.80481096974705,,,,,0,182602041,96894423.04,31.933709517190806,40.19643184153922,,,31.933709517190806,,,
2022-05-13,144.59,148.105,143.11,147.11,159.68689999999987,163.77393333333316,163.65640000000008,158.28500000000014,154.025,148.54799999999977,112.29513827927606,112.75847708879515,,,,,0,113990852,97640671.26,37.87899726862409,39.907600853869965,,,,,,
2022-05-16,145.55,147.5199,144.18,145.54,159.68529999999987,163.79213333333317,163.30380000000005,157.30850000000012,152.783,147.24399999999977,108.5066726310296,112.37194941081646,,,,,0,86643781,97697155.04,36.688193863541706,40.034174704502774,,,,,,
2022-05-17,148.86,149.77,146.68,149.24,159.7038999999999,163.84366666666648,163.10260000000008,156.40050000000014,151.759,146.18999999999977,111.70602941103088,112.31141122901776,,,,,0,78336254,97335503.22,41.366355653380104,40.51176893604655,,,,,41.366355653380104,
2022-05-18,146.85,147.3601,139.9,140.82,159.67119999999989,163.84306666666652,162.77020000000005,155.08000000000013,149.239,145.05399999999977,103.32025709003041,111.49403358001891,,,,,0,109742890,96907395.42,35.02399088100644,39.68289722934575,,,,,,
2022-05-19,139.88,141.66,136.6,137.35,159.62319999999988,163.80033333333319,162.25820000000004,153.62650000000014,147.297,144.01199999999977,105.01647692084197,110.905164792821,,,,,0,136095640,97800210.12,32.79257008233857,39.170998416049656,,,,,,
2022-05-20,139.09,140.7,132.61,137.59,159.5758499999999,163.75199999999984,161.83960000000008,152.41650000000013,145.328,142.10799999999978,105.81729807884577,110.44263145518688,,,,,0,137426125,98441891.96,33.10999682494332,38.647856918315604,,,,,,
2022-05-23,137.79,143.26,137.65,143.11,159.56069999999988,163.7290666666665,161.60720000000006,151.42800000000017,144.43300000000002,141.62199999999976,110.04652235764544,110.40662153722857,,,,,0,117726265,98857015.22,40.11569983580103,38.45457112809146,,,,,,
2022-05-24,140.805,141.97,137.33,140.36,159.53204999999988,163.67306666666653,161.40200000000007,150.60600000000017,143.018,139.84599999999978,105.96513126107264,110.00284969394167,,,,,0,104132746,98765027.92,37.981472848357896,37.469079016799625,,,,,,
2022-05-25,138.43,141.785,138.34,140.52,159.5066499999999,163.61479999999983,161.1106000000001,149.80350000000016,142.42000000000002,139.78599999999977,106.95447660656251,109.7257248678163,,,,,0,92482696,98755395.8,38.187523669250815,37.21075436847652,,,,,,
2022-05-26,137.39,144.34,137.14,143.78,159.49624999999992,163.57679999999985,160.79440000000008,148.81050000000016,142.542,141.0719999999998,108.41120555753832,109.60622311233648,,,,,0,90601548,98521423.62,42.38754578892855,37.205423240827926,,,,,,
2022-05-27,145.39,149.68,145.26,149.64,159.49999999999991,163.5831333333332,160.5748000000001,148.41000000000017,142.79500000000002,143.4819999999998,110.63001343075766,109.69929495946567,,,,,1,90978503,98828686.16,49.08467468005238,38.01462120206079,,,,,,
2022-05-31,149.07,150.66,146.84,148.84,159.4986999999999,163.58446666666654,160.27200000000008,147.95400000000018,143.125,144.6279999999998,107.38222753431148,109.48865246626984,,,,,0,103718416,98432820.64,48.25989919075132,38.529047385275945,,,,,,
2022-06-01,149.9,151.74,147.68,148.71,159.4866499999999,163.58039999999983,159.9386000000001,147.41550000000018,143.072,146.2979999999998,107.96532564082709,109.35016820941141,,,,,0,74286635,98002326.3,48.118404840382745,39.494931067467846,,,,,,
2022-06-02,147.83,151.27,146.86,151.21,159.4917499999999,163.5961333333332,159.5864000000001,146.67500000000018,144.111,148.4359999999998,110.60801123562632,109.46451757543095,,,,,1,72348055,97818647.26,51.08833654177602,40.863118712081075,,,,,51.08833654177602,
2022-06-03,146.9,147.97,144.46,145.38,159.4868499999999,163.54819999999987,159.08980000000008,146.10550000000018,144.914,148.7559999999998,104.4194014092094,109.00587065122899,,,,,0,88570289,97628799.56,44.66690015142547,41.34796891799546,,,,,,
2022-06-06,147.03,148.5689,144.9,146.14,159.4840499999999,163.52379999999985,158.53120000000007,145.54850000000016,145.76899999999998,148.05599999999978,106.70917963758501,108.79708055907953,,,,,0,71598380,97258138.8,45.626363790482934,41.98640962706269,,,,,,
2022-06-07,144.345,149,144.1,148.71,159.4866499999999,163.52213333333322,158.01100000000008,145.38100000000017,146.32899999999998,148.0299999999998,108.24614697775537,108.74699568805006,,,,,0,67808150,97003378.68,48.85592180146572,42.521378637640225,,,,,,
2022-06-08,148.58,149.8697,147.46,147.96,159.4778999999999,163.50839999999988,157.45820000000012,145.05350000000018,147.089,147.87999999999982,106.6847406787849,108.55951795993505,,,,,0,53950201,96274944.38,47.96065467281213,43.44542605134064,,,,,,
2022-06-09,147.08,147.95,142.53,142.64,159.4429999999999,163.44939999999988,156.7318000000001,144.86050000000017,147.301,146.1659999999998,103.97057179927013,108.14234103623824,,,,,0,69472976,95652615.1,42.07143439812433,44.10820207389677,,,,,,
2022-06-10,140.28,140.76,137.06,137.13,159.3868499999999,163.3571999999999,155.9190000000001,144.5890000000002,146.63600000000002,144.5159999999998,102.39160139478969,107.61954652337927,,,,,0,91566637,95631284.76,37.00340592957378,44.38630272422751,,,,,,
2022-06-13,132.87,135.2,131.44,131.88,159.3085499999999,163.22786666666656,155.0644000000001,143.8275000000002,144.86,141.66399999999982,101.42404860479127,107.05631943987127,,,,,0,122207099,96014441.04,32.93268562990016,43.873230280948874,,,32.93268562990016,,,
2022-06-14,133.13,133.89,131.48,132.76,159.22934999999993,163.10999999999987,154.2334000000001,143.1885000000002,143.252,138.4739999999998,106.2181969469069,106.98012648596543,,,,,0,84784326,96135101,34.23858220517678,43.60588094929308,,,,,,
2022-06-15,134.29,137.34,132.16,135.43,159.1408999999999,163.00746666666655,153.3732000000001,142.49800000000022,141.924,135.9679999999998,108.76542978527469,107.14242678590263,,,,,1,91532972,96434840.78,38.17222361495645,43.60478808827206,,,,,,
2022-06-16,132.08,132.39,129.04,130.06,159.0320499999999,162.8883999999999,152.4732000000001,141.9600000000002,139.809,133.4519999999998,102.94986807387862,106.76128508480954,,,,,0,107961508,97126035.22,33.793884263349696,42.990955122159285,,,,,,
2022-06-17,130.065,133.079,129.81,131.56,158.92729999999992,162.77966666666654,151.66780000000014,141.6705000000002,138.427,132.3379999999998,107.6372601424691,106.84091918096041,,,,,1,134520290,98035265.38,36.002040233007435,42.05648123308465,,,,,,
2022-06-21,133.42,137.06,133.32,135.87,158.83839999999992,162.6855333333332,150.94240000000013,141.58450000000022,137.4,133.1359999999998,110.91881301277604,107.21163680203456,,,,,0,81000488,98103382.14,41.98907927089219,41.60856552452328,,,,,,
2022-06-22,134.79,137.76,133.91,135.35,158.74364999999992,162.5878666666665,150.24760000000012,141.1965000000002,136.06400000000002,133.6539999999998,107.8543348916277,107.27006390108848,,,,,0,73409234,98040056.66,41.48482913558356,41.13473868846619,,,,,,
2022-06-23,136.82,138.59,135.63,138.27,158.6515499999999,162.50299999999987,149.69800000000015,141.0920000000002,135.095,134.2219999999998,110.32474267932659,107.5477619718374,,,,,0,72433768,98043797.9,45.44665385250986,40.73176135351861,,,,,,
2022-06-24,139.9,141.91,139.77,141.66,158.5842999999999,162.4241333333332,149.1780000000001,141.1490000000002,134.99699999999999,136.54199999999977,111.96294774114003,107.94914249631945,,,,,0,89116837,98240831.02,49.704206020916786,41.09156891562513,,,,,,
2022-06-27,142.695,143.49,140.965,141.66,158.5222499999999,162.31606666666653,148.60320000000013,141.0430000000002,135.45,138.56199999999978,108.6424676549762,108.01217205619734,,,,,0,70207908,98232610.68,49.704206020916786,41.382843360656125,,,,,,
2022-06-28,142.13,143.422,137.325,137.44,158.4645999999999,162.16199999999984,148.0462000000001,140.43300000000022,136.006,138.87599999999978,105.71982400541522,107.80377677885352,,,,,0,67315328,98072329.72,44.67098259822362,41.083919131853115,,,,,,
2022-06-29,137.46,140.67,136.67,139.23,158.4129999999999,162.0167333333332,147.52940000000012,139.9525000000002,136.65299999999996,139.65199999999976,109.29886904232323,107.93969425735077,,,,,1,66242411,98016699.12,47.11718773684326,41.02367149356962,,,,,,
2022-06-30,137.25,138.37,133.7737,136.72,158.35599999999988,161.8521333333332,146.91580000000013,139.35300000000024,136.78199999999998,139.34199999999979,107.40434267997611,107.8910259321349,,,,,0,98964467,98641511.8,44.16831441705937,41.173448637779266,,,44.16831441705937,,,
2022-07-01,136.04,139.04,135.66,138.93,158.30549999999988,161.6987333333332,146.34980000000013,138.7390000000002,137.66899999999995,138.79599999999976,110.10490332568112,108.09228751336637,,,,,1,71051552,98703946.56,47.29600326310811,41.90863416160315,,,,,,
2022-07-05,137.77,141.61,136.93,141.56,158.2693499999999,161.59706666666656,145.8526000000001,138.5480000000002,138.66899999999995,138.77599999999978,111.01816318634779,108.35827621091013,,,,,0,73429641,98427984.02,50.826395836497284,43.18675631921723,,,,,,
2022-07-06,141.355,144.12,141.08,142.92,158.25364999999988,161.48159999999987,145.47520000000011,138.38700000000023,139.37399999999997,139.8719999999998,111.9074589312467,108.68092918548618,,,,,0,74064254,98211620.62,52.594767607148334,44.49791241935806,,,,,,
2022-07-07,143.29,146.55,143.28,146.35,158.2706999999999,161.35526666666652,145.1446000000001,138.2690000000002,140.474,141.29599999999976,114.18458345578387,109.18126139187687,,,,,0,66253709,97615767.28,56.81303505650592,45.82939895089731,,,,,,
2022-07-08,145.265,147.55,145,147.04,158.28874999999988,161.23706666666652,144.9494000000001,138.22300000000024,141.35099999999997,143.3599999999998,113.03146852250917,109.53128022193435,,,,,0,64547798,96994258.44,57.62982013174926,47.53196579864014,,,,,,
2022-07-11,145.67,146.64,143.78,144.87,158.2838499999999,161.11113333333319,144.71540000000013,138.33450000000022,141.67199999999997,144.54799999999977,111.4564660445149,109.70629711489622,,,,,0,63305113,96499096.88,54.16058464914822,48.829004685507336,,,,,,
2022-07-12,145.76,148.45,145.05,145.86,158.27899999999988,161.00459999999984,144.35980000000015,138.77100000000024,142.09199999999998,145.40799999999976,113.5262191135418,110.05356275113672,,,,,0,77588759,95446536.22,55.47740676447029,49.79245664933433,,,,,,
2022-07-13,142.99,146.45,142.1201,145.49,158.2718499999999,160.87239999999986,144.11660000000015,139.45150000000024,142.897,145.92199999999974,114.29536580958892,110.43918121099601,,,,,0,71185560,94235296,54.84329935405098,50.746633093510574,,,,,,
2022-07-14,144.08,148.95,143.25,148.47,158.2873499999999,160.72099999999986,143.92680000000016,140.23700000000022,143.82099999999997,146.34599999999978,117.15858665831968,111.0500362516618,,,,,0,78140744,93337005.58,58.91630827669403,51.70875126666659,,,,,,
2022-07-15,149.78,150.86,148.2,150.17,158.3286499999999,160.5549333333332,143.74060000000014,140.97400000000022,145.166,146.97199999999978,118.85647047649702,111.75971209028317,,,,,0,76259931,93082873.68,61.073345218037666,52.520832637889505,,,,,,
2022-07-18,150.74,151.57,146.7,147.07,158.3498499999999,160.37166666666653,143.36160000000015,141.8245000000002,145.98,147.41199999999978,114.20931514792255,111.9824032773413,,,,,0,81420868,92546160.98,55.36487308110801,52.92516599933174,,,,,,
2022-07-19,147.92,151.23,146.91,151,158.3973499999999,160.18199999999985,143.24620000000016,142.7965000000002,146.92399999999998,148.43999999999977,118.25021013558313,112.55220390081783,,,,,0,82982367,91595302.82,60.41615589256933,54.049821234642145,,,,,,
2022-07-20,151.12,153.72,150.37,153.04,158.44929999999988,160.03066666666655,143.16140000000013,143.6550000000002,147.93599999999998,149.94999999999976,116.6258667495112,112.92253688706268,,,,,0,64823413,90569278.14,62.77133874231593,55.16797487789019,,,,,,
2022-07-21,154.5,155.57,151.94,155.35,158.5303499999999,159.9041333333332,143.22720000000015,144.6550000000002,148.83599999999998,151.32599999999974,117.69239568989006,113.35616041459244,,,,,0,65086636,89239452.44,65.2897729676204,56.676650488644555,,,,,65.2897729676204,
2022-07-22,155.39,156.28,153.41,154.09,158.5952499999999,159.73606666666652,143.21880000000016,145.4460000000002,149.541,152.10999999999976,115.5978733412204,113.55995249883135,,,,,0,66675408,88265625.88,62.794500071439714,57.78368597495396,,,,,,
2022-07-25,154.01,155.04,152.28,152.95,158.64999999999992,159.6073333333332,143.34780000000015,146.0105000000002,150.349,153.28599999999975,115.82350804504507,113.76573027575986,,,,,0,53623945,86484308.28,60.54007985692767,58.47752054784184,,,,,,
2022-07-26,152.265,153.085,150.8,151.6,158.6915499999999,159.47706666666653,143.52860000000015,146.50750000000022,150.92299999999997,153.40599999999978,114.65048115136508,113.84616217354215,,,,,0,55138691,83935041.28,57.88958305322774,58.85572165113323,,,57.88958305322774,,,
2022-07-27,152.58,157.33,152.16,156.79,158.76099999999988,159.39066666666656,143.72220000000016,147.4750000000002,152.053,154.15599999999978,119.96024533230775,114.40198791524811,,,,,0,78620688,83227638,64.35127903048146,59.394167649274344,,,,,,
2022-07-28,156.98,157.64,154.41,157.35,158.8336999999999,159.28639999999987,143.95840000000015,148.3810000000002,152.94099999999997,154.55599999999976,117.31998943237802,114.66726078044174,,,,,0,81378731,83122337,64.97577673209553,59.91887883501336,,,,,,
2022-07-29,161.24,163.63,159.5,162.51,158.9386999999999,159.19886666666653,144.22380000000015,149.6705000000002,154.175,156.23999999999975,119.71479429107295,115.1261274632264,,,,,0,101786860,83591349.12,70.16252649915317,61.06187468144229,,,,,,
2022-08-01,161.01,163.59,160.89,161.51,159.04169999999988,159.1003999999999,144.63760000000016,150.7995000000002,155.61899999999997,157.95199999999977,117.31140363301454,115.32478893320713,,,,,0,67829379,82753078.9,68.05900309436163,61.96056013357738,,,,,,
2022-08-02,160.1,162.41,159.63,160.01,159.12294999999986,158.9649333333332,145.09080000000017,151.72200000000018,156.51999999999998,159.63399999999976,116.55086362434507,115.43625026876512,,,,,0,59907025,81229306.6,64.91513693299177,62.67997710350172,,,,,,
2022-08-03,160.84,166.59,160.75,166.13,159.22939999999988,158.87719999999987,145.66160000000016,152.8825000000002,157.829,161.50199999999978,121.82027189637444,116.01661587127506,,,,,0,82507488,80130933.86,70.83470122877674,63.53129088579335,,,,,,
2022-08-04,166.005,167.19,164.43,165.81,159.32569999999987,158.7867333333332,146.11560000000017,153.85550000000018,158.87499999999997,163.19399999999976,119.7134847157915,116.3526948571402,,,,,0,55474144,78885891.44,70.16805924615726,64.18091331637332,,,,,,
2022-08-05,163.21,165.85,163,165.35,159.40864999999988,158.70106666666655,146.61540000000016,154.77100000000019,160.00099999999998,163.76199999999977,119.47429863492694,116.63647701875718,,,,,0,56696985,77937176.22,69.16043903013522,65.16631088416098,,,,,,
2022-08-08,166.37,167.81,164.2,164.87,159.48669999999984,158.61639999999989,147.10240000000016,155.77100000000019,161.19299999999998,164.43399999999977,119.32140159524616,116.88056107116526,,,,,0,60362338,77294769.06,68.06211387635979,65.71245074014601,,,,,,
2022-08-09,164.02,165.82,163.25,164.92,159.56389999999985,158.50246666666655,147.52520000000015,156.7240000000002,162.52499999999998,165.41599999999977,119.50580307001123,117.11921943469672,,,,,0,63135503,76745448.16,68.11891014413449,66.0944201259902,,,,,,
2022-08-10,167.68,169.34,166.9,169.24,159.66664999999986,158.4327333333332,147.91720000000018,157.9115000000002,163.76999999999998,166.03799999999976,123.15887524014674,117.668279053374,,,,,0,70170540,76329288.9,72.64522895344479,66.61980983926335,,,,,,
2022-08-11,170.06,170.99,168.19,168.49,159.76589999999985,158.38986666666653,148.31020000000018,158.9125000000002,164.884,166.57399999999976,120.0575740517739,117.88548768959217,,,,,0,57149159,75397903.76,70.76676222786081,67.18925713615059,,,,,,
2022-08-12,169.82,172.17,169.4,172.1,159.87979999999985,158.39053333333322,148.77800000000016,160.00900000000019,165.84300000000002,167.92399999999975,122.71586393109087,118.32461280245569,,,,,0,68039382,75272958.7,74.22198815922064,68.16653630060009,,,,,,
2022-08-15,171.52,173.39,171.345,173.19,160.00149999999988,158.39733333333322,149.21760000000017,161.3150000000002,167.01100000000002,169.58799999999974,121.39088908306738,118.60336519160221,,,,,0,54091694,74907831.48,75.1760454998713,69.40128361821748,,,,,,
2022-08-16,172.78,173.71,171.6618,173.03,160.10379999999986,158.40293333333324,149.7706000000002,162.4165000000002,168.31300000000002,171.20999999999975,120.79866888519135,118.80293825465577,,,,,0,56377050,74263966.7,74.73877597799458,70.14324768589698,,,,,,
2022-08-17,172.77,176.15,172.57,174.55,160.22754999999987,158.3993999999999,150.3388000000002,163.4920000000002,169.15500000000003,172.27199999999976,121.63226245531557,119.06014954562484,,,,,0,79542037,74422839.84,76.15759832418661,70.9419492281892,,,,,76.15759832418661,
2022-08-18,173.75,174.9,173.12,174.15,160.35349999999985,158.39019999999988,150.8476000000002,164.4320000000002,169.989,173.40399999999974,122.23826224897815,119.34906888229332,,,,,0,62290075,74312478.34,74.96435361608019,71.28493687939827,,,,,,
2022-08-19,173.03,173.74,171.3101,171.52,160.46099999999987,158.3857333333332,151.3188000000002,165.3035000000002,170.606,173.28799999999976,120.11961538192185,119.41911856407773,,,,,0,70346295,74640400.22,67.47817715685102,71.24344931243323,,,,,,
2022-08-22,169.69,169.86,167.135,167.57,160.54139999999984,158.34906666666654,151.8174000000002,166.0345000000002,170.87600000000003,172.16399999999976,118.88641098831971,119.37069060264518,,,,,0,69026809,74631476.88,58.09462555642729,70.75626992839292,,,,,,
2022-08-23,167.08,168.71,166.65,167.23,160.62274999999988,158.3319333333332,152.4194000000002,166.8160000000002,171.10700000000003,171.00399999999973,121.23972933784435,119.54060321493601,,,,,1,54147079,73883085.72,57.35528614069317,69.79345456495838,,,,,,
2022-08-24,167.32,168.11,166.245,167.53,160.70399999999987,158.34059999999988,153.1324000000002,167.35300000000024,170.936,169.59999999999974,121.73022147299888,119.73965942021445,,,,,0,53841524,72515774.22,57.86482780035997,68.91465231883,,,,,,
2022-08-25,168.78,170.14,168.35,170.03,160.80194999999986,158.3773999999999,153.8778000000002,167.98700000000022,171.09,168.77599999999975,123.18753079144892,120.05310227214486,,,,,0,51218209,71844451.88,61.945434154575594,68.39929482771859,,,,,,
2022-08-26,170.57,171.05,163.56,163.62,160.86599999999987,158.38546666666656,154.44160000000022,168.04250000000022,170.24200000000002,167.19599999999974,116.89619943273695,119.76611110492595,,,,,0,78960980,71593012.04,48.87548940454298,67.02882165116026,,,,,,
2022-08-29,161.145,162.9,159.82,161.38,160.93329999999986,158.38386666666656,155.0680000000002,168.03600000000023,169.061,165.95799999999974,119.31507321954031,119.72510766079999,,,,,0,73313953,70900060.94,45.28009566009071,65.39747775944285,,,,,,
2022-08-30,162.13,162.56,157.72,158.91,160.98849999999985,158.37806666666657,155.6150000000002,167.98100000000022,167.64900000000003,164.29399999999976,118.27767578028084,119.59352294438916,,,,,0,77906197,69767779.08,41.642412731969,63.18299088648029,,,,,,
2022-08-31,160.305,160.58,157.14,157.22,161.02464999999987,158.3615999999999,156.04200000000023,167.53550000000024,165.91600000000003,162.23199999999974,118.32469927122662,119.47817533773802,,,,,0,87991091,69907591.14,39.31511730188506,60.93644482033917,,,,,,
2022-09-01,156.64,158.42,154.67,157.96,161.06444999999985,158.35319999999987,156.4942000000002,167.14300000000023,164.29700000000003,159.81799999999973,119.81825491341318,119.5090916627994,,,,,1,74229896,69924004.38,40.873337033884006,58.55439831138656,,,,,,
2022-09-02,159.75,160.362,154.965,155.81,161.08849999999987,158.25639999999987,156.84500000000023,166.66600000000022,162.726,158.25599999999974,117.8337526406276,119.35678811532924,,,,,0,76957768,70014484.38,37.833721411493855,55.88708944793103,,,,,,
2022-09-06,156.47,157.09,153.69,154.53,161.09369999999987,158.12139999999988,157.10240000000022,166.14900000000023,161.422,156.88599999999977,118.13407334357728,119.24563222698815,,,,,0,73714843,69706444.5,36.11191135401427,53.128027689075296,,,36.11191135401427,,,
2022-09-07,154.825,156.67,153.61,155.96,161.08414999999985,157.99706666666654,157.38840000000025,165.70100000000022,160.295,156.29599999999976,119.71751701550586,119.28853084412613,,,,,1,87449574,70051277.82,39.42845401705889,50.50451738142332,,,,,,
2022-09-08,154.64,156.36,152.68,154.46,161.05369999999985,157.85453333333322,157.72880000000023,164.96200000000024,158.988,155.74399999999977,116.43064615013517,119.02872314467241,,,,,0,84923847,70403448.2,37.24438477608753,47.81023389285241,,,,,,
2022-09-09,155.47,157.82,154.75,157.37,161.03544999999986,157.75099999999986,158.09160000000023,164.40600000000023,157.72199999999998,155.6259999999998,117.84513465412275,118.92112419098608,,,,,0,68081006,70440220.1,43.753723140069496,46.11563003451088,,,,,,
2022-09-12,159.59,164.26,159.3,163.43,161.04554999999985,157.69126666666654,158.62580000000023,163.97250000000022,157.70299999999997,157.1499999999998,120.54285960146042,119.06855468284738,,,,,1,104955962,70560050,54.3685485902892,45.84948167978673,,,,,54.3685485902892,
2022-09-13,159.9,160.54,153.37,153.84,161.00504999999987,157.57246666666651,158.92400000000023,163.00500000000025,156.94899999999998,157.01199999999977,112.28049688353015,118.45145851927309,,,,,0,122656614,71592151.24,41.13765273649465,44.691079293772546,,,,,,
2022-09-14,154.785,157.1,153.6106,155.31,160.99754999999985,157.4423333333332,159.19900000000024,162.11900000000026,156.589,156.88199999999978,118.47645880163145,118.45373127221475,,,,,1,87965409,71882866.6,43.41095551833754,43.65865984505666,,,,,,
2022-09-15,154.65,155.24,151.38,152.37,160.95819999999986,157.2829333333332,159.38800000000023,161.01000000000028,156.10399999999998,156.46399999999977,115.84077120744448,118.21618944814473,,,,,0,90481110,72211203.72,40.077214101484785,42.096644126978745,,,,,,
2022-09-16,151.21,151.35,148.37,150.7,160.88519999999986,157.14013333333318,159.47500000000025,159.83750000000026,155.37800000000001,155.12999999999977,115.88326062327302,118.00410500952003,,,,,0,162278841,74131706.36,38.27897795541064,41.339750452040725,,,38.27897795541064,,,
2022-09-19,149.31,154.56,149.1,154.48,160.83374999999987,157.0457333333332,159.62380000000022,158.98550000000023,155.245,153.33999999999975,119.64929311288505,118.1536675643714,,,,,1,81474246,74470235.32,44.36403729661184,41.27431771179224,,,,,,
2022-09-20,153.4,158.08,153.08,156.9,160.79944999999987,156.96586666666653,159.86440000000022,158.45200000000025,155.48200000000003,153.95199999999974,120.69602141604358,118.38479064179614,,,,,0,107689796,75357928.98,47.90511183335445,41.72165336189119,,,,,47.90511183335445,
2022-09-21,157.34,158.74,153.6,153.72,160.75884999999985,156.8387333333332,160.0216000000002,157.77650000000023,155.258,153.63399999999973,119.59729663843318,118.49501845967224,,,,,0,101696790,75840089.6,43.94685726526433,42.052491930704,,,,,,
2022-09-22,152.38,154.47,150.91,152.74,160.69594999999987,156.7066666666665,160.16660000000022,157.03700000000023,155.086,153.70799999999977,120.90428872224892,118.7140430289974,,,,,0,86652542,76149429.24,42.773894315236646,42.18824602222919,,,,,,
2022-09-23,151.19,151.47,148.56,150.43,160.59219999999988,156.58366666666655,160.2058000000002,156.05700000000024,154.39200000000002,153.65399999999977,120.08781266631188,118.83893117784416,,,,,0,96029909,76507212.54,40.05973620188139,42.347247078685434,,,,,,
2022-09-26,149.66,153.7701,149.64,150.77,160.47064999999986,156.47346666666652,160.2178000000002,155.41450000000026,153.12600000000003,152.91199999999975,122.47036461407662,119.16906149022893,,,,,0,93339409,76848802.1,40.6566070198348,42.671868197672616,,,,,,
2022-09-27,152.74,154.72,149.945,151.76,160.3566499999999,156.3897333333332,160.31160000000023,154.93350000000024,152.91800000000003,151.88399999999976,124.56190749784544,119.65932021819407,,,,,0,84442741,76909239.56,42.45349743113816,42.88794272724971,,,,,,
2022-09-28,147.64,150.6414,144.84,149.84,160.20859999999985,156.32153333333318,160.28840000000022,154.48000000000025,152.37100000000004,151.10799999999978,123.24800947555438,119.98556469613591,,,,,0,146691387,78183419.96,39.92837975276523,43.07965665415526,,,,,,
2022-09-29,146.1,146.72,140.68,142.48,160.04229999999987,156.18646666666652,160.0772000000002,153.74300000000022,151.38200000000003,149.05599999999976,114.93319494599396,119.52625835521391,,,,,0,128138237,79449716.44,32.05697920722861,42.24417494466662,,,,,,
2022-09-30,141.28,143.1,138,138.2,159.86164999999986,156.00879999999987,159.73420000000021,152.75500000000025,150.13200000000003,146.60999999999976,113.88670662498694,119.01357183428419,,,,,0,124925274,80646489.2,28.534191048174378,40.39886369165841,,,28.534191048174378,,,
2022-10-03,138.21,143.07,137.685,142.45,159.67739999999986,155.85766666666652,159.50140000000022,152.08700000000024,148.92900000000003,144.94599999999977,119.18474122952578,119.02913268839707,,,,,1,114311663,81599214.3,36.049358812835614,40.03541412568277,,,,,,
2022-10-04,145.03,146.22,144.26,146.1,159.54659999999987,155.74366666666654,159.36440000000022,151.66550000000024,147.84900000000005,143.81399999999977,119.15377170757168,119.04046350832203,,,,,0,87830064,82283336.68,41.71781517392459,39.914475529653274,,,,,,
2022-10-05,144.075,147.38,143.01,146.4,159.42289999999986,155.60926666666654,159.26040000000023,151.18750000000023,147.11700000000002,143.12599999999978,115.8557817099807,118.7509469812001,,,,,0,79470968,82769982.22,42.171521405863054,40.064068908537436,,,,,42.171521405863054,
2022-10-06,145.81,147.54,145.22,145.43,159.30129999999986,155.47059999999988,159.03320000000022,150.73600000000022,146.38600000000002,143.71599999999975,115.32026358011149,118.43906667201023,,,,,0,68402169,82565611.84,41.05856575625845,40.26261089431228,,,,,,
2022-10-07,142.54,143.1,139.445,140.09,159.13679999999988,155.3167333333332,158.68800000000024,149.8720000000002,145.35200000000003,144.09399999999977,112.23571449554416,117.87512556505877,,,,,0,85925559,82656548.4,35.50355795714144,39.62971951292155,,,,,,
2022-10-10,140.42,141.89,138.5729,140.42,158.96069999999986,155.19086666666652,158.24620000000024,148.72150000000022,144.31700000000004,143.68799999999976,115.74126225729256,117.68113799162548,,,,,0,74899002,82118791.24,36.079105374189766,38.785004765838345,,,,,,
2022-10-11,139.9,141.35,138.22,138.98,158.77419999999987,155.06779999999986,157.79560000000023,147.97850000000022,143.03900000000004,142.26399999999975,115.41911194773557,117.47549926036275,,,,,0,77033672,82302877.1,34.6270150128246,38.119301747806944,,,,,,
2022-10-12,139.13,140.36,138.16,138.34,158.56424999999987,154.9037333333332,157.36220000000023,147.13000000000022,141.88900000000004,140.65199999999976,115.64214521167065,117.30883071048166,,,,,0,70433744,82513411.48,33.97257696715822,37.4906362229442,,,33.97257696715822,,,
2022-10-13,134.99,143.59,134.37,142.99,158.38274999999987,154.80019999999988,156.8994000000002,146.66100000000023,141.94000000000005,140.1639999999998,119.92317670476149,117.54649852814346,,,,,1,113223975,83127741.22,42.478839552805546,37.66342931943878,,,,,,
2022-10-14,144.31,144.52,138.19,138.38,158.17774999999986,154.69119999999987,156.35080000000022,146.04500000000021,141.95800000000003,139.82199999999978,113.12055674693248,117.144140184397,,,,,0,88597969,83790217.72,37.34253371989945,37.42670979801482,,,,,,
2022-10-17,141.065,142.9,140.27,142.41,157.99879999999987,154.63646666666656,155.89200000000022,145.4415000000002,141.95400000000004,140.21999999999977,119.23540641012761,117.33425529582706,,,,,1,85250939,84361296.8,43.74607038710974,37.51903643772708,,,,,,
2022-10-18,145.49,146.7,140.61,143.75,157.82969999999986,154.56086666666656,155.46960000000024,144.7840000000002,141.71900000000002,141.17399999999978,117.253136266497,117.32688083861524,,,,,0,99136610,85136782.24,45.73205060647397,37.93358435584913,,,,,,
2022-10-19,141.69,144.9492,141.5,143.86,157.63894999999985,154.45599999999988,155.0484000000002,144.29100000000022,141.46500000000003,142.27799999999976,116.01706465374721,117.20780663999088,,,,,0,61758340,85109238.98,45.90089424777698,38.92243543017401,,,,,,
2022-10-20,143.02,145.89,142.65,143.39,157.45739999999986,154.3411333333332,154.53140000000022,143.82350000000022,141.26100000000002,142.35799999999978,116.41475988796122,117.13571148071546,,,,,0,64521989,84996267.96,45.253037642087875,40.11663875831069,,,,,,
2022-10-21,142.87,147.8479,142.649,147.27,157.31914999999984,154.22973333333317,154.10700000000023,143.6655000000002,141.97900000000004,144.1359999999998,120.52310974229151,117.44365677722237,,,,,1,86548609,85584256.96,51.35681019553945,41.21002814278955,,,,,,
2022-10-24,147.185,150.23,146,149.45,157.20639999999983,154.12353333333317,153.65400000000022,143.5995000000002,142.88200000000003,145.54399999999978,119.47206855754163,117.62805784816048,,,,,0,75981918,85743107.68,54.43091105265525,42.118106419841745,,,,,,
2022-10-25,150.09,152.49,149.36,152.34,157.10724999999982,154.01366666666652,153.23700000000022,143.6285000000002,144.21800000000005,147.26199999999977,120.35235098160561,117.87572086029185,,,,,0,74732290,86155919.6,58.202086208830785,43.26314676291087,,,,,,
2022-10-26,150.96,151.99,148.04,149.35,156.99304999999984,153.87459999999984,152.76340000000022,143.6040000000002,145.31900000000005,148.35999999999976,116.10219999481744,117.71449169070327,,,,,0,88436172,86797102.04,53.28850722406614,44.13671401061141,,,,,,
2022-10-27,148.07,149.046,144.13,144.8,156.84164999999982,153.6794666666665,152.1684000000002,143.7200000000002,145.50000000000006,148.64199999999977,113.40289615959944,117.32252846060292,,,,,0,109180150,87389864.3,46.81199183149707,44.9444592873511,,,,,,
2022-10-28,148.2,157.5,147.82,155.74,156.74269999999984,153.5529333333332,151.80020000000022,144.5970000000002,147.23600000000005,150.33599999999979,122.71720830301871,117.81295390082254,,,,,1,164762371,89439310.22,59.54365411103034,46.620498482839714,,,,,59.54365411103034,
2022-10-31,153.155,154.24,151.92,153.34,156.64844999999983,153.40453333333318,151.4366000000002,145.1415000000002,148.329,151.1139999999998,117.92149333388019,117.8228211220096,,,,,0,97943171,89991247.74,56.356562956191866,48.172609050223095,,,,,,
2022-11-01,155.08,155.45,149.13,150.65,156.53634999999983,153.21579999999986,151.0982000000002,145.3690000000002,149.01900000000003,150.77599999999978,116.72352833312242,117.72288541392895,,,,,0,80379345,90218298.46,52.936456751837376,49.527171891985894,,,,,,
2022-11-02,148.945,152.17,145,145.03,156.41249999999982,152.99753333333317,150.6542000000002,145.30050000000023,149.13600000000002,149.9119999999998,112.83132483253848,117.27819808834799,,,,,0,93604623,91007449.34,46.576802783592925,49.81988355132785,,,,,,
2022-11-03,142.06,142.8,138.75,138.88,156.27574999999982,152.75933333333316,150.0812000000002,144.9730000000002,148.685,148.7279999999998,110.8179419525066,116.69090207599878,,,,,0,97918516,91888989.18,40.80029452052226,50.06686646565805,,,,,,
2022-11-04,142.09,142.67,134.38,138.38,156.14509999999981,152.51979999999986,149.4482000000002,144.88750000000022,147.79600000000002,145.2559999999998,111.60037420561952,116.2281268150552,,,,,0,140814796,93680920.92,40.36201803599443,49.82514844057839,,,,,,
2022-11-07,137.11,139.145,135.671,138.92,156.02764999999982,152.2563333333332,148.9542000000002,144.8125000000002,146.74300000000002,142.3719999999998,110.53000084868029,115.71011536356657,,,,,0,83374628,93769193.88,41.09792665993289,49.494139587254026,,,,,,
2022-11-08,140.41,141.43,137.49,139.5,155.91704999999982,152.01926666666654,148.5166000000002,144.8385000000002,145.45900000000003,140.1419999999998,109.9351422064259,115.18511780382651,,,,,0,89908477,94101084.36,41.92681403098892,49.21027671462631,,,,,,
2022-11-09,138.5,138.55,134.5933,134.87,155.79249999999982,151.77286666666654,148.0358000000002,144.66500000000022,144.01100000000002,138.10999999999981,105.69473106763147,114.32235537326333,,,,,0,74917794,94041316.3,37.40203055172189,48.64949049388588,,,37.40203055172189,,,
2022-11-10,141.24,146.87,139.5,146.87,155.72839999999982,151.60439999999988,147.8288000000002,144.8590000000002,144.21800000000002,139.7079999999998,117.54113579614571,114.61497177534355,,,,,1,118854028,94658575.04,51.89304390696841,48.68779290184508,,,,,,
2022-11-11,145.82,150.01,144.37,149.7,155.6807999999998,151.46846666666656,147.6636000000002,145.4250000000002,143.61400000000003,141.9719999999998,113.51285771336424,114.51477958789089,,,,,0,93979665,95053570.42,54.56435856557268,48.697324867053474,,,,,,
2022-11-14,148.97,150.28,147.43,148.28,155.57054999999983,151.35199999999986,147.5130000000002,145.7185000000002,143.10800000000003,143.84399999999982,111.40719072758782,114.23227150968151,,,,,0,73374114,94981897.34,52.97481224769362,48.32394815554368,,,,,,
2022-11-15,152.215,153.59,148.5613,150.04,155.44684999999984,151.23453333333322,147.4232000000002,146.0330000000002,143.04700000000003,145.95199999999983,113.74536927065697,114.18800766977019,,,,,0,89868332,95304967.12,54.73490898514323,48.42726256704918,,,,,,
2022-11-16,149.13,149.87,147.29,148.79,155.31774999999982,151.09046666666654,147.27980000000022,146.27950000000018,143.42300000000003,148.73599999999982,111.82341535270334,113.97304473185501,,,,,0,64218266,94840340.96,53.21157837301045,48.88437589144299,,,,,,
2022-11-17,146.43,151.48,146.15,150.72,155.19214999999983,150.9933333333332,147.2050000000002,146.64600000000019,144.60700000000003,149.5059999999998,114.21700624940006,113.99522305163184,,,,,1,80389400,94749652.02,55.28102208164332,48.579902175058216,,,,,,
2022-11-18,152.305,152.7,149.97,151.29,155.0840999999998,150.90146666666652,147.0834000000002,146.84700000000018,145.89800000000005,149.8239999999998,115.00424421330021,114.08695224814714,,,,,0,74829573,94884623.36,55.90138017162958,48.54738911901804,,,,,55.90138017162958,
2022-11-21,150.16,150.37,147.715,148.01,154.96219999999983,150.77219999999986,146.7750000000002,146.77500000000018,146.80700000000004,149.7699999999998,111.97806992104061,113.89523567295564,,,,,0,58724070,93959985.52,51.47610828732262,48.443078514409855,,,,,,
2022-11-22,148.13,150.42,146.925,150.18,154.8547999999998,150.6585333333332,146.7018000000002,146.66700000000017,147.87500000000006,149.79799999999983,114.06220331902936,113.91041454987143,,,,,1,51804132,92542935.88,54.06679417159325,48.97807789926702,,,,,,
2022-11-23,149.45,151.83,149.34,151.07,154.7359999999998,150.55619999999985,146.61700000000022,146.75300000000018,149.49500000000006,150.25399999999982,113.20146769008659,113.84596483534554,,,,,0,58301395,91949655.6,55.125020002031256,50.00127257651767,,,,,,
2022-11-25,148.305,148.88,147.12,148.11,154.59514999999982,150.46499999999986,146.53180000000023,146.9185000000002,149.61900000000006,149.7319999999998,110.33032302279211,113.52636103420431,,,,,0,35195860,90843950.6,50.92305492957567,50.75563235463061,,,,,,
2022-11-28,145.14,146.64,143.38,144.22,154.4556499999998,150.34059999999985,146.40220000000022,146.34250000000017,149.07100000000005,148.3179999999998,107.4635317962003,112.97519473984032,,,,,0,69346522,88985304.22,45.96435918718636,51.103234678005855,,,,,,
2022-11-29,144.29,144.81,140.355,141.17,154.3182999999998,150.23639999999986,146.13600000000022,145.7340000000002,148.36000000000007,146.94999999999982,106.84039909686045,112.41748604502396,,,,,0,83763803,89031095.36,42.472209968909866,51.1421915307145,,,42.472209968909866,,,
2022-11-30,141.395,148.72,140.55,148.03,154.2140499999998,150.1794666666665,145.95860000000022,145.6030000000002,148.15900000000005,146.5199999999998,112.21137956650715,112.39874909243153,,,,,0,111380880,89104917.04,51.413430018858826,52.14300577836713,,,,,,
2022-12-01,148.21,149.13,146.61,148.31,154.0916499999998,150.07726666666653,145.85040000000023,145.7670000000002,148.11100000000005,145.96799999999982,109.04853055432328,112.09418377078532,,,,,0,71250416,88495989.56,51.743113351108775,52.13229645294859,,,,,,
2022-12-02,145.96,148,145.65,147.81,153.96794999999977,150.0116666666665,145.75180000000023,146.21350000000018,147.82000000000005,145.90799999999982,108.77500257568843,111.79244002577651,,,,,0,65447446,88071887.64,51.076614340939805,51.883171865474814,,,,,,
2022-12-05,147.77,150.9199,145.77,146.63,153.85669999999976,149.93613333333317,145.67580000000024,146.62600000000018,147.35400000000004,146.38999999999982,108.03569016457459,111.4509173111218,,,,,0,68826442,87527818.3,49.457506213048426,51.631935720143005,,,,,,
2022-12-06,147.075,147.3,141.92,142.91,153.73474999999976,149.8256666666665,145.51860000000025,146.82550000000018,146.84400000000005,146.73799999999977,107.21386005406582,111.06573028775307,,,,,0,64727186,86955573.84,44.65198861222187,50.911727122077195,,,,,,
2022-12-07,142.19,143.37,140,140.94,153.61784999999975,149.65846666666653,145.30220000000023,146.89750000000018,145.92000000000002,145.31999999999977,107.28068506184586,110.72163526721604,,,,,0,69721094,86661140.9,42.307575888194265,50.13286980173318,,,42.307575888194265,,,
2022-12-08,142.36,143.52,141.1,142.65,153.53074999999978,149.5643333333332,145.15840000000023,147.28650000000016,145.07800000000003,144.1879999999998,108.78434542556681,110.5455180088843,,,,,0,62128338,84969879.92,45.006668948753685,49.398987435098206,,,,,,
2022-12-09,142.34,145.57,140.9,142.16,153.42784999999978,149.4635333333332,145.15200000000024,147.05100000000016,144.48300000000006,143.0579999999998,107.60132407556918,110.27786401494656,,,,,0,76097011,83929055.4,44.36614493303414,48.57504206091282,,,,,,
2022-12-12,142.7,144.5,141.06,144.49,153.32604999999978,149.41306666666654,145.27780000000024,146.79050000000015,144.51000000000005,142.6299999999998,110.17463952480564,110.2684799703883,,,,,0,70462654,82839803,48.14527149000067,48.33712514681839,,,,,,
2022-12-13,149.5,149.9692,144.24,145.47,153.22779999999977,149.3527999999999,145.33820000000023,146.65000000000015,144.94000000000005,143.14199999999977,109.36031694720302,110.18591969555327,,,,,0,93886161,82431292.96,49.69314091660042,48.02472134289034,,,,,49.69314091660042,
2022-12-14,145.35,146.655,141.16,143.21,153.12784999999977,149.33086666666657,145.2804000000002,146.30850000000015,144.45800000000008,143.5959999999998,106.88270591396247,109.88562753359047,,,,,0,82291182,82320515.32,46.2634791348649,47.39175413809273,,,,,,
2022-12-15,141.11,141.8,136.025,136.5,152.97754999999978,149.29046666666653,145.08240000000023,145.69400000000016,143.27700000000007,142.3659999999998,102.49466251849034,109.21372162312682,,,,,0,98931907,82709734.1,37.89990782236661,46.46152934472066,,,,,,
2022-12-16,136.685,137.65,133.73,134.51,152.81894999999977,149.20646666666656,144.86400000000023,144.88350000000017,141.94700000000006,140.83599999999979,103.58237459378705,108.70178098409593,,,,,0,160156900,84544828.72,35.83106079354009,45.73772231660307,,,,,,
2022-12-19,135.11,135.2,131.32,132.37,152.66494999999978,149.11866666666657,144.70960000000022,143.93750000000017,140.52100000000007,138.41199999999978,103.08253403766533,108.19094035260224,,,,,0,79592614,84418169.82,33.700601415228434,45.111178848482965,,,,,,
2022-12-20,131.39,133.25,129.89,132.3,152.52994999999976,149.00573333333324,144.54720000000023,143.15200000000019,139.4600000000001,135.77799999999976,103.96448076696397,107.80671675390785,,,,,0,77432819,84468846.16,33.63016268632926,43.84094546758799,,,,,,
2022-12-21,132.98,136.81,132.75,135.45,152.4199999999998,148.96993333333324,144.47660000000025,142.41550000000018,138.9110000000001,134.22599999999977,106.3295312708518,107.67242716453912,,,,,0,85927993,84646732.58,39.73451654586997,42.98318855292808,,,,,,
2022-12-22,134.352,134.56,130.3,132.23,152.26639999999978,148.93579999999992,144.35440000000025,141.47350000000017,137.86900000000009,133.3719999999998,102.28055021980428,107.18225653319959,,,,,0,77852108,84795099.86,36.081256384782975,41.912091556059735,,,,,,
2022-12-23,130.92,132.415,129.64,131.86,152.13309999999979,148.89759999999993,144.13180000000023,140.66100000000017,136.83900000000008,132.84199999999979,103.4904954504785,106.84664188931586,,,,,0,63814893,83806918.22,35.675363341099,40.92765277949191,,,,,,
2022-12-27,131.38,131.41,128.72,130.03,152.00959999999978,148.8103999999999,143.96480000000022,139.95150000000018,135.3930000000001,132.37399999999977,101.45884972209289,106.3568426013865,,,,,0,69007830,83415115.44,33.65857758958822,40.14240913501808,,,,,,
2022-12-28,129.67,131.0275,125.87,126.04,151.8866999999998,148.71493333333325,143.63740000000024,139.19500000000016,133.4500000000001,131.1219999999998,98.7449272183137,105.66485029383443,,,,,0,85438391,83418864.48,29.71433302903327,39.24289178793515,,,29.71433302903327,,,
2022-12-29,127.99,130.4814,127.73,129.61,151.7592999999998,148.64219999999997,143.35460000000023,138.27400000000017,132.0900000000001,129.954,102.77725647132213,105.40234176451513,,,,,0,75703710,82950206.48,36.84537866594633,38.659942482020334,,,,,,
2022-12-30,128.41,129.95,127.43,129.93,151.61099999999976,148.54986666666665,143.07600000000025,137.3550000000002,131.4330000000001,129.49400000000003,101.26335642862155,105.02607037034298,,,,,0,77034209,83255723.86,37.45790576968182,38.16649682749517,,,,,,
2023-01-03,130.28,130.9,124.17,125.07,151.4332499999998,148.38606666666664,142.70960000000022,136.21800000000016,130.4890000000001,128.13600000000002,97.72391645765452,104.36223819646222,,,,,0,112117471,84207633.5,32.32942093885261,37.03679321669888,,,,,,
2023-01-04,126.89,128.6557,125.08,126.36,151.24514999999977,148.23619999999997,142.29140000000024,135.20450000000017,129.88800000000012,127.40200000000002,99.12842921135004,103.88643737963383,,,,,0,89113633,84258933.98,34.87807525821759,35.97857424110011,,,,,,
2023-01-05,127.13,127.77,124.76,125.02,151.04334999999978,148.07826666666662,141.80280000000022,134.31000000000017,129.1600000000001,127.19800000000002,97.34283593478294,103.29156452101103,,,,,0,80962708,84358549.78,33.46800535376751,35.06461182816459,,,,,,
2023-01-06,126.01,130.29,124.89,129.62,150.84734999999978,147.93433333333329,141.3484,133.74400000000017,128.577,127.20000000000005,102.11418322571157,103.18452985780199,,,,,0,87754715,84618998.28,42.11892777331616,35.36597039608956,,,,,,
2023-01-09,130.465,133.41,129.89,130.15,150.64704999999978,147.83279999999996,140.9644,133.11900000000017,128.369,127.24400000000003,100.24210091217874,102.91703631729078,,,,,0,70790813,84266091.1,43.03793790145734,35.88074733236936,,,,,,
2023-01-10,130.26,131.2636,128.12,130.73,150.43034999999978,147.73006666666663,140.683,132.54750000000018,128.25600000000003,128.37600000000003,100.76565350325018,102.72145606146891,,,,,0,63896155,83360411.2,44.084234496971696,36.622435409636736,,,,,,
2023-01-11,131.25,133.51,130.46,133.49,150.22419999999977,147.62859999999995,140.23799999999997,131.99750000000017,128.602,129.80200000000005,102.18000336798272,102.6722330893338,,,,,0,69458949,81454342.76,48.89483888346972,37.7127694237182,,,,,,
2023-01-12,133.88,134.26,131.44,133.41,150.01324999999977,147.53159999999997,139.83939999999998,131.39450000000016,129.339,131.48000000000002,100.82376058041113,102.50419013397719,,,,,0,71379648,80923072.3,48.76388173027008,38.35772407974678,,,,,,
2023-01-13,132.03,134.92,131.66,134.76,149.79224999999977,147.47906666666663,139.52159999999998,130.97200000000015,129.85399999999998,132.50800000000004,101.49730364835959,102.41265499892104,,,,,0,57809719,80471679.78,51.14198384907686,39.43349032719634,,,,,,
2023-01-17,134.83,137.29,134.13,135.94,149.58309999999975,147.47113333333328,139.3398,130.94400000000016,130.45499999999998,133.66600000000003,101.97845504466028,102.37318227580643,,,,,0,63646627,79872519.86,53.18725688605313,40.684339866121626,,,,,,
2023-01-18,136.815,138.61,135.03,135.21,149.38609999999977,147.49333333333328,139.2664,130.97900000000016,131.469,134.56200000000004,101.63669073761332,102.30622849960706,,,,,0,69672800,79307605.54,51.74413784921028,41.97616559895179,,,,,,
2023-01-19,134.08,136.25,133.77,135.27,149.19089999999977,147.51006666666663,139.20420000000001,131.12400000000017,132.35999999999999,134.91800000000003,103.28976672563218,102.39564106560934,,,,,1,58280413,77656917.88,51.85975331904265,43.557981333952455,,,,,,
2023-01-20,135.28,138.02,134.22,137.87,148.98804999999976,147.5263333333333,139.1832,131.40250000000017,133.645,135.81,106.08485557316756,102.73102420266008,,,,,0,80223626,77593897.84,56.70093286602751,44.97623520538683,,,,,,
2023-01-23,138.12,143.315,137.9,141.11,148.81829999999977,147.59999999999994,139.21540000000002,131.68550000000016,134.794,137.08000000000004,106.56245280169159,103.07933589348113,,,,,0,81760313,77430934.56,61.849636608297814,46.7185016938594,,,,,,
2023-01-24,140.305,143.16,140.3,142.53,148.67179999999976,147.67313333333328,139.36860000000001,132.20050000000018,136.03199999999998,138.39800000000002,106.37043449706702,103.3785266756253,,,,,0,66435142,77261281.52,63.87699819640849,48.971900069399105,,,,,,
2023-01-25,140.89,142.43,138.81,141.86,148.52039999999977,147.71306666666663,139.2684,132.70050000000015,137.145,139.728,105.94631734603952,103.6119621911175,,,,,0,65799349,76200187.94,62.19751105787974,50.92328834080354,,,,,,
2023-01-26,143.17,144.25,141.9,143.96,148.38974999999976,147.77046666666664,139.1536,133.39700000000016,138.192,141.46600000000004,107.53421758324392,103.96853086312899,,,,,0,54105068,75402696,65.27895418605326,53.1954989716811,,,,,,
2023-01-27,143.155,147.23,143.08,145.93,148.2906499999998,147.8215333333333,139.1066,134.39150000000015,139.44400000000002,143.07800000000003,107.81889558223041,104.31856401941094,,,,,0,70555843,75346330.58,67.92069568133131,55.03848239368217,,,,,,
2023-01-30,144.955,145.55,142.85,143,148.16734999999977,147.83046666666667,138.9658,135.06100000000018,140.268,143.45600000000005,105.39064553612884,104.4160259754762,,,,,0,64015274,74829269.42,60.542594208385836,56.28881498703421,,,60.542594208385836,,,
2023-01-31,142.7,144.34,142.28,144.29,148.03679999999977,147.84799999999998,138.87580000000003,135.77900000000017,141.103,143.80800000000005,107.73913822627532,104.71812708918522,,,,,0,65874459,74862393.28,62.47530318456261,57.60246275043357,,,,,,
2023-02-01,143.97,146.61,141.32,145.43,147.93749999999977,147.90126666666666,138.77,136.79700000000017,142.125,144.52200000000002,107.02327190127042,104.92768570846569,,,,,0,77663633,74807877.94,64.14665339141132,58.69187807242939,,,,,,
2023-02-02,148.9,151.18,148.17,150.82,147.86624999999978,147.97853333333333,138.76059999999998,138.02000000000015,143.68,145.89400000000003,109.84171683822102,105.37441581117072,,,,,0,118338980,75678066.08,70.77460407174766,60.26407252539207,,,,,,
2023-02-03,148.03,157.38,147.83,154.5,147.80174999999977,148.09706666666665,138.8904,139.49400000000017,145.343,147.60800000000003,110.89179974878878,105.875996169136,,,,,0,154357337,77590731.42,74.27167767666424,61.91619351307689,,,,,74.27167767666424,
2023-02-06,152.575,153.1,150.78,151.73,147.72424999999978,148.1824,138.9214,140.59950000000018,146.40499999999997,149.35400000000004,110.04257232581247,106.25477581974296,,,,,0,69858306,77951814.9,67.70450313815816,62.95313967394153,,,,,,
2023-02-07,150.64,155.23,150.64,154.65,147.66539999999978,148.26966666666667,138.993,141.82450000000017,147.617,151.42600000000004,112.85383124101511,106.85468994894951,,,,,0,83322551,78452238.02,70.65057100294979,64.30359918492293,,,,,,
2023-02-08,153.88,154.58,151.168,151.92,147.61604999999977,148.32966666666667,139.0692,142.88400000000019,148.62299999999996,152.72400000000005,109.45271242246018,107.09087381017775,,,,,0,64120079,79030722.4,64.7073877319608,65.22128735727422,,,,,,
2023-02-09,153.775,154.33,150.42,150.87,147.55599999999976,148.3598,139.2022,143.75300000000018,149.314,152.73400000000007,109.91415423097006,107.34753566661342,,,,,0,56007143,78763934.82,62.528703908471826,65.63755671744882,,,62.528703908471826,,,
2023-02-10,149.46,151.3401,149.22,151.01,147.52704999999978,148.38626666666667,139.39899999999997,144.63300000000018,149.82199999999997,152.03600000000006,110.99568542034687,107.67918564422556,,,,,0,57450708,78237672.92,62.708992348118066,65.69893927029312,,,,,,
2023-02-13,150.952,154.26,150.92,153.85,147.51344999999978,148.44613333333334,139.5154,145.58750000000018,150.90699999999998,152.46000000000006,112.83599603955555,108.14798658925555,,,,,0,62199013,77254035.58,66.25584177140311,65.86885666850702,,,,,,
2023-02-14,152.12,153.77,150.86,153.2,147.46124999999978,148.49506666666667,139.61319999999998,146.45050000000018,151.79799999999997,152.17000000000004,111.08694075846566,108.41516424100193,,,,,0,61707573,77063178.72,64.73816694368716,66.05033208892183,,,,,,
2023-02-15,153.11,155.5,152.88,155.33,147.4496499999998,148.56066666666666,139.7636,147.45650000000018,152.78799999999998,152.85200000000006,112.66301430802633,108.80133242891324,,,,,0,65669252,77067614.84,67.3754121916313,66.20007908932027,,,,,67.3754121916313,
2023-02-16,153.51,156.33,153.3475,153.71,147.42839999999975,148.5956,139.90519999999998,148.37850000000017,153.077,153.42000000000004,111.17969143675516,109.0175468841716,,,,,0,68167942,77054444.84,63.48633988455579,65.88333938955058,,,,,,
2023-02-17,152.35,153,150.85,152.55,147.39374999999978,148.61146666666664,140.09799999999998,149.11250000000015,152.882,153.72800000000007,111.88337627920849,109.27807682917495,,,,,0,59144118,76942783.48,60.78089117947429,65.9003606017712,,,,,,
2023-02-21,150.2,151.3,148.405,148.48,147.30604999999977,148.62086666666664,140.2488,149.48100000000017,152.557,152.65400000000005,109.20055894682649,109.27102974896145,,,,,0,58867230,76725706.2,52.351282015549124,65.17721623255593,,,,,,
2023-02-22,148.87,149.95,147.16,148.91,147.26674999999977,148.6069333333333,140.37399999999997,149.80000000000015,151.983,151.79600000000005,111.75653870689332,109.49698510877344,,,,,1,51011305,76503365.54,53.09148492976806,64.38756134243856,,,,,,
2023-02-23,150.09,150.34,147.24,149.4,147.22734999999977,148.58266666666665,140.51879999999997,150.17700000000016,151.731,150.61000000000007,112.30099271872636,109.75189489149643,,,,,0,48394249,75949310.3,53.96901527602932,63.1871621427444,,,,,,
2023-02-24,147.11,147.19,145.7202,146.71,147.20059999999975,148.52506666666665,140.56319999999997,150.31450000000015,151.315,149.21000000000004,109.69436711337303,109.74666509348522,,,,,0,55469606,75649449.34,48.59450937805738,61.35307869284391,,,,,,
2023-02-27,147.71,149.17,147.45,147.92,147.16764999999975,148.4839333333333,140.61219999999997,150.41400000000016,151.006,148.28400000000005,111.7769297615899,109.93123460876747,,,,,1,44998470,74671695.52,50.96021333231051,60.157057992426225,,,,,,
2023-02-28,147.05,149.08,146.83,147.41,147.17219999999975,148.44699999999997,140.69619999999998,150.63450000000017,150.362,148.07000000000002,111.05084337167867,110.03301722357757,,,,,0,50546998,74036811.84,49.917480534983106,58.67612295900004,,,,,,
2023-03-01,146.83,147.2285,145.01,145.31,147.18594999999976,148.40506666666667,140.87239999999997,150.68550000000016,149.573,147.35000000000005,109.80162008584038,110.01198112014691,,,,,0,55478991,73167753.52,45.76498720427695,57.32309434987975,,,45.76498720427695,,,
2023-03-02,144.38,146.71,143.9,145.91,147.17994999999976,148.33253333333332,141.10039999999995,150.70950000000016,148.631,146.65200000000004,110.77845826795566,110.0816608608568,,,,,1,52279761,71010210.74,47.118543531786706,56.222368608687965,,,,,,
2023-03-03,148.045,151.11,147.33,151.03,147.20739999999975,148.29039999999998,141.47359999999995,150.72000000000017,148.363,147.51600000000005,113.80339282754048,110.42000013055532,,,,,0,70732297,70833004.4,56.984236879922086,55.81345750381683,,,,,,
2023-03-06,153.785,156.3,153.46,153.83,147.23034999999973,148.23253333333332,141.90419999999997,150.68650000000017,148.491,148.69800000000004,114.0706684957918,110.75187907284955,,,,,0,87558028,71035508.58,61.24267863923983,55.45537442294802,,,,,61.24267863923983,
2023-03-07,153.7,154.0299,151.13,151.6,147.28424999999976,148.16646666666665,142.22719999999995,150.68000000000015,148.80300000000003,149.53600000000006,112.33984532275475,110.89623964102275,,,,,0,56182028,70440589.28,56.44959074695759,54.86333326603876,,,,,,
2023-03-08,152.81,153.47,151.83,152.87,147.36184999999975,148.11886666666666,142.63999999999996,150.59100000000015,149.199,151.04800000000006,115.04480277747119,111.27338174433623,,,,,0,47204791,69827642.94,58.4442814025684,54.22539535253427,,,,,,
2023-03-09,153.559,154.535,150.225,150.59,147.42684999999975,148.01526666666666,143.01459999999994,150.52450000000016,149.318,151.98400000000007,113.16883767535072,111.44569591988301,,,,,0,53833582,69628016.72,53.689923143924574,53.52565129963204,,,,,,
2023-03-10,150.21,150.94,147.6096,148.5,147.45379999999975,147.89986666666664,143.38399999999996,150.40600000000012,149.497,151.47800000000004,113.69639616877599,111.65030503341873,,,,,0,68572400,69619308.12,49.69882740556996,52.73407531578173,,,49.69882740556996,,,
2023-03-13,147.805,153.14,147.7,150.47,147.50434999999973,147.80066666666664,143.87259999999998,150.37900000000013,149.752,150.80600000000007,116.89714108141703,112.1272901286913,,,,,0,84457122,69599682.74,53.228128680891146,52.79670722044902,,,,,,
2023-03-14,151.28,153.4,150.1,152.59,147.56469999999976,147.7188,144.33219999999997,150.31600000000014,150.27,151.00400000000008,118.72336783573708,112.72693355660455,,,,,0,73695893,69559526.4,56.74533537493666,53.057696537961064,,,,,,
2023-03-15,151.19,153.245,149.92,152.99,147.61074999999974,147.63926666666663,144.79339999999996,150.30550000000014,151.038,151.02800000000008,117.10509529762969,113.12494826033411,,,,,0,77167866,69562199.54,57.396317550860836,53.30250384330617,,,,,,
2023-03-16,152.16,156.46,151.64,155.85,147.64179999999976,147.54999999999998,145.40899999999996,150.33150000000015,152.03200000000004,152.08000000000004,120.13350736911343,113.76208999749586,,,,,0,76254419,68844938.5,61.820719851291145,54.247233162822866,,,,,,
2023-03-17,156.08,156.74,154.28,155,147.67259999999976,147.46006666666665,145.98179999999996,150.39600000000013,152.42900000000003,153.38000000000005,117.41564380386286,114.09423125262013,,,,,0,98944633,69041558.5,59.8319780274505,54.88093064104715,,,,,,
2023-03-20,155.07,157.82,154.15,157.4,147.71604999999977,147.36206666666666,146.62939999999998,150.63850000000014,152.786,154.76600000000002,120.56221515836239,114.6822297895058,,,,,0,73641415,68895132.64,63.41105648286782,55.844757494467494,,,,,,
2023-03-21,157.32,159.4,156.54,159.28,147.7563999999998,147.26933333333332,147.22259999999997,151.17850000000016,153.554,156.10400000000004,120.92439441638238,115.24969930104004,,,,,0,73938285,68618804.04,65.96903190498969,57.28790354451835,,,,,65.96903190498969,
2023-03-22,159.3,162.14,157.81,157.83,147.81864999999976,147.16799999999998,147.77619999999996,151.62450000000015,154.05,157.07200000000006,118.28792413424402,115.52590155860403,,,,,0,75701811,68717024,62.34853967413511,58.37576041182895,,,,,,
2023-03-23,158.83,161.5501,157.68,158.93,147.88259999999977,147.06386666666663,148.34019999999998,152.10100000000017,154.88400000000001,157.68800000000005,121.10551742706338,116.0331393648276,,,,,0,67622060,68791542.1,63.96427471153479,58.874334542658424,,,,,,
2023-03-24,158.86,160.34,157.85,160.25,147.94029999999978,146.97119999999998,148.87539999999998,152.77800000000016,156.059,158.73800000000006,121.74862170177094,116.55272866818609,,,,,0,59256343,68587489.98,65.85769524112209,59.20397858565001,,,,,,
2023-03-27,159.94,160.77,157.87,158.28,147.99189999999976,146.8829333333333,149.37279999999996,153.29600000000016,156.84,158.91400000000004,119.57753501654504,116.82771106349145,,,,,0,52390266,68207702.34,60.729217468959504,59.50966620865015,,,,,,
2023-03-28,157.97,158.49,155.98,157.65,148.0669499999998,146.81679999999997,149.83059999999995,153.80800000000016,157.346,158.58800000000005,118.90515243089949,117.01656936961945,,,,,0,45992152,67971351,59.14306552635146,59.55957936034894,,,59.14306552635146,,,
2023-03-29,159.37,161.05,159.35,160.77,148.18514999999977,146.77373333333333,150.32719999999995,154.5810000000002,158.124,159.17600000000002,121.44950746358857,117.41956374179846,,,,,0,51305691,67724532.28,64.13851024604296,60.30590701050027,,,,,,
2023-03-30,161.53,162.47,161.271,162.36,148.33754999999977,146.73926666666665,150.87019999999995,155.40350000000018,158.775,159.86200000000002,120.92953969909132,117.73865246518872,,,,,0,49501689,67321110.06,66.39356960459395,61.498388596144835,,,,,,
2023-03-31,162.44,165,161.91,164.9,148.49824999999976,146.70506666666662,151.46279999999996,156.09700000000018,159.765,160.79200000000006,122.12342192444986,118.1372678705761,,,,,0,68749792,67530497.64,69.67424014123293,62.6731108433121,,,,,,
2023-04-03,164.27,166.29,164.22,166.17,148.65194999999977,146.72206666666662,152.02879999999996,156.71400000000017,160.642,162.37000000000006,121.3120418950094,118.42588369097912,,,,,0,56976187,67065548.86,71.18870002920977,63.70477974718876,,,,,71.18870002920977,
2023-04-04,166.595,166.84,165.11,165.63,148.82979999999975,146.75039999999996,152.51919999999996,157.41550000000018,161.277,163.96600000000004,120.47278457994909,118.61196558997639,,,,,0,46278295,66355908.5,69.59717878188007,64.57626983511871,,,,,,
2023-04-05,164.74,165.05,161.8,163.76,148.99079999999975,146.7827333333333,152.94379999999992,157.96000000000018,161.86999999999998,164.56400000000002,119.80656536466526,118.72056556949356,,,,,0,51511744,66057440.54,64.24110089878401,64.74915419565392,,,,,,
2023-04-06,162.43,164.9584,162,164.66,149.13474999999977,146.8323333333333,153.39979999999994,158.66350000000017,162.44299999999998,165.02400000000003,120.76658101834308,118.90656697393442,,,,,0,45390123,65649256.02,65.61273559559879,65.16206545052165,,,,,,
2023-04-10,161.42,162.03,160.08,162.03,149.2681499999998,146.85946666666663,153.76119999999995,159.3400000000002,162.62099999999995,164.45,118.4132637276707,118.86172122427408,,,,,0,47716882,65521492.3,58.54555524719009,64.81452964797325,,,,,,
2023-04-11,162.35,162.36,160.51,160.8,149.38079999999977,146.8927333333333,154.05859999999996,159.85650000000015,162.873,163.37600000000003,117.39739895646758,118.72860101810986,,,,,0,47644217,65063259.78,55.532946106563486,64.06909494808566,,,,,,
2023-04-12,161.22,162.06,159.78,160.1,149.4729999999998,146.9298666666666,154.40059999999997,160.23200000000017,163.118,162.27000000000004,116.89117657795788,118.5615624326415,,,,,0,50133062,64785615.54,53.835123977729516,63.46099382691383,,,53.835123977729516,,,
2023-04-13,161.63,165.8,161.42,165.56,149.59249999999977,146.99386666666663,154.82599999999994,160.86050000000017,163.59699999999998,162.63000000000002,121.37948562547042,118.81773726835321,,,,,1,68445649,64837039.34,63.268366570930354,63.41128610258494,,,,,,
2023-04-14,164.59,166.32,163.82,165.21,149.73134999999976,147.0655333333333,155.22159999999994,161.32850000000016,163.88199999999998,162.74000000000004,119.53808417808072,118.88322335105572,,,,,0,49386480,64271496.28,62.388305911226695,63.16347257902099,,,,,,
2023-04-17,165.09,165.39,164.03,165.23,149.86134999999976,147.1179333333333,155.50979999999996,161.84000000000017,163.915,163.38000000000002,119.80046548386395,118.96660899949283,,,,,0,41516217,62735041.02,62.42047390079256,63.284276609866204,,,,,,
2023-04-18,166.1,167.41,165.65,166.47,150.01009999999977,147.13819999999998,155.74919999999995,162.29350000000017,163.945,164.51400000000004,120.3017842560541,119.08798856827113,,,,,0,49923008,60646354.44,64.45054100045132,63.66338200087332,,,,,,
2023-04-19,165.8,168.16,165.54,167.63,150.15359999999976,147.2301333333333,156.06719999999996,162.71100000000015,164.14499999999998,166.02000000000004,121.03656922254903,119.26513226411457,,,,,0,47720166,60203591.64,66.28538155378837,63.81672995142657,,,,,66.28538155378837,
2023-04-20,166.09,167.87,165.56,166.65,150.27904999999976,147.30573333333328,156.30719999999997,163.15200000000016,164.434,166.23800000000003,120.33910136213416,119.36276581847999,,,,,0,52456377,59586268.16,63.31230410236404,63.59663955841014,,,,,,
2023-04-21,165.05,166.4521,164.49,165.02,150.3895499999998,147.3900666666666,156.56919999999997,163.45650000000018,164.46999999999997,166.20000000000005,119.87505448205724,119.40933751516883,,,,,0,58337341,59470613.4,58.60402580149869,62.805909962714836,,,,,,
2023-04-24,165,165.6,163.89,165.33,150.48444999999978,147.48759999999996,156.85839999999996,163.71050000000017,164.79999999999998,166.22000000000006,119.99245193552211,119.46234791701913,,,,,0,41949581,59189462.16,59.225074922090265,61.9513653122063,,,,,,
2023-04-25,165.19,166.305,163.73,163.77,150.5680999999998,147.5495333333333,157.11359999999996,163.98500000000016,165.09699999999998,165.68000000000006,118.75910979615813,119.39841717875903,,,,,0,48714063,59014729.26,54.77186696794228,60.8924144683536,,,,,,
2023-04-26,163.055,165.28,162.8,163.76,150.66254999999978,147.5952666666666,157.31179999999998,164.29050000000015,165.463,164.90600000000003,120.65959004032793,119.51306925708347,,,,,1,45498796,58680724.92,54.74345118573518,60.21401091742155,,,54.74345118573518,,,
2023-04-27,165.19,168.56,165.19,168.41,150.77529999999976,147.69319999999996,157.61599999999996,164.67250000000016,165.748,165.25800000000004,124.56360946745562,119.97220927620822,,,,,0,64902329,58744620.04,64.07641151543413,60.10427348312407,,,,,,
2023-04-28,168.49,169.85,167.8801,169.68,150.89624999999978,147.80613333333326,157.90299999999996,165.03850000000017,166.195,166.19000000000005,123.09507803469606,120.25610643607075,,,,,0,55275851,58536752.02,66.1307812930703,60.64607534354408,,,,,,
2023-05-01,169.28,170.45,168.64,169.59,151.0018499999998,147.9338666666666,158.2206,165.27300000000014,166.63099999999997,167.04200000000006,122.02211781296994,120.41665292487977,,,,,0,52472936,58222851.9,65.84341572573283,61.382537459199035,,,,,,
2023-05-02,170.09,170.35,167.54,168.54,151.09369999999979,148.05233333333328,158.54039999999998,165.39150000000015,166.83799999999997,167.99600000000004,121.31347351651199,120.4981820695736,,,,,0,48425696,58008483.46,62.43471642265857,61.99679406240825,,,,,,
2023-05-03,169.5,170.92,167.16,167.45,151.19559999999979,148.15693333333326,158.91979999999998,165.48250000000016,166.81999999999996,168.734,121.94233864213983,120.62946903071598,,,,,0,65136018,58133859.22,59.0189385854414,61.69326349201618,,,,,,
2023-05-04,164.89,167.04,164.31,165.79,151.26954999999978,148.2632666666666,159.25739999999996,165.58400000000015,166.73399999999998,168.21,121.58435882016455,120.71627719339313,,,,,0,81235427,58738341.66,54.15931214588935,61.105478223063514,,,54.15931214588935,,,
2023-05-05,170.975,174.3,170.76,173.57,151.3721999999998,148.47053333333326,159.74079999999995,166.02950000000016,167.58899999999997,168.988,128.2148511657798,121.39796573633737,,,,,0,113453171,60039520.1,67.61731331535165,61.476681038389174,,,,,67.61731331535165,
2023-05-08,172.48,173.85,172.11,173.5,151.46294999999978,148.7058666666666,160.27659999999997,166.60300000000015,168.40599999999998,169.77,125.8383177073008,121.80163409733404,,,,,0,55962793,60049383.84,67.42550969493482,61.68917880228086,,,,,,
2023-05-09,173.05,173.54,171.6,171.77,151.5513499999998,148.9013333333333,160.75359999999998,167.15150000000017,169.20599999999996,170.416,124.52726231413708,122.04941848067978,,,,,0,45326874,60055951.92,62.69240038114625,61.432537289949266,,,,,,
2023-05-10,173.02,174.03,171.9,173.555,151.6543749999998,149.0843666666666,161.27649999999997,167.82425000000018,170.1855,171.637,126.40015731286323,122.44494019269645,,,,,0,53724501,60119501.98,65.39186300467617,61.581077211543,,,,,,
2023-05-11,173.85,174.59,172.17,173.75,151.76512499999978,149.26669999999993,161.84529999999998,168.23375000000019,170.71949999999998,173.229,125.97791489330848,122.7661197109339,,,,,0,49514676,60000215.68,65.68398078232761,62.086788281602196,,,,,,
2023-05-12,173.62,174.06,171,172.57,151.8440249999998,149.44763333333327,162.37849999999997,168.60175000000018,171.00849999999997,173.02900000000002,125.33439209031066,122.99959901814998,,,,,0,45533138,59865283.22,62.25933002621314,62.30352078903955,,,,,,
2023-05-15,173.16,173.21,171.47,172.07,151.9176249999998,149.66083333333327,162.79929999999996,168.9437500000002,171.2565,172.743,125.17003833591572,123.19691168340141,,,,,0,37266659,59195970.46,60.81248422273582,62.734993450096226,,,,,,
2023-05-16,171.99,173.1383,171.7991,172.07,151.96542499999978,149.87183333333329,163.16409999999996,169.22375000000017,171.60949999999997,172.803,124.8008471400561,123.34272399764275,,,,,0,42110293,58287015.76,60.81248422273582,63.16849580988198,,,,,,
2023-05-17,171.71,172.925,170.4201,172.69,152.0213249999998,150.09656666666663,163.58589999999995,169.47675000000018,172.13349999999997,172.63000000000002,126.05446861108203,123.58924623522815,,,,,0,57951604,58322407.28,62.07978485248795,63.025879619671535,,,,,,
2023-05-18,173,175.24,172.58,175.05,152.0965249999998,150.34129999999996,164.02949999999998,169.89675000000017,173.05949999999999,172.89000000000001,126.27501334525991,123.83340688159467,,,,,0,65496657,58688244.6,66.51836054017437,63.05356385160754,,,,,,
2023-05-19,176.39,176.39,174.94,175.16,152.14167499999976,150.55576666666664,164.52089999999995,170.40375000000017,173.2185,173.408,125.17210330485986,123.95510655643696,,,,,0,55809475,58727762.46,66.71392986066067,63.115743432673824,,,,,66.71392986066067,
2023-05-22,173.98,174.71,173.45,174.2,152.18362499999978,150.79456666666664,165.03489999999994,170.84725000000017,173.2885,173.834,124.66632792540057,124.01976304452457,,,,,0,43570932,58227733.1,63.242061419431636,63.17341093244333,,,,,,
2023-05-23,173.13,173.3794,171.275,171.56,152.21467499999977,150.98889999999997,165.45669999999996,171.23675000000017,173.26749999999998,173.732,122.75856147230132,123.90510835614063,,,,,0,50747263,57553535.92,54.79669531001732,62.8718221270559,,,54.79669531001732,,,
2023-05-24,171.09,172.4183,170.52,171.84,152.24952499999975,151.17616666666663,165.84169999999995,171.64075000000017,173.096,173.56199999999998,124.35443135684599,123.9459559016593,,,,,1,45143488,56982487.82,55.47581639795295,62.965858145060444,,,,,,
2023-05-25,172.41,173.895,171.69,172.99,152.28987499999977,151.37036666666665,166.24169999999995,171.86975000000015,173.02,173.15,126.10959776245801,124.14265061627736,,,,,0,56058258,56560295.66,58.25013658302144,62.29677409275114,,,,,,
2023-05-26,173.32,175.77,173.11,175.43,152.32082499999976,151.5839666666666,166.63329999999993,172.15725000000015,173.30599999999998,173.204,126.77807032546664,124.38223422620366,,,,,0,54834975,56131906.78,63.4534886563769,62.01305830428272,,,,,,
2023-05-30,176.96,178.99,176.57,177.3,152.36487499999976,151.78416666666664,167.07929999999996,172.54275000000013,173.829,173.824,126.47903667630499,124.57285263075833,,,,,0,55964401,55272302.14,66.86218621902555,62.31090014984552,,,,,,
2023-05-31,177.325,179.35,176.76,177.25,152.39062499999977,151.96949999999998,167.47629999999992,172.97825000000017,174.347,174.96200000000005,126.44066265131863,124.74265354171835,,,,,0,99625288,55791979.6,66.6830962004728,62.403131092402425,,,,,,
2023-06-01,177.7,180.12,176.9306,180.09,152.42512499999975,152.15449999999998,167.89249999999996,173.61025000000015,175.08700000000002,176.61200000000002,129.2561437758383,125.15297083572926,,,,,0,68901809,55691250.08,71.37333155265186,62.80951329028273,,,,,,
2023-06-02,181.03,181.78,179.26,180.95,152.46472499999976,152.36516666666662,168.35489999999993,174.36825000000016,175.677,178.204,128.60666049120942,125.46694262259109,,,,,0,61996913,55417152.12,72.62985858668287,63.55026533031628,,,,,72.62985858668287,
2023-06-05,182.63,184.951,178.035,179.58,152.48987499999976,152.59703333333331,168.76789999999994,174.66875000000013,176.119,179.03400000000002,125.80387541507294,125.49757287645308,,,,,0,121946497,56503640.86,67.54366974425798,64.03106429613929,,,,,,
2023-06-06,179.965,180.12,177.43,179.21,152.51517499999977,152.75349999999997,169.14709999999997,174.95425000000014,176.62,179.41600000000003,125.79730355797444,125.52482112022774,,,,,0,64848374,56615481.48,66.19541781548192,64.41555955276401,,,,,,
2023-06-07,178.44,181.21,177.32,177.82,152.54667499999977,152.91669999999996,169.53789999999998,175.25675000000012,177.246,179.53000000000003,124.52787906234097,125.43419002405622,,,,,0,61944615,56806568.46,61.249080494380166,64.3562235271849,,,61.249080494380166,,,
2023-06-08,177.895,180.84,177.46,180.57,152.61167499999976,153.1161666666666,169.99629999999996,175.60750000000013,178.119,179.62600000000003,126.93819112316079,125.57091739670209,,,,,1,50214881,56891023.04,66.57114232394093,64.35999365459678,,,,,,
2023-06-09,181.5,182.23,180.63,180.96,152.68032499999975,153.35569999999996,170.40009999999995,175.96800000000013,178.916,179.62800000000004,126.42992882960093,125.64900934514743,,,,,0,48899973,56842908.68,67.25792711799802,64.39885060154946,,,,,,
2023-06-12,181.27,183.89,180.97,183.79,152.76162499999975,153.65509999999998,170.82869999999994,176.52900000000014,179.752,180.47000000000006,128.2592867427952,125.88630729038815,,,,,0,54754995,56947974.8,71.78740983326534,65.00923263110899,,,,,,
2023-06-13,182.8,184.15,182.44,183.31,152.82802499999977,153.9546333333333,171.19689999999994,177.09100000000012,180.353,181.29000000000005,126.74352142929577,125.96423584847065,,,,,0,54929129,56671561.54,70.01814628561158,66.09647912936573,,,,,,
2023-06-14,183.37,184.39,182.02,183.95,152.92967499999978,154.25483333333332,171.55249999999995,177.68500000000012,181.023,182.51600000000002,126.30979029622202,125.99564988917533,,,,,0,57462882,56681295.44,71.04290736259401,67.20841419826867,,,,,,
2023-06-15,183.96,186.52,183.78,186.01,153.05282499999979,154.56489999999997,171.96009999999995,178.35100000000014,181.615,183.60400000000004,127.62030654670698,126.14334594895094,,,,,0,65433166,57064392.86,74.11026032814472,68.3412801800632,,,,,74.11026032814472,
2023-06-16,186.73,186.99,184.27,184.92,153.18287499999977,154.89856666666665,172.38329999999993,178.84450000000015,182.012,184.39600000000002,125.34541387530075,126.0708066695282,,,,,0,101256225,58059282.48,69.8915708396989,68.80114319315761,,,,,,
2023-06-20,184.41,186.1,184.41,185.01,153.32182499999976,155.1528333333333,172.79029999999995,179.33700000000016,182.555,184.64000000000004,125.86855950653118,126.05242056380119,,,,,0,49799092,58147461.86,70.04320437946313,69.028358776046,,,,,,
2023-06-21,184.9,185.41,182.5901,183.96,153.45182499999976,155.3812333333333,173.22889999999995,179.82500000000016,183.03,184.77000000000004,125.74964910042108,126.02489588531209,,,,,0,49515697,58183438.16,65.87490728565807,68.97063099641638,,,,,,
2023-06-22,183.74,187.045,183.67,187,153.60777499999978,155.63936666666666,173.75289999999993,180.59700000000015,183.948,185.38000000000005,128.50231808103206,126.250116084923,,,,,1,51245327,58255460.36,71.21582008986017,68.95938017764556,,,,,,
2023-06-23,185.55,187.56,185.01,186.68,153.76852499999976,155.88363333333334,174.28449999999992,181.33900000000014,184.559,185.51400000000007,127.80757205778316,126.39170299154665,,,,,0,53116996,58315139.04,69.97433500674673,68.76969992193582,,,,,,
2023-06-26,186.83,188.05,185.23,185.27,153.91507499999977,156.1268333333333,174.67869999999996,181.95300000000015,184.98999999999998,185.58400000000006,127.82177944585496,126.52170994193831,,,,,0,48088661,57907999.28,64.62818883459559,68.56145128553136,,,64.62818883459559,,,
2023-06-27,185.89,188.39,185.67,188.06,154.08307499999978,156.37576666666666,175.13569999999993,182.58450000000016,185.417,186.19400000000005,130.33143057791864,126.86804818157289,,,,,0,50730846,57934886.6,69.58065661072692,68.8032540566203,,,,,,
2023-06-28,187.93,189.9,187.6,189.25,154.24247499999976,156.62883333333335,175.61609999999993,183.18200000000016,186.011,187.25200000000004,129.67065594737807,127.122830705737,,,,,0,51216801,58128898.28,71.41877166354762,69.52966056870369,,,,,,
2023-06-29,189.08,190.07,188.94,189.59,154.37327499999975,156.90603333333334,176.07849999999996,183.79900000000015,186.575,187.77000000000004,129.94962130299186,127.37981166912381,,,,,0,46347308,58057384.28,71.94047051370961,69.91318401083001,,,,,,
2023-06-30,191.63,194.48,191.26,193.97,154.57392499999978,157.1979666666667,176.60529999999994,184.49300000000017,187.371,189.22800000000004,132.35906242536595,127.83247082878219,,,,,0,85213216,58807245.28,77.61027023939343,70.65263709092969,,,,,77.61027023939343,
2023-07-03,193.78,193.88,191.76,192.46,154.75967499999976,157.4739,177.12149999999994,185.06850000000017,188.12500000000003,190.66600000000005,129.7375274415386,128.00565779357822,,,,,0,31458198,58387281.7,72.1942826575143,70.6816994355189,,,,,,
2023-07-05,191.565,192.98,190.62,191.33,154.95447499999977,157.76203333333333,177.64769999999993,185.65600000000018,188.757,191.32000000000008,128.82497901507773,128.08014154098726,,,,,0,46920261,58158940.1,68.3502694197429,70.56256537367113,,,,,,
2023-07-06,189.84,192.02,189.2,191.81,155.16002499999976,158.0793,178.17729999999995,186.28600000000017,189.54200000000003,191.83200000000005,129.40287531961113,128.2003900663167,,,,,0,45156009,58223068.66,69.10284147427313,70.42398923879107,,,,,,
2023-07-07,191.41,192.67,190.24,190.68,155.34102499999977,158.40936666666667,178.7154999999999,186.9290000000002,189.91000000000003,192.05000000000004,129.6672409103273,128.33374014304493,,,,,0,46814998,58185087.36,65.17391612703298,69.78567893871165,,,,,,
2023-07-10,189.26,189.99,187.035,188.61,155.49957499999977,158.67990000000003,179.21249999999992,187.3310000000002,190.10300000000004,190.97800000000004,128.62813028534018,128.3605028832536,,,,,0,59922163,58473554.7,58.600981041527476,68.97920823884228,,,,,,
2023-07-11,189.16,189.3,186.6,188.08,155.67137499999978,158.94503333333333,179.60589999999993,187.6870000000002,190.38400000000004,190.10200000000003,127.9589254207922,128.32399584121166,,,,,0,46638119,58108270.5,57.015472943708616,68.04865599343124,,,57.015472943708616,,,
2023-07-12,189.68,191.7,188.47,189.77,155.85652499999978,159.22476666666668,180.00769999999994,187.98600000000022,190.55500000000004,189.79000000000005,128.24463591822942,128.31678130275873,,,,,0,60750248,58217758.44,60.66962937506993,67.67685042838923,,,,,,
2023-07-13,190.5,191.19,189.78,190.54,156.05707499999974,159.5175,180.4266999999999,188.34750000000022,190.68400000000003,189.53600000000003,127.81771631094664,128.27141175804854,,,,,0,41342338,57995146.48,62.24449662341102,67.03604160935716,,,,,,
2023-07-14,190.23,191.1799,189.63,190.69,156.25667499999975,159.83603333333332,180.8696999999999,188.68450000000024,190.79400000000004,189.53800000000004,126.84338311105199,128.14159097195795,,,,,0,41616242,57858957.4,62.55901670201541,66.50637601616205,,,,,,
2023-07-17,191.9,194.32,191.81,193.99,156.46782499999975,160.18970000000002,181.4004999999999,189.0835000000002,190.79600000000005,190.61400000000003,129.1713739704045,128.23520760818036,,,,,1,50520159,57566640.22,68.73058134120551,66.79940405234848,,,,,,
2023-07-18,193.35,194.33,192.415,193.73,156.68727499999977,160.53023333333337,181.95929999999993,189.52400000000023,190.92300000000006,191.74400000000003,128.50282348467093,128.25953632422497,,,,,0,48353774,56909007.16,67.78257726360684,66.67096981326847,,,,,,
2023-07-19,193.1,198.23,192.65,195.1,156.95037499999978,160.88316666666668,182.3898999999999,190.02850000000024,191.30000000000004,192.81,128.49700437104963,128.28112432848175,,,,,0,80507323,56250090.2,70.12117540079291,66.57828436592885,,,,,70.12117540079291,
2023-07-20,195.09,196.47,192.495,193.13,157.22502499999976,161.20743333333334,182.7824999999999,190.48700000000025,191.43200000000007,193.32800000000003,126.90030685260342,128.15559546703827,,,,,0,59581196,56322458.26,63.03551327356184,65.94221599163258,,,,,,
2023-07-21,194.1,194.97,191.23,191.94,157.47247499999975,161.51723333333334,183.18589999999992,190.73400000000024,191.55800000000005,193.57800000000003,126.97635649171087,128.0483919238267,,,,,0,71951683,56854954.44,59.14745526911113,64.62344349375527,,,59.14745526911113,,,
2023-07-24,193.41,194.91,192.25,192.75,157.70572499999975,161.8475,183.56979999999993,191.03750000000022,191.97200000000004,193.33,127.47032305708333,127.99584020866821,,,,,0,45505097,56690566.36,60.91464914395082,63.81775538564359,,,,,,
2023-07-25,193.33,194.44,192.915,193.62,157.94182499999977,162.2283,183.96719999999993,191.4550000000002,192.52600000000007,193.30800000000005,127.53120437355231,127.95360058729403,,,,,0,37283201,56445936.86,62.77713832605733,63.41967459323748,,,,,,
2023-07-26,193.67,195.64,193.32,194.5,158.18717499999974,162.62823333333333,184.40579999999994,191.7770000000002,192.99900000000005,193.18800000000002,127.75180899626709,127.93525589720068,,,,,0,47471868,56484711.46,64.61393111447386,63.099038138966115,,,,,,
2023-07-27,196.02,197.2,192.55,193.22,158.45282499999976,163.03389999999996,184.82879999999994,191.9755000000002,193.26700000000005,193.20600000000002,126.93080841037589,127.84394248930751,,,,,0,47460180,56688581.88,59.977827646404165,62.72788896177833,,,,,,
2023-07-28,194.67,196.626,194.14,195.83,158.72987499999977,163.45743333333328,185.30399999999995,192.28750000000022,193.78100000000006,193.98400000000004,129.47723365804205,127.99242350464701,,,,,1,48291443,56812204.88,65.42536027332032,63.21534462119211,,,,,,
2023-07-31,196.06,196.49,195.26,196.45,159.01722499999977,163.86409999999995,185.77919999999992,192.41150000000022,194.02700000000007,194.72400000000002,128.6161353399211,128.049124580581,,,,,0,38824113,56429655.06,66.58875659397486,63.89915059621113,,,,,66.58875659397486,
2023-08-01,196.235,196.73,195.28,195.605,159.30354999999975,164.28659999999996,186.19029999999995,192.5687500000002,194.21450000000007,195.121,127.87510051275122,128.0333042107783,,,,,0,35281426,55825350.44,63.454860321269784,64.09809566379684,,,,,,
2023-08-02,195.04,195.18,191.8507,192.58,159.55149999999975,164.69139999999996,186.53869999999992,192.63125000000022,193.9625000000001,194.737,126.23450855634601,127.86977733310265,,,,,0,50389327,55716947.48,53.709684725922024,63.488466242547624,,,,,,
2023-08-03,191.57,192.37,190.69,191.17,159.81544999999974,165.09899999999996,186.87809999999993,192.5992500000002,193.7665000000001,194.327,127.06828554969647,127.79691444370208,,,,,0,62243282,56090394.48,49.86550720904876,62.581786993049995,,,,,,
2023-08-04,185.52,187.38,181.92,181.99,160.01334999999975,165.47199999999998,187.08669999999992,192.1647500000002,192.7715000000001,191.55900000000003,121.27600024878495,127.20410406234598,,,,,0,115956841,57394586.04,33.20310069746303,60.04410980421125,,,,,,
2023-08-07,182.13,183.13,177.35,178.85,160.18884999999975,165.80026666666663,187.22689999999992,191.6767500000002,191.38150000000007,188.039,119.81858053336072,126.53269283243823,,,,,0,97576069,58443237.66,29.564162230639326,57.314223016142144,,,29.564162230639326,,,
2023-08-08,179.69,180.27,177.58,179.8,160.36854999999977,166.1327333333333,187.36309999999992,191.26275000000018,189.99950000000007,184.878,119.37774846572813,125.88224334455549,,,,,0,67823003,58678532.56,31.9926210704876,54.59075484969177,,,,,,
2023-08-09,180.87,180.93,177.01,178.19,160.54254999999978,166.48686666666663,187.4182999999999,190.6837500000002,188.36850000000007,182,118.80943861278973,125.23926109621316,,,,,0,60378492,58789402.9,30.098659467936073,52.23812243500421,,,,,,
2023-08-10,179.48,180.75,177.6,177.97,160.69604999999976,166.8309333333333,187.43169999999992,190.05525000000017,186.84350000000006,179.35999999999999,119.50444300199207,124.71791399673852,,,,,0,54686851,58763851.9,29.83871359185777,50.14464088662897,,,,,,
2023-08-11,177.32,178.62,176.55,177.79,160.83774999999977,167.1827333333333,187.44249999999988,189.4102500000002,185.03950000000006,178.51999999999998,119.35312072036591,124.23020551706828,,,,,0,52036672,57812079.58,29.61336335360504,47.908834758747126,,,,,,
2023-08-14,177.97,179.69,177.305,179.46,160.97334999999975,167.51499999999996,187.42989999999992,188.6837500000002,183.34050000000008,178.642,120.60321769868685,123.90047935176088,,,,,0,43675627,57307555.94,34.55195643695539,45.892750338096995,,,,,34.55195643695539,
2023-08-15,178.88,179.48,177.05,177.45,161.11384999999976,167.83033333333327,187.3598999999999,187.8697500000002,181.52500000000003,178.17199999999997,118.57113265667492,123.41599328857124,,,,,0,43622593,56940069.54,31.671593495337802,43.539726222444415,,,,,,
2023-08-16,177.13,178.54,176.5,176.57,161.27269999999976,168.13593333333327,187.29969999999992,186.9432500000002,179.92400000000004,177.84799999999998,119.36185314961071,123.04743509412029,,,,,0,46964857,55440436.74,30.473825125217715,41.43229747093111,,,,,,
2023-08-17,177.14,177.5054,173.48,174,161.36399999999975,168.40599999999995,187.19549999999992,185.98675000000023,178.20700000000005,177.05399999999997,118.51999854688125,122.6358499534622,,,,,0,66062882,55464726.9,27.234480487584847,38.704377486235714,,,27.234480487584847,,,
2023-08-18,172.3,175.1,171.96,174.49,161.46974999999975,168.6798666666666,187.12889999999993,185.11425000000025,177.45700000000005,176.39399999999998,119.77704404890204,122.3759585075931,,,,,0,61172150,55449277.6,28.788750369730238,36.00437704164681,,,,,,
2023-08-21,175.07,176.13,173.735,175.84,161.59569999999977,168.9537333333333,187.0342999999999,184.26875000000024,177.15600000000003,175.67,120.72169383850681,122.22557081040344,,,,,0,46311879,55371217.56,33.0328446253674,33.83137592051092,,,,,,
2023-08-22,177.06,177.68,176.25,177.23,161.75669999999974,169.22899999999996,186.9596999999999,183.44925000000023,176.89900000000006,175.62599999999998,120.84522792152298,122.1000850932325,,,,,0,42084245,55234903,37.18403064151136,32.65097205733873,,,,,,
2023-08-23,178.52,181.55,178.325,181.12,161.96789999999976,169.53506666666664,186.9062999999999,182.78025000000025,177.19200000000006,176.536,123.84160600245241,122.25840517588885,,,,,1,52722752,55194258.14,47.07215729716897,32.45144706363303,,,,,,
2023-08-24,180.674,181.104,176.01,176.38,162.15789999999976,169.8091333333333,186.7676999999999,181.9382500000002,177.03300000000004,177.012,119.28260016861961,121.98787744795528,,,,,0,54945798,55194591.52,39.01335228898759,32.86646503445622,,,,,,
2023-08-25,177.38,179.15,175.82,178.61,162.35634999999974,170.08073333333328,186.66089999999988,181.07725000000022,177.11500000000007,177.83599999999998,122.43848713074,122.02884196457208,,,,,1,51449594,55074325.76,43.88108802167801,33.88910259095898,,,,,,
2023-08-28,180.09,180.59,178.545,180.19,162.55979999999977,170.34126666666663,186.54449999999989,180.26425000000023,177.18800000000005,178.706,122.69731167663852,122.0896119383963,,,,,0,43820697,54642076.38,47.102625965894276,34.9683886549166,,,,,,
2023-08-29,179.695,184.9,179.5,184.12,162.80604999999977,170.6185333333333,186.52849999999992,179.69000000000023,177.85500000000008,180.08399999999997,124.59285591836368,122.3171795729388,,,,,0,53003948,53677030.84,54.15261899140121,36.6865286208784,,,,,,
2023-08-30,184.94,187.85,184.74,187.65,163.00994999999978,170.92379999999997,186.5812999999999,179.44350000000023,178.96300000000005,181.39,125.16564242580554,122.57613074138123,,,,,0,60813888,53897326.76,59.38829362897262,38.79721290924374,,,,,,
2023-08-31,187.84,189.12,187.48,187.87,163.20079999999976,171.2165333333333,186.6594999999999,179.2785000000002,180.35000000000008,183.68799999999996,124.8338826281097,122.78138091290201,,,,,0,60794467,54122902.16,59.69719938652357,40.946058340166495,,,,,,
2023-09-01,189.485,189.92,188.28,189.46,163.40669999999977,171.5067333333333,186.70869999999988,179.6520000000002,181.84700000000007,185.858,126.09175028340584,123.08232358294781,,,,,0,45766503,54013325.68,61.94983250663853,42.90304948800101,,,,,,
2023-09-05,188.28,189.98,187.61,189.7,163.60499999999976,171.81806666666665,186.7690999999999,180.1945000000002,183.23300000000006,187.76,126.02473991204177,123.3498159765018,,,,,0,45280027,53856586.3,62.29242875293272,45.09025200640065,,,,,62.29242875293272,
2023-09-06,188.4,188.85,181.47,182.91,163.77559999999977,172.0755333333333,186.7218999999999,180.3500000000002,183.80100000000007,187.51799999999997,122.02568915060354,123.22944081051105,,,,,0,81755816,54529929.4,48.8825925150643,46.40516396281826,,,,,,
2023-09-07,175.18,178.21,173.54,177.56,163.9097999999998,172.28973333333332,186.51189999999988,180.3185000000002,183.44500000000005,185.5,119.2886751002694,122.87118938230726,,,,,0,112488803,55765088.54,41.33255435401642,47.41216923899194,,,,,,
2023-09-08,178.35,180.239,177.79,178.18,164.04424999999978,172.47213333333332,186.2904999999999,180.3290000000002,183.62500000000006,183.562,120.09031373914608,122.61838250565624,,,,,0,65602066,56052793.84,42.44204303731748,48.38740442953389,,,,,,
2023-09-11,180.07,180.3,177.34,179.36,164.20099999999977,172.63786666666667,186.0858999999999,180.4075000000002,183.70000000000005,181.542,120.71340437464949,122.44520267556472,,,,,0,58953052,56304908.72,44.589825139650586,49.21290303769697,,,,,,
2023-09-12,179.49,180.13,174.82,176.3,164.33159999999975,172.80166666666668,185.73249999999985,180.24950000000018,183.31100000000006,178.86200000000002,117.86151216609804,122.02850353834047,,,,,0,90370192,56408048.24,40.38165697289532,49.44130491851011,,,,,,
2023-09-13,176.51,177.3,173.98,174.21,164.44729999999973,172.93206666666669,185.3674999999999,180.0875000000002,182.32000000000005,177.122,117.13145267385494,121.58331709611451,,,,,0,84267928,57464242.84,37.76043472132027,48.77618187737806,,,37.76043472132027,,,
2023-09-14,174,176.1,173.58,175.74,164.58544999999975,173.09086666666664,185.0556999999999,180.04600000000022,181.12900000000008,176.758,118.01416026664099,121.25884829343511,,,,,0,60895757,57743752.76,40.79042664240194,48.903115759764795,,,,,,
2023-09-15,176.48,176.495,173.82,175.01,164.73939999999976,173.25179999999997,184.71969999999988,180.09650000000022,179.84300000000007,176.124,116.54099455951132,120.82995249944203,,,,,0,109259461,59025821.8,39.79497700956239,48.61125068747083,,,,,,
2023-09-18,176.48,179.38,176.17,177.97,164.92339999999976,173.43153333333333,184.46549999999988,180.27050000000023,178.69400000000007,175.846,119.97087856406154,120.75185486895289,,,,,0,67257573,59434673.3,45.59287240172195,48.5034111471728,,,,,,
2023-09-19,177.52,179.63,177.13,179.07,165.07859999999974,173.59966666666665,184.27469999999985,180.4320000000002,177.63100000000006,176.4,120.62593184716806,120.7404073215179,,,,,0,51826941,59272768.86,47.611961322684024,48.036221313693,,,,,47.611961322684024,
2023-09-20,179.26,179.695,175.4,175.49,165.21449999999976,173.74826666666667,184.02289999999985,180.3450000000002,176.88900000000007,176.656,118.46919625377481,120.53393358808671,,,,,0,58436181,59508730.1,42.1318966626606,46.803621530385,,,,,,
2023-09-21,174.55,176.3,173.86,173.93,165.34509999999977,173.87226666666666,183.70609999999985,179.98550000000017,176.52600000000007,176.294,118.52910242809862,120.35167620990597,,,,,0,63149116,59556707.46,39.97285494796981,45.39473978477402,,,,,,
2023-09-22,174.67,177.079,174.05,174.79,165.48589999999976,174.0128,183.39109999999985,179.9060000000002,176.18700000000007,176.25,121.1013369484135,120.41982718613393,,,,,1,56725385,59864368.4,41.74516830757327,43.95154948484078,,,,,,
2023-09-25,174.2,176.97,174.15,176.08,165.65174999999977,174.16966666666667,183.09889999999987,179.7795000000002,175.85900000000007,175.872,122.27636254210023,120.58860312758542,,,,,0,46172740,59955498.36,44.39712258365849,42.67331332989262,,,,,,
2023-09-26,174.82,175.2,171.66,171.96,165.80684999999977,174.3262,182.65829999999988,179.36800000000022,175.42500000000007,174.45,118.93624133995783,120.43838841961927,,,,,0,64588945,60236874.08,38.38667558857156,41.923604978000284,,,,,,
2023-09-27,172.62,173.04,169.05,170.43,165.94574999999978,174.46966666666668,182.19229999999988,178.6835000000002,175.04700000000008,173.43800000000002,119.64085980241205,120.36588581805498,,,,,0,66921808,60608234.76,36.41510464943836,41.572358570530426,,,36.41510464943836,,,
2023-09-28,169.34,172.03,167.62,170.69,166.08839999999978,174.61159999999998,181.7040999999999,177.83550000000022,174.5420000000001,172.79000000000002,119.7959069088459,120.31406955358142,,,,,0,56294419,60123976.68,37.007196985776915,41.18415528113467,,,,,,
2023-09-29,172.02,173.07,170.341,171.21,166.22199999999978,174.7749333333333,181.26569999999992,177.00250000000023,174.16200000000006,172.074,119.45744925796978,120.23619498125309,,,,,0,51861083,59969574.42,38.24575673540761,40.731007537974456,,,,,,
2023-10-02,171.22,174.3,170.93,173.75,166.36339999999979,174.9471333333333,180.90189999999993,176.21700000000024,173.74000000000007,171.608,121.55903396423541,120.35645307061512,,,,,1,52164535,59573831.46,44.03422440172188,40.991905211462075,,,,,,
2023-10-03,172.255,173.63,170.82,172.4,166.50934999999976,175.11373333333333,180.49489999999992,175.35200000000023,173.07300000000006,171.696,120.60442122936296,120.37899563050128,,,,,0,49594613,59655621.78,41.79202144548094,41.27987569175925,,,,,,
2023-10-04,171.09,174.21,170.97,173.66,166.69514999999978,175.30273333333332,180.09569999999988,174.88950000000023,172.89000000000004,172.342,123.17884552637923,120.63352743921746,,,,,0,53020286,59970363.48,44.626095392657135,41.553852031063194,,,,,,
2023-10-05,173.79,175.45,172.68,174.91,166.89714999999978,175.49606666666665,179.70389999999992,174.75700000000023,172.98800000000006,173.186,123.06743343903035,120.85479162101863,,,,,0,48527918,59991484.48,47.36410413616729,42.094503968677834,,,,,,
2023-10-06,173.8,177.99,173.18,177.49,167.12274999999977,175.67246666666665,179.3892999999999,174.72250000000022,173.25800000000007,174.442,125.04638131784002,121.23584522982058,,,,,0,57266675,60187614.38,52.57628665849804,42.59331927273327,,,,,,
2023-10-09,176.81,179.05,175.8,178.99,167.35619999999977,175.84019999999998,179.0524999999999,174.70400000000024,173.54900000000006,175.49,124.63067107037502,121.54446576078007,,,,,0,42390772,60069600.96,55.34491555888934,43.14567314674793,,,,,,
2023-10-10,178.1,179.72,177.95,178.39,167.5708999999998,176.0188,178.6912999999999,174.80850000000024,174.19200000000006,176.68800000000002,123.43477909886636,121.71631242787882,,,,,0,43698019,60167079.08,53.98721258024623,43.99248142657547,,,,,,
2023-10-11,178.2,179.85,177.6,179.8,167.80874999999975,176.19833333333332,178.3751999999999,175.08800000000025,175.12900000000008,177.91600000000003,123.76584071974173,121.90263318168454,,,,,0,47551098,60412472.52,56.67688426011903,45.18562637744328,,,,,,
2023-10-12,180.07,182.34,179.04,180.71,168.05299999999974,176.39913333333334,178.13779999999988,175.33650000000026,176.13100000000006,179.07600000000002,123.86050528451386,122.08062155466902,,,,,0,56743119,60539548.36,58.36830549261768,46.37299331923216,,,,,58.36830549261768,
2023-10-13,181.42,181.93,178.14,178.85,168.29709999999974,176.60146666666668,177.8913999999999,175.52850000000024,176.89500000000004,179.348,123.35617068236158,122.19658056627743,,,,,0,51456082,60323804.36,53.749175964655194,47.0409971321605,,,,,,
2023-10-16,176.75,179.075,176.51,178.72,168.56049999999973,176.7898,177.82599999999988,175.56600000000023,177.39200000000005,179.29399999999998,123.88771174202076,122.35031976407228,,,,,0,52516984,59055007.22,53.43090962115994,48.11558527734538,,,,,,
2023-10-17,176.645,178.42,174.8,177.15,168.79819999999975,176.95353333333335,177.7919999999999,175.47000000000023,177.86700000000005,179.046,121.51261426461376,122.27416471866697,,,,,0,57549350,58254472.84,49.61030754772385,49.05809977008006,,,,,,
2023-10-18,175.58,177.575,175.11,175.84,169.02774999999977,177.10586666666669,177.71279999999987,175.48750000000024,178.08500000000006,178.254,120.62535300157093,122.12427274438551,,,,,0,54764375,57993300.28,46.615130686565976,49.744380748707854,,,,,,
2023-10-19,176.04,177.84,175.19,175.46,169.27969999999976,177.23660000000004,177.65819999999988,175.56400000000022,178.14000000000004,177.204,122.00000463543464,122.11297564357179,,,,,0,59302863,57971787.7,45.75223197116942,50.28055755126228,,,,,,
2023-10-20,175.31,175.42,172.64,172.88,169.51229999999978,177.35580000000002,177.55639999999985,175.46850000000023,177.67900000000003,176.01,121.2345049894927,122.03311467501915,,,,,0,64244028,58162931.24,40.297960212933624,50.013681537777394,,,,,,
2023-10-23,170.91,174.01,169.93,173,169.75219999999976,177.4598,177.46059999999983,175.31450000000024,177.08000000000007,174.866,122.86495507972019,122.10873652999197,,,,,1,55980109,58241799.98,40.652344354163795,49.93227603125474,,,,,,
2023-10-24,173.05,173.67,171.45,173.44,169.97129999999976,177.5542,177.3401999999998,175.3885000000002,176.58500000000006,174.124,123.38541580211667,122.2247982820033,,,,,0,43816644,58244620.32,42.01154251940527,49.74552225459389,,,,,,
2023-10-25,171.88,173.06,170.65,171.1,170.17604999999975,177.6426666666667,177.21319999999986,175.4220000000002,175.7150000000001,173.176,120.84215185194776,122.09910315199825,,,,,0,57156962,58515307.7,37.13997542969512,49.01522734698874,,,,,,
2023-10-26,170.37,171.3775,165.67,166.89,170.35684999999975,177.69573333333335,177.01959999999985,175.23200000000023,174.33300000000006,171.462,119.58354630527516,121.87041616593251,,,,,0,70625258,58988515.72,30.326441341459898,47.42595268148602,,,30.326441341459898,,,
2023-10-27,166.91,168.96,166.83,168.22,170.53049999999973,177.74886666666671,176.90399999999988,175.08250000000024,173.27000000000007,170.52999999999997,121.98046030909643,121.88042017894742,,,,,1,58499129,58837240.66,34.41960471662419,45.931287621324216,,,,,,
2023-10-30,169.02,171.17,168.87,170.29,170.71489999999977,177.82893333333337,176.81999999999982,174.90950000000024,172.42700000000008,169.988,124.07707851633086,122.08011639143682,,,,,0,51130955,58636416.76,40.298302740844804,44.95350834708126,,,,,,
2023-10-31,169.35,170.9,167.9,170.77,170.89494999999977,177.9164,176.7185999999998,174.82800000000023,171.78900000000004,169.454,122.94958037644925,122.15915857189249,,,,,0,44846017,58607099.52,41.60548090175216,43.876979535769344,,,,,,
2023-11-01,171,174.23,170.12,173.97,171.08509999999976,178.00440000000003,176.65339999999986,174.84350000000023,171.60200000000003,170.02799999999996,124.44769791669148,122.36720760323786,,,,,0,56934906,58904112.74,49.53791891446002,43.24623763732951,,,,,,
2023-11-02,175.52,177.78,175.46,177.57,171.29689999999977,178.10580000000004,176.58239999999986,174.97650000000024,171.81300000000005,172.164,125.70229856036168,122.67039769024912,,,,,0,77334752,59396352.74,56.6692135231258,43.454811748648844,,,,,,
2023-11-03,174.24,176.82,173.35,176.65,171.50379999999976,178.18413333333336,176.58779999999987,174.93450000000024,172.19000000000003,173.85,122.73639987123045,122.67639788852014,,,,,0,79829246,59894021.7,54.54768180209854,43.534581190144465,,,,,,
2023-11-06,176.38,179.43,176.21,179.23,171.71059999999977,178.27120000000005,176.60019999999986,174.94650000000024,172.81300000000005,175.638,123.37008271478885,122.73946014545366,,,,,0,63841310,60141856.02,59.16463381558989,44.2170330664206,,,,,,
2023-11-07,179.18,182.44,178.97,181.82,171.91414999999975,178.37913333333339,176.63279999999983,175.11800000000025,173.65100000000004,177.848,124.93386379721437,122.93895138652282,,,,,0,70529966,60676041.4,63.20526945977522,45.40204297879269,,,,,,
2023-11-08,182.35,183.45,181.59,182.89,172.11594999999977,178.5066666666667,176.60819999999984,175.27250000000024,174.83000000000004,179.632,125.3137583164511,123.15484292560721,,,,,0,49340282,60602768.08,64.75678952567144,46.75951137554284,,,,,,
2023-11-09,182.96,184.12,181.81,182.41,172.31869999999972,178.62500000000003,176.50339999999986,175.35750000000024,176.38200000000003,180.6,124.85882280465184,123.30975018733854,,,,,0,53763540,60461761.12,63.463960529338564,48.41422568385748,,,,,,
2023-11-10,183.97,186.565,183.53,186.4,172.53089999999975,178.7874666666667,176.47399999999982,175.73500000000027,178.20000000000005,182.55,128.62978911339297,123.79339008970712,,,,,0,66177922,60569430.22,69.00362025911375,50.43931681992533,,,,,,
2023-11-13,185.82,186.03,184.21,184.8,172.72524999999976,178.94746666666668,176.38079999999988,176.03900000000027,179.65100000000007,183.66400000000002,125.56537258534664,123.95447940749253,,,,,0,43627519,60526650.54,64.76308278707478,52.064426839044586,,,,,,
2023-11-14,187.7,188.11,186.3,187.44,172.94744999999975,179.12973333333335,176.33559999999986,176.55350000000027,181.31800000000004,184.788,127.46569225259206,124.27368057522885,,,,,0,60108378,60823217.56,68.23209790115328,54.28529272986302,,,,,,
2023-11-15,187.845,189.5,187.78,188.01,173.16604999999973,179.2794,176.43759999999986,177.16200000000026,182.72200000000007,185.812,125.45960482326484,124.38149187050485,,,,,0,53790499,60263911.22,68.94302177011024,57.04361990333804,,,,,,
2023-11-16,189.57,190.96,188.65,189.71,173.38744999999977,179.44273333333336,176.68059999999986,177.87450000000024,183.93600000000006,187.272,126.39216147851714,124.56428001668777,,,,,0,54412915,59102393.46,71.02562879467138,59.65833590891284,,,,,,
2023-11-17,190.25,190.38,188.57,189.69,173.58179999999976,179.60580000000002,176.91079999999988,178.71500000000023,185.24000000000007,187.93,126.22914092670517,124.71563100850754,,,,,0,50941404,58809180.22,70.96533672993557,61.84883833670504,,,,,,
2023-11-20,189.89,191.905,189.88,191.45,173.76654999999974,179.77233333333334,177.15259999999986,179.63750000000024,186.46200000000007,189.26,127.23663777156996,124.94481344151322,,,,,0,46538614,58560891.46,73.12718674052162,64.10038875376001,,,,,73.12718674052162,
2023-11-21,191.41,191.52,189.74,190.64,173.96109999999976,179.92573333333334,177.43939999999992,180.49750000000026,187.34400000000008,189.9,125.76884762468138,125.01972563998305,,,,,0,38134485,57516177.32,70.52459295604538,65.59943689958753,,,,,,
2023-11-22,191.49,192.93,190.825,191.31,174.14439999999973,180.09013333333334,177.78139999999988,181.50800000000027,188.1860000000001,190.56,126.46699778325231,125.15129583482572,,,,,0,39630011,56623418.98,71.43034027497707,66.65380309614834,,,,,,
2023-11-24,190.87,190.9,189.25,189.97,174.33464999999975,180.25646666666665,178.06599999999992,182.66200000000026,188.94200000000006,190.61200000000002,125.07269626895314,125.1441504197464,,,,,0,24048344,55886470.72,66.99617445700355,67.54298114292726,,,,,,
2023-11-27,189.92,190.67,188.9,189.79,174.52924999999973,180.41953333333333,178.3615999999999,183.74050000000028,189.28100000000006,190.632,124.88019072977829,125.12015408429475,,,,,0,40552609,54512333.68,66.39989616185841,68.05978559623216,,,,,,
2023-11-28,189.78,191.08,189.4,190.4,174.72619999999972,180.59706666666668,178.6101999999999,184.74600000000027,189.84100000000007,190.42200000000003,125.52632272923061,125.15707850656165,,,,,1,38415419,53935490.6,67.45695508147139,68.36347742635331,,,,,,
2023-11-29,190.9,192.09,188.97,189.37,174.90379999999976,180.76780000000002,178.81619999999987,185.67600000000027,190.03400000000005,190.168,124.72502140551936,125.11780058828508,,,,,0,43014224,53759236.26,63.80674993830723,68.2956174558273,,,,,,
2023-11-30,189.84,190.32,188.19,189.95,175.08754999999977,180.91140000000001,179.1053999999999,186.47500000000028,190.22800000000007,189.89600000000002,125.2260705801691,125.12764331481999,,,,,1,48794366,53566399.96,64.95667950783616,68.4022402400057,,,,,,
2023-12-01,190.33,191.56,189.23,191.24,175.26709999999974,181.05513333333337,179.4515999999999,187.15850000000026,190.38100000000006,190.15,125.60067078096506,125.17064581174228,,,,,0,45704823,53217514.1,67.43491341976664,68.2901897514809,,,,,,
2023-12-04,189.98,190.05,187.4511,189.43,175.44569999999973,181.18740000000003,179.74439999999993,187.79750000000024,190.35500000000008,190.07800000000003,123.6854247558024,125.03562571574774,,,,,0,43389519,52950796.78,60.92458127586984,68.01601107210912,,,60.92458127586984,,,
2023-12-05,190.21,194.4,190.18,193.42,175.6500499999997,181.35326666666668,180.09119999999993,188.50700000000023,190.55200000000005,190.68200000000002,126.97794418537472,125.21220012207746,,,,,1,66628398,53359909.94,68.21045524428312,68.01446516804697,,,,,,
2023-12-06,194.45,194.76,192.11,192.32,175.86924999999974,181.51906666666667,180.49839999999992,189.03200000000024,190.72000000000008,191.27200000000002,126.3276821313855,125.3136075774691,,,,,0,41089737,52889925.78,64.63251141371741,67.70657157116177,,,,,,
2023-12-07,193.63,195,193.59,194.27,176.09604999999974,181.70893333333336,180.97519999999994,189.60100000000025,191.01600000000008,192.13600000000002,128.1084110916944,125.56768062421685,,,,,0,47477655,52501042.72,67.8518399666763,67.47987236916212,,,,,,
2023-12-08,194.2,195.99,193.67,195.71,176.32759999999973,181.85653333333335,181.47559999999993,190.26600000000025,191.59000000000006,193.03000000000003,128.0383288482591,125.79228500822069,,,,,0,53406358,52443281.5,70.0219279522521,67.41248602789902,,,,,70.0219279522521,
2023-12-11,193.11,193.49,191.42,193.18,176.55994999999973,181.98773333333335,181.91499999999994,190.60500000000025,191.92900000000006,193.78000000000003,125.8676558739977,125.7991369051095,,,,,0,60943699,52624933.82,62.091508725860905,66.6242233125661,,,,,,
2023-12-12,193.08,194.72,191.721,194.71,176.79389999999975,182.1406666666667,182.3341999999999,191.10050000000024,192.36000000000007,194.03800000000004,126.36859833464217,125.85090612597611,,,,,0,52696900,52635581.12,64.69554587553013,66.20786280681502,,,,,,
2023-12-13,195.09,198,194.85,197.96,177.04664999999974,182.3033666666667,182.84539999999993,191.62650000000025,193.21900000000005,195.16600000000003,127.88967394464318,126.03624865494584,,,,,0,70404183,53051772.52,69.48990773692245,66.06926048266826,,,,,,
2023-12-14,198.02,199.62,196.16,198.11,177.31064999999973,182.4657666666667,183.3343999999999,192.13150000000024,194.03500000000005,195.93400000000003,126.262991068773,126.0568616016574,,,,,0,66831572,53327998.24,69.69446544047409,66.26199555291615,,,,,,
2023-12-15,197.53,198.3999,197,197.57,177.56894999999975,182.63243333333338,183.78759999999994,192.52450000000024,194.66800000000006,196.306,125.58639189412527,126.0140916282454,,,,,0,128538401,54928207.9,67.92878007338584,66.37120154659668,,,,,,
2023-12-18,196.09,196.63,194.39,195.89,177.79324999999974,182.79123333333337,184.15559999999994,192.83450000000025,195.31400000000005,196.848,124.5279900321666,125.87899148314732,,,,,0,55751861,54897911.62,62.613984403602004,66.02527506960601,,,,,,
2023-12-19,196.16,196.95,195.89,196.94,178.00879999999975,182.95703333333338,184.51459999999992,193.10900000000026,195.66600000000005,197.294,124.6305823983192,125.76549974816294,,,,,0,40714051,54864377.2,64.48431203381796,66.07367236214249,,,,,,
2023-12-20,196.9,197.68,194.83,194.83,178.22494999999978,183.10463333333337,184.84339999999992,193.31850000000026,195.91700000000006,196.668,122.57673497806375,125.47561204179028,,,,,0,52242815,55035273.12,58.18494419784287,65.58997698285725,,,,,,
2023-12-21,196.1,197.08,193.5,194.68,178.43399999999977,183.23550000000003,185.14099999999996,193.48700000000028,195.95800000000006,195.98200000000003,124.30773422102273,125.36944133081141,,,,,0,46482549,55013902.14,57.75301649684272,64.89841291693412,,,,,,
2023-12-22,195.18,195.41,192.97,193.6,178.64904999999976,183.35843333333335,185.39879999999997,193.66850000000028,195.74700000000004,195.18800000000002,122.35714466288584,125.09559617918181,,,,,0,37149570,54622031.16,54.60970482969044,64.4473503136356,,,,,,
2023-12-26,193.61,193.89,192.83,193.05,178.87179999999975,183.48410000000004,185.68279999999996,193.8315000000003,195.73400000000007,194.62000000000003,121.80732926152136,124.79666282303086,,,,,0,28919310,54171295.72,53.02688138183544,63.36280932346075,,,,,,
2023-12-27,192.49,193.5,191.09,193.15,179.0851999999998,183.62803333333338,185.97139999999996,193.9690000000003,195.57800000000006,193.86200000000002,121.35739328214731,124.48400195567781,,,,,0,48087681,54082709.66,53.29196096225775,62.55277000549935,,,,,,
2023-12-28,194.14,194.66,193.17,193.58,179.29014999999978,183.77296666666672,186.29999999999993,194.1795000000003,195.14000000000004,193.61200000000002,121.45332410348861,124.20848578729698,,,,,0,34049898,53612720.62,54.481471337267635,61.597743674827306,,,,,,
2023-12-29,193.9,194.4,191.725,192.53,179.48784999999978,183.9032333333334,186.6337999999999,194.3085000000003,194.58200000000005,193.182,120.74984947819107,123.89406430465098,,,,,0,42672148,53370876.08,51.061845174257954,60.243452047827724,,,,,,
2024-01-02,187.15,188.44,183.885,185.64,179.6367999999998,183.9713,186.83739999999992,194.0285000000003,193.38900000000004,191.59,116.75912298577303,123.24543327566208,,,,,0,82488674,53834592.3,35.372366184362306,58.33494186629211,,,,,,
2024-01-03,184.22,185.88,183.43,184.25,179.78304999999978,184.01763333333335,187.06479999999988,193.76950000000028,192.22500000000002,189.83,116.54458739737117,122.63626546854472,,,,,0,58414460,53718000.94,33.15880681901395,56.08231764796953,,,,,,
2024-01-04,182.15,183.0872,180.88,181.91,179.9055999999998,184.04870000000003,187.24299999999988,193.19400000000027,190.72200000000004,187.58200000000002,115.99381060274358,122.03240593529007,,,,,0,71983570,54038070.16,29.780180731203927,53.24590857613249,,,,,,
2024-01-05,181.99,182.76,180.17,181.18,180.0150999999998,184.0559666666667,187.39779999999988,192.6370000000003,189.35700000000003,185.10200000000003,115.92577031111037,121.47725724218283,,,,,0,62379661,54409330.5,28.794486399468028,50.324481501774926,,,28.794486399468028,,,
2024-01-08,182.085,185.6,181.5,185.56,180.15374999999977,184.08670000000006,187.6869999999999,192.2015000000003,188.44500000000002,183.70800000000003,118.5123998611948,121.2077247530021,,,,,0,59144470,54449080.66,41.34010653877532,48.42529053501703,,,,,,
2024-01-09,183.92,185.15,182.73,185.14,180.2847999999998,184.1237666666667,188.0519999999999,191.6730000000003,187.59900000000005,183.608,116.5979154202223,120.78865117729484,,,,,0,42841809,53893411.68,40.601387572159474,46.85296218991399,,,,,,
2024-01-10,184.35,186.4,183.92,186.19,180.41449999999978,184.17030000000003,188.41139999999987,191.3235000000003,186.91300000000004,183.99600000000004,117.43273955063691,120.48356830214412,,,,,0,46792908,53659287.26,43.32786510590983,45.34178740934912,,,,,,
2024-01-11,186.54,187.05,183.62,185.59,180.55104999999978,184.22210000000004,188.7173999999999,190.8675000000003,186.15700000000004,184.73200000000003,116.39482717530825,120.11186456334086,,,,,0,49128408,53619236.32,42.137604391030514,44.195548851719664,,,,,,
2024-01-12,186.06,186.74,185.19,185.92,180.6923999999998,184.2577666666667,189.02039999999985,190.2655000000003,185.39100000000002,185.68,116.6805781311778,119.79992943314421,,,,,0,40477782,53531871.62,43.06402654579833,43.14633528378793,,,,,,
2024-01-16,182.16,184.26,180.934,183.63,180.8066999999998,184.27556666666672,189.21359999999987,189.5415000000003,184.50100000000003,185.294,115.15644335930966,119.37779433552289,,,,,0,65603041,53705234.32,38.46198587953357,41.99292678734815,,,,,,
2024-01-17,181.27,182.93,180.3,182.68,180.9082999999998,184.26816666666667,189.31579999999988,188.79700000000028,184.20500000000004,184.80200000000002,114.98975029322345,118.9788812407684,,,,,0,47317433,53104887.94,36.70937457261999,40.8273905866899,,,36.70937457261999,,,
2024-01-18,186.09,189.14,185.83,188.63,181.02694999999977,184.30363333333335,189.55539999999985,188.43400000000028,184.64300000000003,185.29000000000002,119.40572499272032,119.01768521821857,,,,,1,78005754,53068418.1,51.58858080223161,40.70572057525946,,,,,,
2024-01-19,189.33,191.95,188.82,191.56,181.15389999999977,184.3543666666667,189.80199999999985,188.16500000000028,185.60800000000003,186.484,120.20205189345214,119.12535491596708,,,,,0,68902985,53169651.6,56.955151967272144,40.88241204883121,,,,,,
2024-01-22,192.3,195.33,192.26,193.89,181.2951999999998,184.40690000000004,190.04339999999985,188.11800000000028,186.87900000000002,188.07800000000003,120.18422172725433,119.221615535175,,,,,0,60133852,52961729.32,60.6872691823267,41.56994233512183,,,,,,
2024-01-23,195.02,195.75,193.8299,195.18,181.45229999999978,184.47530000000003,190.28919999999988,188.14300000000028,187.841,190.388,120.71894508539432,119.35773640337676,,,,,0,42355590,52822035.48,62.619663600800315,43.51617786486741,,,,,62.619663600800315,
2024-01-24,195.42,196.38,194.34,194.5,181.6014999999998,184.53856666666672,190.53099999999986,188.18800000000027,188.77700000000002,192.752,119.94795060652345,119.41139224002646,,,,,0,53631316,52819391,60.919758715268955,45.4991030003142,,,,,,
2024-01-25,195.22,196.2675,193.1125,194.17,181.76219999999978,184.60663333333338,190.68639999999988,188.24400000000028,189.575,193.86,119.6477794164164,119.43288198333464,,,,,0,54822126,52592275.08,60.06755474096827,47.66248685815451,,,,,,
2024-01-26,194.27,194.76,191.94,192.42,181.92029999999977,184.64276666666672,190.83879999999988,188.20750000000027,190.25799999999998,194.032,117.94849790669305,119.29793797636722,,,,,0,44594011,52611604.92,55.62375502813291,49.57886318877343,,,,,,
2024-01-29,192.01,192.2,189.58,191.73,182.0784499999998,184.6764333333334,190.92459999999986,188.1150000000003,190.839,193.6,117.60267922861769,119.14382354475363,,,,,0,47145622,52352349.8,53.92965938147432,50.47811696325193,,,,,,
2024-01-30,190.94,191.8,187.47,188.04,182.19084999999978,184.69490000000005,190.92519999999985,187.89050000000026,191.28,192.172,114.47379635304,118.7192756182342,,,,,0,55859370,52393727.22,45.88180552488413,50.85528967416083,,,,,,
2024-01-31,187.04,187.095,184.35,184.4,182.28679999999977,184.67050000000006,190.81899999999987,187.82850000000028,191.452,190.15200000000002,112.32578538708944,118.13804923358468,,,,,0,55467803,52414824.98,39.60345972665115,50.589260718499496,,,39.60345972665115,,,
2024-02-01,183.985,186.95,183.82,186.86,182.39494999999977,184.6545666666667,190.76239999999987,187.95900000000026,191.27499999999998,188.69,115.68702715419572,117.91522904454932,,,,,0,64885408,52693705.06,45.073666565135476,50.798979445221285,,,,,,
2024-02-02,179.86,187.33,179.25,185.85,182.4918499999998,184.6296333333334,190.65039999999988,188.15600000000026,190.704,187.37600000000003,113.6423857257581,117.52678874284103,,,,,0,102551680,53813966.38,43.338133701342684,50.81855852776016,,,,,,
2024-02-05,188.15,189.25,185.84,187.68,182.59209999999982,184.58770000000007,190.59119999999987,188.48100000000028,190.083,186.56600000000003,113.54772093848693,117.16505530608157,,,,,0,69668820,54444653.08,47.297753451899226,51.44968478292914,,,,,,
2024-02-06,186.86,189.31,186.7695,189.3,182.7053499999998,184.56663333333339,190.55099999999987,188.66800000000026,189.49499999999998,186.81800000000004,114.89392694858402,116.95858909176361,,,,,0,43490759,54521868.04,50.589528956843395,52.44112438180224,,,,,,
2024-02-07,190.64,191.05,188.61,189.41,182.8272999999998,184.5538333333334,190.53979999999984,188.88150000000024,188.98600000000002,187.82000000000005,114.69569500064591,116.75287144711655,,,,,0,53438955,55109680.26,50.81417737975289,52.38580985162519,,,,,50.81417737975289,
2024-02-08,189.385,189.535,187.35,188.32,182.9422499999998,184.53056666666674,190.51039999999986,188.98800000000026,188.401,188.11200000000005,113.10397293320388,116.42115340039722,,,,,0,40962046,55117869,48.46285658040327,51.779217323991695,,,,,,
2024-02-09,188.65,189.99,188,188.85,183.06764999999982,184.51836666666674,190.47939999999988,189.15100000000024,188.04400000000004,188.71200000000007,113.35715657713608,116.1426082346462,,,,,0,45155216,55252664.94,49.68208116589203,50.99313246567493,,,,,,
2024-02-12,188.415,188.67,186.79,187.15,183.18459999999982,184.50863333333342,190.4349999999999,189.21250000000026,187.58600000000004,188.60600000000008,111.69533404156273,115.73831058072952,,,,,0,41781934,55228019.14,45.92883912523419,49.80093071742021,,,,,,
2024-02-13,185.77,186.21,183.5128,185.04,183.2677499999998,184.48836666666674,190.3367999999999,189.28300000000024,187.28600000000003,187.75400000000008,110.54137635085219,115.26586201437703,,,,,0,56529529,55382722.4,41.71641590375031,48.429263373740305,,,,,,
2024-02-14,185.32,185.53,182.44,184.15,183.3400999999998,184.45090000000008,190.19499999999988,189.35650000000027,187.26100000000002,186.70200000000008,111.53485855494272,114.92667988170119,,,,,0,54630517,55561236.28,40.04794366212054,46.99929115382262,,,,,,
2024-02-15,183.55,184.49,181.35,183.86,183.41144999999977,184.4063666666667,190.08359999999985,189.11800000000022,186.96100000000004,185.8100000000001,110.30210193515617,114.50626370474255,,,,,0,65434496,56002135.82,39.493660028891426,45.84714151101965,,,,,,
2024-02-16,183.42,184.85,181.665,182.31,183.4802999999998,184.35050000000007,189.86139999999986,188.65550000000025,186.60700000000006,184.5020000000001,108.73965151141614,113.98202623262196,,,,,0,49752465,55664617.16,36.57953365278686,44.6078468161134,,,,,,
2024-02-20,181.79,182.43,180,181.56,183.55084999999977,184.2676333333334,189.64619999999985,188.03900000000024,185.99500000000006,183.38400000000007,108.81499772253252,113.51229636806838,,,,,0,53665553,55916133.48,35.22513079519706,43.84665576399289,,,35.22513079519706,,,
2024-02-21,181.94,182.8888,180.66,182.32,183.6334999999998,184.19156666666672,189.40719999999988,187.39600000000024,185.29700000000005,182.8400000000001,109.93021834903686,113.18665291179279,,,,,0,41529674,55797173.86,37.740781692252284,43.7136073329644,,,,,,
2024-02-22,183.48,184.955,182.46,184.37,183.68749999999983,184.12003333333337,189.18039999999982,186.88950000000023,184.79300000000006,182.88400000000007,111.025912268834,112.99022194425109,,,,,0,52292208,55774890.86,44.05252425482869,43.640668596513926,,,,,44.05252425482869,
2024-02-23,185.01,185.04,182.23,182.52,183.7325999999998,184.04930000000004,188.96719999999982,186.30700000000024,184.21300000000005,182.61600000000004,107.63865681676107,112.50371602357018,,,,,0,45119677,55458410.42,40.10150756902279,43.40948101563392,,,,,,
2024-02-26,182.24,182.76,180.65,181.16,183.7795499999998,183.97743333333338,188.69619999999983,185.74400000000023,183.44400000000005,182.38600000000005,106.7994552732575,111.98514686445084,,,,,0,40867421,55221820.84,37.44287045293383,42.705560801422116,,,,,,
2024-02-27,181.1,183.9225,179.56,182.63,183.8249249999998,183.90996666666672,188.3895999999998,185.28900000000024,182.99200000000002,182.60000000000005,108.07489436911436,111.6296693648748,,,,,0,54318851,54900114.2,41.92467700677625,42.08664280498875,,,,,,
2024-02-28,182.51,183.12,180.13,181.42,183.86327499999982,183.82863333333336,188.05579999999983,184.95800000000025,182.63000000000005,182.42000000000004,107.17640409832674,111.22482706791588,,,,,0,48953939,54542561.54,39.421117357122576,41.2728528033723,,,,,,
2024-02-29,181.27,182.57,179.53,180.75,183.90417499999978,183.73696666666672,187.71939999999984,184.77550000000025,182.29000000000002,181.69600000000005,106.95751483795121,110.83688959246454,,,,,0,136682597,54705445.46,38.065630348437814,40.530193786803345,,,,,,
2024-03-01,179.55,180.53,177.38,179.66,183.9421249999998,183.6465666666667,187.39479999999986,184.41550000000024,181.87000000000006,181.12400000000005,105.7594951611764,110.37530828052925,,,,,0,73563082,55061669.88,35.90275926008327,39.545956507817,,,,,,
2024-03-04,176.15,176.9,173.79,175.1,183.95727499999978,183.50836666666666,186.95799999999988,183.87800000000024,181.14900000000003,179.91200000000003,102.25673389694903,109.63725606384014,,,,,0,81510101,55877590.88,28.58525869748125,38.30712933440608,,,,,,
2024-03-05,170.76,172.04,169.62,170.12,183.9444249999998,183.33283333333335,186.46379999999988,183.00000000000026,180.00500000000005,177.41000000000003,99.46715416668292,108.71270134591676,,,,,0,95132355,56735381.68,23.058041433200046,36.97438830079534,,,,,,
2024-03-06,171.06,171.24,168.68,169.12,183.9147749999998,183.15626666666668,185.95259999999988,181.99100000000024,178.68500000000003,174.95000000000005,99.900760833609,107.91161584479786,,,,,0,68587707,57177484.84,22.132593361731566,35.694720422196134,,,,,,
2024-03-07,169.15,170.73,168.49,169,183.88397499999982,182.99906666666666,185.46059999999986,180.97050000000024,177.14800000000005,172.60000000000005,99.31887234880317,107.13045734516199,,,,,0,71765061,57869794.66,22.01838941382921,34.44648680683454,,,22.01838941382921,,,
2024-03-08,169,173.7,168.94,170.73,183.8666249999998,182.86280000000002,185.01419999999987,180.09100000000024,175.96900000000002,170.81400000000005,99.31263148710093,106.41974590352007,,,,,0,76267041,58816749.28,27.80230178477632,33.81954167340522,,,,,,
2024-03-11,172.94,174.38,172.05,172.75,183.8725749999998,182.8012,184.60619999999983,179.28600000000023,175.12800000000001,170.34400000000005,101.1480029978453,105.94049654845873,,,,,0,60139473,59057785.12,33.96140235897553,33.72927535653225,,,,,,
2024-03-12,173.15,174.03,171.01,173.23,183.8795249999998,182.76373333333333,184.19919999999985,178.59000000000023,174.18800000000005,170.96600000000007,101.54300664526477,105.54072473907746,,,,,0,59825372,59573294.6,35.372273575272956,33.56009620531944,,,,,,
2024-03-13,172.77,173.185,170.76,171.13,183.8702249999998,182.70593333333332,183.77119999999985,177.89450000000025,173.15900000000002,171.36800000000005,99.20042973520275,104.96433428417976,,,,,0,52488692,59769625.48,32.13736144061774,32.709013147161514,,,,,,
2024-03-14,172.91,174.3078,172.05,173,183.85807499999981,182.67133333333334,183.51839999999984,177.33700000000024,172.38400000000001,172.16800000000006,100.4781910053627,104.55650307701457,,,,,0,72913507,59578122.14,37.609128041529786,32.53098603805487,,,,,,
2024-03-15,171.17,172.62,170.285,172.62,183.8346749999998,182.63566666666665,183.28579999999982,176.77500000000026,171.68,172.54600000000005,100.54616374816278,104.19192677439167,,,,,0,121752699,60844886.92,36.95701869351363,32.496282340953435,,,,,,
2024-03-18,175.57,177.71,173.52,173.72,183.81702499999977,182.60853333333333,183.12199999999987,176.34550000000024,171.54200000000003,172.74000000000007,101.84674913525238,103.9787288071972,,,,,0,75604184,60917299.2,40.1899402677113,32.372372573877364,,,,,,
2024-03-19,174.34,176.605,173.03,176.08,183.79697499999978,182.58599999999998,183.01999999999987,176.07150000000027,172.138,173.31000000000006,102.58222754751496,103.85177414722608,,,,,0,55215244,60774010.86,46.52581525921304,32.87985099545525,,,,,,
2024-03-20,175.72,178.67,175.09,178.67,183.78557499999977,182.59413333333333,182.8821999999999,175.88900000000027,173.09300000000002,174.81800000000004,103.50640723604425,103.82037715530046,,,,,0,53423102,60659583.5,52.47584591807654,33.909152107572304,,,,,52.47584591807654,
2024-03-21,177.05,177.49,170.84,171.37,183.74452499999978,182.55946666666665,182.6067999999999,175.23900000000026,173.33,174.49200000000005,98.40122649833577,103.3277270955764,,,,,0,106181270,61926372.72,39.227231305401915,34.146614396523645,,,,,,
2024-03-22,171.76,173.05,170.06,172.28,183.70987499999978,182.54799999999997,182.3285999999999,174.72700000000026,173.485,174.42400000000006,98.60460856923729,102.89835268409104,,,,,0,71160138,62413717.32,41.21949822395913,35.04906007698635,,,,,,
2024-03-25,170.565,171.94,169.45,170.85,183.67502499999978,182.52373333333333,182.0337999999999,174.21150000000029,173.29500000000002,173.85000000000008,97.92383510661669,102.44612381341155,,,,,0,54288328,62516915.72,39.05293433242718,36.191552426931146,,,,,,
2024-03-26,170,171.42,169.58,169.71,183.6207249999998,182.48286666666664,181.70959999999988,173.56550000000027,172.943,172.57600000000008,97.56850089494806,102.00270354809669,,,,,0,57388449,62855129.06,37.366740437158235,37.279705789461616,,,37.366740437158235,,,
2024-03-27,170.41,173.6,170.11,173.31,183.5824749999998,182.45673333333332,181.50319999999988,173.16000000000025,173.161,171.50400000000008,99.91794095207715,101.81317967573128,,,,,0,60273265,62748533.54,45.386094827630586,38.94882760473315,,,,,,
2024-03-28,171.75,172.23,170.51,171.48,183.52092499999978,182.39246666666665,181.27919999999986,172.69650000000027,173.009,171.52600000000007,98.01694966923758,101.46806785695912,,,,,0,65672690,63115638.68,42.41326934415475,39.99246814468875,,,,,,
2024-04-01,171.19,171.25,169.475,170.03,183.45452499999976,182.35013333333333,180.90719999999988,172.21500000000026,172.75,171.07600000000008,97.07974740880873,101.0691296344,,,,,0,46240500,62480333.6,40.16819605462961,40.43581055152118,,,,,,
2024-04-02,169.08,169.34,168.2302,168.84,183.37897499999977,182.28500000000003,180.45279999999985,171.90200000000024,172.262,170.67400000000006,96.59444141439954,100.66233979621813,,,,,0,49329481,62088863.52,38.3729751871345,40.650146380939866,,,,,,
2024-04-03,168.79,170.68,168.58,169.65,183.29717499999978,182.21473333333336,179.96799999999985,171.87850000000023,171.619,170.66200000000006,97.76595335971416,100.39903193835414,,,,,0,47691715,61840020.78,40.3278980978732,41.235184713600965,,,,,,
2024-04-04,170.29,171.92,168.82,168.82,183.21667499999978,182.11273333333335,179.44079999999983,171.86350000000024,170.63400000000001,169.76400000000007,97.18160676045962,100.10653874036373,,,,,0,53704386,62066996.7,38.96394598111119,41.33195742357107,,,,,,
2024-04-05,169.59,170.39,168.95,169.58,183.13952499999976,181.99226666666667,178.94239999999982,171.89250000000024,170.45500000000004,169.38400000000007,98.83820329499534,99.99123551805751,,,,,0,42104826,61836466.9,40.93388212298089,41.61601909710445,,,,,,
2024-04-08,169.03,169.2,168.24,168.45,183.0619749999998,181.86280000000002,178.42799999999986,171.77850000000024,170.07200000000003,169.06800000000004,97.10146319905463,99.7285289436027,,,,,0,37425513,61488534.64,38.922405864415595,41.52548092544047,,,,,,
2024-04-09,168.7,170.08,168.35,169.67,182.9753249999998,181.73086666666669,177.97299999999984,171.62450000000024,169.95400000000004,169.23400000000007,97.84175704196925,99.55700422527238,,,,,0,42451209,61445678.6,42.22343792997231,41.21816825906613,,,,,,
2024-04-10,168.8,169.09,167.11,167.78,182.8808249999998,181.58473333333333,177.49399999999986,171.35200000000026,169.76100000000002,168.86000000000004,96.61184816657453,99.28926276539076,,,,,0,49709336,61496952.88,38.73111439215908,40.2364017215006,,,38.73111439215908,,,
2024-04-11,168.34,175.46,168.16,175.04,182.82967499999978,181.53226666666666,177.23399999999984,171.54750000000024,169.93400000000003,170.10400000000004,101.7546239330317,99.51338650790358,,,,,1,91070275,62201170.98,54.3502978902946,41.31662076327865,,,,,,
2024-04-12,174.26,178.36,174.21,176.55,182.7721249999998,181.52553333333336,177.07699999999986,171.72500000000022,170.44100000000003,171.49800000000005,101.87438089650995,99.72802236141325,,,,,0,101670886,63125232.64,56.81613758456767,42.43066643189354,,,,,56.81613758456767,
2024-04-15,175.36,176.63,172.5,172.69,182.68932499999977,181.48893333333334,176.79359999999986,171.72850000000022,170.70700000000005,172.34600000000006,101.11839793886872,99.85442014118193,,,,,0,73531773,63298159.94,49.46108810665211,43.174105987195325,,,,,,
2024-04-16,171.75,173.76,168.27,169.38,182.58827499999978,181.42239999999998,176.46419999999986,171.51150000000024,170.76100000000002,172.28800000000007,100.38701571177108,99.9028379203264,,,,,0,73711235,62721351.04,44.17954853570508,43.66073513709153,,,,,,
2024-04-17,169.61,170.65,168,168,182.45842499999978,181.36706666666666,176.07059999999987,171.10750000000024,170.59600000000006,172.33200000000005,99.77431999049769,99.89115447216015,,,,,0,50901210,62345998.84,42.158317678391505,43.430179626431595,,,,,,
2024-04-18,168.03,168.64,166.55,167.04,182.33132499999977,181.31926666666666,175.6253999999999,170.52600000000024,170.41800000000006,170.73200000000003,99.78057512414829,99.88110180415907,,,,,0,43122903,62338641.72,40.761245257430446,43.31217790595129,,,,,,
2024-04-19,166.21,166.4,164.075,165,182.19967499999976,181.24766666666665,175.13719999999986,170.20750000000024,169.96000000000004,168.42200000000005,98.7805097074301,99.78104797718372,,,,,0,68149377,62632850.16,37.88794928218436,43.149303136490914,,,37.88794928218436,,,
2024-04-22,165.515,167.26,164.77,165.84,182.0698249999998,181.18653333333333,174.68759999999986,169.88550000000023,169.699,167.05200000000005,100.160249957723,99.81552088450547,,,,,1,48116443,62775938.1,39.77062314435296,43.24913513343508,,,,,,
2024-04-23,165.35,167.05,164.92,166.9,181.9509249999998,181.11273333333332,174.2485999999999,169.68800000000024,169.42200000000003,166.55600000000007,99.9283517509914,99.8257782360042,,,,,0,49537761,62863589,42.15342609592912,43.37952999043908,,,,,,
2024-04-24,166.54,169.3,166.21,169.02,181.8529749999998,181.04573333333332,173.88599999999988,169.65350000000024,169.54600000000005,166.76000000000005,100.00078886750183,99.84168829341307,,,,,0,48251835,62992987.02,46.69553966896634,43.93178668242873,,,,,,
2024-04-25,169.525,170.61,168.1511,169.89,181.76202499999977,181.0084,173.58299999999988,169.48250000000024,169.03100000000003,167.33000000000007,100.49451654500929,99.90103631628546,,,,,0,50558329,62873563.02,48.48324892466472,44.47102716826329,,,,,,
2024-04-26,169.88,171.34,169.18,169.3,181.6596749999998,180.97753333333333,173.28599999999992,169.37350000000026,168.30600000000004,168.19000000000005,100.60593335327361,99.96511786510256,,,,,0,44838354,62677719.76,47.324115873528626,45.071149311771364,,,,,,
2024-04-29,173.37,176.03,173.1,173.5,181.5744749999998,180.9689333333333,173.0787999999999,169.54700000000025,168.38700000000003,169.72200000000007,102.05982411592271,100.1555457060862,,,,,0,68169419,62732418.22,55.483296279392725,46.01828205101568,,,,,,
2024-04-30,173.33,174.99,170,170.33,181.4726749999998,180.93059999999997,172.83919999999992,169.62150000000025,168.48200000000006,170.40800000000007,99.87764260695523,100.13028178798339,,,,,0,65934776,63056064.44,49.2790163079559,46.77170361642975,,,,,,
2024-05-01,169.58,172.705,169.11,169.3,181.3492249999998,180.91286666666667,172.5939999999999,169.60400000000027,168.61200000000005,170.46400000000008,100.8598605953492,100.19660713410755,,,,,1,50383147,62990416.32,47.42341527470957,46.2769262867451,,,,,,
2024-05-02,172.51,173.415,170.89,173.03,181.2457249999998,180.93019999999999,172.40819999999988,169.81450000000027,169.21100000000007,171.0920000000001,103.43735054997609,100.49122017191378,,,,,0,94214915,64044121.14,54.15572347714338,46.08689670764336,,,,,,
2024-05-03,186.645,187,182.66,183.38,181.1871249999998,181.0148,172.3883999999999,170.5045000000003,171.04900000000006,173.90800000000007,108.63336486190289,101.23141514373097,,,,,0,163224109,66262759.16,66.84288681228426,47.32845375804566,,,,,,
2024-05-06,182.354,184.2,180.42,181.71,181.13002499999982,181.0848,172.37219999999988,171.16750000000027,172.63600000000005,175.5500000000001,106.30874839112289,101.69299089349387,,,,,0,78569667,66931758.96,63.77600174304174,48.72820041571256,,,,,,
2024-05-07,183.45,184.9,181.32,182.4,181.0823249999998,181.14246666666665,172.3969999999999,171.80400000000026,174.18600000000006,177.96400000000008,105.62218065793817,102.05018996298881,,,,,0,77305771,67660525.96,64.500736269925,50.32408745796495,,,,,,
2024-05-08,182.85,183.07,181.45,182.74,181.0322749999998,181.2114,172.39919999999992,172.55200000000028,175.55800000000008,180.6520000000001,105.676685859464,102.37987140812292,,,,,0,45057087,67475290.68,64.87366846153822,52.04640340111551,,,,,,
2024-05-09,182.56,184.66,182.11,184.57,180.9870249999998,181.28413333333333,172.4621999999999,173.0285000000003,177.0260000000001,182.9600000000001,106.7359850105828,102.77588173561928,,,,,0,48982972,67475871.34,66.88984517898669,54.11796739374425,,,,,,
2024-05-10,184.9,185.09,182.13,183.05,180.92977499999978,181.33839999999998,172.50819999999987,173.35350000000028,178.4010000000001,182.8940000000001,105.32079546304519,103.00723752902164,,,,,0,50759496,65757409.32,63.62329640289388,55.82172976935431,,,63.62329640289388,,,
2024-05-13,185.435,187.1,184.62,186.28,180.8950749999998,181.39699999999996,172.64059999999986,174.03300000000027,179.67900000000006,183.80800000000008,107.00233021680398,103.37042777336549,,,,,0,72044809,65727043.86,67.27997054292582,57.6164829441398,,,,,,
2024-05-14,187.51,188.3,186.29,187.43,180.85307499999976,181.45326666666662,172.88719999999986,174.93550000000027,181.38900000000007,184.81400000000008,107.68930231489196,103.76305273168607,,,,,0,52393619,65144714.22,68.49428794797166,59.17353639264017,,,,,,
2024-05-15,187.91,190.65,187.37,189.72,180.8194249999998,181.52879999999996,173.27919999999986,176.02150000000026,183.4310000000001,186.2100000000001,108.47982251667243,104.19184998486665,,,,,0,70399988,64650066.88,70.81687823980539,60.768795629435935,,,,,,
2024-05-16,190.47,191.095,189.6601,189.84,180.79059999999978,181.5957333333333,173.69359999999986,177.16150000000025,185.11200000000008,187.2640000000001,107.29181973346596,104.4736654165575,,,,,0,52845230,64335217.34,70.93778274917159,62.45548612055328,,,,,,
2024-05-17,189.51,190.81,189.18,189.87,180.7770499999998,181.65679999999998,174.11099999999988,178.40500000000026,185.76100000000008,188.6280000000001,107.53262640430879,104.75175277908033,,,,,0,41282925,63725574.62,70.97016298753294,63.56169088542044,,,,,,
2024-05-20,189.325,191.9199,189.01,191.04,180.77639999999977,181.73806666666664,174.51719999999986,179.66500000000025,186.69400000000007,189.5800000000001,108.06937619501966,105.05335490780209,,,,,0,44361275,63087459.3,72.26789044632125,65.2037533238751,,,,,,
2024-05-21,191.09,192.73,190.9201,192.35,180.82819999999978,181.82893333333328,174.90919999999988,180.93750000000023,187.68900000000008,190.5640000000001,108.71080533220801,105.3858504009299,,,,,0,42309401,62730857.86,73.68626679514617,67.07967128962058,,,,,73.68626679514617,
2024-05-22,192.265,192.8231,190.27,190.9,180.8884499999998,181.92059999999995,175.26259999999988,182.03150000000022,188.50500000000005,190.8000000000001,107.62164986037561,105.58910489724315,,,,,0,34648547,62227321.36,69.45203215037537,68.17226476628001,,,,,,
2024-05-23,190.98,191,186.625,186.88,180.9238499999998,181.99419999999995,175.57759999999988,182.88100000000023,188.73600000000005,190.20800000000008,105.64120730654867,105.59384147990728,,,,,0,51005924,62197666,59.281367904429736,67.63215627286183,,,59.281367904429736,,,
2024-05-24,188.82,190.58,188.0404,189.98,180.9827999999998,182.09099999999995,175.91719999999987,183.91500000000022,189.42900000000003,190.23000000000008,108.19214670121586,105.83005104548079,,,,,0,36326975,61465935.36,63.69640464489788,67.62647076585155,,,,,,
2024-05-28,191.51,193,189.1,189.99,181.0428999999998,182.20506666666662,176.26459999999986,184.73950000000022,189.80000000000004,190.02000000000007,107.44602438210572,105.97695771244669,,,,,0,52280051,60076482.4,63.7100740688581,67.56999489434676,,,,,,
2024-05-29,189.61,192.247,189.51,190.29,181.1053999999998,182.32033333333328,176.59599999999983,185.73750000000024,190.08600000000007,189.6080000000001,107.58891299144557,106.12349910144658,,,,,0,53068016,59625759.04,64.14622956261738,67.51803497299528,,,,,,
2024-05-30,190.76,192.18,190.63,191.29,181.1645499999998,182.43933333333328,176.9001999999998,186.83700000000024,190.24300000000005,189.6860000000001,108.95658975955769,106.3810527976385,,,,,0,49947941,59520412.98,65.62912091975653,67.42798324019313,,,,,,
2024-05-31,191.44,192.57,189.91,192.25,181.23854999999978,182.58033333333327,177.17179999999985,187.79800000000023,190.48400000000004,190.76000000000008,110.16202938800146,106.72477794221696,,,,,0,75158277,59955116.48,67.03852976238537,67.6719284801568,,,,,,
2024-06-03,192.9,194.99,192.52,194.03,181.32584999999978,182.76126666666661,177.62499999999986,188.33050000000023,190.90000000000003,191.57000000000008,110.29654192325911,107.04948375867534,,,,,0,50080539,58833101.86,69.53316549156331,67.83287097648805,,,,,,
2024-06-04,194.635,195.32,193.0342,194.35,181.4275999999998,182.93546666666663,178.06639999999985,188.96250000000023,191.23100000000005,192.44200000000006,110.35486551299255,107.34997300906781,,,,,0,47471445,58359328,69.9731376305501,67.93850309667222,,,,,,
2024-06-05,195.4,196.9,194.87,195.87,181.53449999999978,183.10599999999994,178.56679999999986,189.63600000000022,191.58300000000003,193.55800000000008,111.05105502376519,107.68643501040394,,,,,0,54156785,58356697.14,72.0386786589978,68.02577455518596,,,,,,
2024-06-06,195.685,196.5,194.17,194.48,181.62769999999978,183.26406666666662,179.06219999999988,190.22300000000024,191.94100000000006,194.19600000000008,108.97191653405652,107.80329696709963,,,,,0,41181753,58032563.22,67.46803040600085,67.77793510210235,,,,,,
2024-06-07,194.65,196.94,194.14,196.89,181.7259999999998,183.4168666666666,179.53379999999987,190.83900000000023,192.94200000000006,195.12400000000008,110.34476316797279,108.0343393489972,,,,,0,53103912,57889176.16,70.91379815014005,67.77390904228857,,,,,,
2024-06-10,196.9,197.3,192.15,193.12,181.7859999999998,183.5205333333333,179.96659999999986,191.3425000000002,193.25600000000003,194.94200000000006,108.3527523948098,108.06328598952561,,,,,0,97262077,58520963.9,60.176152848763806,66.91021349960589,,,60.176152848763806,,,
2024-06-11,193.65,207.16,193.63,207.15,181.93984999999978,183.7238666666666,180.70899999999986,192.38600000000022,194.97200000000004,197.50200000000007,115.9252944534191,108.77801403169775,,,,,0,172373296,61043619.82,75.2161570908497,67.01949137787042,,,,,,
2024-06-12,207.37,220.2,206.9,213.07,182.1121499999998,183.94946666666664,181.59359999999987,193.6680000000002,197.25000000000006,200.94200000000006,118.91593229041673,109.69964296430857,,,,,0,198134293,64019716.06,78.84641475078104,67.69051870647083,,,,,,
2024-06-13,214.74,216.75,211.6,214.24,182.28239999999977,184.16559999999996,182.48539999999983,194.8940000000002,199.54500000000004,204.89400000000006,118.5607136664318,110.50519484631977,,,,,0,97862729,65023136.34,79.4859565183508,69.1337036074652,,,,,79.4859565183508,
2024-06-14,213.85,215.17,211.3,212.49,182.42424999999977,184.3629333333333,183.35879999999983,196.02650000000023,201.56900000000005,208.01400000000007,117.31677018633542,111.12442896813937,,,,,0,70122748,65351503.58,75.7948101448162,69.99787542888792,,,,,,
2024-06-17,213.37,218.95,212.72,216.67,182.5693499999998,184.5913333333333,184.30059999999983,197.36650000000023,203.83300000000003,212.72400000000007,119.6716995513301,111.90145356661125,,,,,0,93728300,66383973.06,78.37764571249537,71.04555911771915,,,,,,
2024-06-18,217.59,218.63,213,214.29,182.7014499999998,184.7772666666666,185.21739999999983,198.52900000000022,205.82700000000006,214.15200000000004,117.45693592826187,112.4064974176704,,,,,0,79943254,67234327.88,73.5643657959376,71.71828313438489,,,,,,
2024-06-20,213.93,214.24,208.85,209.68,182.80254999999977,184.94313333333326,186.01759999999987,199.39550000000023,207.20800000000003,213.47400000000007,114.64146294345564,112.60967610183269,,,,,0,86172451,68108752.72,65.21071155956739,71.68839675151425,,,,,,
2024-06-21,210.39,211.89,207.11,207.49,182.89149999999975,185.07679999999993,186.81179999999986,200.22500000000022,208.50900000000007,212.12400000000008,113.73137273531196,112.71164852305807,,,,,0,246421353,72042993.06,61.63031399131016,71.30209562500887,,,61.63031399131016,,,
2024-06-24,207.72,212.7,206.59,208.14,183.01764999999978,185.21099999999993,187.47379999999987,201.2880000000002,209.63400000000007,211.25400000000008,114.26615989064179,112.85296773829296,,,,,0,80727006,71836127.68,62.29207155495951,70.78487462953716,,,,,,
2024-06-25,209.15,211.38,208.61,209.07,183.17519999999976,185.3400666666666,188.12419999999986,202.2425000000002,211.22900000000004,209.73400000000007,115.12918786757416,113.05989684095489,,,,,0,56713868,70936987.32,63.26820040778602,70.30595054219687,,,,,,
2024-06-26,211.5,214.86,210.64,213.25,183.35054999999977,185.49713333333327,188.93539999999987,203.4055000000002,211.83900000000003,209.52600000000007,116.97130706179412,113.41547958830391,,,,,0,66213186,70790615.58,67.35822784443492,69.97163262687096,,,,,,
2024-06-27,214.69,215.7395,212.35,214.1,183.52424999999977,185.64813333333328,189.82979999999986,204.59600000000017,211.94200000000006,210.41000000000008,117.25274785456496,113.764322157964,,,,,0,49772707,70311845.02,68.13522983751307,70.01928972912182,,,,,,
2024-06-28,215.77,216.07,210.3,210.62,183.69584999999978,185.78133333333327,190.68219999999985,205.56250000000017,211.58,211.03600000000006,115.24235438309793,113.89868872388527,,,,,0,82542718,70944675.18,61.66348384958136,69.35855299336764,,,,,,
2024-07-01,212.09,217.51,211.92,216.75,183.90854999999976,185.95093333333327,191.67639999999986,206.7875000000002,212.00600000000003,212.7580000000001,119.08271968266584,114.3699642655926,,,,,0,60402929,71290275.7,67.5164856844557,69.88286248163135,,,,,,
2024-07-02,216.15,220.38,215.1,220.27,184.13119999999978,186.15293333333327,192.78179999999983,208.09950000000018,212.36600000000004,214.9980000000001,120.6936859600738,114.94484805599998,,,,,0,58046178,71088211.72,70.31878525390518,69.53305020756389,,,,,,
2024-07-03,220,221.55,219.03,221.55,184.36389999999977,186.3646666666666,193.89599999999984,209.45950000000022,213.092,216.65800000000007,120.64759249376478,115.46327936852406,,,,,0,37369801,70873278.88,71.28874933475659,68.99321696356213,,,,,,
2024-07-05,221.65,226.45,221.65,226.34,184.60574999999974,186.6042666666666,195.08479999999986,210.98300000000023,214.75800000000004,219.10600000000005,122.63297339177642,116.11506973427427,,,,,0,60412408,71090771.82,74.62997020404737,68.64636079825475,,,,,,
2024-07-08,227.09,227.85,223.25,227.82,184.84949999999975,186.86059999999992,196.26079999999985,212.65000000000018,216.79100000000003,222.54600000000005,122.76548354648655,116.71965280811175,,,,,0,59085861,71307452.34,75.57573986168117,68.63071292088796,,,,,,
2024-07-09,227.93,229.4,226.3721,228.68,185.11544999999975,187.11879999999994,197.43659999999986,214.23950000000022,218.84500000000003,224.93200000000007,123.10375641950452,117.30002586369291,,,,,0,48169822,71259682.2,76.13253083875124,68.47034757276337,,,,,,
2024-07-10,229.3,233.08,229.25,232.98,185.4106999999998,187.39706666666657,198.71019999999987,216.23250000000021,221.23600000000002,227.47400000000007,125.32611794576623,118.02967059842685,,,,,0,62627687,71615468.86,78.74197695400088,68.84017694119648,,,,,78.74197695400088,
2024-07-11,231.39,232.39,225.77,227.57,185.67459999999977,187.65133333333327,199.79159999999982,217.2535000000002,222.66800000000003,228.67800000000005,121.17850448710664,118.31592822467046,,,,,0,64710617,71546292.82,68.58255259495161,69.0810227294382,,,,,,
2024-07-12,228.92,232.64,228.68,230.54,185.94689999999977,187.89879999999994,200.99579999999983,218.12700000000018,224.31200000000004,229.5180000000001,123.84525163173396,118.81859398894896,,,,,0,53046527,71288527.84,70.80920572083251,69.73665785297551,,,,,,
2024-07-15,236.48,237.23,233.09,234.4,186.25909999999973,188.17933333333323,202.29779999999985,219.13500000000016,226.69000000000005,230.83400000000006,125.22839222558207,119.40130291955197,,,,,0,62631252,71533489.94,73.44352073152075,70.53318993701559,,,,,,
2024-07-16,235,236.27,232.33,234.82,186.58104999999978,188.4496666666666,203.53359999999984,220.25150000000016,228.497,232.06200000000007,125.09922379026887,119.91929572598077,,,,,0,43234278,70513877.2,73.72140920659544,71.27984770835914,,,,,,
2024-07-17,229.45,231.4599,226.64,228.88,186.87199999999976,188.67079999999993,204.44359999999986,220.86200000000017,229.35800000000003,231.24200000000005,121.16014758584912,120.03210044051426,,,,,0,57345884,68396312.7,63.5871655438061,71.01048611545708,,,,,,
2024-07-18,230.28,230.44,222.27,224.18,187.13684999999975,188.87746666666658,205.29299999999984,221.35650000000018,229.62100000000004,230.56400000000008,120.34830037149177,120.06084588878494,,,,,0,66034585,68145611.06,56.919760020767455,70.20938112854667,,,,,,
2024-07-19,224.82,226.8,223.275,224.31,187.38964999999973,189.0747999999999,206.13119999999984,222.0880000000002,229.41800000000006,229.31800000000007,121.36717298695304,120.17960289770932,,,,,0,49151453,67582524.7,57.053894789736084,69.88012476712916,,,,,,
2024-07-22,227.01,227.78,223.09,223.96,187.64744999999976,189.24813333333324,206.95559999999986,222.91150000000016,229.03200000000007,227.23000000000008,122.04926802773485,120.34957245498437,,,,,0,48201835,67645419.66,56.54344283001333,69.09633599181184,,,,,,
2024-07-23,224.365,226.94,222.68,225.01,187.90419999999978,189.4274666666666,207.76439999999988,223.75500000000017,228.66500000000005,225.2680000000001,121.31227086478326,120.43709049223881,,,,,0,39960260,67464965.42,57.76427364858946,68.19958516286071,,,,,,
2024-07-24,224,224.8,217.13,218.54,188.12234999999976,189.5672666666666,208.47419999999988,224.22850000000017,227.22100000000006,223.20000000000005,118.00746973855914,120.21621587826793,,,,,0,61777576,67685327.02,48.68775010588926,66.58522807508449,,,,,,
2024-07-25,218.93,220.85,214.62,217.49,188.32234999999974,189.71126666666657,209.09839999999988,224.44050000000016,226.21300000000005,221.86200000000008,120.2239862026268,120.21692227139147,,,,,1,51391199,67272254.82,47.38643065701777,64.63926096458236,,,47.38643065701777,,,
2024-07-26,218.7,219.49,216.01,217.96,188.51719999999975,189.85139999999993,209.70899999999986,224.6335000000002,224.95500000000007,220.59200000000004,121.10615772989853,120.29776185852847,,,,,0,41601345,67056409.34,48.05569151508943,62.673543225540094,,,,,,
2024-07-29,216.96,219.3,215.75,218.24,188.71644999999978,190.00746666666657,210.27939999999987,225.01450000000017,223.33900000000008,219.44800000000004,119.93207659151983,120.26451774334588,,,,,0,36311778,66374645.14,48.476176604362024,60.698089351655156,,,,,,
2024-07-30,219.19,220.325,216.12,218.8,188.91144999999977,190.16826666666657,210.8585999999999,225.11700000000013,221.73700000000008,218.20600000000007,120.14166613282575,120.25334941511677,,,,,0,41643840,66150617.34,49.35911139072842,58.599313239992846,,,,,,
2024-07-31,221.44,223.82,220.63,222.08,189.11829999999975,190.35813333333326,211.50279999999987,225.20750000000015,221.0570000000001,218.91400000000007,122.55056148773556,120.46218687626394,,,,,1,50036262,66325684.08,54.298995811436626,57.579059184027486,,,,,54.298995811436626,
2024-08-01,224.37,224.48,217.02,218.36,189.31584999999978,190.5268666666666,212.04919999999987,225.04800000000014,220.47500000000008,219.08800000000005,118.62470098455533,120.29514270429043,,,,,0,62500996,66688478.5,48.51836293648883,55.986856128002934,,,,,,
2024-08-02,219.15,225.6,217.71,219.86,189.52154999999976,190.70493333333326,212.5993999999999,224.72400000000016,220.03000000000011,219.46800000000007,121.09740043953302,120.36807522567612,,,,,1,105568560,67953661.68,50.793157046960346,54.36897300767719,,,,,,
2024-08-05,199.09,213.5,196,209.27,189.68214999999975,190.80953333333323,212.96679999999986,223.79650000000015,218.5610000000001,217.67400000000006,117.42338517361664,120.10037613003435,,,,,0,119548589,69651662.52,38.02015428868265,51.818883370683416,,,,,,
2024-08-06,205.3,209.99,201.07,207.23,189.83909999999972,190.90753333333325,213.37379999999987,222.72400000000016,216.78300000000013,215.36000000000004,119.87066023438494,120.07949286679349,,,,,0,69660488,70024753.8,36.13505013223111,49.85801798414235,,,36.13505013223111,,,
2024-08-07,206.9,213.64,206.39,209.82,190.0108999999997,191.06873333333323,213.77059999999986,221.56600000000017,215.91100000000012,212.90800000000004,120.1250372134564,120.08363326194466,,,,,1,63516417,70568542.64,40.18968583081915,48.663012684860334,,,,,,
2024-08-08,213.11,214.2,208.83,213.31,190.21304999999973,191.26246666666657,214.23699999999985,220.85300000000015,215.4930000000001,211.89800000000005,123.07505899594383,120.35558105594458,,,,,0,47161149,70466164.6,45.235154111900655,47.8188169221578,,,,,,
2024-08-09,212.1,216.78,211.97,216.24,190.4292499999997,191.49133333333322,214.7559999999999,220.13800000000015,215.32100000000008,211.17400000000004,121.95589645254076,120.50106427381697,,,,,0,42201646,70248837.2,49.11605911983318,47.2882895142878,,,,,,
2024-08-12,216.07,219.5099,215.6,217.53,190.64969999999968,191.73366666666655,215.28079999999989,219.29450000000014,215.25000000000009,212.82600000000002,122.11296464358222,120.64760067106835,,,,,0,38028092,70010440.22,50.77017602102291,46.78871111231876,,,,,,
2024-08-13,219.01,221.89,219.01,221.27,190.90054999999967,191.97173333333322,215.86119999999988,218.61700000000013,215.49700000000013,215.63400000000001,124.20711102129712,120.97119252108915,,,,,0,44155331,69390381.3,55.30642733729496,47.26147377170487,,,,,,
2024-08-14,220.57,223.03,219.7,221.72,191.1746999999997,192.21559999999988,216.41499999999988,218.25900000000016,215.4610000000001,218.01400000000004,122.39715591670902,121.10082555705459,,,,,0,41960574,69227982,55.83376021018165,47.86485445407373,,,,,,
2024-08-15,224.6,225.35,222.76,224.72,191.4571999999997,192.47246666666658,217.02239999999992,218.28600000000012,216.09700000000007,220.29600000000005,123.58117025956885,121.32631143910135,,,,,0,46414013,69206833.36,59.2828944339364,48.66679751970565,,,,,,
2024-08-16,223.92,226.8271,223.6501,226.05,191.7359999999997,192.74219999999988,217.62599999999992,218.3730000000001,216.71600000000007,222.25800000000004,122.33886141784274,121.41836143716874,,,,,0,44340240,69010502.46,60.746464498553635,49.54324665500506,,,,,,
2024-08-19,225.72,225.99,223.04,225.89,192.0115999999997,193.00866666666656,218.2541999999999,218.46950000000015,218.37800000000007,223.93,122.00905251104557,121.472060625703,,,,,0,40687813,69000623.66,60.46489026276557,50.33651657443629,,,,,,
2024-08-20,225.77,227.17,225.45,226.51,192.2742999999997,193.29453333333325,218.84659999999994,218.54450000000014,220.3060000000001,224.978,121.16635522017604,121.44426922520054,,,,,0,30299033,68544526.08,61.21511402661124,50.83052501837733,,,,,,
2024-08-21,226.52,227.98,225.05,226.4,192.51844999999972,193.5859999999999,219.51219999999995,218.93750000000014,221.96400000000008,225.91400000000004,121.34833869622001,121.4355482680205,,,,,0,34765480,67294594.14,60.99396734350986,51.72163961887884,,,,,,
2024-08-22,227.79,228.34,223.9,224.53,192.7578499999997,193.82533333333325,219.85979999999992,219.28950000000015,223.08600000000007,225.87600000000003,119.837960162538,121.2903129857039,,,,,0,43695321,64721034.64,57.21016393479893,52.179997253724444,,,57.21016393479893,,,
2024-08-23,225.6589,228.22,224.33,226.84,192.99589999999972,194.06053333333327,220.13519999999988,219.7335000000002,224.14600000000004,226.03400000000002,122.16168669724361,121.36952877766205,,,,,1,38677250,61531893.78,60.47227370935291,53.78372006948661,,,,,,
2024-08-26,226.76,227.28,223.8905,227.18,193.22269999999972,194.28246666666658,220.3939999999999,220.1805000000001,225.11100000000005,226.29200000000006,120.95623469279096,121.33195658812832,,,,,0,30602208,60186683.36,60.944222478315375,55.555803808492634,,,,,,
2024-08-27,225.995,228.85,224.89,228.03,193.4483999999997,194.5014666666666,220.7047999999999,220.64200000000014,225.7870000000001,226.59600000000006,121.79246374747412,121.37382087534158,,,,,1,35934559,59502919.58,62.16058255591077,57.12515357457061,,,,,,
2024-08-28,227.92,229.86,225.68,226.49,193.66879999999972,194.71473333333324,220.90119999999987,220.86250000000018,226.26400000000004,226.61400000000003,120.7777041091118,121.31962844204796,,,,,0,38052167,58389396.92,58.59969157081718,58.079763393064646,,,,,,
2024-08-29,230.1,232.92,228.88,229.79,193.88574999999972,194.95219999999995,221.21119999999988,221.43400000000014,226.77100000000004,227.66600000000003,123.27370851133455,121.49727208471037,,,,,1,51906297,57828657.78,63.43365201774694,59.102448600058494,,,,,63.43365201774694,
2024-08-30,230.19,230.4,227.48,229,194.1067499999997,195.1960666666666,221.59759999999991,221.89100000000016,227.0660000000001,228.098,122.855175743703,121.62071787189153,,,,,0,52990770,57165024.16,61.579963425083584,59.87457627177711,,,,,,
2024-09-03,228.55,229,221.17,222.77,194.28339999999972,195.40299999999993,221.9031999999999,222.56600000000012,226.75400000000008,227.21600000000004,118.31867133820435,121.32053182337451,,,,,0,50190574,53240408.58,49.33589581676752,59.44810973459658,,,,,,
2024-09-04,221.66,221.78,217.48,220.85,194.44759999999974,195.62173333333328,222.1573999999999,223.24700000000013,226.18800000000005,225.78000000000003,119.83352987563575,121.18534982812552,,,,,0,43840196,52502672.38,46.281722544514075,58.76582132990603,,,,,,
2024-09-05,221.625,225.48,221.52,222.38,194.61094999999972,195.87493333333325,222.42359999999994,223.87500000000009,225.78600000000006,224.95800000000003,120.85694410225939,121.15549476213769,,,,,0,36615398,52100702.98,48.99158571234468,58.03072784979234,,,,,,
2024-09-06,223.95,225.24,219.77,220.82,194.7665999999997,196.10133333333326,222.57499999999993,224.2505000000001,225.41500000000005,223.16400000000004,120.37242296608292,121.0843064170418,,,,,0,48423011,51744899.48,46.42029584186251,57.00743008860012,,,,,,
2024-09-09,220.82,221.27,216.71,220.91,194.9138999999997,196.3350666666666,222.7111999999999,224.48400000000007,224.82200000000006,221.54600000000005,122.53648470998051,121.21632262549078,,,,,1,67179965,52093044.64,46.5944438769622,56.01668391818559,,,,,,
2024-09-10,218.92,221.48,216.73,220.11,195.06124999999975,196.55126666666658,222.90099999999993,224.61300000000006,224.11500000000007,221.01400000000004,120.69507554294782,121.16893652707778,,,,,0,51591033,51474010.94,45.188467444540514,54.871923448037684,,,,,,
2024-09-11,221.455,223.09,217.89,222.66,195.21799999999973,196.7736666666666,223.0191999999999,224.68250000000006,223.57800000000006,221.37600000000003,121.549695843713,121.20355101040825,,,,,1,44587072,51157693.8,50.33300851906793,54.11042638914898,,,,,,
2024-09-12,222.5,223.55,219.82,222.77,195.38199999999972,196.9960666666666,223.0691999999999,224.73500000000007,223.20600000000007,221.45400000000004,120.32645918179952,121.12381538962563,,,,,0,37498225,50746734.74,50.54862910281777,53.63460247257889,,,,,,
2024-09-13,223.58,224.04,221.91,222.5,195.5455499999997,197.22393333333324,223.08819999999992,224.6240000000001,222.4770000000001,221.79000000000005,119.28695885270072,120.95682843172337,,,,,0,36766619,50734671.1,49.97513089349537,52.8848065571605,,,,,,
2024-09-16,216.54,217.22,213.92,216.32,195.67514999999975,197.40706666666657,222.8877999999999,224.13750000000013,221.20900000000006,220.872,115.34995494142386,120.44711265987796,,,,,0,59357427,50713571.48,39.053410675208994,51.3211771426529,,,39.053410675208994,,,
2024-09-17,215.75,216.9,214.5,216.79,195.81224999999972,197.6046666666666,222.6671999999999,223.68250000000012,220.61100000000005,220.20800000000003,115.45548793910258,119.99332859435293,,,,,0,45519339,50442241.04,40.125117138131806,49.74721532709726,,,,,,
2024-09-18,217.55,222.71,217.54,220.69,195.9659499999997,197.84233333333322,222.50739999999988,223.39150000000012,220.59500000000008,219.81400000000002,117.50142424355363,119.76679183518935,,,,,0,59894928,50676743.16,48.256002738098395,49.00838041047449,,,,,,
2024-09-19,224.99,229.82,224.63,228.87,196.15409999999974,198.14046666666655,222.42519999999985,223.5150000000001,221.24400000000006,221.03400000000002,122.21065278334004,119.98896101229396,,,,,1,66781315,50759815.72,60.40214181979936,48.791843967763945,,,,,60.40214181979936,
2024-09-20,229.97,233.09,227.62,228.2,196.34794999999977,198.43606666666656,222.43779999999984,223.6985000000001,221.98200000000006,222.17400000000004,119.81832978918905,119.97344908292078,,,,,0,318679888,55839201.14,59.1768589372875,48.62019364720708,,,,,,
2024-09-23,227.34,229.45,225.81,226.47,196.51319999999978,198.73046666666656,222.3563999999999,223.68000000000015,222.53800000000007,224.20400000000004,119.141645652639,119.8978305892588,,,,,0,54146023,55861191.06,56.01705397818376,49.097419230165386,,,,,,
2024-09-24,228.645,229.35,225.73,227.37,196.68844999999976,199.03586666666658,222.21579999999983,223.68950000000012,223.26400000000007,226.32000000000002,119.27961137205389,119.84162884224017,,,,,0,43556068,55479687.38,57.2945877089601,49.884052456197246,,,,,,
2024-09-25,224.93,227.29,224.02,226.37,196.84894999999975,199.32953333333325,222.04679999999985,223.60650000000015,223.63500000000008,227.45600000000005,118.45754534322705,119.71580306960261,,,,,0,42308715,55461176.12,55.370141110187404,50.339663556043156,,,,,,
2024-09-26,227.3,228.5,225.41,227.52,197.00799999999978,199.6171999999999,222.01959999999985,223.6580000000002,224.11000000000007,227.186,119.28133415585073,119.67630589562518,,,,,0,36636707,55046992.58,57.15252017519465,51.106251008424024,,,,,,
2024-09-27,228.46,229.52,227.3,227.79,197.18104999999974,199.91899999999993,222.09179999999986,223.55800000000016,224.63900000000007,227.10400000000004,118.94293830151636,119.60963611434256,,,,,0,34025967,54406820.22,57.580858604405684,51.890994917527124,,,,,,
2024-09-30,230.04,233,229.65,233,197.37249999999975,200.2645999999999,222.26559999999984,223.75800000000018,226.3070000000001,228.41000000000003,121.81605253251915,119.81021942508589,,,,,1,54793391,54519658.98,64.87726097823335,53.2973373127909,,,,,64.87726097823335,
2024-10-01,229.52,229.65,223.74,226.21,197.5137499999998,200.55513333333323,222.31059999999988,223.9300000000002,227.2490000000001,228.17800000000005,117.76679872763337,119.62445390713566,,,,,0,63285048,54821323.24,52.26074988993909,53.43503312499598,,,,,,
2024-10-02,225.89,227.37,223.02,226.78,197.65709999999982,200.85753333333324,222.34599999999983,224.22650000000016,227.8580000000001,228.26000000000005,119.17515949228726,119.58360896033126,,,,,0,32880605,54679730.14,53.08553964398645,53.616241020793744,,,,,,
2024-10-03,225.14,226.805,223.32,225.67,197.7975999999998,201.1569999999999,222.48859999999985,224.39100000000016,227.5380000000001,227.89000000000001,118.57501904703523,119.49191896821344,,,,,0,34044158,54125061.78,51.22936249255547,53.70582899215518,,,,,,
2024-10-04,227.9,228,224.13,226.8,197.9521499999998,201.4712666666666,222.67479999999986,224.6900000000002,227.39800000000008,227.692,119.36946815322942,119.48078707594216,,,,,0,37345098,53844139.76,53.029910565237614,54.70415041287151,,,,,,
2024-10-07,224.5,225.69,221.33,221.69,198.0758999999998,201.7818666666666,222.74939999999984,224.72900000000018,226.92000000000013,225.43,115.64302928503615,119.13190000404161,,,,,0,39505354,53802219.94,44.948476961014805,55.04867611450601,,,44.948476961014805,,,
2024-10-08,224.3,225.98,223.25,225.77,198.23059999999978,202.15286666666657,222.89999999999986,225.01200000000017,226.76000000000013,225.342,118.91122257471564,119.11183841955743,,,,,0,31855693,53713098.24,51.32647342899224,55.26799544956985,,,,,,
2024-10-09,225.23,229.75,224.83,229.54,198.4048999999998,202.55566666666655,223.11479999999986,225.35600000000017,227.07700000000014,225.894,119.73626098477865,119.16860410730482,,,,,1,33591091,53552043.26,56.35785125590028,54.97911755214849,,,,,,
2024-10-10,227.78,229.5,227.17,229.04,198.58209999999977,202.95593333333323,223.25399999999988,225.66950000000014,227.22900000000013,226.56800000000004,118.63157258656261,119.11978305996462,,,,,0,28183544,53114988.9,55.53788348901617,54.71919073441483,,,,,,
2024-10-11,229.3,229.41,227.34,227.55,198.75459999999978,203.33473333333322,223.43779999999984,225.9220000000002,227.20500000000015,226.71800000000002,118.10471899848444,119.02750450892097,,,,,0,31759188,52500152.74,53.060383364860655,54.50799997632032,,,,,,
2024-10-14,228.7,231.73,228.6,231.3,198.9453499999998,203.72506666666655,223.66659999999985,226.6710000000002,227.03500000000014,228.64000000000001,119.32849988994059,119.05486772537729,,,,,1,39882085,51186423.24,58.12356747125796,54.56721281648446,,,,,,
2024-10-15,233.61,237.49,232.37,233.85,199.14669999999975,204.1291999999999,224.15819999999985,227.52400000000017,227.79900000000015,230.256,119.7212902697334,119.11545159304603,,,,,0,64751367,50090478.8,61.189267230174224,54.98286468219781,,,,,,
2024-10-16,231.6,232.12,229.84,231.78,199.34294999999977,204.53353333333322,224.64919999999984,228.07850000000016,228.29900000000015,230.704,119.57181548514681,119.15693921960064,,,,,0,34082240,49378913.84,57.50875108312089,55.00830974704968,,,,,,
2024-10-17,233.43,233.85,230.52,232.15,199.57549999999978,204.92786666666657,225.09579999999983,228.24250000000015,228.94700000000017,231.32600000000002,119.20451589051225,119.1612643715017,,,,,0,32993810,48768461.7,57.995101703895706,55.0378985398704,,,,,,
2024-10-18,236.18,236.18,234.01,235,199.82924999999977,205.34373333333323,225.52959999999987,228.58250000000015,229.76700000000014,232.81599999999997,120.68859261693956,119.30011239381423,,,,,0,46431472,48753868.16,61.63747905048343,54.806485545031116,,,,,,
2024-10-21,234.45,236.85,234.45,236.48,200.10209999999978,205.76213333333322,225.93439999999987,229.08300000000014,231.24600000000015,233.852,120.96823697115613,119.4517600826635,,,,,0,36254470,48634924.64,63.411782081965704,55.60298784446157,,,,,63.411782081965704,
2024-10-22,233.885,236.22,232.6,235.86,200.37549999999982,206.16066666666657,226.30099999999987,229.50750000000016,232.25500000000017,234.254,120.87181861198468,119.58085631260178,,,,,0,38846578,48651294.36,62.115687749479825,56.247998423425386,,,,,,
2024-10-23,234.08,235.144,227.76,230.76,200.6014999999998,206.50793333333323,226.49079999999987,229.72700000000015,232.37700000000018,234.05,118.31439416597307,119.46572339018098,,,,,0,52286979,48813927.32,52.59303298049801,56.34540345827843,,,,,,
2024-10-24,229.98,230.82,228.41,230.57,200.8286499999998,206.9025999999999,226.6677999999999,229.87950000000015,232.53000000000014,233.73399999999998,119.31321292365753,119.45185880231521,,,,,0,31109503,48596905.9,52.27152627795535,56.29123315204398,,,,,,
2024-10-25,229.74,233.22,229.57,231.41,201.05474999999976,207.2967999999999,226.8015999999999,230.06050000000013,232.91600000000017,233.016,119.49148604013514,119.45546127848067,,,,,1,38802304,48444671.72,53.62138995637931,56.910726937427164,,,,,,
2024-10-28,233.32,234.73,232.55,233.4,201.2937999999998,207.7137999999999,226.94859999999989,230.08050000000011,233.12600000000015,232.4,120.55556799027568,119.55547097955294,,,,,0,36087134,48279609.6,56.742655339070126,57.297597073861304,,,,,,
2024-10-29,233.1,234.325,232.32,233.67,201.5325499999998,208.1401999999999,227.1041999999999,230.45350000000013,233.10800000000017,231.962,120.37585579830721,119.6300514176215,,,,,0,35417247,48174198.28,57.163884490369,57.355170876323356,,,,,,
2024-10-30,232.61,233.47,229.55,230.1,201.76489999999978,208.5187999999999,227.1759999999999,230.61950000000016,232.94000000000014,231.83,118.34573137593414,119.51329505019538,,,,,0,47070907,48509635.76,50.202817842207956,56.9740947586942,,,,,,
2024-10-31,229.34,229.83,225.37,225.91,201.9810499999998,208.88166666666658,227.16619999999992,230.63150000000013,232.31600000000017,230.898,116.57544472844988,119.24621774821851,,,,,0,64370086,49101727.88,43.506464770967966,56.29167200198758,,,,,,
2024-11-01,220.965,225.35,220.27,222.91,202.15244999999982,209.2341999999999,227.13379999999995,230.43700000000018,231.10700000000014,229.198,117.20918982585042,119.0610333916396,,,,,0,65276741,49533356.28,39.44914057312879,54.95778436640692,,,,,,
2024-11-04,220.99,222.79,219.71,222.01,202.30469999999983,209.5886666666666,227.0371999999999,230.45300000000015,229.66000000000014,226.92,116.25974678860007,118.80637097318146,,,,,0,44944468,49658700.64,38.295321860234935,53.322502554268404,,,38.295321860234935,,,
2024-11-05,221.795,223.95,221.14,223.45,202.45249999999982,209.94733333333326,226.96259999999992,230.33700000000016,228.41900000000015,224.87599999999998,117.34422372686723,118.67344849624381,,,,,0,28111338,49608883.24,41.25585083524295,52.16158110799141,,,,,,
2024-11-06,222.61,226.065,221.19,222.72,202.5901999999998,210.3066666666666,226.85639999999992,229.99600000000018,227.6150000000001,223.39999999999995,115.5432431170529,118.38888437086281,,,,,0,54561121,49981414.48,40.20279234323277,50.89070186794405,,,,,,
2024-11-07,224.625,227.875,224.57,227.48,202.75509999999983,210.6926666666666,226.87619999999993,229.91800000000018,227.30600000000013,223.71399999999994,115.10145841731277,118.09002746599462,,,,,0,42137691,50063124.96,49.29175470558099,50.00886441473674,,,,,,
2024-11-08,227.17,228.66,226.405,226.96,202.9190499999998,211.08273333333327,226.81959999999992,229.88850000000016,226.8610000000001,224.52399999999997,113.99125075965706,117.71741140178212,,,,,0,38328824,49791575.5,48.42580763467767,48.93843766850188,,,,,,
2024-11-11,225,225.7,221.5,224.23,203.0780999999998,211.4464666666666,226.7241999999999,229.53500000000017,225.9440000000001,224.96799999999993,112.19858794802126,117.21570017871295,,,,,0,42005602,49571872.14,44.050469724356354,47.64806495242163,,,,,,
2024-11-12,224.55,225.59,223.355,224.23,203.2405999999998,211.82279999999992,226.75339999999994,229.05400000000017,225.00000000000009,225.12399999999997,112.08996657413178,116.7497243964783,,,,,0,40398299,49376026.64,44.05046972435635,47.037881862697226,,,,,,
2024-11-13,224.01,226.65,222.76,225.12,203.42599999999982,212.15666666666658,226.8387999999999,228.72100000000017,224.5020000000001,225.60399999999996,112.86096256684492,116.39620059378436,,,,,0,48566217,49470547.06,45.8986303492444,46.58267501064645,,,,,,
2024-11-14,225.02,228.87,225,228.22,203.64509999999981,212.50113333333326,226.9555999999999,228.52450000000016,224.73300000000012,225.75199999999995,114.38853608536787,116.21368563847376,,,,,0,44923941,49636717.92,51.863172395311075,46.457088041998716,,,,,,
2024-11-15,226.4,226.92,224.27,225,203.8357999999998,212.84986666666657,227.03919999999988,228.02450000000022,224.94200000000015,225.35999999999999,113.46139623072837,115.96347751049692,,,,,0,47923696,49626731.62,46.169378597856195,45.70185398905487,,,,,,
2024-11-18,225.25,229.74,225.17,228.02,204.0466499999998,213.24079999999992,227.18139999999988,227.60150000000021,225.54300000000012,226.118,116.52241752588735,116.01429023916877,,,,,1,44686020,49176852.72,51.5426421379371,45.30033667816688,,,,,,
2024-11-19,226.98,230.16,226.66,228.28,204.24964999999983,213.64266666666657,227.34479999999988,227.22250000000017,226.02600000000012,226.92799999999997,116.20042724238625,116.03121178491581,,,,,0,36211774,48869267.54,51.98698561580343,45.42777723342369,,,,,,
2024-11-20,228.06,229.93,225.89,229,204.4481499999998,214.05573333333325,227.47159999999988,227.1345000000002,226.65400000000014,227.704,116.10672354262401,116.03807649016201,,,,,0,35169566,48680917.42,53.26502697255194,46.12481739067969,,,,,,
2024-11-21,228.88,230.155,225.7103,228.52,204.6436999999998,214.4791999999999,227.5865999999999,227.03200000000024,226.75800000000012,227.76399999999998,115.86041858201287,116.02192577123937,,,,,0,42108327,48773119.46,52.266177379641974,47.04032001971634,,,,,,
2024-11-22,228.06,230.7199,228.06,229.87,204.85144999999983,214.90606666666656,227.7339999999999,226.9550000000002,227.04900000000012,228.73799999999997,115.92616874275053,116.0132205868313,,,,,0,38168252,48801152.12,54.831661191582874,48.22148711481263,,,,,,
2024-11-25,231.46,233.245,229.74,232.87,205.07154999999983,215.34586666666658,228.06499999999988,226.9285000000002,227.9130000000001,229.708,117.0332348856572,116.10594915945182,,,,,1,90152832,49417060.22,59.979214382426974,49.55887022532578,,,,,,
2024-11-26,233.33,235.57,233.33,235.06,205.3110999999998,215.78613333333325,228.43039999999985,226.99800000000022,228.9960000000001,231.064,117.77772581663433,116.25792885555933,,,,,0,45986189,49426397.22,63.269969441756245,51.20652573236316,,,,,,
2024-11-27,234.465,235.69,233.8101,234.93,205.5605499999998,216.21973333333324,228.7151999999999,227.23950000000022,229.97700000000015,232.25,117.042865398795,116.3292867231262,,,,,0,33498439,48898467.44,62.93913202719679,52.181338398192864,,,,,,
2024-11-29,234.805,237.81,233.97,237.33,205.82644999999982,216.6732666666666,228.88439999999989,227.81050000000022,230.8880000000001,234.012,118.6901227426472,116.54390817944629,,,,,0,28481377,48132468.68,66.42918086700496,53.46729362907339,,,,,,
2024-12-02,237.27,240.79,237.16,239.59,206.1050999999998,217.11386666666655,229.11219999999992,228.64450000000025,232.34700000000012,235.956,119.15177897980733,116.78098734311547,,,,,0,48137103,42721612.98,69.35567623521688,55.27480837984915,,,,,,
2024-12-03,239.81,242.76,238.9,242.65,206.40679999999983,217.59599999999992,229.43579999999992,229.6765000000002,233.8100000000001,237.91199999999998,120.37922059022945,117.10809945648947,,,,,0,38861017,42415912.86,72.81162167884442,57.32917637659829,,,,,,
2024-12-04,242.87,244.11,241.25,243.01,206.71404999999982,218.08739999999992,229.7485999999999,230.65450000000024,235.28300000000007,239.502,120.50341577587618,117.41676457643372,,,,,0,44383935,42432470.2,73.19462668755452,59.2788904007633,,,,,,
2024-12-05,243.99,244.54,242.13,243.04,207.0176499999998,218.55413333333325,230.0819999999999,231.67050000000026,236.68700000000007,241.12399999999997,119.79337811017206,117.63282035222811,,,,,0,40033878,42386973.46,73.22847193914822,60.804983225323106,,,,,,
2024-12-06,242.905,244.63,242.08,242.84,207.30999999999983,218.95053333333325,230.38839999999985,232.43850000000026,238.11900000000009,242.22599999999997,119.91901367878717,117.84065610918802,,,,,0,36870619,42391651.7,72.57061701948464,62.690785969725134,,,,,,
2024-12-09,241.83,247.24,241.75,246.75,207.63114999999982,219.38413333333327,230.76759999999987,233.42800000000025,239.80700000000007,243.658,121.54613580984783,118.17751790015708,,,,,0,44649232,42604117,76.9334133006783,64.5044124813495,,,,,,
2024-12-10,246.89,248.21,245.34,247.77,207.9641999999998,219.81993333333327,231.06299999999985,234.6050000000002,241.29700000000008,244.68199999999996,122.80351041824994,118.59806267452916,,,,,0,36914806,42246545.3,77.92004524552263,66.35677388347231,,,,,,
2024-12-11,247.96,250.8,246.2601,246.49,208.2834999999998,220.24493333333328,231.46859999999987,235.71800000000022,242.44000000000005,245.378,122.53227062585961,118.95571794283192,,,,,0,45205814,41884960.62,73.66200413141314,67.81370082339097,,,,,,
2024-12-12,246.89,248.74,245.68,247.96,208.61619999999982,220.66753333333327,231.89219999999986,236.8600000000002,243.74300000000002,246.362,122.26462727927182,119.25652788250828,,,,,0,32777532,41882899.16,75.3293773210511,69.46107224777732,,,,,,
2024-12-13,247.815,249.2902,246.24,248.13,208.9530999999998,221.10139999999996,232.34139999999988,237.8555000000002,244.82300000000004,247.42,123.01425325346001,119.59813927986752,,,,,0,33155290,41865121.8,75.52236774696023,70.93897985887571,,,,,,
2024-12-16,247.99,251.38,247.65,251.04,209.30999999999977,221.5331333333333,232.8261999999999,239.1575000000002,245.96800000000002,248.27800000000002,124.46042689899984,120.04016542706137,,,,,0,51694753,42152114.9,78.60732715574167,72.2695593426839,,,,,,
2024-12-17,250.08,253.83,249.78,253.48,209.70189999999977,221.9734666666666,233.4619999999999,240.43050000000022,247.05100000000007,249.42000000000002,125.19447421580588,120.50873895331087,,,,,0,51356360,42389135.02,80.79316244116578,73.52121598549887,,,,,80.79316244116578,
2024-12-18,252.16,254.28,247.74,248.05,210.09154999999976,222.36233333333328,233.9075999999999,241.41900000000024,247.55500000000006,249.73200000000003,122.98780286252602,120.73410839960316,,,,,0,56774101,42887503.18,64.9005454762922,73.66131694614855,,,64.9005454762922,,,
2024-12-19,247.5,252,247.0949,249.79,210.49489999999977,222.76199999999992,234.31259999999992,242.45850000000024,248.23000000000008,250.098,127.61381227042132,121.35953602422299,,,,,0,60882264,43433326.64,67.1317120441804,73.71149774451821,,,,,,
2024-12-20,248.04,255,245.69,254.49,210.92234999999974,223.19279999999995,234.82159999999988,243.7570000000002,249.39500000000007,251.37000000000003,130.12798551917737,122.15666779649158,,,,,0,147495267,45819561.1,72.26098643746707,73.9190199018218,,,,,,
2024-12-23,254.77,255.65,253.45,255.27,211.34504999999976,223.62099999999992,235.37599999999986,245.0270000000002,250.247,252.21599999999998,129.12336195210122,122.79000362881972,,,,,0,40858774,46001552.82,73.0136559591819,73.9334509218459,,,,,,
2024-12-24,255.49,258.21,255.29,258.2,211.77230000000006,224.05999999999995,235.91400000000002,246.29350000000022,251.29000000000005,253.16000000000003,129.66013176924312,123.41456073249458,,,,,0,23234705,45668605.22,75.68286963574693,74.1111825610025,,,,,,
2024-12-26,258.19,260.1,257.63,259.02,212.20125000000007,224.51413333333326,236.41740000000001,247.49150000000017,252.54300000000003,255.35399999999998,128.65125288697942,123.89062365562957,,,,,0,27262983,44918837.54,76.38679268213802,74.3367768997875,,,,,76.38679268213802,
2024-12-27,257.83,258.7,253.06,255.59,212.62355000000008,224.9721999999999,236.89360000000005,248.52450000000016,253.30600000000004,256.514,126.99955942612772,124.17325418022031,,,,,0,42355321,45084299.16,67.57500725605897,73.97994763097138,,,,,,
2024-12-30,252.23,253.5,250.75,252.2,213.0195500000001,225.38699999999992,237.29460000000003,249.26800000000017,253.71300000000002,256.056,126.7156267533098,124.40437895959208,,,,,0,35557542,45135573.8,60.18531371578943,72.78365480347931,,,,,,
2024-12-31,252.44,253.28,249.43,250.42,213.4085500000001,225.7898666666666,237.60300000000004,249.80950000000016,253.651,255.08599999999996,127.18238684938926,124.65692513139183,,,,,0,39480718,44996558.72,56.68039323549466,71.26653680276303,,,,,,
2025-01-02,248.93,249.1,241.8201,243.85,213.75920000000013,226.14693333333324,237.75040000000004,249.86950000000016,252.68800000000002,252.21599999999998,124.37899762310384,124.63165899427474,,,,,0,55740731,45386283.94,46.02615533557008,69.29254760305994,,,,,,
2025-01-03,243.36,244.18,241.89,243.36,214.09560000000013,226.49406666666658,237.90040000000005,249.88700000000017,252.219,249.084,124.4053055604782,124.61108140938416,,,,,0,40244114,45414234.66,45.34161054234695,67.15056426172394,,,,,,
2025-01-06,244.31,247.33,243.2,245,214.42725000000013,226.84573333333324,238.18520000000004,249.98500000000018,251.74000000000007,246.96600000000004,123.6861501802284,124.52699675218818,,,,,0,45045571,45269406.5,48.12265155979595,65.1934416769265,,,,,,
2025-01-07,242.98,245.55,241.35,242.21,214.78145000000012,227.16693333333325,238.41800000000003,249.95350000000016,250.51200000000003,244.96800000000002,121.60418518016459,124.26128660927695,,,,,0,40855960,45464335.64,44.01929994047842,62.72286830440769,,,,,,
2025-01-08,241.92,243.7123,240.05,242.7,215.1335500000001,227.48926666666657,238.64380000000006,249.7510000000002,249.25500000000002,243.42400000000004,123.21840169774345,124.16647889004663,,,,,0,37628940,45440868.36,44.90779677645862,60.15962789978575,,,,,,
2025-01-10,240.01,240.16,233,236.85,215.4635500000001,227.7624666666666,238.71280000000002,249.2050000000002,247.12000000000003,242.02400000000003,120.06062592721509,123.79321952978923,,,,,0,61710856,45953342.8,37.29691551326944,58.18794004528412,,,,,,
2025-01-13,233.53,234.67,229.72,234.4,215.7870000000001,228.0285999999999,238.72740000000002,248.60050000000018,244.65800000000004,240.23200000000003,120.6789736795589,123.51010627067738,,,,,0,49630725,46237612.36,34.64846366109201,55.86770801792067,,,,,,
2025-01-14,234.75,236.12,232.472,233.28,216.08685000000008,228.2711999999999,238.79100000000003,247.86650000000017,242.42700000000005,237.888,119.91343697365242,123.1831363345842,,,,,0,39435294,46084900.1,33.4781110391243,53.097502632324755,,,,,,
2025-01-15,234.635,238.96,234.43,237.87,216.4188000000001,228.56953333333323,239.0302,247.35350000000017,240.99400000000006,237.02000000000004,122.13284499135705,123.08765530338174,,,,,0,39831969,45594137.76,42.108439981036355,50.88998720531436,,,,,,
2025-01-16,237.35,238.01,228.03,228.26,216.70995000000005,228.71026666666657,239.13719999999998,246.21450000000019,238.77800000000008,234.132,115.0906230672009,122.36065237281984,,,,,0,71759052,45723783.98,32.57851561208052,47.81110477505248,,,,,,
2025-01-17,232.115,232.29,228.48,229.98,217.0156500000001,228.82299999999992,239.29659999999996,245.03950000000017,237.39100000000008,232.75800000000004,116.2033567163802,121.80089822223442,,,,,0,68488301,46194660.64,35.39667104086003,44.88323894353262,,,,,,
2025-01-21,224,224.42,219.38,222.64,217.28060000000005,228.87899999999993,239.28040000000001,243.76900000000018,235.31900000000005,230.40600000000003,111.38218838851692,120.85374278280555,,,,,0,98070429,47593842.46,29.69279577559162,42.177366694927805,,,29.69279577559162,,,
2025-01-22,219.79,224.12,219.79,223.83,217.55565000000007,228.9545999999999,239.30259999999998,242.47100000000017,233.20200000000008,228.51600000000002,111.00421045323125,119.95833075284425,,,,,0,64126500,47785150.04,31.616742188785096,40.13675444299893,,,,,,
2025-01-23,224.74,227.03,222.3,223.66,217.82605000000004,229.0011999999999,239.22619999999998,240.9295000000002,231.34700000000012,225.67400000000004,110.24323240820458,119.07513999424064,,,,,0,60234760,48147091.42,31.48419443502408,38.33702595725102,,,,,,
2025-01-24,224.78,225.63,221.41,222.78,218.09770000000003,229.05779999999993,239.14259999999996,239.30500000000015,229.3550000000001,224.57800000000003,109.22872757700956,118.18001159267418,,,,,0,54697907,48474473.08,30.765187216058365,37.24695680585733,,,,,,
2025-01-27,224.02,232.15,223.98,229.86,218.39865,229.19233333333324,239.25519999999997,237.88800000000015,228.6560000000001,224.55400000000003,113.02274124154887,117.71116883348097,,,,,0,94863418,49531629.4,42.2016423815168,37.022673365798035,,,,,,
2025-01-28,230.85,240.19,230.81,238.26,218.75105000000002,229.3974666666666,239.53579999999994,236.8500000000002,229.0420000000001,227.67800000000005,118.8864808583751,117.81801538119862,,,,,1,75707569,50237814.8,52.27441215513136,37.31922769403628,,,,,,
2025-01-29,234.12,239.855,234.01,239.36,219.07265000000004,229.60559999999992,239.82059999999998,236.03850000000017,229.6500000000001,230.78400000000005,118.34448251482026,117.86587602970968,,,,,0,45486100,50176212.46,53.419234541803085,37.9906515941309,,,,,53.419234541803085,
2025-01-30,238.665,240.79,237.21,237.59,219.37785000000002,229.79573333333323,240.00799999999998,235.30800000000016,229.62200000000007,233.57000000000002,118.02156534179346,117.88002960353548,,,,,0,55658279,50390899.22,51.28735626456221,38.446334414709725,,,,,,
2025-01-31,247.19,247.19,233.44,236,219.69440000000003,229.9473999999999,240.22799999999995,234.58700000000016,230.3960000000001,236.21400000000003,116.61653912419001,117.76516683268589,,,,,0,101075128,51453927.86,49.38087700984864,39.30947452160824,,,,,,
2025-02-03,229.99,231.83,225.7,228.01,219.98755000000006,230.04013333333322,240.22779999999995,233.79500000000016,230.19900000000007,235.84400000000005,113.2402508393317,117.35381083329005,,,,,0,73063301,52021473.48,41.110760623331046,39.771067161768165,,,41.110760623331046,,,
2025-02-04,227.25,233.13,226.65,232.8,220.31155,230.18799999999987,240.31819999999996,233.26700000000014,231.2150000000001,234.75200000000004,116.50524306957284,117.27666830931577,,,,,0,45067301,52198584.02,46.85686380784273,40.72669235953377,,,,,,
2025-02-05,228.53,232.67,228.27,232.47,220.63870000000003,230.2927999999999,240.3876,232.64050000000015,232.0790000000001,233.37400000000002,115.50558224810322,117.11566048556917,,,,,0,39664989,52288492.48,46.520087825698546,41.041810062723926,,,,,,
2025-02-06,231.285,233.8,230.425,233.22,220.97979999999998,230.37913333333321,240.48159999999996,232.19100000000012,233.03500000000008,232.50000000000006,115.42744581759868,116.96218642484457,,,,,0,29925349,52044832.92,47.44460964881086,42.10367392249038,,,,,,
2025-02-07,232.6,234,227.26,227.63,221.28875,230.41966666666656,240.43679999999998,231.43750000000014,233.52000000000007,230.82600000000002,112.25170788156935,116.53396110272864,,,,,0,39707224,52075612.36,41.66342689860827,42.55129934090097,,,,,,
2025-02-10,229.57,230.585,227.2,227.65,221.5925,230.42839999999987,240.33239999999995,230.97750000000013,233.29900000000012,230.75400000000005,113.33426264275688,116.24307942454939,,,,,0,33115645,50934868.62,41.69080288352885,43.408299848610774,,,,,,
2025-02-11,228.2,235.23,228.13,232.62,221.91050000000004,230.46039999999988,240.28359999999998,230.88850000000016,232.73500000000007,230.71800000000002,115.0359765596024,116.1333428004633,,,,,0,53718362,51089512.08,48.196568922102486,44.592573186704875,,,,,,
2025-02-12,231.2,236.96,230.68,236.87,222.24540000000002,230.51499999999984,240.32239999999993,231.06800000000015,232.48600000000005,231.598,117.09832264698467,116.22106824105614,,,,,1,45243292,51324409.14,53.02338069787678,46.13108649119435,,,,,,
2025-02-13,236.91,242.3399,235.57,241.53,222.60655,230.57199999999986,240.40639999999996,231.25100000000015,232.8800000000001,233.26000000000005,119.72775851869969,116.53985826629646,,,,,0,53614054,51827062.68,57.67959850730198,48.05354444056889,,,,,,
2025-02-14,241.25,245.55,240.99,244.6,222.96205,230.6855333333332,240.50659999999996,232.06800000000015,233.7400000000001,236.654,119.99843011048098,116.85427388849506,,,,,0,40896227,51682245.16,60.46010660681053,49.357720456661305,,,,,,
2025-02-18,244.15,245.18,241.84,244.47,223.33274999999998,230.77839999999986,240.54299999999992,232.79250000000016,235.3860000000001,240.01800000000003,119.94367597659381,117.13512862377677,,,,,0,48822491,51881474.64,60.27949997780292,49.929512443994994,,,,,,
2025-02-19,244.66,246.01,243.1604,244.87,223.71059999999997,230.84819999999988,240.58019999999993,233.90400000000014,236.59300000000013,242.468,119.84690606355748,117.38165384557502,,,,,0,32204215,51637880.24,60.66881674864687,50.447339744483834,,,,,,
2025-02-20,244.94,246.78,244.29,245.83,224.0746,230.9215999999999,240.6359999999999,235.00400000000013,237.9290000000001,244.26,120.03144459598903,117.62254391379447,,,,,0,32316907,51483540.82,61.640571033027044,51.18685508508846,,,,,,
2025-02-21,245.95,248.69,245.22,245.55,224.38545,231.0327333333332,240.6901999999999,236.09850000000014,239.1620000000001,245.064,120.41664010357154,117.87655265831967,,,,,0,53197431,51810077.06,61.16589178496817,52.02864185473987,,,,,,
2025-02-24,244.925,248.86,244.42,247.1,224.71239999999997,231.18553333333324,240.6971999999999,237.31450000000012,241.10900000000007,245.564,123.28042680006386,118.36781394393277,,,,,0,51326396,51943620.34,62.870449212825804,53.582905325418054,,,,,62.870449212825804,
2025-02-25,248,250,244.91,247.04,225.0356,231.33706666666654,240.68259999999995,238.17350000000016,243.0480000000001,246.07799999999997,123.86558498210005,118.86761131103889,,,,,0,48013272,52165589.66,62.7556192680005,54.718530715429324,,,,,,
2025-02-26,244.33,244.98,239.13,240.36,225.3237,231.4463999999999,240.55999999999997,238.27850000000012,243.82200000000006,245.17600000000002,121.08287463519646,119.0689988859623,,,,,0,44433564,52150144.66,51.48177565981727,55.072936989294945,,,,,,
2025-02-27,239.41,242.46,237.06,237.3,225.58734999999996,231.52833333333322,240.34679999999992,238.1755000000001,243.86500000000007,243.46999999999997,119.52512310970154,119.11046472448405,,,,,0,41153639,52317666.8,47.29070642443678,55.06194390183965,,,,,,
2025-02-28,236.95,242.09,230.2,241.84,225.88129999999998,231.6836666666666,240.22099999999992,238.3880000000001,243.8960000000001,242.728,123.77592313309086,119.53459730708467,,,,,0,56833360,52791228.2,53.35766106321897,55.89724634216899,,,,,,
2025-03-03,241.79,244.0272,236.112,238.03,226.14004999999997,231.82059999999987,239.96079999999992,238.48950000000013,243.2390000000001,240.914,119.92422550302209,119.57001805216989,,,,,0,47183985,52701012.84,48.33012413848509,56.37148357466587,,,,,,
2025-03-04,237.705,240.07,234.68,235.93,226.38254999999998,231.9403999999999,239.60979999999992,238.88550000000015,242.38500000000013,238.692,120.99574166924515,119.69962929008582,,,,,0,53798062,52749846.88,45.77023794750937,56.19817421933778,,,,,,
2025-03-05,235.42,236.55,229.23,235.74,226.61264999999995,232.05706666666654,239.36359999999993,239.0325000000001,241.47200000000007,237.76799999999997,122.39578826404345,119.9447346513547,,,,,0,47227643,52558917.72,45.53523714828926,55.66330682293868,,,,,,
2025-03-06,234.435,237.86,233.1581,235.33,226.84009999999998,232.16726666666654,239.0743999999999,239.17550000000014,240.4220000000001,237.37399999999997,120.83448863694714,120.02562137731765,,,,,0,45170419,52244680.82,44.9983320544017,54.75750207630295,,,,,,
2025-03-07,235.105,241.37,234.76,239.07,227.08609999999996,232.2805333333332,238.7659999999999,239.46800000000013,239.77400000000011,236.82,124.98148480534215,120.47615441622897,,,,,0,46273565,50220246.78,50.707857888631274,54.060912882147285,,,,,,
2025-03-10,235.54,236.16,224.22,227.48,227.26829999999995,232.3413333333332,238.2101999999999,239.46050000000014,237.81200000000007,234.70999999999995,118.26993565203226,120.27558907402927,,,,,0,72071197,50844495.24,37.6608523994758,52.44529519798106,,,,,,
2025-03-11,223.805,225.8399,217.45,220.84,227.41074999999992,232.34786666666656,237.46299999999988,239.12000000000018,235.19200000000006,231.69199999999995,118.00055213685869,120.0687675342865,,,,,0,76137410,51902549.34,32.50136549046695,50.43333439382535,,,,,,
2025-03-12,220.14,221.75,214.91,216.98,227.54114999999993,232.39926666666656,236.6221999999999,238.33800000000014,232.85400000000004,227.93999999999997,116.82172545979239,119.77358189115067,,,,,0,62547467,52608239.02,29.93401451989061,48.16858035717275,,,,,,
2025-03-13,215.95,216.8394,208.42,209.68,227.65514999999996,232.41559999999987,235.7039999999999,236.97850000000017,230.09200000000004,222.81,112.34281489260245,119.09805761855537,,,,,0,61368330,52988499.2,25.785608474253237,45.64141726355026,,,25.785608474253237,,,
2025-03-14,211.25,213.95,209.58,213.49,227.77269999999993,232.44006666666652,234.92979999999991,235.57650000000018,227.25700000000006,217.69399999999996,115.99502311859214,118.81596357310417,,,,,0,60107582,53479500,31.148700326707598,43.37557805739896,,,,,,
2025-03-17,213.31,215.22,209.97,214,227.89274999999995,232.44466666666656,234.20139999999992,234.04650000000015,224.8540000000001,214.99799999999996,113.85138669924967,118.36463840275376,,,,,0,48073426,53651354.16,31.858553189694376,41.16864476609138,,,,,,
2025-03-18,214.16,215.15,211.49,212.69,228.00474999999994,232.42099999999985,233.57819999999992,232.45750000000015,222.53000000000006,213.368,112.43306297146664,117.82540427263675,,,,,0,42432426,53385188.06,30.97515701351668,39.70388629135562,,,,,,
2025-03-19,214.22,218.76,213.75,215.24,228.12449999999993,232.4057333333332,233.0157999999999,230.9760000000002,220.48000000000008,213.01999999999998,115.00627821858888,117.56912008590513,,,,,0,54385391,53668013.6,34.76700033198338,38.80933585618038,,,,,,
2025-03-20,213.99,217.4899,212.22,214.1,228.23374999999993,232.3579333333332,232.3977999999999,229.38950000000017,218.3570000000001,213.904,113.17463394005603,117.16962134537339,,,,,0,48862947,53744361.12,33.87117252003753,37.4174438173817,,,,,,
2025-03-21,211.56,218.84,211.28,218.27,228.35494999999992,232.33493333333317,231.9189999999999,228.0255000000002,216.2770000000001,214.85999999999996,115.63197524934309,117.02983533664336,,,,,0,94127768,54809797.28,39.964841621000794,36.819923637561395,,,,,,
2025-03-24,221,221.48,218.58,220.73,228.4868499999999,232.3083333333332,231.47959999999992,226.7070000000002,215.6020000000001,216.20599999999996,116.83843340267522,117.01243516082808,,,,,0,44299483,54943208.14,43.28507883763412,36.642412272570304,,,,,,
2025-03-25,220.77,224.1,220.08,223.75,228.6262499999999,232.29299999999984,231.21759999999992,225.54250000000016,215.89300000000011,218.41799999999995,116.38370472088717,116.95527784810618,,,,,0,34493583,54398862.68,47.14937247698012,36.757707653191076,,,,,,
2025-03-26,223.51,225.02,220.47,221.53,228.76149999999996,232.2639333333332,230.9601999999999,224.60100000000017,216.3480000000001,219.676,115.0474495642811,116.781838913213,,,,,0,34532656,54096901.3,44.736335858699476,36.73899363921235,,,,,,
2025-03-27,221.39,224.99,220.5601,223.85,228.89629999999994,232.24619999999985,230.7715999999999,223.9285000000002,217.7650000000001,221.62599999999992,117.56395510669249,116.8529403853475,,,,,1,37094774,54050090.9,47.74606026046941,36.52743666577222,,,,,,
2025-03-28,221.67,223.81,217.68,217.9,229.02019999999993,232.1895333333332,230.3721999999999,222.73150000000024,218.20600000000007,221.55199999999996,114.81877006737722,116.66801581098656,,,,,0,39818617,54049823.86,41.503216413293444,36.80189123818776,,,,,,
2025-03-31,217.005,225.62,216.23,222.13,229.09509999999995,232.17353333333318,230.24959999999993,221.9365000000002,219.0190000000001,221.83199999999997,119.40440247628092,116.91677823510423,,,,,1,65299321,53920629.24,46.826150821435355,37.82509019039979,,,,,,
2025-04-01,219.805,223.68,218.9,223.19,229.14569999999995,232.1491999999999,230.11379999999994,221.29950000000022,220.0690000000001,221.71999999999994,119.313807948908,117.1346900272682,,,,,0,36412740,53279118.02,48.10062613299009,39.12270530562118,,,,,,
2025-04-02,221.315,225.19,221.02,223.89,229.19394999999994,232.1272666666665,230.1387999999999,220.7070000000002,220.93400000000005,222.19199999999995,119.23714641775517,117.32582242640339,,,,,0,35905904,52035827.52,48.97045118981153,40.778765499589625,,,,,48.97045118981153,
2025-04-03,205.54,207.49,201.25,203.19,229.14744999999996,231.96166666666653,229.7259999999999,219.10000000000022,219.84300000000007,218.05999999999995,107.48935810036362,116.4315983967634,,,,,0,103419006,52821677.64,31.928858610207882,40.83449109126821,,,,,,
2025-04-04,193.89,199.88,187.34,188.38,229.00599999999994,231.70759999999984,229.0203999999999,216.5655000000002,216.8540000000001,212.15599999999995,104.72323779627945,115.3672019785376,,,,,0,125910913,54135200.7,25.177905783191918,40.357301990803755,,,,,,
2025-04-07,177.2,194.15,174.62,181.46,228.84184999999994,231.38539999999983,228.1939999999999,214.26450000000023,212.92700000000008,204.02199999999993,107.28623260525534,114.6325683991483,,,,,0,160466286,56250568.28,22.75672529209413,39.770271153559285,,,,,,
2025-04-08,186.7,190.335,169.2101,172.42,228.65554999999992,231.00819999999987,227.0451999999999,211.84350000000023,207.79400000000004,193.86799999999994,102.1800625809918,113.50052241567953,,,,,0,120859491,56770489.74,20.044917774718428,38.718693828040365,,,20.044917774718428,,,
2025-04-09,171.95,200.61,171.89,198.85,228.61234999999996,230.84873333333317,226.2569999999999,210.93700000000027,205.52600000000007,188.85999999999993,119.72232368276343,114.06614071268716,,,,,1,184395885,58944256.06,41.85929441874538,39.28927396366235,,,,,,
2025-04-10,189.065,194.7799,183,190.42,228.52374999999992,230.6458666666665,225.27819999999988,209.97400000000025,202.18300000000005,186.3059999999999,104.68600246660642,113.21340087213436,,,,,0,121879981,60472133.68,38.2725590925226,39.16839664019962,,,,,,
2025-04-11,186.1,199.54,186.06,198.15,228.46914999999993,230.4843333333332,224.48939999999988,209.20700000000025,200.20800000000003,188.2599999999999,112.84040045101992,113.17949174294213,,,,,0,87435915,61107686.4,43.08812083033044,39.154328211106495,,,,,,
2025-04-14,211.44,212.94,201.1621,202.52,228.41549999999992,230.36233333333317,223.81979999999987,208.6330000000002,198.247,192.4719999999999,113.27994630221782,113.18862397560356,,,,,1,101352911,61113242.06,45.66863316901694,39.048561117680556,,,,,,
2025-04-15,201.855,203.51,199.8,202.14,228.35569999999996,230.23719999999986,223.30239999999986,208.1055000000002,196.14200000000002,198.41599999999988,112.17619072283183,113.09658458898795,,,,,0,51343872,60678853.48,45.475539640572336,39.10136138781433,,,,,,
2025-04-16,198.36,200.7,192.37,194.27,228.27394999999993,230.0649333333332,222.5317999999999,207.0570000000002,193.18,197.4999999999999,107.99537488279701,112.6328382520615,,,,,0,59732423,60972155.92,41.55662508817446,38.65925887550755,,,,,,
2025-04-17,197.2,198.8335,194.42,196.98,228.17509999999996,229.89373333333316,221.82199999999986,206.20100000000025,192.55900000000003,198.8119999999999,112.01146385984066,112.57634967095052,,,,,0,52164675,61222149.64,43.36646776249121,38.792348257593105,,,,,,
2025-04-21,193.265,193.8,189.8112,193.16,228.03954999999993,229.69633333333323,221.02079999999987,204.9455000000002,193.03700000000003,197.8139999999999,109.69411417289298,112.3143282620362,,,,,0,46742537,61558493.4,41.419369898301376,38.406149620226394,,,41.419369898301376,,,
2025-04-22,196.12,201.59,195.97,199.74,227.9304999999999,229.54459999999986,220.46299999999988,203.8960000000002,194.86500000000004,197.25799999999987,116.16865605958681,112.66472169817716,,,,,1,52976371,61823876.34,45.92329505833781,38.250625972036936,,,,,,
2025-04-23,206,208,202.799,204.6,227.82179999999994,229.46646666666652,220.00199999999987,202.9385000000002,198.08300000000003,197.7499999999999,116.07917893554371,112.97512690157411,,,,,0,52929165,62220146.74,49.03976949895583,38.255577279832956,,,,,,
2025-04-24,204.89,208.8299,202.94,208.37,227.72454999999994,229.4103333333332,219.51699999999985,202.2805000000002,199.03500000000003,200.56999999999988,116.2811462373392,113.2756741139164,,,,,0,47310989,62091999.28,51.380511245369554,39.64498103948737,,,,,,
2025-04-25,206.365,209.75,206.2,209.28,227.62754999999993,229.3342666666665,218.9651999999999,201.5520000000002,200.92100000000005,203.0299999999999,114.469495585967,113.38420333864826,,,,,0,38222258,61951578.6,51.95418163962469,41.557572172089706,,,,,,
2025-04-28,210,211.5,207.46,210.14,227.51334999999992,229.20939999999982,218.33739999999986,201.16400000000016,202.12000000000003,206.42599999999987,114.09862412718405,113.44915068306061,,,,,0,38743074,61654159,52.52430018346913,43.68382752147364,,,,,,
2025-04-29,208.693,212.24,208.37,211.21,227.43154999999996,229.09613333333317,217.6695999999999,200.6180000000002,202.98900000000003,208.71999999999989,114.60658305509031,113.55437180779059,,,,,0,36827633,61572787.12,53.26731978563539,46.05685623653914,,,,,,
2025-04-30,209.3,213.58,206.6705,212.5,227.34134999999995,229.00299999999984,217.0301999999999,200.08350000000016,204.02500000000003,210.29999999999987,114.64136584172839,113.65318944723948,,,,,0,52286454,61642066.38,54.19800729514371,46.93819287056759,,,,,,
2025-05-01,209.08,214.56,208.9,213.32,227.23594999999997,228.9093333333332,216.39919999999987,199.55500000000015,205.93,211.28999999999988,114.91326199886157,113.76774149738695,,,,,0,57365675,62145295.58,54.814028477174475,48.11972639804272,,,,,54.814028477174475,
2025-05-02,206.09,206.99,202.16,205.35,227.08859999999996,228.76919999999984,215.58959999999988,199.66300000000015,206.767,210.50399999999985,109.92785677705548,113.4186610682659,,,,,0,101010621,63519169.86,48.0496123928679,48.47411865250968,,,,,,
2025-05-05,203.1,204.1,198.21,198.89,226.93864999999997,228.57833333333318,214.65639999999988,200.18850000000015,207.34,208.25399999999985,104.9245075316618,112.64646529221099,,,,,0,69018452,63835590.28,43.37702692036859,48.310432491891945,,,,,,
2025-05-06,198.21,200.65,197.02,198.51,226.81029999999998,228.3831333333332,213.68459999999988,201.04100000000014,207.217,205.71399999999986,105.39663774230715,111.98739006040155,,,,,0,51216482,63833392,43.11144670145139,48.14156871052616,,,,,,
2025-05-07,199.17,199.44,193.25,196.25,226.67,228.1381333333332,212.66879999999986,202.23250000000013,206.382,202.46399999999988,105.00454796768267,111.35258623379075,,,,,0,68616943,64245465.42,41.484651385187675,48.136427731741385,,,41.484651385187675,,,
2025-05-08,197.72,200.05,194.6796,197.49,226.53764999999999,227.94666666666652,211.81139999999988,202.16450000000015,205.294,199.29799999999986,105.2107251117421,110.79423522269542,,,,,0,50478872,64366371.58,42.760887808068155,48.09317202071117,,,,,,
2025-05-09,199,200.5399,197.535,198.53,226.40524999999997,227.75833333333318,211.0359999999999,202.57000000000014,204.219,197.93399999999988,105.15452996583656,110.28153474479916,,,,,0,36453923,64272377.26,43.866692200176885,48.267980756559425,,,,,,
2025-05-12,210.97,211.2679,206.75,210.79,226.36649999999997,227.65913333333322,210.41499999999994,203.20200000000014,204.284,200.3139999999999,111.72812240498949,110.41304271390737,,,,,1,63775814,64411226.34,54.9224300396086,48.91077611236448,,,,,,
2025-05-13,210.43,213.4,209,212.93,226.34369999999998,227.56666666666652,209.9129999999999,203.72250000000014,204.45600000000002,203.19799999999992,109.30324081995826,110.31215163263927,,,,,0,51909332,64505733.28,56.531767301399285,49.445918812539006,,,,,56.531767301399285,
2025-05-14,212.43,213.94,210.5801,212.33,226.31555,227.50426666666652,209.4409999999999,204.23200000000014,204.43900000000002,206.4139999999999,108.21127521430245,110.12116286733593,,,,,0,49325825,64416288.54,55.92886802770017,49.77080143984834,,,,,,
2025-05-15,210.95,212.96,209.54,211.45,226.2816,227.40879999999984,208.9551999999999,205.09100000000018,204.252,209.2059999999999,107.6525183408937,109.89674063765936,,,,,0,45029473,64372325.14,55.00235907505678,49.98852839952206,,,,,,
2025-05-16,212.36,212.57,209.77,211.26,226.24389999999997,227.28693333333314,208.4737999999999,205.80500000000015,204.84300000000002,211.75199999999987,107.11316022525233,109.64368787289509,,,,,0,54737850,64563673.76,54.79131124231224,50.150457760867994,,,,,,
2025-05-19,207.91,209.48,204.26,208.78,226.17739999999995,227.1518666666665,207.8679999999999,206.58600000000015,205.83200000000002,211.34999999999985,105.11935311167316,109.232384712784,,,,,0,46140527,64561013,51.98730088787958,50.05902783959972,,,,,,
2025-05-20,207.67,208.47,205.03,206.86,226.11989999999994,227.01393333333317,207.45559999999995,206.94200000000015,206.667,210.13599999999988,104.06147974626023,108.76230244310001,,,,,0,42496635,63969521.76,49.85988018654428,49.74916161755691,,,,,,
2025-05-21,205.17,207.04,200.71,202.09,226.03104999999996,226.81919999999982,207.0805999999999,206.81650000000013,207.25100000000003,208.08799999999988,102.05792490467896,108.15281357597082,,,,,0,59211774,63631009.04,44.93962744141956,49.04384725786012,,,,,,
2025-05-22,200.71,202.75,199.7,201.36,225.99149999999995,226.60259999999985,206.76819999999992,206.46600000000018,207.638,206.06999999999988,103.3565911898464,107.71679335905043,,,,,0,46742407,63314907.84,44.220429716698135,48.770334209562286,,,,,,
2025-05-23,193.665,197.7,193.46,195.27,225.93169999999995,226.35919999999984,206.47999999999993,205.76550000000015,207.31200000000004,202.8719999999999,100.27559055118111,107.04032037651686,,,,,0,78432918,63656199.6,38.66166260415789,48.433522472690086,,,38.66166260415789,,,
2025-05-27,198.3,200.74,197.43,200.21,225.88364999999993,226.14626666666655,206.21439999999996,205.26900000000015,206.254,201.1579999999999,103.50639257052163,106.71905421233548,,,,,0,56288475,63579817.46,44.73087642807427,48.54919602459172,,,,,,
2025-05-28,200.59,202.73,199.9,200.42,225.8192,225.91573333333318,205.94279999999992,204.72950000000014,205.00300000000001,199.8699999999999,101.53794711839677,106.24804447652286,,,,,0,45339678,63525142.5,44.98010465479346,48.798871258135,,,,,,
2025-05-29,203.575,203.81,198.51,199.95,225.73774999999998,225.67219999999986,205.68799999999993,204.10200000000015,203.76500000000001,199.4419999999999,101.86700993112066,105.84976860875902,,,,,0,51477938,63706052.74,44.49648537595312,48.92284251298391,,,,,,
2025-05-30,199.37,201.96,196.78,200.85,225.65434999999997,225.43879999999984,205.40019999999993,203.47850000000014,202.705,199.33999999999986,101.91672107412154,105.49221883288288,,,,,0,70819942,64034743.76,45.70043639233499,49.053824240995205,,,,,,
2025-06-02,200.28,202.13,200.12,201.7,225.55649999999997,225.24506666666653,205.1521999999999,203.29600000000013,201.74900000000002,200.62599999999986,102.35669048392334,105.2071708011593,,,,,0,35423294,63765950.7,46.87254655670261,48.47883256364479,,,,,,
2025-06-03,201.35,203.77,200.955,203.27,225.46425,225.06306666666651,204.85219999999993,203.51500000000016,201.19800000000004,201.2379999999999,102.73166047557679,104.98212440792452,,,,,0,46381567,62811026.68,49.05979536288246,47.94512028232215,,,,,,
2025-06-04,202.91,206.24,202.1,202.82,225.35475000000002,224.87246666666653,204.49399999999991,203.73050000000015,200.79400000000004,201.71799999999988,101.91345245512835,104.70315423039759,,,,,0,43603985,62797116.72,48.44416755162106,47.41049881974508,,,,,,
2025-06-05,203.5,204.75,200.15,200.63,225.22765000000004,224.65399999999985,204.0315999999999,203.94950000000014,200.64800000000002,201.85399999999987,100.80524953021529,104.34879925765374,,,,,0,55221235,63211669.76,45.45474046327377,46.728526061760576,,,,,,
2025-06-06,203,205.7,202.05,203.92,225.11780000000002,224.4556666666665,203.6793999999999,204.27100000000016,200.90400000000005,202.4679999999999,103.00221070195259,104.22638211622636,,,,,0,46607693,63453170.5,50.405962478264335,46.41528686432857,,,,,50.405962478264335,
2025-06-09,204.39,206,200.02,201.45,224.99250000000004,224.2646666666665,203.23139999999992,204.41700000000017,201.52200000000002,202.4179999999999,100.71878900801117,103.90751001547953,,,,,0,72862557,64168526.16,46.959566269568796,46.05616296302067,,,,,,
2025-06-10,200.6,204.35,200.57,202.67,224.87385000000006,224.1097333333332,202.92679999999993,204.01100000000014,201.76800000000003,202.29799999999992,101.23562036600734,103.6646109564366,,,,,0,54672608,64465605.98,48.82089689719316,45.98194987092416,,,,,,
2025-06-11,203.5,204.5,198.41,198.78,224.74510000000006,223.94886666666653,202.45979999999992,203.30350000000016,201.604,201.48999999999992,98.75140756441677,103.21795610261663,,,,,0,60989857,64379416.7,43.57059365067543,45.88416174301386,,,,,,
2025-06-12,199.08,199.68,197.3601,199.2,224.60690000000002,223.79679999999988,201.97999999999993,202.64700000000016,201.52900000000002,201.2039999999999,99.23201461247874,102.85559778533137,,,,,0,43904635,64529254.6,44.26749542018903,45.88752357897749,,,,,,
2025-06-13,199.73,200.37,195.7,196.45,224.45325000000005,223.61679999999987,201.4311999999999,201.89700000000016,201.089,199.7099999999999,97.48976469128655,102.36779477678184,,,,,0,51447349,64840083.5,40.72135151099663,46.034644215180265,,,,,,
2025-06-16,197.3,198.685,196.5636,198.42,224.30520000000004,223.45479999999986,201.33579999999992,201.25500000000017,200.76100000000002,199.1039999999999,99.5924349502088,102.11548933800246,,,,,0,43020691,63632117.2,44.17155830932165,45.994692920983645,,,,,,
2025-06-17,197.2,198.39,195.21,195.64,224.15095000000005,223.24253333333323,201.4809999999999,200.59800000000013,199.998,197.69799999999992,97.28299785185774,101.67617193017112,,,,,0,38856152,61891021.98,40.5819808619425,45.68054122149429,,,40.5819808619425,,,
2025-06-18,195.94,197.57,195.07,196.58,223.9849,223.03999999999985,201.78339999999992,200.08400000000015,199.37400000000002,197.25799999999992,98.5737280472293,101.39413157717641,,,,,0,45394689,59589590.04,42.289719991965846,45.522915122638054,,,,,,
2025-06-20,198.235,201.7,196.855,201,223.84490000000002,222.88513333333316,202.35499999999993,200.02950000000016,199.411,197.6179999999999,100.82162097089717,101.34208515842376,,,,,0,96813542,59108671.06,49.62176920295361,45.80301032339653,,,,,,
2025-06-23,201.625,202.3,198.96,201.5,223.73855000000003,222.73359999999985,202.40799999999993,200.03650000000013,199.16900000000004,198.6279999999999,101.29276037433917,101.33760108714334,,,,,0,55814272,56537038.8,50.38962056105401,46.05422989513591,,,,,,
2025-06-24,202.59,203.44,200.2,200.3,223.63580000000002,222.5681333333332,202.60559999999995,200.28800000000015,199.05400000000003,199.0039999999999,99.73179135491839,101.1916183842138,,,,,0,54064033,55180719.84,48.479806663546015,46.01280213089759,,,,,,
2025-06-25,201.45,203.67,200.6201,201.56,223.53170000000006,222.3903999999999,202.67379999999991,200.35550000000015,198.94300000000004,200.18799999999993,99.25494772815688,101.01555741548135,,,,,0,39525730,54222516.14,50.59707829071576,46.16658146940436,,,,,,
2025-06-26,201.43,202.64,199.46,201,223.43260000000006,222.23039999999983,202.6433999999999,200.38450000000017,199.16500000000002,201.07199999999992,98.9798347053175,100.83049171455737,,,,,0,50799121,53211440.34,49.62103941476626,46.46417425165383,,,,,,
2025-06-27,201.89,203.22,200,201.08,223.33345000000006,222.05079999999987,202.6221999999999,200.44100000000017,199.35300000000004,201.0879999999999,98.23139841817552,100.59421050579539,,,,,0,73188571,53648334.32,49.77010951769177,46.4187561830415,,,,,,
2025-06-30,202.01,207.39,199.2607,205.17,223.25875000000008,221.8967333333332,202.8401999999999,200.65700000000018,200.22500000000002,201.82199999999992,99.70873534767084,100.5137127641477,,,,,0,91912816,54291942.18,56.80688756221908,47.122136275373656,,,,,,
2025-07-01,206.665,210.1865,206.1401,207.82,223.18455000000006,221.7555333333332,203.0569999999999,200.96300000000016,201.16500000000002,203.32599999999994,100.4780062337428,100.51046671592907,,,,,0,78788867,54824426.02,60.65306873240137,47.96729140645996,,,,,,
2025-07-02,208.91,213.34,208.14,212.44,223.1329000000001,221.6483333333332,203.4425999999999,201.42150000000018,202.84500000000003,205.50199999999995,102.82638649116974,100.72100487731458,,,,,1,67941811,55248411.5,66.28902190324621,49.590036281643584,,,,,,
2025-07-03,212.145,214.65,211.8101,213.55,223.08815000000007,221.5395333333332,203.7187999999999,201.95800000000017,204.542,208.01199999999994,102.87583441591289,100.91689847173261,,,,,0,34955836,54888000.8,67.49375007447603,51.24905447123552,,,,,67.49375007447603,
2025-07-07,212.68,216.23,208.8,209.95,223.05630000000005,221.3867333333332,203.8257999999999,202.42400000000015,205.43699999999998,209.78599999999992,100.30480813331295,100.86125389551263,,,,,0,50228984,54833997.18,60.004079813296364,52.626392207114066,,,,,,
2025-07-08,210.1,211.43,208.45,210.01,223.02240000000006,221.21973333333318,203.85859999999994,202.72850000000017,206.288,210.75399999999996,101.12857324008547,100.88555565411016,,,,,1,42848928,54744755.96,60.08358292440184,53.76296539390551,,,,,,
2025-07-09,209.53,211.33,207.22,211.14,222.97465000000003,221.06113333333317,203.89579999999995,203.21300000000014,207.372,211.41799999999995,101.74588106034685,100.96376705467713,,,,,0,48749367,54955298.14,61.63049799221012,55.266430903210335,,,,,,
2025-07-10,210.505,213.48,210.03,212.41,222.89235000000005,220.8949999999998,203.94119999999995,203.70000000000016,208.45700000000002,211.41199999999995,101.7411088492396,101.03443449054645,,,,,0,44443635,55069309.36,63.349607373429414,56.77070857331488,,,,,,
2025-07-11,210.565,212.13,209.86,211.16,222.80715,220.70546666666647,203.94019999999992,204.31900000000016,209.473,210.9339999999999,100.86506264658536,101.01903705018634,,,,,0,39765812,55128072.94,60.47749064773784,57.54611724794232,,,,,,
2025-07-14,209.925,210.91,207.54,208.62,222.71790000000004,220.4785999999998,203.86259999999996,204.79000000000016,210.227,210.66799999999995,99.98178838098708,100.92474171662278,,,,,0,38840111,54859146.08,55.01892376121435,57.87678176223949,,,55.01892376121435,,,
2025-07-15,209.22,211.89,208.92,209.11,222.62660000000002,220.2525999999998,203.77839999999998,205.42300000000014,210.621,210.48799999999997,100.07577509950468,100.8475629332484,,,,,0,42296339,54557759.36,55.846853679447634,58.40299940623246,,,,,,
2025-07-16,210.295,212.4,208.64,210.16,222.54555000000005,220.03339999999983,203.87459999999996,206.01000000000016,210.85500000000002,210.29199999999997,100.97745432647261,100.85937124172332,,,,,1,47490532,53487357.58,57.64587913418913,58.90648518076627,,,,,,
2025-07-17,210.57,211.8,209.59,210.02,222.45805000000004,219.8145999999998,204.09719999999993,206.72900000000018,210.613,209.81399999999994,100.58894808348407,100.83478731824702,,,,,0,48068141,53068351.36,57.310578892068186,59.455738000573554,,,,,,
2025-07-18,210.87,211.79,209.7045,211.18,222.37500000000003,219.57746666666648,204.35059999999993,207.45900000000015,210.37600000000003,209.81799999999998,100.60422241101416,100.81382687213494,,,,,0,48974591,53023513.54,59.41690403610359,60.14479475188868,,,,,,
2025-07-21,212.1,215.78,211.63,212.48,222.2724,219.34219999999982,204.67519999999993,208.0330000000002,210.629,210.58999999999997,101.23269353542604,100.85190565970686,,,,,1,51377434,52678723.36,61.69776746375832,60.494143316284344,,,,,,
2025-07-22,213.14,214.95,212.2301,214.4,222.21335000000002,219.12826666666646,205.01339999999993,208.67800000000017,211.06800000000004,211.64799999999997,102.00472913716241,100.956707794021,,,,,0,46404072,52597227.36,64.84071213972643,60.79326070252184,,,,,64.84071213972643,
2025-07-23,215,215.15,212.41,214.15,222.1502,218.90286666666648,205.32579999999996,209.37050000000016,211.36900000000006,212.44599999999997,101.82055049186718,101.03523894837065,,,,,0,46989301,52807934.92,64.10312168070512,60.63712497234034,,,,,,
2025-07-24,213.9,215.69,213.53,213.76,222.09065,218.67373333333316,205.38519999999994,209.98050000000018,211.50400000000005,213.19399999999996,100.84763087955464,101.01818366938737,,,,,0,46022620,52452871.04,62.90103825246743,60.30907412791114,,,,,,
2025-07-25,214.7,215.24,213.4,213.88,222.02605000000003,218.42599999999987,205.40419999999995,210.62450000000013,211.776,213.73399999999998,100.83352191295165,101.00139623698412,,,,,0,40268781,52220060.02,63.13013991605416,60.53236413525099,,,,,,
2025-07-28,214.03,214.845,213.06,214.05,221.98785000000004,218.1631333333332,205.43859999999992,211.27300000000014,212.31900000000005,214.04799999999994,100.51419313939564,100.95710504629426,,,,,0,37858017,51990703.86,63.47426616132608,60.77455579503129,,,,,,
2025-07-29,214.175,214.81,210.82,211.27,221.91535000000005,217.91793333333317,205.43499999999992,211.57800000000015,212.53500000000003,213.42199999999997,99.19151893028847,100.79659721756646,,,,,0,51411723,52118348.86,54.51375185970495,60.266216785566634,,,,,,
2025-07-30,211.895,212.39,207.72,209.05,221.81290000000004,217.64633333333316,205.3907999999999,211.63950000000017,212.42400000000004,212.402,98.44024442501575,100.58238332733457,,,,,0,45512514,51933842.14,48.61211325095261,59.21353863396114,,,,,,
2025-07-31,208.49,209.84,207.16,207.57,221.70555000000004,217.33353333333312,205.36659999999992,211.39600000000013,212.179,211.164,97.86590684421701,100.33543091977843,,,,,0,80698431,52625000.22,45.10623716502665,58.115591956624634,,,,,,
2025-08-01,210.865,213.58,201.5,202.38,221.5797,216.98093333333313,205.27699999999993,210.83750000000015,211.29900000000004,208.86399999999998,95.77277273171825,99.92064381177296,,,,,0,104434473,53863756.98,35.450861417778,56.71787321780774,,,35.450861417778,,,
2025-08-04,204.505,207.88,201.675,203.35,221.43994999999998,216.61526666666646,205.3021999999999,210.50750000000016,210.38600000000002,206.724,97.79576787431868,99.72747327200439,,,,,0,75109298,54181707.46,38.11706050265417,55.45145941946536,,,,,,
2025-08-05,203.4,205.34,202.16,202.92,221.28529999999998,216.24126666666646,205.3333999999999,210.15300000000016,209.238,205.054,96.17167962362932,99.4042193039703,,,,,0,44155079,54129960.9,37.379967233950914,54.003894283734056,,,,,,
2025-08-06,205.63,215.38,205.59,213.25,221.19265,215.95899999999983,205.69299999999987,210.25850000000014,209.148,205.89399999999995,101.56051562103124,99.60024624188493,,,,,1,108483103,54730964.6,58.261309515844715,54.07180361400382,,,,,,
2025-08-07,218.875,220.85,216.58,220.03,221.13205,215.74453333333315,206.08939999999987,210.63950000000017,209.775,208.38599999999997,104.03227712941585,100.00315814075138,,,,,0,90224834,55409691.78,66.22262854306678,54.55792679307262,,,,,,
2025-08-08,220.83,231,219.25,229.35,221.10379999999998,215.6040666666665,206.6679999999999,211.54900000000015,211.32200000000003,213.77999999999997,108.52540776878197,100.77790810693598,,,,,0,113853967,56779977.56,73.66017905533809,55.412384763899745,,,,,,
2025-08-11,227.92,229.56,224.76,227.18,221.0573,215.49293333333318,207.21259999999987,212.47700000000015,212.63500000000005,218.546,106.66662493113638,101.31324600004511,,,,,0,61806132,56986541.44,69.8060550937918,55.767052117761544,,,,,,
2025-08-12,228.005,230.8,227.07,229.65,221.02625,215.40153333333316,207.78859999999986,213.50400000000013,214.47300000000004,223.892,108.09670100698835,101.92992372794905,,,,,0,55672301,56683588.62,71.62590995897142,56.30439413763771,,,,,,
2025-08-13,231.07,235,230.43,233.33,221.0391,215.32373333333314,208.42119999999989,214.66250000000014,216.901,227.908,108.59713764883838,102.53603408439353,,,,,0,69878546,57372693.66,74.12789237816669,57.10631228947337,,,,,74.12789237816669,
2025-08-14,234.055,235.12,230.85,232.78,221.05015,215.2608666666665,209.0113999999999,215.80050000000014,219.42200000000003,230.458,107.99200196703363,103.03203116463354,,,,,0,51916275,57483387.82,73.09054770395915,57.81776998860944,,,,,,
2025-08-15,234,234.28,229.335,231.59,221.05105,215.18679999999983,209.5867999999999,216.82100000000014,222.34300000000002,230.906,107.40771087093978,103.4298202288432,,,,,0,56038657,57732081.26,70.78254373926524,58.339789815605094,,,,,,
2025-08-18,231.7,233.12,230.11,230.89,221.0385,215.14706666666652,210.19199999999987,217.74150000000014,225.09700000000004,231.648,107.39419422957955,103.79021786527377,,,,,0,37476188,57377180.32,69.39439660740597,59.40269301186945,,,,,,
2025-08-19,231.275,232.87,229.35,230.56,221.02294999999998,215.1214666666665,210.72479999999987,218.54950000000014,227.86100000000005,231.82999999999998,107.25117689745642,104.1048505045631,,,,,0,39402564,57233077.74,68.71027765680789,60.83827618371625,,,,,,
2025-08-20,229.98,230.47,225.77,226.01,221.0025,215.07299999999984,211.21599999999987,219.14250000000015,229.13700000000003,230.36599999999999,105.75447330987497,104.25481621413691,,,,,0,42263865,56621103.9,59.936603772412354,61.89758808424381,,,,,,
2025-08-21,226.27,226.52,223.7804,224.9,220.99745,214.9865333333332,211.6605999999999,219.6995000000001,229.62400000000008,228.78999999999996,105.49126847504375,104.36722096512844,,,,,0,30621249,56140076.72,57.99116362982206,63.50760967081838,,,57.99116362982206,,,
2025-08-22,226.17,229.09,225.41,227.76,221.02169999999998,214.98319999999984,212.2401999999999,220.39350000000013,229.46500000000006,228.02399999999997,107.26227516333918,104.63040771042033,,,,,0,42477811,55769835.8,61.462062412780384,65.17510980725596,,,,,,
2025-08-25,226.48,229.3,226.23,227.16,221.04745,214.9643999999998,212.7993999999999,221.04900000000012,229.46300000000005,227.27799999999996,105.37937689038986,104.69849581769029,,,,,0,30983133,55511405.76,60.33578298670478,66.81481093245267,,,,,,
2025-08-26,226.87,229.49,224.69,229.31,221.07675000000003,215.00886666666648,213.4565999999999,221.95100000000016,229.4290000000001,227.02799999999996,106.8328749508876,104.89253028434459,,,,,0,54575107,55573960.92,62.955388856184385,67.1501023139055,,,,,,
2025-08-27,228.61,230.9,228.26,230.49,221.1156,215.05326666666645,214.09799999999993,223.02300000000014,229.14500000000007,227.92399999999998,106.94020213580372,105.07868227084087,,,,,0,31259513,55338737.36,64.34713409966731,67.01613842509124,,,,,,
2025-08-28,230.82,233.41,229.335,232.56,221.14100000000002,215.11259999999982,214.83639999999988,224.27250000000012,229.12300000000005,229.456,107.64324429406565,105.31182427295222,,,,,0,38074700,55323108.32,66.70991083117116,66.5196906947936,,,,,,
2025-08-29,232.51,233.38,231.37,232.14,221.16690000000003,215.17499999999978,215.5475999999999,225.76050000000015,229.17800000000005,230.33199999999997,107.11105300799002,105.47539052159202,,,,,0,39418437,55203583.28,65.75768840418533,66.230521645536,,,,,,
2025-09-02,229.25,230.85,226.97,229.72,221.19435000000001,215.17406666666642,216.12199999999993,227.07900000000012,229.06100000000006,230.84399999999997,106.67698618474516,105.58462649096958,,,,,0,44075638,54148825.2,60.40726696259212,65.42919000293747,,,,,,
2025-09-03,237.21,238.85,234.36,238.47,221.26555000000005,215.1754666666664,216.86139999999992,228.85650000000015,229.85200000000003,232.676,111.51222112592413,106.1234987305109,,,,,0,66427835,54361096.46,69.93317516020224,65.12956734451144,,,,,,
2025-09-04,238.45,239.8999,236.74,239.78,221.33885,215.17826666666645,217.65099999999993,230.18300000000016,231.22900000000004,234.53399999999996,111.55550248361187,106.61731725352008,,,,,0,47549429,54230804.38,71.05596359859572,64.98423990841405,,,,,71.05596359859572,
2025-09-05,239.995,241.32,238.4901,239.69,221.39620000000002,215.19226666666643,218.4135999999999,231.16600000000017,232.70800000000003,235.95999999999995,110.59059471646808,106.97852429560626,,,,,0,54870397,54537697.72,70.86018350388937,64.9897856058872,,,,,,
2025-09-08,239.3,240.15,236.34,237.88,221.46060000000006,215.20479999999978,219.1511999999999,231.59250000000014,233.72000000000008,237.108,110.10397268537731,107.26265596740363,,,,,0,48999495,54501705.2,66.86976412410078,64.80945471422255,,,,,,
2025-09-09,237,238.7805,233.36,234.35,221.49225000000007,215.2470666666664,219.81659999999988,231.95100000000016,234.43900000000008,238.03399999999996,108.24213722217773,107.35169971783765,,,,,0,66313918,54364212.14,59.797184896397205,64.17280523133607,,,,,,
2025-09-10,232.185,232.42,225.95,226.79,221.48480000000006,215.20699999999977,220.2489999999999,231.80800000000013,234.18700000000007,235.69799999999995,104.46947618623534,107.0896793967829,,,,,0,83440810,54194772.02,48.07086494071797,63.32525245764362,,,48.07086494071797,,,
2025-09-11,226.875,230.45,226.65,230.03,221.48995000000005,215.19073333333313,220.69319999999988,231.64300000000017,234.14100000000008,233.74799999999996,105.64709592576887,106.95853544487254,,,,,0,50208578,53623166.24,52.380802434990436,62.92451237229851,,,,,,
2025-09-12,229.22,234.51,229.02,234.07,221.51770000000005,215.19639999999976,221.12579999999988,231.70750000000015,234.29200000000006,232.62399999999997,106.59766708969136,106.92572923076516,,,,,0,55824216,53380814.34,57.15579806682839,62.61692206187337,,,,,,
2025-09-15,237,238.19,235.03,236.7,221.55185000000006,215.25686666666638,221.5887999999999,231.96300000000014,234.74800000000005,232.38799999999998,107.84778290109169,107.00955229170393,,,,,1,42699524,53535688.1,59.96988076669671,62.59078618901565,,,,,,
2025-09-16,237.175,241.22,236.3235,238.15,221.57825000000005,215.32686666666638,222.15279999999993,232.32600000000016,235.59100000000007,233.14799999999997,107.99980046226243,107.09957485266379,,,,,0,63421099,53799530.4,61.472378863079676,62.484856903793876,,,,,,
2025-09-17,238.97,240.1,237.7301,238.99,221.59790000000004,215.36933333333303,222.7323999999999,232.74750000000017,235.64300000000011,235.58799999999997,108.52050245430067,107.22875008917623,,,,,0,46508017,53872712.18,62.353920379585475,62.3424844952166,,,,,,
2025-09-18,239.97,241.2,236.65,237.88,221.61265000000003,215.3760666666664,223.2671999999999,233.34100000000018,235.45300000000012,237.158,108.1213751977165,107.30989782631626,,,,,0,44249576,53782716.36,60.387633144227735,61.890893231863515,,,,,,
2025-09-19,241.225,246.3,240.2106,245.5,221.6535,215.40253333333308,223.92899999999986,234.37100000000018,236.03400000000016,239.44399999999996,111.05331011241039,107.65020803414299,,,,,0,163741314,56168669.94,67.8765925716411,62.04224352953893,,,,,,
2025-09-22,248.3,256.64,248.12,256.08,221.73594999999995,215.47906666666643,224.82739999999998,235.78700000000018,237.85399999999998,243.32,115.27571248295037,108.3434357113073,,,,,0,105517416,57483702.02,74.95616334265121,63.08145041382886,,,,,74.95616334265121,
2025-09-23,255.875,257.34,253.58,254.43,221.79484999999994,215.54546666666639,225.74360000000001,237.15050000000014,239.86200000000002,246.57599999999996,114.03042245441264,108.86043450613505,,,,,0,60275187,57912403.54,72.28074974426633,63.24913431269058,,,,,,
2025-09-24,255.22,255.74,251.04,252.31,221.84134999999995,215.5950666666664,226.6076,238.30050000000014,242.41400000000004,249.23999999999995,113.70556698057514,109.30090109472052,,,,,0,42303710,57912550.96,68.87896526309163,63.09363443158315,,,,,,
2025-09-25,253.205,257.17,251.712,256.87,221.91049999999993,215.6686666666664,227.5418,239.6195000000001,245.098,253.03799999999995,116.09103974401853,109.91818642647488,,,,,0,55202075,58066781.82,71.93820339862894,63.170635852635975,,,,,,
2025-09-26,254.095,257.6,253.78,255.46,221.97359999999992,215.7347333333331,228.4506,240.76450000000014,247.237,255.02999999999997,116.0350233847561,110.47426251359136,,,,,0,46076258,58026944.16,69.65802225859267,63.369797147956824,,,,,,
2025-09-29,254.56,255,253.01,254.43,222.01199999999994,215.78359999999975,229.3156,241.87900000000013,249.01,254.69999999999996,114.88912068708598,110.87561325663633,,,,,0,40127687,57850006.08,67.96334385286701,63.95309421627609,,,67.96334385286701,,,
2025-09-30,254.855,255.919,253.11,254.63,222.04629999999995,215.83419999999975,230.1586,243.12450000000018,250.658,254.73999999999995,114.67753557917493,111.22124255868529,,,,,0,37704259,57576542.58,68.12550132777199,65.3855682439228,,,,,,
2025-10-01,255.04,258.79,254.93,255.45,222.09109999999993,215.9347999999997,230.9796,243.97350000000014,252.304,255.368,114.57777339212106,111.52638172536128,,,,,0,48713940,57622739.94,68.82229229842437,66.55996037702523,,,,,,
2025-10-02,256.575,258.18,254.15,257.13,222.13694999999996,216.06699999999972,231.83919999999998,244.84100000000018,254.22899999999998,255.42,114.94086741695585,111.83678951550624,,,,,0,42630239,57535558.7,70.25687585297382,67.49575164746417,,,,,,
2025-10-03,254.665,259.24,253.95,258.02,222.18639999999996,216.17486666666636,232.72440000000003,245.75750000000016,255.481,255.93199999999996,115.26708918062471,112.14863493960792,,,,,0,49155614,57598218.58,71.01769254865746,68.28488106046139,,,,,71.01769254865746,
2025-10-06,257.99,259.07,255.05,256.69,222.21464999999998,216.29926666666637,233.5806,246.69800000000015,255.542,256.38399999999996,114.66575736548845,112.3774642510516,,,,,0,44664118,57686125.32,68.20976236853714,68.76612273942263,,,,,,
2025-10-07,256.805,257.4,255.43,256.48,222.22964999999996,216.4362666666664,234.42919999999998,247.80450000000013,255.74699999999999,256.754,114.15532566106207,112.53908801559801,,,,,0,31955776,57568080.5,67.75424119331777,69.1518599404035,,,,,,
2025-10-08,256.52,258.52,256.11,258.06,222.27969999999993,216.5850666666664,235.36499999999995,249.3680000000001,256.322,257.27599999999995,115.29835075313721,112.78993008264703,,,,,0,36496895,57269783.94,69.40951872124067,69.79628033876158,,,,,,
2025-10-09,257.805,258,253.14,254.04,222.30094999999994,216.70979999999977,236.26479999999995,250.56850000000014,256.039,256.65799999999996,112.84464390683047,112.7949040666637,,,,,0,38322012,57125973.9,60.85063749112606,69.29442640443906,,,,,,
2025-10-10,254.94,256.38,244,245.27,222.25484999999992,216.7511333333331,237.01879999999997,251.1285000000001,255.01999999999998,254.108,109.2497238356555,112.47261495475387,,,,,0,61999098,56751987.24,47.1818215846919,67.31054485029911,,,47.1818215846919,,,
2025-10-13,249.38,249.69,245.56,247.66,222.21679999999992,216.8856666666664,237.9244,251.67650000000012,254.343,252.30199999999996,113.38843681514898,112.55587148751705,,,,,1,38142942,55426156.62,50.448494184116385,65.75109802457412,,,,,,
2025-10-14,246.6,248.845,244.7,247.77,222.16464999999994,217.06519999999972,238.81279999999998,252.15750000000008,253.65699999999998,250.56,111.69682826148698,112.47777664878704,,,,,0,35477986,54633530.38,50.59993021575299,64.44545266404992,,,,,,
2025-10-15,249.485,251.82,247.47,249.34,222.1162499999999,217.28093333333302,239.74119999999996,252.6750000000001,253.04599999999996,248.81599999999997,112.58070827626686,112.48713406946703,,,,,1,33893611,54428301.02,52.816367206742,63.07960722177229,,,,,,
2025-10-16,248.25,249.04,245.13,247.45,222.0755499999999,217.53273333333306,240.42519999999996,253.15350000000007,252.07799999999997,247.49799999999996,111.27900022035445,112.37730371954771,,,,,0,39776974,53054178.44,49.91308611671526,61.669254640209616,,,,,,
2025-10-17,248.02,253.38,247.27,252.29,222.0759999999999,217.79139999999973,241.07039999999998,253.49300000000008,251.50499999999997,248.902,114.17421421977107,112.54065921956801,,,,,1,49146961,52232620.98,56.50653716550651,60.85091130539816,,,,,,
2025-10-20,255.885,264.375,255.63,262.24,222.1350999999999,218.11299999999983,241.72819999999993,253.80100000000007,252.06000000000003,251.81799999999998,118.05522208883554,113.04198311677415,,,,,0,90483029,51765202.22,66.32176243341272,60.72207281294392,,,,,,
2025-10-21,261.88,265.29,261.83,262.77,222.2296999999999,218.4468666666665,242.43999999999994,254.21800000000007,252.68900000000002,254.81799999999998,117.04433760842387,113.40583352510595,,,,,0,46695948,51462998.54,66.75216722622105,60.57420673635797,,,,,,
2025-10-22,262.65,262.85,255.43,258.45,222.30514999999988,218.73493333333312,243.0159999999999,254.52500000000003,252.728,256.64,115.11668304792333,113.56136529990752,,,,,0,45015254,51249857.6,60.01914416971802,59.84294018755399,,,,,,
2025-10-23,259.94,260.62,258.0101,259.58,222.3780499999999,219.03813333333315,243.5409999999999,254.66050000000004,253.282,259.066,116.24008681361492,113.80488543751729,,,,,0,32754941,50507385.5,61.12375283525947,59.136230208025566,,,,,,
2025-10-24,261.19,264.13,259.18,262.82,222.48109999999988,219.33513333333312,244.14179999999993,255.02850000000007,255.03700000000003,261.17199999999997,117.00945175656643,114.09620964833994,,,,,0,38253717,50234134.34,64.17964156576066,58.848364436398676,,,,,,
2025-10-27,264.88,269.12,264.6501,268.81,222.6116499999999,219.65566666666646,244.88619999999992,255.74750000000003,257.15200000000004,262.486,118.73792640407086,114.51818389886093,,,,,0,44888152,50011124.24,69.02697911407637,58.939274287881425,,,,,,
2025-10-28,268.985,269.89,268.15,269,222.77239999999992,219.95733333333308,245.64839999999992,256.46600000000007,259.27500000000003,263.73199999999997,117.37925717984336,114.77828146985932,,,,,0,41534759,50092295.66,69.1694957053903,58.92212978674926,,,,,,
2025-10-29,269.275,271.41,267.11,269.7,222.9488999999999,220.27846666666645,246.4311999999999,257.17850000000004,261.31100000000004,265.98199999999997,117.41606297018667,115.0180797880709,,,,,0,51086742,50325979.22,69.72225307075709,59.555816613865765,,,,,,
2025-10-30,271.99,274.14,268.48,271.4,223.13949999999988,220.59546666666648,247.3389999999999,257.89200000000005,263.706,268.346,118.16097291962964,115.30379734548534,,,,,0,69886534,50878432.6,71.07841504748454,61.262716146922386,,,,,71.07841504748454,
2025-10-31,276.99,277.32,269.16,270.37,223.3019999999999,220.94526666666644,248.2483999999999,258.5095,265.51400000000007,269.85600000000005,118.89011850755237,115.62982654203688,,,,,0,86167123,51989350.08,69.0601034293571,62.592116807296726,,,,,,
2025-11-03,270.42,270.85,266.25,269.05,223.5059499999999,221.25806666666648,249.0741999999999,259.12750000000005,266.19500000000005,269.904,118.0011081563524,115.84539759788375,,,,,0,50194583,52143685.52,66.45572392883248,63.72467350108811,,,,,,
2025-11-04,268.325,271.486,267.615,270.04,223.7062499999999,221.57039999999978,249.9317999999999,259.80550000000005,266.9220000000001,270.11199999999997,118.2315184807895,116.0623176781479,,,,,0,49274846,52509519.78,67.44726448004934,64.76973759203864,,,,,,
2025-11-05,268.61,271.7,266.93,270.14,223.94374999999988,221.87873333333312,250.7483999999999,260.4095000000001,268.09100000000007,270.2,119.68030905820537,116.39122598542586,,,,,0,43683072,52291679.08,67.55160063406561,66.0296314861351,,,,,,
2025-11-06,267.89,273.4,267.89,269.77,224.1734499999999,222.32259999999977,251.5339999999999,261.1960000000001,269.11000000000007,269.87399999999997,119.08097052808145,116.63574821657637,,,,,0,51204045,52690569.72,66.69976065812979,66.75771887846533,,,,,,
2025-11-07,269.795,272.29,266.77,268.47,224.3974999999999,222.85653333333312,252.2521999999999,262.3560000000001,269.67500000000007,269.494,119.84714990826318,116.92769382491154,,,,,0,48227365,52893623.02,63.66216416401971,66.56774757350868,,,63.66216416401971,,,
2025-11-10,268.96,273.73,267.455,269.43,224.6307499999999,223.44299999999978,252.99799999999993,263.4445000000001,269.7370000000001,269.57,120.12376631231972,117.21824586922138,,,,,0,41312412,52931502.52,64.93223081003964,66.43775211521002,,,,,,
2025-11-11,269.81,275.91,269.8,275.25,224.8576999999999,224.12853333333308,253.9085999999999,264.81850000000014,270.362,270.61199999999997,120.85761706686651,117.54909779628002,,,,,0,46208318,52974156.12,71.44769132717084,67.25407691217093,,,,,71.44769132717084,
2025-11-12,275,275.73,271.7,273.47,225.03374999999988,224.62599999999978,254.60859999999994,266.02500000000015,270.73900000000003,271.27799999999996,119.82700953171056,117.75618068131917,,,,,0,48397982,52613559.06,67.32755557140189,67.69720567903825,,,,,,
2025-11-13,274.11,276.699,272.09,272.95,225.2016999999999,225.17619999999977,255.2719999999999,267.3000000000001,270.89400000000006,271.91399999999993,119.52391865046057,117.9168841330593,,,,,0,49602794,52654626.36,66.12784707600105,67.83636321548398,,,,,,
2025-11-14,271.05,275.96,269.6,272.41,225.3757999999999,225.67126666666644,255.92639999999992,268.30600000000015,271.09800000000007,272.70199999999994,121.29609290120344,118.22408493016331,,,,,0,47431331,52505845.04,64.83581597564209,67.53699441988154,,,,,,
2025-11-17,268.815,270.49,265.73,267.46,225.5330999999999,226.1041999999998,256.5179999999999,268.5670000000001,270.9390000000001,272.308,119.15177974785048,118.30842082268033,,,,,0,45018260,52426220.34,54.352387585044845,66.47862955414257,,,,,,
2025-11-18,269.99,270.71,265.32,267.44,225.7302499999999,226.53953333333314,257.17979999999994,268.80050000000017,270.6790000000001,270.746,120.24422923017437,118.48440340517979,,,,,0,45677278,52013487.54,54.31417459543951,65.37805252019132,,,,,,
2025-11-19,265.525,272.21,265.5,268.56,225.90904999999992,227.03479999999982,258.01519999999994,269.30600000000015,270.5210000000001,269.764,121.75303332310766,118.78155157953687,,,,,0,40424492,51153161.18,56.17245909291025,64.31334138057886,,,,,,
2025-11-20,270.83,275.43,265.92,266.25,226.0779499999999,227.49659999999983,258.73959999999994,269.6395000000001,270.1690000000001,268.424,120.254736794562,118.91547750817551,,,,,0,45823568,51065460.98,51.51800839632642,63.06033459250524,,,51.51800839632642,,,
2025-11-21,265.95,273.33,265.67,271.49,226.26929999999993,228.0187999999998,259.48799999999994,270.07300000000015,270.4710000000001,268.24,124.56012369298813,119.4286271613403,,,,,0,59030832,51129593.3,59.67958375515273,62.57632458009955,,,,,,
2025-11-24,270.9,277,270.9,275.92,226.51074999999994,228.52666666666647,260.2723999999999,270.42850000000016,271.12000000000006,269.932,125.36157916577062,119.96798643447033,,,,,0,65585796,51587318.74,65.03811219868692,62.404242274287945,,,,,,
2025-11-25,275.27,280.38,275.25,276.97,226.75734999999995,229.0091333333331,261.0487999999999,270.82700000000017,271.29200000000003,271.838,123.92190433863132,120.32743351666679,,,,,0,46914220,51257181.16,66.18520243069256,62.306642402618444,,,,,,
2025-11-26,276.96,279.53,276.63,277.55,226.98199999999994,229.47033333333312,261.81999999999994,271.21950000000015,271.7000000000001,273.636,123.06584943000848,120.57638041787966,,,,,0,33431423,50995649.28,66.83255094470839,62.316127423088346,,,,,,
2025-11-28,277.26,279,275.9865,278.85,227.19189999999992,229.93413333333316,262.6393999999999,271.5920000000002,272.2900000000001,276.156,122.79452778674809,120.77803017868588,,,,,0,20135620,50513370.16,68.29750772140369,62.647223391472906,,,,,,
2025-12-01,278.01,283.42,276.14,283.1,227.39974999999993,230.4205333333331,263.3913999999999,272.22850000000017,273.3590000000001,278.47799999999995,124.00205575055337,121.07112341249201,,,,,0,46587722,48170298.32,72.56393905613453,63.19234540905112,,,,,,
2025-12-02,283,287.4,282.6301,286.19,227.6076999999999,230.9203999999998,263.99359999999996,273.08550000000014,275.2320000000001,280.532,126.02640393857283,121.52160346031754,,,,,0,53669532,47133340.64,75.17934347075091,63.45889199073541,,,,,75.17934347075091,
2025-12-03,286.2,288.62,283.3,284.15,227.8060999999999,231.39806666666647,264.5879999999999,273.79100000000017,276.90300000000013,281.96799999999996,124.82099399945528,121.8215480547846,,,,,0,43538687,46798610.64,70.4074362049056,63.6788834645571,,,,,,
2025-12-04,284.095,284.73,278.59,280.7,227.9852499999999,231.84726666666646,265.1557999999999,274.3190000000002,278.1170000000001,282.59799999999996,122.93951130777798,121.923181077784,,,,,0,43989056,46832317.56,63.11158203915725,63.463435961925406,,,,,,
2025-12-05,280.54,281.14,278.05,278.78,228.14999999999992,232.33679999999978,265.5939999999999,274.7695000000002,279.3700000000001,282.58399999999995,121.96647868714753,121.92711722408977,,,,,0,47265845,46673592.96,59.4212438327983,63.076680808865135,,,,,,
2025-12-08,278.13,279.6693,276.15,277.89,228.31169999999992,232.86346666666645,266.04259999999994,275.2405000000002,280.0100000000001,281.5419999999999,121.34245654176836,121.87396625296964,,,,,0,38211832,46516304.44,57.73594529222644,63.31836350223524,,,,,,
2025-12-09,278.16,280.03,276.92,277.18,228.4620999999999,233.3879333333331,266.4975999999999,275.6280000000002,280.1360000000001,279.7399999999999,121.45475790549915,121.8358564031996,,,,,0,32193256,46357615.82,56.3626018291376,63.464679733213686,,,,,,
2025-12-10,277.75,279.75,276.44,278.78,228.62079999999995,233.93813333333316,266.9805999999999,275.80450000000025,280.3170000000001,278.6659999999999,122.26299247131058,121.87468695484606,,,,,1,33038318,46264297,58.74417784214315,63.648373929587464,,,,,,
2025-12-11,279.095,279.59,273.81,278.03,228.80914999999993,234.4750666666665,267.4321999999999,276.0325000000002,280.36500000000007,278.13199999999995,121.1162401676277,121.80573724691712,,,,,0,33247986,45954977.92,57.16913213056864,64.05202562489048,,,,,,
2025-12-12,277.9,279.22,276.82,278.28,229.0140499999999,235.00673333333316,267.8551999999999,276.2990000000002,280.3080000000001,278.032,120.97359661846598,121.73008809887611,,,,,0,39532887,45893030.88,57.5774408227475,63.90187255829011,,,,,,
2025-12-15,280.15,280.15,272.84,274.11,229.1753999999999,235.4288666666665,268.1769999999999,276.3840000000002,279.40900000000005,277.27599999999995,120.44520477720721,121.61328052417893,,,,,0,50409078,45918100.16,49.15926716254845,62.76766934142308,,,,,,
2025-12-16,272.82,275.5,271.79,274.61,229.3582999999999,235.84006666666647,268.5353999999999,276.7415000000002,278.2510000000001,276.76199999999994,120.85785708836765,121.5446056663779,,,,,0,37648628,45777790.36,50.10131563749281,61.61882028476595,,,,,,
2025-12-17,275.01,276.16,271.64,271.84,229.53784999999993,236.23679999999985,268.8425999999999,276.96150000000017,277.02000000000004,275.37399999999997,119.92500275725156,121.39736903827551,,,,,0,50138743,46141449.7,45.1139960974997,60.06749493853676,,,,,,
2025-12-18,273.605,273.63,266.95,272.19,229.72009999999992,236.6417333333331,269.12519999999995,277.14300000000014,276.16900000000004,274.20599999999996,121.48772134459682,121.40558288430472,,,,,1,51630721,46444126.22,45.847511839881875,58.46392380414234,,,,,,
2025-12-19,272.145,274.6,269.9,273.67,229.91179999999994,237.0577999999998,269.5177999999999,277.5140000000002,275.658,273.284,121.18675965902801,121.38568986382502,,,,,0,144632048,48570326.94,48.95412268154796,56.77750834881473,,,,,,
2025-12-22,272.86,273.88,270.505,270.97,230.07129999999995,237.47239999999982,270.0317999999999,277.48800000000017,274.966,272.65599999999995,118.942305863349,121.16356404559993,,,,,0,36571827,48061781.52,43.99547573508314,54.55008922483847,,,43.99547573508314,,,
2025-12-23,270.84,272.5,269.56,272.36,230.29569999999995,237.9090666666665,270.52579999999995,277.3100000000002,274.48400000000004,272.206,118.78787173910516,120.94759201773677,,,,,0,29641999,47891762.66,46.97333357438786,52.87622475123006,,,,,,
2025-12-24,272.34,275.43,272.195,273.81,230.56054999999998,238.3871999999998,271.0465999999999,277.15200000000016,273.98699999999997,272.59999999999997,118.8793275618037,120.75956797628831,,,,,0,17910574,47540414.42,49.96226776313747,51.93698801722866,,,,,49.96226776313747,
2025-12-26,274.16,275.37,272.86,273.4,230.84264999999996,238.8674666666665,271.5277999999999,276.9445000000002,273.524,272.842,118.3201481814877,120.53780254039735,,,,,0,21521802,47292978.24,49.11917830685664,51.20112619394711,,,,,,
2025-12-29,272.69,274.36,272.35,273.76,231.16304999999994,239.39073333333315,272.0539999999999,276.69000000000017,273.072,272.85999999999996,118.51167757343126,120.35360936158226,,,,,0,23715213,46971743.02,49.91830178392891,50.64272308621157,,,,,,
2025-12-30,272.81,274.08,272.28,273.08,231.46099999999996,239.8765333333331,272.4697999999999,276.18900000000014,272.96899999999994,273.282,118.63191871098348,120.19709202970964,,,,,0,22139617,46431596.14,48.372860054540865,50.07202724516895,,,,,,
2025-12-31,273.06,273.68,271.75,271.86,231.75029999999992,240.3527999999998,272.6621999999999,275.47250000000014,272.69399999999996,273.1819999999999,118.2642740619902,120.0213813053715,,,,,0,27293639,45167808.34,45.64263087853989,49.13620246205443,,,,,,
2026-01-02,272.255,277.84,269,271.01,232.04189999999994,240.82653333333317,272.8269999999999,274.8155000000001,272.611,272.62199999999996,118.76870757243091,119.90750187510417,,,,,0,37838054,44990650.46,43.78825096518774,48.18042523595579,,,,,,
2026-01-05,270.64,271.51,266.14,267.26,232.30199999999994,241.26926666666648,273.00319999999994,274.14350000000013,272.11799999999994,271.39399999999995,116.90345382650383,119.63440659795869,,,,,0,45647190,45003289.18,36.70339113981741,46.68942168717507,,,,,,
2026-01-06,267,267.55,262.12,262.36,232.54329999999993,241.6736666666665,273.0587999999999,273.3225000000001,270.98699999999997,269.114,114.03585027035486,119.12544693181289,,,,,0,52352090,45395232.16,29.89656763344739,45.31351457795356,,,,,,
2026-01-07,263.2,263.68,259.81,260.33,232.75359999999992,242.05406666666647,273.00899999999984,272.44450000000006,269.92299999999994,266.56399999999996,112.45631642531207,118.51916234031282,,,,,0,48309804,45596353.9,27.611918452920904,43.70712906476985,,,,,,
2026-01-08,257.02,259.29,255.7,259.04,232.94514999999996,242.42886666666652,272.8135999999999,271.5375000000001,268.591,264,112.28564988469742,117.95247938980232,,,,,0,50419337,45706977.6,26.239663497559476,42.35896245048841,,,26.239663497559476,,,
2026-01-09,259.075,260.21,256.22,259.37,233.12324999999998,242.82046666666653,272.62099999999987,270.5670000000001,267.147,261.67199999999997,112.42008538673255,117.44953448043235,,,,,0,39996967,45676221.76,27.235904186994574,41.029561903853605,,,,,,
2026-01-12,259.16,261.3,256.8,260.25,233.31685,243.19599999999986,272.43199999999985,269.6780000000001,265.832,260.27,112.07543757150506,116.9609802159844,,,,,0,45263767,45559762.26,29.952875865923815,39.672329988451885,,,,,,
2026-01-13,258.72,261.81,258.39,261.05,233.50284999999997,243.5933333333332,272.2249999999999,268.8165000000001,264.561,260.008,112.24320148597015,116.53209124052856,,,,,0,45730847,45076648.52,32.42322005092342,38.845740296726184,,,,,32.42322005092342,
2026-01-14,259.49,261.82,256.71,259.96,233.71314999999996,243.97526666666653,272.0167999999999,268.1090000000001,263.24899999999997,259.93399999999997,111.99138395261173,116.11929966889976,,,,,0,40019421,44153694.48,30.8279542431697,37.69249891592489,,,,,,
2026-01-15,260.65,261.04,257.05,258.21,233.89354999999995,244.37146666666652,271.7999999999999,267.2890000000001,261.8839999999999,259.7679999999999,111.83425033097093,115.72974972908804,,,,,0,39388564,43937574.1,28.411044935751406,36.15312585682587,,,,,,
2026-01-16,257.9,258.9,254.93,255.53,234.05524999999994,244.74699999999982,271.50979999999987,266.4735000000001,260.3359999999999,258.9999999999999,110.3887127292835,115.244200910924,,,,,0,72142773,44394932.64,25.158111909460672,34.441621114154735,,,,,,
2026-01-20,252.73,254.79,243.42,246.7,234.16929999999994,245.08199999999982,271.0409999999999,265.1990000000001,258.2799999999999,256.2899999999999,106.64265129682997,114.46224185509726,,,,,0,80267517,45126621.54,17.890151819877005,32.15389611672246,,,17.890151819877005,,,
2026-01-21,248.7,251.56,245.18,247.65,234.39159999999993,245.41019999999983,270.5985999999999,263.8980000000001,256.8089999999999,253.6099999999999,109.30766661713406,113.99364410619151,,,,,0,54641725,45195375.14,20.549520779524187,30.166514739935547,,,,,,
2026-01-22,249.2,251,248.15,248.35,234.69144999999992,245.76159999999985,270.19619999999986,262.7670000000001,255.61099999999996,251.28799999999987,108.36129448877992,113.48161232279045,,,,,0,39708340,45024994.64,22.540278441099858,28.51634670868983,,,,,,
2026-01-23,247.32,249.41,244.68,248.04,235.0243499999999,246.1046666666665,269.7683999999999,261.5510000000001,254.5109999999999,249.25399999999985,107.63507180300172,112.9501086391733,,,,,0,41688982,45032526.04,22.274101514278158,26.979621747910567,,,,,,
2026-01-26,251.48,256.56,249.8,255.41,235.43929999999992,246.4673999999998,269.3715999999999,260.6310000000001,254.11499999999995,249.22999999999985,110.79700735436592,112.75437215873626,,,,,0,55969234,45227744.36,40.3184657975925,27.237841366323078,,,,,,
2026-01-27,259.17,261.95,258.21,258.27,235.7363999999999,246.84586666666647,269.06759999999986,259.8745,253.91699999999997,251.544,111.47992437649454,112.63851326944156,,,,,0,49648271,45252750.14,45.596651820599405,28.359275951119653,,,,,,
2026-01-28,257.65,258.855,254.51,256.44,236.0664999999999,247.2201333333331,268.73739999999987,259.0085,253.45599999999996,253.302,110.24003416162864,112.42046971418584,,,,,0,41287971,45086453.68,42.97752882424452,29.456819549071334,,,,,,
2026-01-29,258,259.65,254.41,258.28,236.3671499999999,247.5982666666664,268.45479999999986,258.2685,253.28799999999995,255.288,111.04009446805826,112.29498105544697,,,,,0,67253009,45482887.24,46.31651816610897,30.890880596824868,,,,,,
2026-01-30,255.165,261.8999,252.18,259.48,236.65194999999989,247.9881333333331,268.29519999999985,257.6495,253.41499999999996,257.576,111.70006686736441,112.24089794743946,,,,,0,92443408,46431390.2,48.43709720066788,32.405251526372965,,,,,,
2026-02-02,260.03,270.49,259.205,270.01,236.9912999999999,248.44766666666644,268.34659999999985,257.5995,254.86299999999997,260.496,116.735504437226,112.64949853742006,,,,,1,73913425,46996113.14,62.4529944011529,34.72668856460361,,,,,,
2026-02-03,269.2,271.875,267.61,269.48,237.3673499999999,248.87639999999976,268.36499999999984,257.7105,257.14099999999996,262.738,115.88128632757349,112.943297427434,,,,,0,64394655,47475516.4,61.546183249389856,36.80690022163693,,,,,,
2026-02-04,272.285,278.95,272.285,276.49,237.76489999999987,249.33419999999978,268.5697999999999,258.41700000000003,260.025,266.748,119.90337996652127,113.57603220371466,,,,,0,90545710,48369959.24,68.13621844497577,39.471776236051646,,,,,,
2026-02-05,278.13,279.5,273.23,275.91,238.17864999999986,249.7573333333331,268.6581999999999,259.196,262.781,270.274,120.26222229325369,114.18386766640003,,,,,0,52977441,48248891.42,67.1114178826792,42.23608858940363,,,,,,
2026-02-06,277.12,280.905,276.925,278.12,238.57054999999988,250.18779999999975,268.7021999999999,260.15,265.789,274.002,122.72905790929912,114.96070314302722,,,,,0,50453414,47946243.78,69.02323503021093,45.36931166945722,,,,,69.02323503021093,
2026-02-09,277.905,278.2,271.7,274.62,238.9206499999999,250.61893333333308,268.6551999999999,260.91249999999997,267.71000000000004,274.92400000000004,118.84350238232277,115.31368489205408,,,,,0,44623396,47900427.3,62.79732552465223,48.57696693408402,,,,,,
2026-02-10,274.885,275.37,272.94,273.68,239.2471999999999,251.04339999999974,268.57779999999985,261.584,269.25100000000003,275.764,117.88404852393676,115.54735431313432,,,,,0,34376898,47919336.8,61.200680982344146,51.480621234285444,,,,,,
2026-02-11,274.695,280.18,274.45,275.5,239.5782999999999,251.4724666666664,268.51079999999985,262.3065,271.15700000000004,275.56600000000003,119.06099553143123,115.8667762420704,,,,,0,51931283,48555250.06,63.15405330573934,54.38160515318827,,,,,,
2026-02-12,275.59,275.72,260.18,261.73,239.83624999999992,251.80126666666638,268.08339999999987,262.395,271.502,272.73,113.11597272043635,115.61670319464912,,,,,0,81077229,49245040.2,44.783381285037365,55.98941085109964,,,,,,
2026-02-13,262.01,262.23,255.45,255.78,240.05909999999992,252.0987333333331,267.47519999999986,262.27349999999996,271.132,268.26200000000006,112.30291667947259,115.31544987508762,,,,,0,56290673,49297463.02,39.44419991034276,55.92696328772466,,,39.44419991034276,,,
2026-02-17,258.05,266.29,255.54,263.88,240.31599999999995,252.4671333333331,267.06980000000004,262.691,270.519,266.11400000000003,115.80151488111781,115.35963760290855,,,,,1,58469094,49596071.16,48.453829489175455,56.13104740690866,,,,,,
2026-02-18,263.6,266.82,262.45,264.35,240.5711499999999,252.83539999999974,266.74280000000005,263.5735,270.006,264.248,115.8885961412846,115.40772474276092,,,,,0,34203337,49400356.78,48.928646293916344,56.556127226170936,,,,,,
2026-02-19,262.6,264.48,260.05,260.58,240.84729999999993,253.17153333333312,266.37880000000007,264.22,268.415,261.264,113.60320403643487,115.24367740582218,,,,,0,30845294,49071945.76,45.32228180829439,56.48511034346989,,,,,,
2026-02-20,258.97,264.75,258.16,264.58,241.17574999999994,253.53526666666642,266.1126000000001,265.0315,267.28200000000004,261.83399999999995,115.67383865646148,115.28278297406212,,,,,1,42070499,49149119.1,49.5694859586792,56.56599525475642,,,,,,
2026-02-23,263.49,269.43,263.381,266.18,241.51409999999993,253.9019333333331,265.8926000000001,265.93850000000003,266.088,263.91400000000004,115.57098032859011,115.30898273356466,,,,,0,37308155,49251417.08,51.20230020159054,55.76237424050196,,,,,,
2026-02-24,267.86,274.89,267.71,272.14,241.89354999999992,254.2996666666664,265.7598000000001,266.775,265.84000000000003,265.566,119.39909970253329,115.68081154892545,,,,,0,47014619,49530943.1,56.81174641650909,55.42420018101048,,,,,,
2026-02-25,271.78,274.94,271.05,274.23,242.27724999999995,254.69853333333307,265.6838000000001,267.573,265.895,267.54200000000003,119.40244352008547,116.01914172812181,,,,,0,33714342,49540270.22,58.608610995492334,54.743656791761666,,,,,58.608610995492334,
2026-02-26,274.945,276.11,270.795,272.95,242.64934999999994,255.0905333333331,265.5772000000001,268.3985,265.64,270.01599999999996,117.88595647642137,116.18885215978541,,,,,0,32345114,49396514.76,57.043292711168164,54.02450499379658,,,,,,
2026-02-27,272.81,272.81,262.89,264.18,242.91629999999995,255.42666666666642,265.3786000000001,268.6935,265.885,269.936,114.71340465228035,116.05472056819404,,,,,0,72366505,49835663.3,47.652518564285565,52.49802524623048,,,,,,
2026-03-02,262.41,266.53,260.2,264.72,243.1752499999999,255.76559999999978,265.18080000000015,268.9555,266.779,269.644,115.44885875482818,115.99964222152443,,,,,0,41827946,49919249.66,48.217788970642,51.4566297780869,,,,,,
2026-03-03,263.48,265.56,260.13,263.75,243.4323499999999,256.0969333333331,265.0190000000001,268.6424999999999,266.76599999999996,267.966,114.98002653441117,115.90694988633231,,,,,0,38568921,49687853.22,47.231164753138344,50.458807190286485,,,,,,
2026-03-04,264.65,266.15,261.42,262.52,243.6876999999999,256.4385999999998,264.8256000000001,268.29449999999997,266.58299999999997,265.624,115.53526527809969,115.87316037649299,,,,,0,39803119,49451301.18,45.94729062460821,49.22975271306284,,,,,,
2026-03-05,260.79,261.555,257.25,260.29,243.93284999999992,256.78019999999975,264.5580000000001,267.48449999999997,266.554,263.092,113.67219400566856,115.67307252459986,,,,,0,49658626,47551832.74,43.63160593168938,49.147483044966556,,,,,,
2026-03-06,258.63,258.77,254.37,257.46,244.17624999999992,257.11279999999977,264.2878000000001,266.562,265.842,261.74800000000005,113.07446359973764,115.43683534961238,,,,,0,41120042,47642797.04,40.81997381750494,49.24575260976385,,,,,,
2026-03-09,255.69,261.15,253.6805,259.88,244.44134999999991,257.4961333333331,264.03820000000013,265.65,265.212,260.78000000000003,115.67341888216782,115.45834294348106,,,,,1,38218533,47814327.72,44.13517114333793,48.937277013632595,,,,,,
2026-03-10,257.645,262.48,256.95,260.83,244.73504999999994,257.8793333333331,263.7786000000001,264.96049999999997,264.081,260.196,115.14012695740719,115.42941421747435,,,,,0,30590765,48067931.54,45.42758128057602,48.68720094125115,,,,,,
2026-03-11,261.09,262.13,259.55,260.81,245.03229999999996,258.26526666666643,263.5268000000001,264.31699999999995,262.739,259.854,115.37729908913822,115.42467647853469,,,,,0,26218927,48161874.04,45.40376659568687,48.69302128320776,,,,,,
2026-03-12,258.66,258.95,254.18,255.76,245.33474999999996,258.5486666666664,263.16680000000014,263.33,261.02,258.948,113.23845632760165,115.22592919208624,,,,,0,40794020,48503450.18,39.738929162643295,47.99083865491947,,,,,,
2026-03-13,255.48,256.33,249.52,250.12,245.58429999999993,258.7492666666664,262.7076000000001,262.7495,259.614,257.48,112.45374748411793,114.97391267318002,,,,,0,36929988,48799257.6,34.553756253398674,46.80165694433434,,,34.553756253398674,,,
2026-03-16,252.105,253.885,249.88,252.82,245.84629999999993,258.9057333333331,262.32680000000016,262.6015,258.424,256.068,114.36024245348452,114.91812447138952,,,,,0,32074209,48894869,38.67878676762658,45.50644554084273,,,,,,
2026-03-17,252.955,255.13,252.18,254.23,246.11769999999993,259.08606666666645,261.99120000000016,262.11899999999997,257.472,254.748,113.84503318968798,114.82057071850755,,,,,0,32361607,48785340.06,40.77804195107672,44.23283346624162,,,,,,
2026-03-18,252.625,254.94,249,249.94,246.36314999999996,259.22133333333306,261.64480000000015,261.39849999999996,256.214,252.574,111.6454836750009,114.53192644182514,,,,,0,35757874,48587553.74,36.66529029231429,42.77726186489491,,,,,,
2026-03-19,249.4,251.83,247.3,248.96,246.59944999999993,259.3255333333331,261.3768000000002,260.8175,255.081,251.21400000000003,112.74153887490924,114.36916393574187,,,,,0,34864082,48237793.58,35.77758141407297,41.929052068451156,,,,,,
2026-03-20,247.975,249.1999,246,247.99,246.82304999999994,259.4269333333331,261.13000000000017,259.98799999999994,254.13400000000001,250.788,112.61216260398884,114.20943654194613,,,,,0,88331081,49038219.12,34.8774811477854,40.97617293824711,,,,,,
2026-03-23,253.97,254.6,250.28,251.49,247.06639999999993,259.55959999999976,260.9790000000001,259.2535,253.295,250.52200000000002,115.95652955741114,114.36826317971568,,,,,1,40546109,48840754.56,40.67690324210399,40.50801140174466,,,,,,
2026-03-24,250.35,254.825,249.55,251.64,247.32144999999988,259.6979333333331,260.82440000000014,258.2285,252.37599999999998,250.004,114.71222414864631,114.39953235870938,,,,,0,45152288,48943860.98,40.91973409654519,40.14890022116873,,,,,,
2026-03-25,254.095,255,251.6,252.62,247.56494999999987,259.84499999999974,260.67180000000013,257.148,251.55700000000002,250.54000000000002,115.59157825378716,114.50790016735282,,,,,0,28476668,48608119,42.57364017030004,40.07333123821235,,,,,,
2026-03-26,252.115,257,250.77,252.89,247.82214999999988,260.0241999999997,260.5086000000002,256.145,251.26999999999998,251.32600000000002,115.09142294546783,114.56094769263599,,,,,0,41796650,48529435.06,43.04669308044854,40.232382614136895,,,,,,
2026-03-27,253.9,255.493,248.07,248.8,248.05279999999988,260.18353333333306,260.28540000000015,255.37599999999998,251.138,251.488,115.23551180531004,114.62227170287909,,,,,0,47899998,48687046.6,37.94724774592657,39.79038808575037,,,,,,
2026-03-30,250.07,250.87,245.51,246.63,248.29204999999988,260.3093333333331,260.05380000000014,254.47149999999996,250.51899999999995,250.516,116.17306707950874,114.76325310075451,,,,,0,39446213,48688199.58,35.54155229042685,39.084243157882575,,,35.54155229042685,,,
2026-03-31,247.91,255.48,247.101,253.79,248.56499999999988,260.4868666666664,260.0190000000002,253.97349999999997,250.475,250.946,120.01929464211118,115.24107505905967,,,,,0,49598091,48237305.94,47.39234229934391,39.22628427957237,,,,,,
2026-04-01,254.08,256.18,253.33,255.63,248.8608999999999,260.6623333333331,260.1976000000002,253.62899999999996,251.04399999999995,251.548,117.46748502342794,115.44347596491133,,,,,0,40059432,47433144.24,49.93947931169153,39.954895004504394,,,,,,
2026-04-02,254.2,256.13,250.65,255.92,249.1483999999999,260.83186666666643,260.3630000000001,253.41049999999996,251.73999999999995,252.154,116.76372136455508,115.56349827396986,,,,,0,31289369,46966097.12,50.34752528645308,41.083021364008275,,,,,,
2026-04-06,256.51,262.16,256.46,258.86,249.4644999999999,261.0071999999997,260.57320000000016,253.48049999999995,252.827,254.16600000000003,117.97322671009377,115.78256449543566,,,,,0,29329911,46758528.54,54.405078496674776,42.20632791608314,,,,,,
2026-04-07,256.155,256.2,245.7,253.5,249.7490999999999,261.14959999999974,260.68240000000014,253.1615,253.02800000000002,255.54000000000005,115.02128007114531,115.71335682050018,,,,,0,62148008,47167709.06,46.88295521775323,42.642393149417174,,,,,,
2026-04-08,258.45,259.7499,256.53,258.9,250.03859999999995,261.3441333333333,260.75220000000013,253.06499999999997,253.754,256.562,117.3823154254901,115.86508033004472,,,,,1,41032772,46868979.82,53.811590021604935,43.867128844366505,,,,,,
2026-04-09,259,261.12,256.07,260.49,250.33354999999992,261.4909333333333,260.7966000000001,253.04899999999998,254.54100000000003,257.53400000000005,115.21314143674755,115.80581315792679,,,,,0,28121574,46438445.88,55.64615495978891,45.28631266906051,,,,,,
2026-04-10,259.98,262.19,259.023123,260.48,250.63444999999996,261.6289333333333,260.87740000000014,253.28499999999994,255.3,258.446,114.50223966873125,115.68730647709083,,,,,0,31291473,46238515.92,55.63118895162127,46.768720369334496,,,,,,
2026-04-13,259.73,260.18,256.66,259.2,250.92264999999992,261.759,260.8958000000002,253.73899999999995,256.34000000000003,258.514,114.06944505567047,115.54022816605261,,,,,0,36234698,45618149.7,53.64246635849199,47.69483202050507,,,,,,
2026-04-14,259.245,261.93,257.19,258.83,251.21179999999993,261.89866666666666,260.88280000000015,254.03949999999995,257.56000000000006,259.58000000000004,112.75981197258876,115.2874630575559,,,,,0,48370710,44736695.74,53.05208214389808,48.561428309601695,,,,,,
2026-04-15,258.16,266.56,257.81,266.43,251.53854999999993,262.1125333333333,260.81120000000016,254.6495,258.824,261.08600000000007,114.71871102378364,115.23575832721296,,,,,0,49913510,44256697.44,62.24404074721532,49.9664569222385,,,,,,
2026-04-16,266.8,267.16,261.27,263.4,251.82969999999995,262.3566,260.68960000000015,255.3225,259.60100000000006,261.66800000000006,112.51665964208823,114.98856753765617,,,,,0,43323112,43835266.58,57.417359083233514,50.992933065294565,,,,,,
2026-04-17,266.96,272.3,266.72,270.23,252.14174999999992,262.6246,260.56440000000015,256.38599999999997,261.03200000000004,263.61800000000005,115.13373259729397,115.0017643612596,,,,,1,61436228,43253076.94,64.1632884270474,52.86550739966035,,,,,,
2026-04-20,270.33,274.275,270.29,273.05,252.44479999999993,262.8844666666666,260.5072000000002,257.639,262.4510000000001,266.3880000000001,114.95148083440336,114.9971931315454,,,,,0,36590169,42925331.5,66.52152794421247,55.07836280350217,,,,,66.52152794421247,
2026-04-21,271.5,272.8,265.4,266.17,252.70789999999994,263.0809333333333,260.26820000000015,258.37299999999993,263.7180000000001,267.8560000000001,112.3217608905731,114.75397201872974,,,,,0,50209755,42920458.32,56.715646051721826,55.74431307152918,,,,,,
2026-04-22,267.82,273.74,266.87,273.17,253.02399999999994,263.3144,260.23920000000015,259.44949999999994,265.1450000000001,269.2040000000001,116.01184594607602,114.86832419394304,,,,,1,43249204,42892974.48,62.734641689066,56.65825324134164,,,,,,
2026-04-23,275.045,275.77,271.65,273.43,253.34109999999993,263.544,260.2342000000001,260.48999999999995,266.4390000000001,271.21000000000015,114.9205157266363,114.87306887873333,,,,,0,33399639,42873429.3,62.94077558248984,57.557771119629976,,,,,,
2026-04-24,272.755,273.06,269.65,271.06,253.64069999999992,263.7652,260.14540000000017,261.39849999999996,267.497,271.37600000000015,114.39689044385455,114.82977993010799,,,,,0,38157110,42597945.84,59.69908569575054,57.93591449099252,,,,,,
2026-04-27,266.09,268.36,265.07,267.61,253.9166999999999,263.9126,260.26300000000015,262.33899999999994,268.3380000000001,270.2880000000001,112.04775389493753,114.57686847236522,,,,,0,41466762,41805736.5,55.23902458312317,58.532776588518956,,,55.23902458312317,,,
2026-04-28,272.335,273.23,268.66,270.71,254.2144499999999,264.01013333333333,260.56160000000017,263.54299999999995,269.52600000000007,271.1960000000002,113.20589022459129,114.45223408620396,,,,,0,40018940,41480301.84,58.256795036608814,58.850291232447795,,,,,,
2026-04-29,267.55,271.04,267.04,270.22,254.5224499999999,264.11539999999997,260.6884000000002,264.36449999999996,269.9050000000001,270.60600000000017,113.55674124959204,114.37082564651196,,,,,0,30047869,40911877.34,57.595802488391314,58.989551770205104,,,,,,
2026-04-30,270.5,276,268.14,271.35,254.83364999999992,264.2423333333333,260.82840000000016,265.1505,270.7000000000001,270.19000000000017,114.07715289883913,114.34412812399624,,,,,0,91848230,42064775.2,58.757939614519124,59.212891103269236,,,,,,
2026-05-01,278.855,287.22,278.37,280.14,255.1835499999999,264.3974666666666,261.2196000000001,266.3615,271.6910000000001,272.0060000000002,116.57895247897773,114.5472939744491,,,,,1,79915442,43046178.16,66.45855467778655,60.12832598321885,,,,,,
2026-05-04,279.655,280.63,274.8601,276.83,255.5175999999999,264.5399333333333,261.46460000000013,267.26,272.0690000000001,273.8500000000002,114.86547230954994,114.57621927764009,,,,,0,46668401,43138136.2,61.78055018698383,60.7517879862964,,,,,,
2026-05-05,276.925,284.57,276.501,284.18,255.8825999999999,264.7382666666666,261.82460000000015,268.794,273.87000000000006,276.5440000000002,118.3958359950894,114.92345716104458,,,,,0,49311712,43378207.34,67.28702668881695,61.11200126783938,,,,,,
2026-05-06,281.915,288.03,281.07,287.51,256.25774999999993,264.9574666666666,262.1320000000002,270.2245,275.30400000000003,280.00200000000024,118.81871443311324,115.27757145850536,,,,,0,58336072,43604636.4,69.43558444638387,61.970445936635834,,,,,,
2026-05-07,289.27,292.13,285.78,287.44,256.6229499999999,265.1707333333333,262.39620000000014,271.572,276.70500000000004,283.2200000000002,117.08175437977164,115.4415880877114,,,,,0,45224300,43834835.56,69.33249781455191,62.33967517860044,,,,,,
2026-05-08,290.01,294.76,290,293.32,257.01879999999994,265.412,262.80360000000013,273.21400000000006,278.93100000000004,285.8560000000002,119.93294353354867,115.84989312824206,,,,,0,52692761,44241788.5,72.96356031802145,62.79982034815823,,,,,,
2026-05-11,291.979,293.88,290.23,292.68,257.4133999999999,265.64306666666664,263.3736000000001,274.88800000000003,281.438,289.0260000000002,118.67137365993956,116.10639135839638,,,,,0,42247285,43639404.1,71.96479660916319,63.88904538797546,,,,,,
2026-05-12,292.56,295.27,292.56,294.8,257.818,265.8971333333333,263.9752000000001,276.68649999999997,283.84700000000004,291.1500000000002,119.30633966692973,116.39729575008123,,,,,0,45748129,43717807.76,73.27005178351307,64.64157468043597,,,,,,
2026-05-13,293.5,300.92,293.5,298.87,258.24209999999994,266.17973333333333,264.67760000000015,278.3085,286.71200000000005,293.4220000000002,121.14763335076348,116.82914462287053,,,,,0,52684260,44000114.54,75.61709156985332,65.54702582239051,,,,,,
2026-05-14,299.82,300.45,295.38,298.21,258.67679999999996,266.4474,265.3914000000001,280.04900000000004,289.398,295.5760000000002,120.1771566280597,117.133509350615,,,,,0,35324922,43910550.6,74.47508772150903,66.60245453851611,,,,,,
2026-05-15,297.9,303.2,296.52,300.23,259.13269999999994,266.7553333333333,266.1902000000001,281.54900000000004,291.40700000000004,296.9580000000002,120.07198800199967,117.40064377346815,,,,,0,54862836,44014634.8,75.6854249693827,68.06291170896323,,,,,,
2026-05-18,300.24,300.66,294.91,297.84,259.58404999999993,267.1058,266.9978000000001,282.7885,293.50800000000004,297.99000000000024,120.60757320317634,117.69218281253252,,,,,0,34482959,43881893.14,71.37313338567608,68.99979301961089,,,71.37313338567608,,,
2026-05-19,296.97,300.51,296.35,298.97,260.06699999999995,267.44786666666664,267.7796000000001,284.42850000000004,294.987,298.82400000000024,121.15428256500033,118.00691915366596,,,,,0,42243561,43962393.7,72.1802103156815,70.04153643584588,,,,,,
2026-05-20,298.18,302.8,298.08,302.25,260.56149999999997,267.81106666666665,268.6080000000001,285.88250000000005,296.461,299.5000000000003,123.30661633318012,118.48870980634906,,,,,0,38229843,44115175.26,74.43338295472799,71.16121096014652,,,,,,
2026-05-21,301.055,305.54,300.4,304.99,261.0718499999999,268.1820666666666,269.4916000000001,287.4605,298.216,300.8560000000003,123.0963169450663,118.90758318259608,,,,,0,42965126,44450099.24,76.16970935315193,71.85486486552976,,,,,,
2026-05-22,306.12,311.4,305.84,308.82,261.5496999999999,268.5912,270.55280000000016,289.3485,299.766,302.57400000000024,124.42836363929395,119.40947231502317,,,,,0,43670223,44507623.3,78.37998753341415,73.04053896170336,,,,,,
2026-05-26,309.56,311.82,307.67,308.33,261.99119999999994,268.9648,271.71700000000016,291.3845,301.331,304.6720000000003,123.76964948056327,119.80585205734499,,,,,0,48000493,44729033.4,77.39100173638079,73.76225146510077,,,,,,
2026-05-27,308.33,313.26,308.3,310.85,262.39869999999996,269.2888666666667,272.87760000000014,293.3915,302.93600000000004,307.0480000000003,124.02398688142615,120.18931885953418,,,,,0,50430919,45096167.6,78.86779220667447,74.43598059083583,,,,,,
2026-05-28,310.68,312.8,309.57,312.51,262.8253499999999,269.6204666666667,274.0432000000001,295.506,304.30000000000007,309.10000000000025,124.66540874983545,120.59623612228884,,,,,0,48220390,45413343.26,79.80363520990309,75.18391897621805,,,,,79.80363520990309,
2026-05-29,311.775,315,309.53,312.06,263.2373999999999,269.97786666666667,275.2856000000001,297.5415,305.68500000000006,310.51400000000024,123.77406585735402,120.8851297345675,,,,,0,70026752,46098720.82,78.78506462536745,75.59974071245706,,,,,,
2026-06-01,309.625,310.94,305.02,306.31,263.6022999999999,270.2894,276.43260000000015,298.85,306.29300000000006,310.0120000000003,121.23007104174775,120.91648803522025,,,,,0,48849933,46378437.84,67.01496210107834,75.2461811047367,,,,,,
2026-06-02,307.46,315.45,306.685,315.2,264.01439999999997,270.6386,277.7768000000001,300.7685,308.0290000000001,311.38600000000025,124.42187119652102,121.23515923170214,,,,,0,44534716,45502510.54,73.58545662121533,75.26871002171545,,,,,,
2026-06-03,314.175,316.94,308.85,310.26,264.40774999999996,270.9149333333333,278.9522000000001,302.07250000000005,309.158,311.2680000000002,122.31381500360717,121.33321884732987,,,,,0,50836705,45708322.46,65.74802680319739,74.56377682409716,,,,,,
2026-06-04,313.23,313.54,309.65,311.23,264.80944999999997,271.19646666666665,280.1440000000001,303.2585,310.05600000000004,311.0120000000003,123.60746498059885,121.53996849580888,,,,,0,44869134,45702659.38,66.50246555317777,73.99430381207351,,,,,,
2026-06-05,312.86,315.17,307.15,307.34,265.19334999999995,271.4474,281.2384000000001,304.25350000000003,310.29100000000005,310.06800000000027,121.56923758491203,121.54262932209099,,,,,0,65310502,46439336.06,60.72583689455725,72.92576180672883,,,,,,
2026-06-08,308.739,317.4,301.17,301.54,265.57099999999997,271.6483333333333,282.2114000000001,304.66450000000003,309.56300000000005,309.11400000000026,122.51531407567721,121.63105520878065,,,,,0,77949082,47162384.7,53.29276951801369,71.63430724475293,,,,,,
2026-06-09,300.275,300.75,287.78,290.55,265.89924999999994,271.78286666666673,283.0464000000001,304.55800000000005,307.785,304.1840000000003,117.69956196021454,121.27364673163828,,,,,0,70108847,47606561.68,42.641891639813814,69.52442733933381,,,42.641891639813814,,,
2026-06-10,290.74,294.75,287.38,291.58,266.21834999999993,271.93306666666666,283.9454000000001,304.39700000000005,305.85800000000006,300.4480000000003,118.42158702309298,121.01436857631597,,,,,0,52793266,47873502.74,43.77602180535179,67.33461582866408,,,,,,
2026-06-11,293.72,297,289.59,295.63,266.56069999999994,272.1036666666667,284.7822000000001,304.23500000000007,304.17,297.3280000000003,122.04348424384202,121.10792454609107,,,,,1,42572497,47732990.86,48.119842126736465,65.33105388392012,,,,,,
2026-06-12,296.03,297.14,289.62,291.13,266.86979999999994,272.2436,285.4922000000001,303.8810000000001,302.07700000000006,294.08600000000035,118.1164976853824,120.83597664966301,,,,,0,38784789,47707498,44.04776210594341,62.87875206767222,,,,,,
2026-06-15,294.12,297.78,291.7,296.42,267.1994499999999,272.42126666666667,286.3022000000001,303.6905000000001,301.088,293.06200000000035,119.66170801122259,120.72922495525934,,,,,0,45732573,47996362.08,49.46200752767195,60.8838239099073,,,,,,
2026-06-16,295.245,300.48,293.97,299.24,267.53284999999994,272.62640000000005,287.10980000000006,303.76050000000015,299.492,294.80000000000035,118.83594465653908,120.55710856446659,,,,,0,39874404,48207251.94,52.121734194570166,58.973391194756985,,,,,52.121734194570166,
2026-06-17,300.845,302.07,294.36,295.95,267.85189999999994,272.8032,287.9588000000001,303.60950000000014,298.06100000000004,295.6740000000003,118.2012796651463,120.34294230089202,,,,,0,42745060,47819192.98,48.88905829003606,56.7652071290522,,,,,,
2026-06-18,298.11,300.57,295.62,298.01,268.19334999999995,272.9549333333334,288.74100000000004,303.39750000000015,296.73900000000003,296.1500000000004,120.48743212701699,120.35607773963065,,,,,1,85962201,48717781.56,50.94078680150249,54.776330141633274,,,,,,
2026-06-22,297.31,302.42,296.76,297.01,268.48605,273.1118666666667,289.4714000000001,302.9985000000001,295.706,297.32600000000036,118.79497158215975,120.21415899804238,,,,,0,44879914,49052948.36,49.89373187954547,53.5533851258095,,,,,,
2026-06-23,297.538,301.64,294.18,294.3,268.75864999999993,273.2542,290.1478,302.27250000000015,294.9820000000001,296.9020000000004,118.14880138315327,120.02639921487064,,,,,0,52010929,49467337.48,47.07013169409012,51.659433345300556,,,,,,
2026-06-24,295.355,299.7,292.94,293.08,269.02559999999994,273.392,290.8254,301.5100000000001,295.235,295.67000000000036,119.37356169684134,119.96705034959524,,,,,0,53081859,49804280.7,45.81316792475868,50.23551485398351,,,,,,
2026-06-25,287.4,288.8,273.75,275.15,269.21194999999994,273.4432666666667,291.1518,299.72500000000014,293.59200000000004,291.51000000000033,112.18081571469145,119.25921083733125,,,,,0,107253659,50981939.68,32.20266214541485,47.78552889628616,,,32.20266214541485,,,
2026-06-26,275,285.95,274.21,283.78,269.4591,273.5522,291.49879999999996,298.2885000000001,292.40700000000004,288.6640000000003,115.71081402871634,118.93662930927535,,,,,0,261775450,55219178.48,41.2497507471005,46.39437988575354,,,,,,
2026-06-29,286.73,288.3697,279.85,281.74,269.73384999999996,273.6400666666667,291.8656,296.77250000000015,291.4680000000001,285.6100000000003,114.93290073605901,118.5726539844375,,,,,0,66427002,55681256.28,39.89451922915718,45.43736200797806,,,,,,
2026-06-30,281.17,289.94,280.695,289.36,270.03049999999996,273.7941333333334,292.2482,295.9250000000001,290.76200000000006,284.62200000000036,116.67067629155842,118.39974692144848,,,,,0,65100155,55754534.82,46.9108124578964,45.7422849235554,,,,,,
2026-07-01,293.44,296.59,289.195,294.38,270.3320499999999,273.9467333333334,292.6748,294.8840000000001,290.27600000000007,284.88200000000035,117.76204902818374,118.34177438569714,,,,,0,50164232,56026016.08,50.971293787649,46.25623292229091,,,,,,
2026-07-02,294.12,309.42,293.68,308.63,270.69169999999997,274.16480000000007,293.524,294.8025000000001,291.54400000000004,291.5780000000003,123.7286572776729,118.83149101224039,,,,,1,75400626,56529833.5,60.26242563516346,47.12356031574999,,,,,,
2026-07-06,307.36,314.2,307,312.66,271.06424999999996,274.4027333333334,294.3138,294.87400000000014,293.00900000000007,297.3540000000003,125.3441022872446,119.42354658269532,,,,,0,53589977,56736648.96,62.430756280590295,48.43663132822477,,,,,,
2026-07-07,315.29,315.48,310.15,310.66,271.42259999999993,274.62346666666673,295.05839999999995,295.04000000000013,294.3740000000001,303.1380000000003,123.64691944071123,119.80748956978768,,,,,0,42490002,56918456.22,60.661673424958416,49.23660746374522,,,,,,
2026-07-08,311.91,314.82,307.05,313.39,271.80015,274.85373333333337,295.905,295.6325000000001,296.283,307.9440000000003,125.29168360241742,120.30605266366311,,,,,0,41323480,56981783.62,62.2347827306032,49.95896807346187,,,,,,
2026-07-09,310.51,316.53,308.16,316.22,272.15374999999995,275.07453333333336,296.8772,296.9160000000001,298.59700000000004,312.3120000000003,126.78027078424796,120.89461794735264,,,,,0,48124490,57114938.18,63.848679157536544,51.02751242114048,,,,,,
2026-07-10,314.72,316.91,312.17,315.32,272.44994999999994,275.2687333333334,297.76939999999996,298.1030000000001,302.61400000000003,313.65000000000026,125.39834880773736,121.30404802556943,,,,,0,34132321,56997205.8,62.92766554184197,51.883718045450436,,,,,,
2026-07-13,317.015,323.45,315.78,317.31,272.7643499999999,275.48980000000006,298.71119999999996,299.1870000000001,305.967,314.58000000000027,125.66085706478478,121.700121574589,,,,,0,43257804,57261404.5,64.15876283305616,52.90264882784406,,,,,,
2026-07-14,313.76,316.19,311.91,314.86,273.0770999999999,275.7175333333334,299.5814,300.37350000000015,309.279,315.42000000000024,125.68692833591028,122.06255855289093,,,,,0,36336829,56151176.48,61.45303882067992,53.92999933688619,,,,,,
2026-07-15,317.615,328.73,317.32,327.5,273.43024999999994,276.0423333333334,300.5286,301.9275000000001,313.093,318.2420000000003,130.2430275240303,122.80623755026724,,,,,0,60957644,55772020.52,68.77046985760458,55.569806617803756,,,,,,
2026-07-16,328.005,334.68,326.79,333.26,273.81924999999995,276.41146666666674,301.6572,303.62850000000014,316.981,321.65000000000026,132.02947546352544,123.6447137241998,,,,,0,62970617,56098064.84,71.43187124555263,58.37189298209932,,,,,,
2026-07-17,331.98,334.99,329.0006,333.74,274.2158,276.78853333333336,302.6484,305.51800000000014,319.492,325.3340000000003,132.89760637768342,124.4858857836074,,,,,0,63407059,56379971.78,71.64870221411401,60.543246658314565,,,,,71.64870221411401,
2026-07-20,333.505,333.71,323.68,326.59,274.57559999999995,277.1072666666667,303.42999999999995,306.9470000000001,320.885,327.1900000000003,131.37714225182327,125.1123636443543,,,,,0,53468008,56282610.5,63.871935364784896,62.25591923943083,,,,,,
2026-07-21,323.13,329.6,322.2204,327.74,274.93704999999994,277.43866666666673,304.23599999999993,308.4835000000001,322.593,329.7660000000003,132.0949903805849,125.74714789310254,,,,,0,41338917,56204902.84,64.5386236442263,63.51504860988297,,,,,,
2026-07-22,327.87,328.9995,323.34,325.89,275.28084999999993,277.75606666666675,304.88739999999996,310.0630000000001,323.843,329.4440000000003,130.196292547808,126.15161558898485,,,,,0,38755929,55926166.2,62.53927052046296,64.34133266222682,,,,,,
2026-07-23,321.73,323.3,319.35,321.66,275.5990499999999,278.0730666666667,305.467,311.4920000000001,324.387,327.1240000000003,128.6818438823517,126.3816363429273,,,,,0,40840778,55898036.06,58.106759871361085,64.18735653624093,,,58.106759871361085,,,
2026-07-24,321.79,334.37,321.62,333.02,275.9806999999999,278.46246666666667,306.23139999999995,314.3855000000001,326.15700000000004,326.9800000000003,134.85684974960515,127.15211028898892,,,,,0,47489415,55932861.78,65.23335936139998,64.38754247058448,,,,,,
2026-07-27,334.54,339.57,334.02,336.91,276.3828499999999,278.8962666666667,306.99219999999997,317.0420000000001,328.117,329.0440000000003,136.3643722729959,127.98958865117137,,,,,0,49604297,55871262.52,67.28562237006318,64.86068168094911,,,,,,
2026-07-28,340.03,342.89,335.6,340.08,276.79294999999996,279.3488666666667,307.82959999999997,319.9590000000001,330.639,331.5120000000003,137.62514872160122,128.8655486575741,,,,,0,51859042,56201944.92,68.89689270516969,65.33654667913243,,,,,68.89689270516969,
2026-07-29,339.73,344.5699,337.3501,338.19,277.2136999999999,279.77900000000005,308.5888,322.40050000000014,331.70799999999997,333.9720000000003,136.57289622252912,129.56621661802455,,,,,0,56090840,56226505,66.78488661027187,65.54627578289923,,,,,,
2026-07-30,333.1,334.75,329.59,333.43,277.6544999999999,280.1954,309.3006,324.3530000000002,331.725,336.3260000000003,136.7235499545526,130.21688328498166,,,,,0,74817792,57033201.66,61.65842411569576,65.45561568103165,,,,,,
2026-07-31,304.81,310.69,300,308.91,277.96074999999996,280.43906666666675,309.4994,324.36700000000013,329.2420000000001,331.5040000000003,124.60017505576373,129.70627344596184,,,,,0,132489137,58838113.18,43.24383628904212,63.96169235645922,,,,,,
2026-08-03,309.58,311.8,302.56,303.42,278.2389999999999,280.6364666666667,309.52279999999996,323.90500000000014,326.92500000000007,324.8060000000003,121.53458340231678,128.96339253290319,,,,,0,75051951,59574555.34,40.33894003793945,62.453542443406334,,,40.33894003793945,,,
2026-08-04,302.725,310.42,301.32,309.38,278.53919999999994,280.87633333333343,309.6106,323.8410000000002,325.08900000000006,318.66600000000034,122.11565028616539,128.34087051047248,,,,,0,68000969,60075272.2,44.683257998024864,60.73302731057921,,,,,,
2026-08-05,309.36,311.71,305.67,311,278.8569499999999,281.12460000000004,309.6542,323.72150000000016,323.6,313.22800000000035,120.5968575018225,127.63686932786794,,,,,0,49438763,60190643,45.837723570580174,58.90487390522404,,,,,,
2026-08-06,314.34,316.2894,309.23,312.41,279.1575499999999,281.38680000000005,309.73580000000004,323.5310000000002,322.675,309.0240000000004,121.34704896064635,127.06506747630235,,,,,0,46139901,60153431.16,46.87691712569512,57.135460684622686,,,,,,
2026-08-07,311.45,314.81,310.74,313.33,279.4129999999999,281.6632666666667,309.7854,323.43150000000014,320.706,309.90800000000036,121.91892046132534,126.59723592948626,,,,,0,34437191,59833556.6,47.5835928657874,55.97200764898002,,,,,47.5835928657874,
2026-08-10,306.83,308.26,304.61,308.26,279.64044999999993,281.9116,309.7004,322.97900000000016,317.841,310.8760000000003,119.20893467600972,125.92557217917022,,,,,0,44812503,59765398.86,44.10183632200431,54.512237125964155,,,,,,
2026-08-11,307.75,309.97,302.79,304.91,279.8727499999999,282.16260000000005,309.55740000000003,322.48150000000015,314.324,309.9820000000003,117.98233225118696,125.20345945844447,,,,,0,37476746,59114398.74,41.91922718903983,53.03937688800536,,,,,,
2026-08-12,305.1,305.66,300.57,302.25,280.0860999999999,282.42853333333335,309.4762,321.21900000000016,310.73,308.2320000000003,117.33003804249373,124.48769387517622,,,,,0,41657768,58970555.44,40.21725209147116,51.76155490372751,,,40.21725209147116,,,
2026-08-13,304.21,306,302.05,305.26,280.2982999999999,282.72806666666673,309.2774,319.81900000000013,307.91300000000007,306.8020000000003,118.18803639414081,123.91499774053663,,,,,0,40349289,58886846.9,43.03571378202782,50.17600879091521,,,,,,
2026-08-14,306,307.49,304.3,305.93,280.48389999999995,283.0406666666667,309.1908,318.4285000000001,307.61500000000007,305.32200000000034,117.68062274730447,123.34823637751553,,,,,0,28229375,58434700.3,43.67229136076389,48.48934229025098,,,,,,
2026-08-17,306.21,307.66,302.939,305.59,280.66684999999995,283.34880000000004,309.078,317.37850000000014,307.83200000000005,304.78800000000035,117.74958385565441,122.83926796643725,,,,,0,38169263,58300702.88,43.407197771146464,46.668649794963606,,,,,,
2026-08-18,307.58,311.49,305.74,310.03,280.8684999999999,283.6806666666667,309.1318,316.4930000000001,307.89700000000005,305.8120000000003,120.08815942032727,122.58916718951816,,,,,0,53424535,58062983.54,47.858296235601166,45.31675048248713,,,,,,
2026-08-19,310.14,319.2799,309.6,316.83,281.0956499999999,284.0525333333334,309.43760000000003,316.04000000000013,308.4800000000001,308.72800000000035,123.57249836188336,122.67856093246046,,,,,1,50505646,57514114.82,53.84558103326378,44.758690262313415,,,,,53.84558103326378,
2026-08-20,317.455,320.28,310.65,311.3,281.30029999999994,284.39480000000003,309.8526,315.5220000000001,308.369,309.9360000000003,121.16014831382545,122.54052342167546,,,,,0,40959184,56931121.56,48.925411289190585,45.164517048038306,,,,,,
2026-08-21,312.05,312.38,307.01,309.35,281.50179999999995,284.73573333333337,310.208,314.3385000000002,307.97100000000006,310.62000000000035,121.45407241832393,122.44175514864351,,,,,0,46876815,56812792.54,47.28465379938645,45.660639459570234,,,,,,
2026-08-24,311.47,313.36,309.97,310.34,281.7032999999999,285.1011333333334,310.5022,313.0100000000001,308.17900000000003,311.57000000000033,121.31549560419943,122.3393679173304,,,,,0,34673582,56654814.24,48.233817918496044,45.91425088246103,,,,,,
2026-08-25,310.79,313.59,308.21,309.9,281.9020999999999,285.5224666666667,310.87760000000003,311.5010000000001,308.67800000000005,311.5440000000004,121.48399421915468,122.26160667204171,,,,,0,25869807,56396514.6,47.82169065969282,46.05596281739765,,,,,,
2026-08-26,310.3,315.43,308.8001,313.45,282.1204999999999,285.96113333333335,311.2182,310.2640000000001,309.79800000000006,310.86800000000034,122.48478627847363,122.28189572717189,,,,,1,34024486,56162352.86,51.42771454823116,46.38101977615023,,,,,,
2026-08-27,310.545,315.4,309.4001,314.58,282.3510499999999,286.40266666666673,311.525,309.3215000000001,310.7300000000001,311.52400000000034,122.95165261800227,122.34278271724737,,,,,0,32419233,56013249.44,52.55178428510638,46.73589059181587,,,,,,
2026-08-28,316.845,322.37,315.4504,319.7,282.6023999999999,286.88040000000007,311.99999999999994,309.8610000000001,312.1070000000001,313.59400000000034,124.05914378365514,122.49881554146626,,,,,0,38649398,55931336.2,57.36611407219636,47.68333900254387,,,,,,
2026-08-31,319.6,321.235,314.35,315.02,282.80124999999987,287.27780000000007,312.3402,310.44100000000014,313.05000000000007,314.5300000000003,123.10726456090622,122.55412908868807,,,,,0,8846358,54389019.34,52.15672450359624,48.41458881072647,,,,,,