time,open,high,low,close,50MA,150MA,200MA,Pivot,Handle Low,Buy Zone Upper,C&H Detected,Qualified Setup,Breakout Wait,Retest Seen,BUY Hold,BUY Retest,Pattern Failed,Breakout Failed,Stop,MA,MA,MA,MA,MA,MA,50MA,150MA,200MA,Pivot,Handle Low,Buy Zone Upper,C&H Detected,Qualified Setup,Breakout Wait,Retest Seen,BUY Hold,BUY Retest,Pattern Failed,Breakout Failed,Stop,Relative Strength Line,Relative Strength Line MA,PlotCandle (開盤價),PlotCandle (最高價,PlotCandle (最低價),PlotCandle (關閉),Shapes,Volume,Volume MA,RSI,RSI-based MA,Upper Bollinger Band,Lower Bollinger Band,Regular Bullish,Regular Bullish Label,Regular Bearish,Regular Bearish Label
2025-06-23,209.79,210.39,207.3101,208.47,198.1995999999998,,204.09609999999998,214.84,209.62,,0,0,0,0,0,0,1,0,0,204.09609999999998,209.11113333333336,198.1995999999998,209.9119999999998,213.47300000000018,212.3200000000001,198.1995999999998,,204.09609999999998,214.84,209.62,,0,0,0,0,0,0,1,0,0,104.79653476545154,105.58713020514986,,,,,0,37311725,43900838.62,51.248492723356705,61.18316309223113,,,51.248492723356705,,,
2025-06-24,212.135,214.34,211.045,212.77,198.8305999999998,,204.29329999999993,,,,0,0,0,0,0,0,0,0,0,204.29329999999993,209.10226666666668,198.8305999999998,210.5009999999998,213.0520000000002,211.65400000000014,198.8305999999998,,204.29329999999993,,,,0,0,0,0,0,0,0,0,0,105.94075510027949,105.61927792288891,,,,,1,38378757,43302372.86,57.14174621541531,61.11268235176083,,,,,,
2025-06-25,214.615,216.03,211.11,211.99,199.37299999999976,,204.46379999999994,,,,0,0,0,0,0,0,0,0,0,204.46379999999994,209.10566666666668,199.37299999999976,210.7994999999998,212.49000000000015,211.0880000000001,199.37299999999976,,204.46379999999994,,,,0,0,0,0,0,0,0,0,0,104.3910317964476,105.50761918412152,,,,,0,31755698,42925600.04,55.82350464316221,60.8260382038129,,,,,,
2025-06-26,213.12,218.035,212.01,217.12,200.07299999999978,,204.69244999999995,,,,0,0,0,0,0,0,0,0,0,204.69244999999995,209.20240000000004,200.07299999999978,211.41949999999983,212.88200000000015,212.00800000000012,200.07299999999978,,204.69244999999995,,,,0,0,0,0,0,0,0,0,0,106.91791896128625,105.63582825477286,,,,,1,50480814,42975165.52,62.02807306055054,60.92728304762502,,,,,,
2025-06-27,219.92,223.3,216.74,223.3,200.94719999999978,,204.93194999999997,,,,0,0,0,0,0,0,0,0,0,204.93194999999997,209.34640000000002,200.94719999999978,212.2994999999998,213.8880000000002,214.73000000000016,200.94719999999978,,204.93194999999997,,,,0,0,0,0,0,0,0,0,0,109.08629036591702,105.94950662851323,,,,,0,119217138,44486669.24,67.88060130596048,61.03208116294637,,,,,67.88060130596048,
2025-06-30,223.52,223.82,219.12,219.39,201.84839999999977,,205.13114999999993,,,,0,0,0,0,0,0,0,0,0,205.13114999999993,209.44493333333338,201.84839999999977,213.01849999999982,214.61700000000013,216.91400000000013,201.84839999999977,,205.13114999999993,,,,0,0,0,0,0,0,0,0,0,106.6193861087172,106.01040476307723,,,,,0,58887780,44626918.52,61.42954078561887,60.46678767914921,,,,,,
2025-07-01,219.5,221.875,217.93,220.46,202.8053999999998,,205.31084999999996,,,,0,0,0,0,0,0,0,0,0,205.31084999999996,209.56213333333335,202.8053999999998,213.70899999999983,215.05300000000017,218.45200000000014,202.8053999999998,,205.31084999999996,,,,0,0,0,0,0,0,0,0,0,106.58926597195139,106.06302850933852,,,,,0,39256830,44517526.06,62.48037835057662,59.939192531714596,,,,,,
2025-07-02,219.73,221.6,219.06,219.92,203.85739999999979,,205.47545,,,,0,0,0,0,0,0,0,0,0,205.47545,209.70573333333337,203.85739999999979,214.41949999999983,215.56300000000016,220.03800000000015,203.85739999999979,,205.47545,,,,0,0,0,0,0,0,0,0,0,106.44689755760709,106.09792569554476,,,,,0,30894178,44172887.4,61.56871285151623,59.91521128749681,,,,,,
2025-07-03,221.82,224.01,221.36,223.41,204.8619999999998,,205.66004999999998,,,,0,0,0,0,0,0,0,0,0,205.66004999999998,209.88100000000003,204.8619999999998,215.2284999999998,216.65200000000013,221.29600000000013,204.8619999999998,,205.66004999999998,,,,0,0,0,0,0,0,0,0,0,107.62580270128352,106.23682360515737,,,,,0,29632353,43633390.42,65.11183664636351,60.141284549477014,,,,,,
2025-07-07,223,224.29,222.37,223.47,205.7193999999998,,205.85294999999994,,,,0,0,0,0,0,0,0,0,0,205.85294999999994,210.02780000000004,205.7193999999998,216.00649999999982,218.03000000000014,221.3300000000001,205.7193999999998,,205.85294999999994,,,,0,0,0,0,0,0,0,0,0,106.76406512765634,106.28475465265727,,,,,0,36604139,43096070.22,65.17128630134597,60.51763179169359,,,,,,
2025-07-08,223.915,224,218.43,219.36,206.37579999999983,,206.01534999999996,,,,0,0,0,0,0,0,0,0,0,206.01534999999996,210.1044666666667,206.37579999999983,216.29599999999982,219.11900000000014,221.32400000000015,206.37579999999983,,206.01534999999996,,,,0,0,0,0,0,0,0,0,0,105.63098817173062,106.22532133620939,,,,,0,45691987,43134646.04,57.89384248240131,60.05659471104085,,,57.89384248240131,,,
2025-07-09,221.07,224.29,220.47,222.54,207.04679999999982,,206.1959,,,,0,0,0,0,0,0,0,0,0,206.1959,210.2164666666667,207.04679999999982,216.57399999999978,220.09600000000015,221.74000000000015,207.04679999999982,,206.1959,,,,0,0,0,0,0,0,0,0,0,107.23940689196547,106.31751093218722,,,,,1,38155121,43169461.86,61.478107888450914,60.02073904136218,,,,,,
2025-07-10,221.55,222.79,219.7,222.26,207.7379999999998,,206.35784999999996,,,,0,0,0,0,0,0,0,0,0,206.35784999999996,210.31226666666672,207.7379999999998,216.80649999999983,221.12300000000013,222.20800000000014,207.7379999999998,,206.35784999999996,,,,0,0,0,0,0,0,0,0,0,106.45910669380913,106.33038327415285,,,,,0,30370591,43112379.04,60.9858426449357,60.24405721918377,,,,,,
2025-07-11,223.58,226.6799,222.37,225.02,208.49059999999983,,206.52495,,,,0,0,0,0,0,0,0,0,0,206.52495,210.4076666666667,208.49059999999983,217.3974999999998,221.9130000000001,222.53000000000011,208.49059999999983,,206.52495,,,,0,0,0,0,0,0,0,0,0,107.48558626981739,106.43540172830417,,,,,0,50518307,43289400.08,64.04222202628313,61.02029913756699,,,,,,
2025-07-14,225.07,226.66,224.24,225.69,209.31599999999983,,206.68399999999997,,,,0,0,0,0,0,0,0,0,0,206.68399999999997,210.48933333333338,209.31599999999983,218.0199999999998,222.15200000000013,222.9740000000001,209.31599999999983,,206.68399999999997,,,,0,0,0,0,0,0,0,0,0,108.16263934284811,106.59242332962634,,,,,0,35702597,42899921.16,64.76386713587775,61.98568302417563,,,,,,
2025-07-15,226.2,227.27,225.455,226.35,210.03899999999985,,206.84595000000002,,,,0,0,0,0,0,0,0,0,0,206.84595000000002,210.54393333333337,210.03899999999985,218.7324999999998,222.84800000000013,224.37200000000013,210.03899999999985,,206.84595000000002,,,,0,0,0,0,0,0,0,0,0,108.32648698662369,106.75006548026246,,,,,0,34907294,42112747.78,65.49842094430838,62.582588361953704,,,,,,
2025-07-16,225.875,226.1,222.18,223.19,210.70319999999984,,206.99925,,,,0,0,0,0,0,0,0,0,0,206.99925,210.5615333333334,210.70319999999984,219.08699999999982,223.12100000000015,224.50200000000012,210.70319999999984,,206.99925,,,,0,0,0,0,0,0,0,0,0,107.23809493302923,106.79443179415036,,,,,0,39535926,41345396.56,59.14138460253451,62.81957978762316,,,59.14138460253451,,,
2025-07-17,223.32,224.5,222.51,223.88,211.45379999999986,,207.16284999999996,,,,0,0,0,0,0,0,0,0,0,207.16284999999996,210.54053333333337,211.45379999999986,219.53999999999982,223.51700000000014,224.8260000000001,211.45379999999986,,207.16284999999996,,,,0,0,0,0,0,0,0,0,0,107.22718644381685,106.83377312593822,,,,,0,31855831,41278163.8,60.05308840090628,62.678509454791424,,,,,,
2025-07-18,225.14,226.4,222.98,226.13,212.27619999999987,,207.35365,,,,0,0,0,0,0,0,0,0,0,207.35365,210.54080000000005,212.27619999999987,220.22049999999982,223.78900000000013,225.04800000000014,212.27619999999987,,207.35365,,,,0,0,0,0,0,0,0,0,0,107.72626581022175,106.91490882450945,,,,,0,37833807,41448558.84,62.95582827275695,62.32673995241975,,,,,,
2025-07-21,225.835,229.69,225.65,229.3,213.08799999999985,,207.56849999999997,,,,0,0,0,0,0,0,0,0,0,207.56849999999997,210.56920000000002,213.08799999999985,221.20099999999985,224.37200000000016,225.77000000000012,213.08799999999985,,207.56849999999997,,,,0,0,0,0,0,0,0,0,0,109.24631319499808,107.12685467637206,,,,,0,40297556,41374451.44,66.63444613930085,62.69851890625417,,,,,,
2025-07-22,229.68,230,226.35,227.47,213.79579999999987,,207.7802,,,,0,0,0,0,0,0,0,0,0,207.7802,210.55060000000003,213.79579999999987,222.15099999999978,225.18300000000013,225.99400000000014,213.79579999999987,,207.7802,,,,0,0,0,0,0,0,0,0,0,108.22302116058927,107.22650617493726,,,,,0,37483702,41303253.08,62.75987728027677,62.718483115518474,,,,,,
2025-07-23,228.47,228.79,227.09,228.29,214.50039999999987,,207.99784999999997,,,,0,0,0,0,0,0,0,0,0,207.99784999999997,210.5460666666667,214.50039999999987,222.92699999999982,225.75800000000012,227.01400000000012,214.50039999999987,,207.99784999999997,,,,0,0,0,0,0,0,0,0,0,108.54360715287585,107.34624262747712,,,,,0,28294852,41275887.26,63.776278331570246,62.87616636409376,,,,,,
2025-07-24,229.17,236,228.64,232.23,214.97219999999987,,208.24919999999997,,,,0,0,0,0,0,0,0,0,0,208.24919999999997,210.5778666666667,214.97219999999987,223.9389999999998,226.75500000000017,228.6840000000001,214.97219999999987,,208.24919999999997,,,,0,0,0,0,0,0,0,0,0,109.5614021292991,107.5476207640064,,,,,0,42902266,40629831.74,68.2589989651866,63.10096367258109,,,,,68.2589989651866,
2025-07-25,232.22,232.48,231.18,231.44,215.37359999999987,,208.47384999999997,,,,0,0,0,0,0,0,0,0,0,208.47384999999997,210.56793333333334,215.37359999999987,224.65499999999983,227.39700000000016,229.74600000000015,215.37359999999987,,208.47384999999997,,,,0,0,0,0,0,0,0,0,0,109.11216715697368,107.68985225427615,,,,,0,28712095,40080200,66.48247393520947,63.194619932142764,,,,,,
2025-07-28,233.35,234.29,232.25,232.79,215.82439999999988,,208.73379999999997,,,,0,0,0,0,0,0,0,0,0,208.73379999999997,210.57886666666667,215.82439999999988,225.12949999999984,228.10700000000014,230.44400000000013,215.82439999999988,,208.73379999999997,,,,0,0,0,0,0,0,0,0,0,109.31417435608464,107.8375178998951,,,,,0,26300138,39836360.2,68.01446554982343,63.91752157981578,,,,,,
2025-07-29,234.15,234.72,230.31,231.01,216.34119999999987,,208.97525,,,,0,0,0,0,0,0,0,0,0,208.97525,210.64880000000002,216.34119999999987,225.71049999999983,228.57300000000015,231.15200000000013,216.34119999999987,,208.97525,,,,0,0,0,0,0,0,0,0,0,108.45947265624999,107.89405924138191,,,,,0,33716220,39223738.26,63.869249575794356,64.08831741462602,,,,,,
2025-07-30,231.64,231.8,229.29,230.19,216.8331999999999,,209.20034999999996,,,,0,0,0,0,0,0,0,0,0,209.20034999999996,210.69480000000001,216.8331999999999,226.1969999999998,229.27300000000014,231.53200000000015,216.8331999999999,,209.20034999999996,,,,0,0,0,0,0,0,0,0,0,108.39492879308477,107.93959283699127,,,,,0,32993273,39017234.16,61.99477524884336,64.16038402919085,,,,,,
2025-07-31,235.77,236.53,231.4,234.11,217.3921999999999,,209.43764999999996,,,,0,0,0,0,0,0,0,0,0,209.43764999999996,210.7560666666667,217.3921999999999,226.90649999999977,230.29600000000013,231.90800000000013,217.3921999999999,,209.43764999999996,,,,0,0,0,0,0,0,0,0,0,110.3790887474088,108.16136519248377,,,,,0,104357263,40418083.22,66.98336100475984,64.37046538479633,,,,,,
2025-08-01,217.21,220.4399,212.8,214.75,217.60579999999987,,209.56729999999993,,,,0,0,0,0,0,0,0,0,0,209.56729999999993,210.68733333333338,217.60579999999987,226.47349999999977,229.15800000000013,228.5700000000001,217.60579999999987,,209.56729999999993,,,,0,0,0,0,0,0,0,0,0,101.62665749647441,107.56730085648292,,,,,0,122258801,42273851.78,39.44529954349747,62.56199627105489,,,,,,
2025-08-04,217.4,217.44,211.42,211.65,217.81639999999985,,209.6878499999999,,,,0,0,0,0,0,0,0,0,0,209.6878499999999,210.57133333333337,217.81639999999985,225.8824999999998,227.39300000000017,224.34200000000016,217.81639999999985,,209.6878499999999,,,,0,0,0,0,0,0,0,0,0,101.78743186918885,107.04185822127437,,,,,0,77890146,42982436.22,36.83400199410005,60.514537774611426,,,36.83400199410005,,,
2025-08-05,213.05,216.3,212.87,213.75,218.02939999999987,,209.81814999999995,,,,0,0,0,0,0,0,0,0,0,209.81814999999995,210.4826666666667,218.02939999999987,225.60199999999978,226.02100000000013,220.89000000000016,218.02939999999987,,209.81814999999995,,,,0,0,0,0,0,0,0,0,0,101.3044378057893,106.52027454713937,,,,,0,51505121,43233761,39.74407027263285,59.129015322475595,,,,,,
2025-08-06,214.695,222.65,213.7409,222.31,218.45579999999987,,209.99524999999994,,,,0,0,0,0,0,0,0,0,0,209.99524999999994,210.4730666666667,218.45579999999987,225.59049999999974,225.42300000000014,219.31400000000016,218.45579999999987,,209.99524999999994,,,,0,0,0,0,0,0,0,0,0,105.87534925069849,106.46164497473565,,,,,0,54823045,43662351,49.88012504603058,58.402375082841615,,,,,,
2025-08-07,221,226.22,220.82,223.13,218.79799999999986,,210.17324999999994,,,,0,0,0,0,0,0,0,0,0,210.17324999999994,210.4852666666667,218.79799999999986,225.63399999999973,224.51300000000015,217.11800000000017,218.79799999999986,,210.17324999999994,,,,0,0,0,0,0,0,0,0,0,105.49798661949079,106.37403966971338,,,,,0,40603513,43776580.38,50.735057702420406,57.52946289924614,,,,,,
2025-08-08,223.14,223.8,221.8836,222.69,219.15739999999983,,210.34174999999996,,,,0,0,0,0,0,0,0,0,0,210.34174999999996,210.5072666666667,219.15739999999983,225.51749999999976,223.63800000000015,218.70600000000013,219.15739999999983,,210.34174999999996,,,,0,0,0,0,0,0,0,0,0,105.37398323972121,106.28312544880501,,,,,0,32970477,43864994.86,50.23984279822975,56.358419803455355,,,,,,
2025-08-11,221.78,223.05,220.4,221.3,219.46939999999984,,210.50289999999993,,,,0,0,0,0,0,0,0,0,0,210.50289999999993,210.5144666666667,219.46939999999984,225.29799999999972,222.48900000000017,220.63600000000014,219.46939999999984,,210.50289999999993,,,,0,0,0,0,0,0,0,0,0,103.90581960234388,106.06700673549037,,,,,0,31646222,43803919.2,48.62513776082047,55.34879555206562,,,,,,
2025-08-12,222.23,223.5,219.05,221.47,219.79859999999985,,210.66174999999996,,,,0,0,0,0,0,0,0,0,0,210.66174999999996,210.49633333333335,219.79859999999985,225.05399999999977,221.53500000000017,222.18000000000012,219.79859999999985,,210.66174999999996,,,,0,0,0,0,0,0,0,0,0,104.24635912047772,105.90149331594377,,,,,0,37254707,43515425.22,48.84169856196793,54.28203985423688,,,,,,
2025-08-13,222,224.9185,222,224.56,220.15679999999986,,210.86099999999996,,,,0,0,0,0,0,0,0,0,0,210.86099999999996,210.47600000000003,220.15679999999986,225.12249999999977,220.97200000000015,222.6300000000001,220.15679999999986,,210.86099999999996,,,,0,0,0,0,0,0,0,0,0,104.51537835007564,105.77548286450121,,,,,0,36508335,43663325.54,52.74117532752249,53.17362388011802,,,,,,
2025-08-14,227.4,233.11,227.02,230.98,220.66219999999987,,211.08399999999995,,,,0,0,0,0,0,0,0,0,0,211.08399999999995,210.53513333333336,220.66219999999987,225.4774999999998,220.65900000000016,224.20000000000013,220.66219999999987,,211.08399999999995,,,,0,0,0,0,0,0,0,0,0,107.15694052042883,105.901069924131,,,,,1,61545824,44231459.6,59.62681733058601,52.683934122644914,,,,,,
2025-08-15,232.58,234.08,229.807,231.03,221.13819999999984,,211.29999999999993,,,,0,0,0,0,0,0,0,0,0,211.29999999999993,210.5944666666667,221.13819999999984,225.72249999999977,222.28700000000012,225.8680000000001,221.13819999999984,,211.29999999999993,,,,0,0,0,0,0,0,0,0,0,107.14799189305764,106.01442646676068,,,,,0,39649244,44426132.64,59.67609427533586,52.08833617446724,,,,,,
2025-08-18,230.225,231.91,228.33,231.49,221.6097999999999,,211.51549999999992,,,,0,0,0,0,0,0,0,0,0,211.51549999999992,210.67813333333336,221.6097999999999,225.83199999999974,224.27100000000013,227.90600000000012,221.6097999999999,,211.51549999999992,,,,0,0,0,0,0,0,0,0,0,107.6732730833097,106.16523070462877,,,,,0,25248890,43891525.58,60.157892943448786,51.82323927215684,,,,,60.157892943448786,
2025-08-19,230.09,230.5283,227.12,228.01,221.8985999999999,,211.70139999999992,,,,0,0,0,0,0,0,0,0,0,211.70139999999992,210.74180000000004,221.8985999999999,225.85899999999978,225.69700000000012,229.2140000000001,221.8985999999999,,211.70139999999992,,,,0,0,0,0,0,0,0,0,0,106.06497590383864,106.15611663182966,,,,,0,29891012,43692695.82,54.82136324157289,51.31085270020895,,,,,,
2025-08-20,227.12,227.27,220.915,223.81,222.0351999999999,,211.8567999999999,,,,0,0,0,0,0,0,0,0,0,211.8567999999999,210.78213333333335,222.0351999999999,225.63499999999976,225.84700000000015,229.06400000000014,222.0351999999999,,211.8567999999999,,,,0,0,0,0,0,0,0,0,0,104.72505053529983,106.02601971396331,,,,,0,36604319,43662732.16,49.154013333898206,50.03732786657598,,,,,,
2025-08-21,222.65,222.78,220.5,221.95,222.12199999999987,,212.0345499999999,,,,0,0,0,0,0,0,0,0,0,212.0345499999999,210.77280000000005,222.12199999999987,225.12099999999978,225.72900000000013,227.25800000000012,222.12199999999987,,212.0345499999999,,,,0,0,0,0,0,0,0,0,0,104.10754574493534,105.85161298950622,,,,,0,32140459,43679475,46.84441552861304,50.56583615122708,,,46.84441552861304,,,
2025-08-22,222.79,229.14,220.82,228.84,222.43479999999985,,212.18909999999988,,,,0,0,0,0,0,0,0,0,0,212.18909999999988,210.82733333333337,222.43479999999985,224.99099999999976,226.34400000000014,226.8200000000001,222.43479999999985,,212.18909999999988,,,,0,0,0,0,0,0,0,0,0,107.77089501395564,106.02609317354708,,,,,1,37315341,43639262.2,55.23523935866958,51.880210248696336,,,,,,
2025-08-25,227.35,229.6,227.31,227.94,222.72879999999986,,212.3498999999999,,,,0,0,0,0,0,0,0,0,0,212.3498999999999,210.8406666666667,222.72879999999986,224.74849999999978,227.00800000000012,226.11000000000013,222.72879999999986,,212.3498999999999,,,,0,0,0,0,0,0,0,0,0,105.74121838525913,106.0001954655209,,,,,0,22633695,43539136.28,54.03534880231347,52.90101585795924,,,,,,
2025-08-26,227.11,229,226.02,228.71,223.06099999999984,,212.49594999999994,,,,0,0,0,0,0,0,0,0,0,212.49594999999994,210.82733333333334,223.06099999999984,224.63349999999977,227.73200000000014,226.25000000000014,223.06099999999984,,212.49594999999994,,,,0,0,0,0,0,0,0,0,0,106.55334189532728,106.05048150459422,,,,,1,26105373,43474488.48,54.937284656366344,53.26224154441179,,,,,,
2025-08-27,228.57,229.87,227.81,229.12,223.32139999999984,,212.60609999999994,,,,0,0,0,0,0,0,0,0,0,212.60609999999994,210.78806666666668,223.32139999999984,224.57999999999979,228.18800000000016,227.31200000000013,223.32139999999984,,212.60609999999994,,,,0,0,0,0,0,0,0,0,0,106.30456468113734,106.07357997518905,,,,,0,21254479,43233894.9,55.438688275072856,53.59821515674411,,,,,,
2025-08-28,229.005,232.71,228.02,231.6,223.65699999999987,,212.71384999999995,,,,0,0,0,0,0,0,0,0,0,212.71384999999995,210.76260000000002,223.65699999999987,224.45449999999977,228.25000000000014,229.24200000000013,223.65699999999987,,212.71384999999995,,,,0,0,0,0,0,0,0,0,0,107.19889653640179,106.17588148075384,,,,,0,33679585,43265761.36,58.45024521641546,54.18467247232881,,,,,,
2025-08-29,231.32,231.8125,228.16,229,223.98659999999984,,212.81794999999994,,,,0,0,0,0,0,0,0,0,0,212.81794999999994,210.72360000000003,223.98659999999984,225.16699999999977,228.0470000000001,229.27400000000017,223.98659999999984,,212.81794999999994,,,,0,0,0,0,0,0,0,0,0,105.66223459476916,106.12918630930069,,,,,0,26199170,42902534.58,54.306515667817955,54.59048517997149,,,,,,
2025-09-02,223.52,226.17,221.83,225.34,224.29959999999986,,212.91044999999994,,,,0,0,0,0,0,0,0,0,0,212.91044999999994,210.65640000000005,224.29959999999986,225.85149999999976,227.4320000000001,228.75400000000013,224.29959999999986,,212.91044999999994,,,,0,0,0,0,0,0,0,0,0,104.64300917147169,105.99407929677078,,,,,0,38843883,42172397.58,49.03644473347073,54.60439562079312,,,49.03644473347073,,,
2025-09-03,225.21,227.1699,224.36,225.99,224.64999999999986,,212.9958499999999,,,,0,0,0,0,0,0,0,0,0,212.9958499999999,210.5753333333334,224.64999999999986,226.46349999999978,227.2300000000001,228.21000000000012,224.64999999999986,,212.9958499999999,,,,0,0,0,0,0,0,0,0,0,105.67638215392961,105.96519773833067,,,,,0,29223134,42010625.76,49.96509997141919,54.4061045239286,,,,,,
2025-09-04,231.185,235.77,230.78,235.68,225.10819999999984,,213.10374999999993,,,,0,0,0,0,0,0,0,0,0,213.10374999999993,210.56606666666673,225.10819999999984,227.13199999999975,228.4170000000001,229.52200000000016,225.10819999999984,,213.10374999999993,,,,0,0,0,0,0,0,0,0,0,109.6480141185155,106.29999922743839,,,,,1,59391779,42430886.2,61.289570163007284,54.524872583387264,,,,,,
2025-09-05,235.19,236,231.93,232.33,225.51499999999982,,213.20799999999997,,,,0,0,0,0,0,0,0,0,0,213.20799999999997,210.55066666666673,225.51499999999982,227.59199999999979,229.4550000000001,229.66800000000012,225.51499999999982,,213.20799999999997,,,,0,0,0,0,0,0,0,0,0,107.1947635298804,106.3813414367513,,,,,0,36721802,42530208.28,56.52634132629732,54.29989022988451,,,,,,
2025-09-08,234.94,237.6,233.75,235.84,225.88939999999985,,213.37414999999993,,,,0,0,0,0,0,0,0,0,0,213.37414999999993,210.53840000000005,225.88939999999985,228.2494999999998,230.15500000000011,231.03600000000014,225.88939999999985,,213.37414999999993,,,,0,0,0,0,0,0,0,0,0,109.15974826853619,106.63392387600447,,,,,0,33947104,42199534.08,60.031292468871854,54.29084733884331,,,,,,
2025-09-09,236.355,238.85,235.08,238.24,226.18819999999985,,213.55684999999994,,,,0,0,0,0,0,0,0,0,0,213.55684999999994,210.54386666666673,226.18819999999985,229.09649999999974,231.18500000000012,233.61600000000016,226.18819999999985,,213.55684999999994,,,,0,0,0,0,0,0,0,0,0,110.03885970476477,106.94346349680086,,,,,0,27033778,40355866.88,62.271139086335026,54.82297418489774,,,,,62.271139086335026,
2025-09-10,237.515,237.68,229.0962,230.33,226.40699999999987,,213.68544999999995,,,,0,0,0,0,0,0,0,0,0,213.68544999999995,210.46566666666672,226.40699999999987,229.53949999999978,231.34700000000012,234.48400000000015,226.40699999999987,,213.68544999999995,,,,0,0,0,0,0,0,0,0,0,106.10015631189907,106.86679920726434,,,,,0,60907714,40396265.56,51.9399635582332,55.02197062949309,,,,,,
2025-09-11,231.49,231.53,229.3377,229.95,226.59679999999986,,213.82079999999993,,,,0,0,0,0,0,0,0,0,0,213.82079999999993,210.42420000000007,226.59679999999986,229.80899999999974,231.43000000000012,233.33800000000014,226.59679999999986,,213.82079999999993,,,,0,0,0,0,0,0,0,0,0,105.61035390223253,106.7525769068069,,,,,0,37485598,40360840.92,51.497940840203505,55.3543652946067,,,,,,
2025-09-12,230.35,230.79,226.29,228.15,226.76139999999984,,213.96964999999992,,,,0,0,0,0,0,0,0,0,0,213.96964999999992,210.35300000000007,226.76139999999984,229.66749999999973,231.08500000000012,232.50200000000012,226.76139999999984,,213.96964999999992,,,,0,0,0,0,0,0,0,0,0,103.90164372415552,106.4934011629295,,,,,0,38496218,40512881.72,49.35529546325948,54.93436930207741,,,49.35529546325948,,,
2025-09-15,230.625,233.73,230.32,231.43,226.92179999999985,,214.1411999999999,,,,0,0,0,0,0,0,0,0,0,214.1411999999999,210.36820000000006,226.92179999999985,229.68749999999972,231.32800000000012,231.62000000000012,226.92179999999985,,214.1411999999999,,,,0,0,0,0,0,0,0,0,0,105.44660919644973,106.39823825688589,,,,,0,33243328,40585101.22,53.178209020813014,54.87314503197023,,,,,,
2025-09-16,232.935,235.9,232.23,234.05,227.13339999999985,,214.30419999999995,,,,0,0,0,0,0,0,0,0,0,214.30419999999995,210.3742666666667,227.13339999999985,229.81549999999976,232.19900000000015,230.78200000000015,227.13339999999985,,214.30419999999995,,,,0,0,0,0,0,0,0,0,0,106.1404715439535,106.37480491934659,,,,,0,38203912,40617096.68,56.03315484294301,54.951421473868564,,,,,,
2025-09-17,233.77,234.3,228.71,231.62,227.37859999999986,,214.42299999999994,,,,0,0,0,0,0,0,0,0,0,214.42299999999994,210.3666666666667,227.37859999999986,229.99599999999973,232.76200000000017,231.04000000000013,227.37859999999986,,214.42299999999994,,,,0,0,0,0,0,0,0,0,0,105.173935220993,106.26563494676898,,,,,0,42815230,40559561.54,52.816467389512255,54.764119982042814,,,,,,
2025-09-18,232.5,233.48,228.79,231.23,227.55239999999986,,214.5504499999999,,,,0,0,0,0,0,0,0,0,0,214.5504499999999,210.38200000000003,227.55239999999986,230.36699999999973,232.31700000000015,231.29600000000013,227.55239999999986,,214.5504499999999,,,,0,0,0,0,0,0,0,0,0,105.09881279202952,106.15956020542903,,,,,0,37931738,40555093.88,52.29756191879163,54.32464260364111,,,,,,
2025-09-19,232.37,234.16,229.7,231.48,227.73679999999985,,214.66839999999993,,,,0,0,0,0,0,0,0,0,0,214.66839999999993,210.38940000000002,227.73679999999985,230.84349999999978,232.23200000000014,231.96200000000013,227.73679999999985,,214.66839999999993,,,,0,0,0,0,0,0,0,0,0,104.71128401148982,106.02789873325274,,,,,0,97943172,41906545.5,52.61891611524394,54.20409977845725,,,,,,
2025-09-22,230.56,230.565,227.51,227.63,227.78899999999987,,214.75299999999993,,,,0,0,0,0,0,0,0,0,0,214.75299999999993,210.3824,227.78899999999987,230.78299999999976,231.41100000000014,231.20200000000014,227.78899999999987,,214.75299999999993,,,,0,0,0,0,0,0,0,0,0,102.46880050177286,105.70434434857275,,,,,0,45914506,41814469.48,47.33089128189244,54.082274531915935,,,,,,
2025-09-23,227.83,227.86,220.07,220.71,227.68939999999986,,214.78934999999993,,,,0,0,0,0,0,0,0,0,0,214.78934999999993,210.3428,227.68939999999986,230.42149999999975,229.65800000000013,228.5340000000001,227.68939999999986,,214.78934999999993,,,,0,0,0,0,0,0,0,0,0,98.91779483517436,105.08738530190017,,,,,0,70956193,42519541.4,39.62309790558776,53.34356009864227,,,,,,
2025-09-24,224.15,224.56,219.45,220.21,227.56659999999985,,214.7995999999999,,,,0,0,0,0,0,0,0,0,0,214.7995999999999,210.3,227.56659999999985,229.99649999999974,228.6460000000001,226.25200000000012,227.56659999999985,,214.7995999999999,,,,0,0,0,0,0,0,0,0,0,99.23943920095299,104.5557538381777,,,,,0,49509033,42811576.18,39.127289665753175,51.76054006312412,,,,,,
2025-09-25,220.06,220.67,216.47,218.15,227.46579999999983,,214.78759999999994,,,,0,0,0,0,0,0,0,0,0,214.78759999999994,210.26846666666668,227.46579999999983,229.44799999999978,227.46600000000012,223.6360000000001,227.46579999999983,,214.78759999999994,,,,0,0,0,0,0,0,0,0,0,98.59174025833161,104.01357078546441,,,,,0,52226328,43065384.22,37.069217359475914,50.370745494065446,,,37.069217359475914,,,
2025-09-26,219.08,221.05,218.02,219.78,227.38379999999984,,214.75134999999995,,,,0,0,0,0,0,0,0,0,0,214.75134999999995,210.28980000000004,227.38379999999984,228.8569999999998,226.62900000000008,221.2960000000001,227.38379999999984,,214.75134999999995,,,,0,0,0,0,0,0,0,0,0,99.82845627300436,103.63310582978622,,,,,0,41650098,43261269.56,39.76886437103773,48.923429201363,,,,,,
2025-09-29,220.08,222.6,219.3,222.17,227.30459999999985,,214.73174999999995,,,,0,0,0,0,0,0,0,0,0,214.73174999999995,210.3528666666667,227.30459999999985,228.51549999999975,225.70300000000012,220.2040000000001,227.30459999999985,,214.73174999999995,,,,0,0,0,0,0,0,0,0,0,100.32195866466176,103.33209245113854,,,,,0,44259177,43389776.96,43.59002040369418,47.58906358117438,,,,,,
2025-09-30,222.03,222.24,217.89,219.57,227.10999999999984,,214.7044,,,,0,0,0,0,0,0,0,0,0,214.7044,210.39800000000002,227.10999999999984,228.22699999999972,224.2550000000001,219.9760000000001,227.10999999999984,,214.7044,,,,0,0,0,0,0,0,0,0,0,98.88758782201405,102.92804657576359,,,,,0,48396369,43551753.22,40.574339993873856,46.77723332657728,,,,,,
2025-10-01,217.36,222.15,216.61,220.63,226.97319999999985,,214.65624999999997,,,,0,0,0,0,0,0,0,0,0,214.65624999999997,210.43986666666672,226.97319999999985,227.95899999999975,223.1560000000001,220.06000000000012,226.97319999999985,,214.65624999999997,,,,0,0,0,0,0,0,0,0,0,98.95985180467281,102.56730159657351,,,,,0,43933834,43680755.86,42.32617890724116,46.12210747422282,,,,,,
2025-10-02,221.01,222.81,218.945,222.41,226.85559999999987,,214.62344999999996,,,,0,0,0,0,0,0,0,0,0,214.62344999999996,210.53100000000006,226.85559999999987,227.29549999999972,222.27400000000006,220.91200000000012,226.85559999999987,,214.62344999999996,,,,0,0,0,0,0,0,0,0,0,99.42052005680065,102.28123054750326,,,,,0,41258586,43940030.54,45.24522513754111,45.828531022385796,,,,,,
2025-10-03,223.44,224.2,219.34,219.51,226.6011999999999,,214.5837,,,,0,0,0,0,0,0,0,0,0,214.5837,210.57920000000004,226.6011999999999,226.65449999999973,221.07700000000008,220.8580000000001,226.6011999999999,,214.5837,,,,0,0,0,0,0,0,0,0,0,98.06324605084463,101.89777741144339,,,,,0,43639033,43954765.88,41.55503628882298,44.99830439867223,,,,,,
2025-10-06,221,221.73,216.03,220.9,226.39039999999986,,214.52354999999997,,,,0,0,0,0,0,0,0,0,0,214.52354999999997,210.68506666666673,226.39039999999986,225.90749999999974,220.40400000000008,220.6040000000001,226.39039999999986,,214.52354999999997,,,,0,0,0,0,0,0,0,0,0,98.6780388875157,101.60507390926814,,,,,0,43690876,44254341.5,43.916140818980026,44.13280339696058,,,,,,
2025-10-07,220.88,222.89,220.17,221.78,226.17019999999982,,214.4767,,,,0,0,0,0,0,0,0,0,0,214.4767,210.8049333333334,226.17019999999982,225.08449999999976,220.5110000000001,221.0460000000001,226.17019999999982,,214.4767,,,,0,0,0,0,0,0,0,0,0,98.71088632684943,101.34196594723008,,,,,0,31194678,44352232.3,45.419484611560875,43.60444748424977,,,,,,
2025-10-08,222.92,226.73,221.19,225.22,226.05439999999984,,214.5002,,,,0,0,0,0,0,0,0,0,0,214.5002,210.91733333333337,226.05439999999984,224.82899999999978,221.01200000000009,221.9640000000001,226.05439999999984,,214.5002,,,,0,0,0,0,0,0,0,0,0,100.62580235844982,101.27686016643187,,,,,0,46685985,44611627.6,50.95405573213302,43.508482756631295,,,,,,
2025-10-09,224.995,228.21,221.75,227.74,226.00539999999984,,214.52245,,,,0,0,0,0,0,0,0,0,0,214.52245,211.09760000000006,226.00539999999984,224.71849999999978,221.97100000000006,223.03000000000011,226.00539999999984,,214.52245,,,,0,0,0,0,0,0,0,0,0,101.16217604842377,101.26643433752204,,,,,0,46412122,44880004.58,54.58695801101489,43.6490571777578,,,,,54.58695801101489,
2025-10-10,226.21,228.25,216,216.37,225.65059999999983,,214.47969999999998,,,,0,0,0,0,0,0,0,0,0,214.47969999999998,211.2117333333334,225.65059999999983,224.12949999999978,221.63000000000005,222.4020000000001,225.65059999999983,,214.47969999999998,,,,0,0,0,0,0,0,0,0,0,96.37690197056622,100.82193139507152,,,,,0,72367511,44240209.54,40.14009342864894,43.135428759668976,,,,,,
2025-10-13,217.7,220.68,217.04,220.07,225.75699999999983,,214.45475,,,,0,0,0,0,0,0,0,0,0,214.45475,211.3819333333334,225.75699999999983,223.5614999999998,221.42000000000007,222.2360000000001,225.75699999999983,,214.45475,,,,0,0,0,0,0,0,0,0,0,100.75665545469528,100.81599721867367,,,,,0,37809650,42551226.52,45.220823806638656,43.535266324029756,,,,,,
2025-10-14,215.555,219.32,212.6,216.39,225.85179999999983,,214.39144999999996,,,,0,0,0,0,0,0,0,0,0,214.39144999999996,211.51393333333337,225.85179999999983,222.67849999999981,221.10200000000003,221.15800000000007,225.85179999999983,,214.39144999999996,,,,0,0,0,0,0,0,0,0,0,97.55045674417066,100.51912990280977,,,,,0,45665580,41906735.2,41.45231382985546,43.70133947860849,,,,,,
2025-10-15,216.62,217.71,212.66,215.57,225.88819999999984,,214.33404999999996,,,,0,0,0,0,0,0,0,0,0,214.33404999999996,211.6251333333334,225.88819999999984,221.8759999999998,220.59600000000006,219.22800000000007,225.88819999999984,,214.33404999999996,,,,0,0,0,0,0,0,0,0,0,97.33305239077103,100.22948649262443,,,,,0,45909469,41794822.16,40.6396115743991,43.95636763681728,,,,,,
2025-10-16,215.67,218.59,212.8101,214.47,225.73139999999984,,214.28764999999996,,,,0,0,0,0,0,0,0,0,0,214.28764999999996,211.76233333333337,225.73139999999984,221.03799999999978,219.80200000000005,216.57400000000007,225.73139999999984,,214.28764999999996,,,,0,0,0,0,0,0,0,0,0,96.4477962305897,99.88569646880309,,,,,0,42414591,41546653.08,39.520261297420525,43.938610274416064,,,,,,
2025-10-17,214.56,214.8,211.03,213.04,225.52959999999985,,214.24634999999995,,,,0,0,0,0,0,0,0,0,0,214.24634999999995,211.86293333333336,225.52959999999985,220.11599999999976,219.15500000000006,215.90800000000007,225.52959999999985,,214.24634999999995,,,,0,0,0,0,0,0,0,0,0,96.41156842276756,99.56986664643622,,,,,0,45986944,41654321.7,38.052915621919546,43.54310279000358,,,38.052915621919546,,,
2025-10-20,213.88,216.69,213.59,216.48,225.40539999999987,,214.23179999999994,,,,0,0,0,0,0,0,0,0,0,214.23179999999994,212.00120000000004,225.40539999999987,219.55849999999978,218.71300000000005,215.1900000000001,225.40539999999987,,214.23179999999994,,,,0,0,0,0,0,0,0,0,0,97.45498199279712,99.37760440519631,,,,,0,38882819,41772568.54,43.48861772674741,43.75126548520883,,,,,,
2025-10-21,218.43,223.32,217.99,222.03,225.41999999999985,,214.24084999999997,,,,0,0,0,0,0,0,0,0,0,214.24084999999997,212.19593333333336,225.41999999999985,219.6244999999998,218.73800000000006,216.31800000000013,225.41999999999985,,214.24084999999997,,,,0,0,0,0,0,0,0,0,0,98.89772150244835,99.33397868676468,,,,,0,50494565,42149535.4,50.96453219737402,44.36829072021833,,,,,,
2025-10-22,219.3,220.005,216.52,217.95,225.3495999999999,,214.20964999999995,,,,0,0,0,0,0,0,0,0,0,214.20964999999995,212.34533333333334,225.3495999999999,219.51149999999978,218.01100000000005,216.7940000000001,225.3495999999999,,214.20964999999995,,,,0,0,0,0,0,0,0,0,0,97.07750462485932,99.12884468113693,,,,,0,44308538,42290612.02,46.132928736270316,44.431698120127564,,,,,,
2025-10-23,219,221.3,218.18,221.09,225.2801999999999,,214.17704999999995,,,,0,0,0,0,0,0,0,0,0,214.17704999999995,212.51960000000003,225.2801999999999,219.65849999999978,217.34600000000006,218.11800000000008,225.2801999999999,,214.17704999999995,,,,0,0,0,0,0,0,0,0,0,99.00424067193977,99.11751704393718,,,,,0,31539999,42191245.3,50.057126919794584,45.0389903080541,,,,,,
2025-10-24,221.97,225.4,221.9,224.21,225.1447999999999,,214.18755,,,,0,0,0,0,0,0,0,0,0,214.18755,212.7062666666667,225.1447999999999,219.8799999999998,218.13000000000002,220.3520000000001,225.1447999999999,,214.18755,,,,0,0,0,0,0,0,0,0,0,99.81998774195176,99.18137801648396,,,,,1,38685053,41734029.88,53.66881785691147,45.73561009647778,,,,,,
2025-10-27,227.66,228.4,225.54,226.97,225.0635999999999,,214.21174999999997,,,,0,0,0,0,0,0,0,0,0,214.21174999999997,212.86433333333335,225.0635999999999,220.11999999999975,218.82000000000002,222.4500000000001,225.0635999999999,,214.21174999999997,,,,0,0,0,0,0,0,0,0,0,100.25649029400678,99.27911549625877,,,,,0,38266995,41706384.9,56.65499319053716,46.538146423547516,,,,,,
2025-10-28,228.215,231.485,226.21,229.25,225.01879999999986,,214.2633,,,,0,0,0,0,0,0,0,0,0,214.2633,213.02126666666666,225.01879999999986,220.60399999999976,220.10600000000005,223.8940000000001,225.01879999999986,,214.2633,,,,0,0,0,0,0,0,0,0,0,100.03418107241296,99.3477578213637,,,,,0,47100026,42143407.62,59.00558420896049,47.11325560046375,,,,,,
2025-10-29,231.672,232.82,227.76,230.3,225.06459999999987,,214.32249999999996,,,,0,0,0,0,0,0,0,0,0,214.32249999999996,213.21573333333333,225.06459999999987,221.08749999999978,221.57900000000004,226.36400000000012,225.06459999999987,,214.32249999999996,,,,0,0,0,0,0,0,0,0,0,100.2629562552243,99.4309576789874,,,,,0,52036151,42586310.4,60.07926615002193,47.505563324678555,,,,,,
2025-10-30,227.06,228.44,222.75,222.86,225.04559999999987,,214.34799999999996,,,,0,0,0,0,0,0,0,0,0,214.34799999999996,213.35906666666668,225.04559999999987,221.10999999999976,222.41800000000006,226.71800000000013,225.04559999999987,,214.34799999999996,,,,0,0,0,0,0,0,0,0,0,97.02783502162366,99.21249198286343,,,,,0,102252937,43899282.76,50.0720239112852,48.21498693058114,,,,,,
2025-10-31,250.1,250.5,243.98,244.22,225.49099999999987,,214.45234999999997,,,,0,0,0,0,0,0,0,0,0,214.45234999999997,213.7024,225.49099999999987,222.34549999999976,225.53600000000006,230.7200000000001,225.49099999999987,,214.45234999999997,,,,0,0,0,0,0,0,0,0,0,107.39114821139343,99.95600618545706,,,,,1,166340808,46583289.74,67.04412568665063,49.773794207724855,,,,,,
2025-11-03,255.36,258.6,252.9,254,225.99419999999984,,214.61905,,,,0,0,0,0,0,0,0,0,0,214.61905,214.12733333333333,225.99419999999984,224.0004999999998,229.28800000000007,236.12600000000012,225.99419999999984,,214.61905,,,,0,0,0,0,0,0,0,0,0,111.4004143159766,100.99640692459519,,,,,0,95997816,47756939.24,71.77506060529284,51.93970469168467,,,,,71.77506060529284,
2025-11-04,250.38,257.01,248.66,249.32,226.42179999999985,,214.73594999999997,,,,0,0,0,0,0,0,0,0,0,214.73594999999997,214.5083333333333,226.42179999999985,225.37749999999977,232.01700000000005,240.1400000000001,226.42179999999985,,214.73594999999997,,,,0,0,0,0,0,0,0,0,0,109.15968814853517,101.73852339949883,,,,,0,51546311,48335191.56,66.83100009266467,53.81051815727507,,,,,,
2025-11-05,249.03,251,246.16,250.2,226.85159999999985,,214.83339999999995,,,,0,0,0,0,0,0,0,0,0,214.83339999999995,214.86959999999996,226.85159999999985,226.62649999999977,235.24200000000005,244.12000000000006,226.85159999999985,,214.83339999999995,,,,0,0,0,0,0,0,0,0,0,110.84627721315977,102.56650101892255,,,,,0,40610702,48625298.14,67.28729764002142,55.79387789603227,,,,,,
2025-11-06,249.155,250.38,242.17,243.04,227.12999999999985,,214.87355,,,,0,0,0,0,0,0,0,0,0,214.87355,215.30046666666664,227.12999999999985,227.39149999999978,237.43700000000004,248.1560000000001,227.12999999999985,,214.87355,,,,0,0,0,0,0,0,0,0,0,107.2819033886085,102.99517396162128,,,,,0,46004203,49120292.62,60.04899802360012,57.36502663900946,,,,,,
2025-11-07,242.9,244.9,238.49,244.41,227.3861999999999,,214.9185,,,,0,0,0,0,0,0,0,0,0,214.9185,215.78986666666663,227.3861999999999,228.79349999999977,239.45700000000005,248.1940000000001,227.3861999999999,,214.9185,,,,0,0,0,0,0,0,0,0,0,109.10657395268967,103.55075577899113,,,,,0,46374294,49374186.8,60.91536474288429,58.60979428301924,,,,,,
2025-11-10,248.34,251.75,245.59,248.4,227.77419999999987,,214.98624999999996,,,,0,0,0,0,0,0,0,0,0,214.98624999999996,216.27746666666664,227.77419999999987,230.20999999999975,241.60000000000005,247.07400000000013,227.77419999999987,,214.98624999999996,,,,0,0,0,0,0,0,0,0,0,110.74766563478536,104.20502031133606,,,,,0,36476514,49579733.68,63.40444786947249,59.498359688169124,,,,,,
2025-11-11,248.41,249.7499,247.23,249.1,228.24939999999987,,215.05464999999995,,,,0,0,0,0,0,0,0,0,0,215.05464999999995,216.8004,228.24939999999987,231.84549999999976,243.58500000000004,247.03000000000011,228.24939999999987,,215.05464999999995,,,,0,0,0,0,0,0,0,0,0,109.37559459166738,104.6750725186389,,,,,0,23564060,49274137.22,63.83953592473883,60.7631173444883,,,,,,
2025-11-12,250.235,250.37,243.75,244.2,228.6135999999999,,215.08489999999998,258.6,238.49,,1,1,0,0,0,0,0,0,0,215.08489999999998,217.15439999999998,228.6135999999999,233.27699999999976,244.97500000000005,245.8300000000001,228.6135999999999,,215.08489999999998,258.6,238.49,,1,1,0,0,0,0,0,0,0,107.00170303010829,104.88658438331794,,,,,0,31190063,49313475.8,58.58851143262697,61.37250195254776,,,,,,
2025-11-13,243.05,243.75,236.5,237.58,228.65159999999992,,215.08745,258.6,238.49,,0,0,0,0,0,0,1,0,0,215.08745,217.5301333333333,228.65159999999992,234.43249999999975,246.44700000000003,244.7380000000001,228.65159999999992,,215.08745,258.6,238.49,,0,0,0,0,0,0,1,0,0,104.03551050733259,104.80921403095563,,,,,0,41401738,48953674.98,52.32638737050926,61.27661406066189,,,,,,
2025-11-14,235.06,238.73,232.89,234.69,228.6987999999999,,215.0877,,,,0,0,0,0,0,0,0,0,0,215.0877,217.86226666666664,228.6987999999999,235.51499999999973,245.49400000000006,242.79400000000015,228.6987999999999,,215.0877,,,,0,0,0,0,0,0,0,0,0,104.50049573431016,104.78114873126059,,,,,0,38956669,48998372.32,49.82280483608101,60.788600606772164,,,,,,
2025-11-17,233.25,234.6,229.19,232.87,228.6393999999999,,215.06365000000002,,,,0,0,0,0,0,0,0,0,0,215.06365000000002,218.20059999999995,228.6393999999999,236.33449999999976,243.38100000000003,239.6880000000001,228.6393999999999,,215.06365000000002,,,,0,0,0,0,0,0,0,0,0,103.74214817124782,104.68669413489579,,,,,0,59919018,49517810.6,48.25692289529674,60.02083908436761,,,,,,
2025-11-18,228.1,230.2,222.42,222.55,228.32559999999995,,214.98930000000001,,,,0,0,0,0,0,0,0,0,0,214.98930000000001,218.48699999999997,228.32559999999995,236.36049999999977,240.70400000000004,234.37800000000016,228.32559999999995,,214.98930000000001,,,,0,0,0,0,0,0,0,0,0,100.06114722994056,104.26618987080894,,,,,0,60608442,50189303.88,40.48665890581946,58.62136713835315,,,,,,
2025-11-19,223.735,223.735,218.52,222.69,228.17279999999994,,214.89245,,,,0,0,0,0,0,0,0,0,0,214.89245,218.80939999999998,228.17279999999994,236.59749999999977,237.95300000000006,230.0760000000001,228.17279999999994,,214.89245,,,,0,0,0,0,0,0,0,0,0,100.95763699256347,103.96541233642299,,,,,0,58335643,50137862.46,40.626328886314134,57.94667463656951,,,,,,
2025-11-20,227.05,227.41,216.74,217.14,227.91659999999993,,214.7973,,,,0,0,0,0,0,0,0,0,0,214.7973,219.10626666666664,227.91659999999993,236.39999999999978,235.36300000000006,225.9880000000001,227.91659999999993,,214.7973,,,,0,0,0,0,0,0,0,0,0,98.07366590637068,103.42979902460004,,,,,0,50308962,50394329.74,36.92653966062473,55.79541849185337,,,36.92653966062473,,,
2025-11-21,216.345,222.21,215.18,220.69,227.7673999999999,,214.7066,,,,0,0,0,0,0,0,0,0,0,214.7066,219.4620666666666,227.7673999999999,236.2239999999998,232.99100000000004,223.1880000000001,227.7673999999999,,214.7066,,,,0,0,0,0,0,0,0,0,0,101.25298794727448,103.23190710847953,,,,,0,68490464,50994214.66,40.64970512653048,53.57217881479891,,,,,,
2025-11-24,222.555,227.33,222.27,226.28,227.66439999999992,,214.69224999999997,,,,0,0,0,0,0,0,0,0,0,214.69224999999997,219.81606666666664,227.66439999999992,236.18949999999978,230.77900000000005,221.87000000000012,227.66439999999992,,214.69224999999997,,,,0,0,0,0,0,0,0,0,0,102.80812602794498,103.19338155570367,,,,,0,54318395,51415716,46.05008808226,52.08782795691287,,,,,,
2025-11-25,226.38,230.52,223.8,229.67,227.5767999999999,,214.67489999999998,,,,0,0,0,0,0,0,0,0,0,214.67489999999998,220.14319999999998,227.5767999999999,236.21049999999977,228.836,223.2940000000001,227.5767999999999,,214.67489999999998,,,,0,0,0,0,0,0,0,0,0,102.75894056920767,103.15388692056767,,,,,0,39379339,51439224.54,49.07626622128753,50.78703999843187,,,,,,
2025-11-26,230.74,231.7474,228.77,229.16,227.52759999999992,,214.65689999999998,,,,0,0,0,0,0,0,0,0,0,214.65689999999998,220.42733333333328,227.52759999999992,236.1534999999998,227.33200000000002,224.5880000000001,227.52759999999992,,214.65689999999998,,,,0,0,0,0,0,0,0,0,0,101.60969214693114,103.0135055775098,,,,,0,38497922,51352878.38,48.634287391471034,49.97170352470837,,,,,,
2025-11-28,231.24,233.285,230.22,233.22,227.5673999999999,,214.67835,,,,0,0,0,0,0,0,0,0,0,214.67835,220.72219999999996,227.5673999999999,236.67149999999975,226.89600000000002,227.80400000000014,227.5673999999999,,214.67835,,,,0,0,0,0,0,0,0,0,0,102.70087778528021,102.9850848691253,,,,,0,20292329,51000090.2,52.31594718896817,49.35745941371436,,,,,,
2025-12-01,233.22,235.797,232.25,233.88,227.6153999999999,,214.6959,,,,0,0,0,0,0,0,0,0,0,214.6959,221.03006666666664,227.6153999999999,236.15449999999973,226.815,230.44200000000015,227.6153999999999,,214.6959,,,,0,0,0,0,0,0,0,0,0,102.4429558422445,102.93580041213613,,,,,0,42903954,49899305.84,52.90686962942224,48.607632396567915,,,,,,
2025-12-02,235.005,238.97,233.55,234.42,227.75119999999993,,214.72459999999998,,,,0,0,0,0,0,0,0,0,0,214.72459999999998,221.34359999999995,227.75119999999993,235.17549999999977,226.97000000000003,232.0700000000001,227.75119999999993,,214.72459999999998,,,,0,0,0,0,0,0,0,0,0,103.229007342256,102.96245558760157,,,,,1,45785363,49896722.98,53.41553589211087,47.86306096566591,,,,,53.41553589211087,
2025-12-03,233.35,233.38,230.61,232.38,227.98459999999992,,214.75324999999998,,,,0,0,0,0,0,0,0,0,0,214.75324999999998,221.6633333333333,227.98459999999992,234.3284999999998,227.95300000000003,232.61200000000014,227.98459999999992,,214.75324999999998,,,,0,0,0,0,0,0,0,0,0,102.07954455602119,102.88219094836698,,,,,0,35495058,49187500.28,51.16706648026362,47.33295775478282,,,,,,
2025-12-04,232.77,233.5,226.8,229.11,228.1625999999999,,214.76565,,,,0,0,0,0,0,0,0,0,0,214.76565,221.9227333333333,228.1625999999999,233.2739999999998,228.59500000000003,232.60200000000015,228.1625999999999,,214.76565,,,,0,0,0,0,0,0,0,0,0,100.34439414223377,102.65148214780942,,,,,0,45683224,49110984.1,47.7009087967627,47.00256642808664,,,,,,
2025-12-05,230.32,231.24,228.547,229.53,228.39019999999994,,214.79889999999995,,,,0,0,0,0,0,0,0,0,0,214.79889999999995,222.18639999999994,228.39019999999994,232.59849999999977,229.83400000000006,231.86400000000012,228.39019999999994,,214.79889999999995,,,,0,0,0,0,0,0,0,0,0,100.41956328668115,102.4485804331614,,,,,0,33117377,48728805.08,48.1864071115773,46.885680876336366,,,,,,
2025-12-08,229.59,230.83,226.27,226.89,228.53239999999994,,214.85044999999994,,,,0,0,0,0,0,0,0,0,0,214.85044999999994,222.45666666666662,228.53239999999994,231.72249999999977,230.45400000000004,230.46600000000012,228.53239999999994,,214.85044999999994,,,,0,0,0,0,0,0,0,0,0,99.07297838987306,102.14170752013518,,,,,0,35019174,48596186.6,45.33742480133185,46.67714529819602,,,,,,
2025-12-09,226.84,228.57,225.11,227.92,228.64739999999995,,214.92649999999995,,,,0,0,0,0,0,0,0,0,0,214.92649999999995,222.74273333333332,228.64739999999995,230.6984999999998,230.61800000000002,229.16600000000017,228.64739999999995,,214.92649999999995,,,,0,0,0,0,0,0,0,0,0,99.87000657270139,101.93518925218666,,,,,0,25841743,48227837.92,46.66242652269264,47.118271556544094,,,,,,
2025-12-10,228.805,232.42,228.46,231.78,228.89159999999993,,215.02139999999991,,,,0,0,0,0,0,0,0,0,0,215.02139999999991,223.02986666666663,228.89159999999993,229.8324999999998,230.82900000000004,229.04600000000013,228.89159999999993,,215.02139999999991,,,,0,0,0,0,0,0,0,0,0,101.65046414735765,101.90930515174766,,,,,0,38790736,48035725.26,51.41534376266993,47.8889154762838,,,,,51.41534376266993,
2025-12-11,230.71,232.11,228.6901,230.28,229.0845999999999,,215.10104999999993,,,,0,0,0,0,0,0,0,0,0,215.10104999999993,223.2845333333333,229.0845999999999,229.13649999999978,230.9410000000001,229.28000000000014,229.0845999999999,,215.10104999999993,,,,0,0,0,0,0,0,0,0,0,100.31524578571128,101.76439066392616,,,,,0,28249599,47722040.56,49.566895273196316,48.79179802003892,,,,,,
2025-12-12,229.87,230.08,225.12,226.19,229.16019999999992,,215.18829999999994,,,,0,0,0,0,0,0,0,0,0,215.18829999999994,223.50539999999992,229.16019999999992,228.56699999999984,230.23800000000006,228.61200000000014,229.16019999999992,,215.18829999999994,,,,0,0,0,0,0,0,0,0,0,98.32908516289643,101.45209016383255,,,,,0,35639118,47609651.2,44.83388236307604,49.090667822649316,,,,,,
2025-12-15,227.93,227.93,221.5,222.54,229.22079999999994,,215.23959999999997,,,,0,0,0,0,0,0,0,0,0,215.23959999999997,223.59806666666663,229.22079999999994,227.95949999999985,229.1040000000001,227.74200000000013,229.22079999999994,,215.23959999999997,,,,0,0,0,0,0,0,0,0,0,97.78510769807629,101.11872812149107,,,,,0,47286085,47682592.24,41.06532224913957,48.734613120283576,,,,,,
2025-12-16,223.035,223.66,221.1304,222.56,229.25399999999993,,215.32729999999995,,,,0,0,0,0,0,0,0,0,0,215.32729999999995,223.67266666666663,229.25399999999993,227.44399999999987,227.91800000000006,226.67000000000016,229.25399999999993,,215.32729999999995,,,,0,0,0,0,0,0,0,0,0,97.9502737467212,100.8306868146938,,,,,0,39298857,47594751.86,41.09453997876221,48.16448981724606,,,,,,
2025-12-17,224.655,225.19,220.99,221.27,229.24379999999996,,215.41464999999994,,,,0,0,0,0,0,0,0,0,0,215.41464999999994,223.74613333333326,229.24379999999996,227.37999999999982,226.80700000000007,224.56800000000015,229.24379999999996,,215.41464999999994,,,,0,0,0,0,0,0,0,0,0,97.61552884085145,100.53839972616268,,,,,0,44034418,47851546.66,39.726495536101915,47.528218970433976,,,39.726495536101915,,,
2025-12-18,225.705,229.225,224.41,226.76,229.2746,,215.50664999999992,,,,0,0,0,0,0,0,0,0,0,215.50664999999992,223.89006666666657,229.2746,227.58349999999987,226.57200000000003,223.86400000000017,229.2746,,215.50664999999992,,,,0,0,0,0,0,0,0,0,0,101.21075606047529,100.59952302928201,,,,,1,50272419,47923275.34,47.70535187582559,47.198890733780935,,,,,,
2025-12-19,226.76,229.125,225.58,227.35,229.26679999999996,,215.63989999999995,,,,0,0,0,0,0,0,0,0,0,215.63989999999995,224.03513333333328,229.26679999999996,228.09399999999988,226.35400000000004,224.09600000000015,229.26679999999996,,215.63989999999995,,,,0,0,0,0,0,0,0,0,0,100.6753016716484,100.60641199676986,,,,,0,85544374,48705920.38,48.494452811509476,46.883718103930015,,,,,,
2025-12-22,228.61,229.48,226.71,228.43,229.50799999999998,,215.78579999999994,,,,0,0,0,0,0,0,0,0,0,215.78579999999994,224.18359999999996,229.50799999999998,228.48099999999985,226.50800000000004,225.27400000000017,229.50799999999998,,215.78579999999994,,,,0,0,0,0,0,0,0,0,0,100.2693690385091,100.57577172783706,,,,,0,32261329,47903796.74,49.98229044904872,46.63848628656844,,,,,,
2025-12-23,229.055,232.445,228.73,232.14,229.74939999999998,,215.97379999999993,,,,0,0,0,0,0,0,0,0,0,215.97379999999993,224.37073333333328,229.74939999999998,228.7739999999999,226.93,227.19000000000014,229.74939999999998,,215.97379999999993,,,,0,0,0,0,0,0,0,0,0,101.24620555704166,100.63672025776475,,,,,1,29230233,47732208.4,54.81138193435501,46.898794533289255,,,,,,
2025-12-24,232.13,232.95,231.33,232.38,230.0692,,216.15274999999997,,,,0,0,0,0,0,0,0,0,0,216.15274999999997,224.57913333333326,230.0692,228.9094999999999,226.99000000000007,229.41200000000018,230.0692,,216.15274999999997,,,,0,0,0,0,0,0,0,0,0,100.89177947778367,100.65990745958466,,,,,0,11420543,47047307.66,55.11329463156338,47.428250664346436,,,,,,
2025-12-26,232.035,232.99,231.18,232.52,230.4082,,216.32089999999997,,,,0,0,0,0,0,0,0,0,0,216.32089999999997,224.77526666666662,230.4082,229.07749999999987,227.21400000000003,230.56400000000016,230.4082,,216.32089999999997,,,,0,0,0,0,0,0,0,0,0,100.62838644901069,100.65704191316884,,,,,0,15994726,46449012.8,55.3009031455578,47.9364289524879,,,,,55.3009031455578,
2025-12-29,231.94,232.6,230.77,232.07,230.76019999999997,,216.51179999999997,,,,0,0,0,0,0,0,0,0,0,216.51179999999997,224.9824666666666,230.76019999999997,229.01999999999984,227.80200000000005,231.50800000000018,230.76019999999997,,216.51179999999997,,,,0,0,0,0,0,0,0,0,0,100.46392831117107,100.63948613116904,,,,,0,19797909,45996679.16,54.5122284418109,48.59177206966497,,,,,,
2025-12-30,231.205,232.77,230.2,232.53,231.15,,216.68469999999994,,,,0,0,0,0,0,0,0,0,0,216.68469999999994,225.15919999999994,231.15,228.95249999999982,228.80100000000007,232.32800000000015,231.15,,216.68469999999994,,,,0,0,0,0,0,0,0,0,0,101.01611270640468,100.67372491073591,,,,,1,21910453,45515149.34,55.21534116807277,49.20269454433498,,,,,,
2025-12-31,232.905,232.99,230.12,230.82,231.4368,,216.8601,,,,0,0,0,0,0,0,0,0,0,216.8601,225.33319999999998,231.4368,228.77249999999987,229.62700000000004,232.06400000000014,231.4368,,216.8601,,,,0,0,0,0,0,0,0,0,0,100.4110929853181,100.64984928115247,,,,,0,24383749,45225167.94,51.99770150962059,49.24429152626003,,,,,,
2026-01-02,231.34,235.458,224.7,226.5,231.52620000000002,,217.02849999999995,,,,0,0,0,0,0,0,0,0,0,217.02849999999995,225.47186666666667,231.52620000000002,228.47849999999988,230.15000000000003,230.88800000000015,231.52620000000002,,217.02849999999995,,,,0,0,0,0,0,0,0,0,0,99.2624340989469,100.5237206282247,,,,,0,51456229,45244401.22,44.8819371314606,48.90965165899319,,,44.8819371314606,,,
2026-01-05,228.84,234,227.18,233.06,231.8284,,217.21609999999993,,,,0,0,0,0,0,0,0,0,0,217.21609999999993,225.65886666666663,231.8284,228.67599999999985,230.78000000000006,230.99600000000015,231.8284,,217.21609999999993,,,,0,0,0,0,0,0,0,0,0,101.9438709451657,100.65282520249205,,,,,1,49733348,45352897.42,54.96120431019875,49.63303179807338,,,,,,
2026-01-06,232.1,243.18,232.07,240.93,232.22520000000003,,217.44599999999994,,,,0,0,0,0,0,0,0,0,0,217.44599999999994,225.8874,232.22520000000003,229.24599999999987,232.13800000000006,232.76800000000017,232.22520000000003,,217.44599999999994,,,,0,0,0,0,0,0,0,0,0,104.72121285880695,101.0226786257934,,,,,0,53764677,45797390.98,63.568514720486064,51.240402688883854,,,,,,
2026-01-07,239.61,245.29,239.52,241.56,232.5722,,217.67274999999995,,,,0,0,0,0,0,0,0,0,0,217.67274999999995,226.1264,232.5722,229.97949999999992,233.45100000000008,234.57400000000015,232.5722,,217.67274999999995,,,,0,0,0,0,0,0,0,0,0,104.34812659201161,101.32499207726778,,,,,0,42236531,45868420.54,64.1590029959151,52.887864332966195,,,,,,
2026-01-08,243.06,246.41,241.88,246.29,232.95860000000002,,217.88789999999995,,,,0,0,0,0,0,0,0,0,0,217.88789999999995,226.38680000000002,232.95860000000002,230.8979999999999,234.86600000000007,237.66800000000018,232.95860000000002,,217.88789999999995,,,,0,0,0,0,0,0,0,0,0,106.7589280037914,101.81898625240629,,,,,0,39509844,45893277.52,68.31177078182901,54.92966970766099,,,,,,
2026-01-09,244.568,247.86,242.24,247.38,233.32120000000003,,218.09624999999994,,,,0,0,0,0,0,0,0,0,0,218.09624999999994,226.6499333333333,233.32120000000003,231.67799999999988,236.36600000000007,241.84400000000014,233.32120000000003,,218.09624999999994,,,,0,0,0,0,0,0,0,0,0,107.22319745140109,102.31027817958764,,,,,0,34559961,45642476.22,69.19748533063695,56.46482209729038,,,,,69.19748533063695,
2026-01-12,246.73,248.94,245.96,246.47,233.6446,,218.32294999999993,,,,0,0,0,0,0,0,0,0,0,218.32294999999993,226.86926666666668,233.6446,232.4874999999999,237.76100000000005,244.52600000000015,233.6446,,218.32294999999993,,,,0,0,0,0,0,0,0,0,0,106.14114543035102,102.65853883874794,,,,,0,35867770,45319108.6,67.50116962358098,57.822444726724065,,,,,,
2026-01-13,246.53,247.66,240.25,242.6,234.0394,,218.52914999999993,,,,0,0,0,0,0,0,0,0,0,218.52914999999993,227.0400666666667,234.0394,233.3079999999999,238.81400000000008,244.86000000000018,234.0394,,218.52914999999993,,,,0,0,0,0,0,0,0,0,0,104.31028799270773,102.80869785274429,,,,,0,38371778,44041485.42,60.68765794296503,58.58711383343236,,,,,,
2026-01-14,241.15,241.28,236.22,236.65,233.888,,218.74879999999993,,,,0,0,0,0,0,0,0,0,0,218.74879999999993,227.16700000000003,233.888,234.01349999999988,239.22600000000006,243.87800000000016,233.888,,218.74879999999993,,,,0,0,0,0,0,0,0,0,0,101.94938072159398,102.7305781135488,,,,,0,41410578,41542880.82,51.9974111130294,58.38611591762339,,,,,,
2026-01-15,239.31,240.65,236.63,238.18,233.57159999999996,,218.98839999999993,,,,0,0,0,0,0,0,0,0,0,218.98839999999993,227.33353333333332,233.57159999999996,234.7944999999999,239.96200000000007,242.25600000000017,233.57159999999996,,218.98839999999993,,,,0,0,0,0,0,0,0,0,0,103.15898587905448,102.76952427404932,,,,,1,43003571,40482995.92,53.82831929941908,58.29433196532737,,,,,,
2026-01-16,239.085,239.57,236.41,239.12,233.36759999999998,,219.22314999999995,,,,0,0,0,0,0,0,0,0,0,219.22314999999995,227.50606666666664,233.36759999999998,235.6869999999999,241.22400000000007,240.60400000000018,233.36759999999998,,219.22314999999995,,,,0,0,0,0,0,0,0,0,0,103.29960860887672,102.81771375903362,,,,,0,45888283,40369835.36,54.964833291601565,58.27032697575907,,,,,,
2026-01-20,233.76,235.09,229.34,231,232.9836,,219.39809999999994,,,,0,0,0,0,0,0,0,0,0,219.39809999999994,227.63206666666665,232.9836,235.8989999999999,241.0180000000001,237.51000000000016,232.9836,,219.39809999999994,,,,0,0,0,0,0,0,0,0,0,99.85590778097983,102.54845867011964,,,,,0,47737854,40512378.4,44.72366797138563,57.5711440850144,,,44.72366797138563,,,
2026-01-21,231.085,232.3,226.88,231.31,232.74900000000002,,219.66259999999994,,,,0,0,0,0,0,0,0,0,0,219.66259999999994,227.73346666666666,232.74900000000002,236.0969999999999,240.0560000000001,235.25200000000012,232.74900000000002,,219.66259999999994,,,,0,0,0,0,0,0,0,0,0,102.09552338061489,102.50728273471012,,,,,0,47276090,40537816.14,45.143890962266525,56.85175478459968,,,,,,
2026-01-22,234.045,235.72,230.9,234.34,232.54760000000002,,219.97929999999994,,,,0,0,0,0,0,0,0,0,0,219.97929999999994,227.86360000000002,232.54760000000002,236.39249999999984,239.33400000000006,234.79000000000013,232.54760000000002,,219.97929999999994,,,,0,0,0,0,0,0,0,0,0,102.24838232535005,102.4837463338592,,,,,0,31913325,40248596.76,49.208313441408315,56.65251277972737,,,,,,
2026-01-23,234.955,240.45,234.57,239.16,232.36280000000002,,220.29879999999994,,,,0,0,0,0,0,0,0,0,0,220.29879999999994,228.0412,232.36280000000002,236.74349999999987,238.6210000000001,234.98600000000016,232.36280000000002,,220.29879999999994,,,,0,0,0,0,0,0,0,0,0,103.7816633301318,102.6017387880658,,,,,1,33778478,40194636.04,54.92914002085538,57.37017012896985,,,,,,
2026-01-26,239.98,240.95,237.54,238.42,232.1492,,220.63759999999994,,,,0,0,0,0,0,0,0,0,0,220.63759999999994,228.2327333333333,232.1492,237.04549999999986,237.72500000000008,234.84600000000015,232.1492,,220.63759999999994,,,,0,0,0,0,0,0,0,0,0,103.42673541923935,102.67673848180885,,,,,0,32825530,40379865.44,53.924928744964305,57.29615044573882,,,,,,
2026-01-27,239.685,244.88,238.08,244.68,232.15880000000004,,220.90549999999996,,,,0,0,0,0,0,0,0,0,0,220.90549999999996,228.47413333333336,232.15880000000004,237.65349999999984,237.5460000000001,237.58200000000016,232.15880000000004,,220.90549999999996,,,,0,0,0,0,0,0,0,0,0,105.61392301250896,102.94375525732704,,,,,0,38029216,40516648.5,60.50319641558431,57.07719913824583,,,,,60.50319641558431,
2026-01-28,246.365,247.775,241.53,243.01,232.26740000000007,,221.2144499999999,,,,0,0,0,0,0,0,0,0,0,221.2144499999999,228.67573333333334,232.26740000000007,238.20049999999983,237.58700000000013,239.92200000000017,232.26740000000007,,221.2144499999999,,,,0,0,0,0,0,0,0,0,0,104.46666160356175,103.08220128880292,,,,,0,40882657,40506266.88,58.11927183710288,56.64578976975925,,,,,,
2026-01-29,242.82,243,236.742,241.73,232.40820000000002,,221.49874999999992,,,,0,0,0,0,0,0,0,0,0,221.49874999999992,228.874,232.40820000000002,238.66049999999981,238.0950000000001,241.40000000000015,232.40820000000002,,221.49874999999992,,,,0,0,0,0,0,0,0,0,0,103.9248956007578,103.158809862617,,,,,0,47229643,40671726.36,56.28859052636028,55.786991180082914,,,,,,
2026-01-30,239.89,243.315,237.64,239.3,232.5368,,221.78464999999994,,,,0,0,0,0,0,0,0,0,0,221.78464999999994,229.02186666666665,232.5368,239.08449999999985,238.2070000000001,241.42800000000017,232.5368,,221.78464999999994,,,,0,0,0,0,0,0,0,0,0,103.01304918051606,103.14555889151691,,,,,0,46585024,40405046.48,52.88302043705062,54.621672259112465,,,,,,
2026-02-02,238.31,245.6299,238.17,242.96,232.945,,222.10149999999993,,,,0,0,0,0,0,0,0,0,0,222.10149999999993,229.15293333333335,232.945,239.90749999999986,238.59100000000007,242.33600000000015,232.945,,222.10149999999993,,,,0,0,0,0,0,0,0,0,0,105.04076944582953,103.31785076009079,,,,,1,37546102,39943799.68,57.0936807226875,53.87828019476293,,,,,,
2026-02-03,244.975,246.35,235.45,238.62,233.2636,,222.42294999999996,,,,0,0,0,0,0,0,0,0,0,222.42294999999996,229.28113333333332,233.2636,240.18549999999988,239.35300000000012,241.12400000000017,233.2636,,222.42294999999996,,,,0,0,0,0,0,0,0,0,0,102.61092676074509,103.25358494196846,,,,,0,53831298,39853712.78,51.24548743698537,53.20383944433581,,,,,,
2026-02-04,238.86,238.86,231.82,232.99,233.5806,,222.72484999999995,,,,0,0,0,0,0,0,0,0,0,222.72484999999995,229.36466666666664,233.5806,239.78849999999989,239.5210000000001,239.12000000000018,233.5806,,222.72484999999995,,,,0,0,0,0,0,0,0,0,0,101.03905565626167,103.05226409781329,,,,,0,51299947,39873532.48,44.830308791872376,52.69190356425316,,,,,,
2026-02-05,224.91,226.31,220.38,222.69,233.62060000000002,,223.00169999999994,,,,0,0,0,0,0,0,0,0,0,223.00169999999994,229.38313333333335,233.62060000000002,238.84499999999989,238.35600000000008,235.31200000000018,233.62060000000002,,223.00169999999994,,,,0,0,0,0,0,0,0,0,0,97.06496423647081,102.50796411041853,,,,,0,103509230,40573907.8,35.96085871813139,51.41565637987547,,,,,,
2026-02-06,202.7,211.44,200.31,210.32,233.3014,,223.18739999999994,,,,0,0,0,0,0,0,0,0,0,223.18739999999994,229.2958666666667,233.3014,237.04649999999992,235.47200000000012,229.51600000000016,233.3014,,223.18739999999994,,,,0,0,0,0,0,0,0,0,0,92.81020947606712,101.62635005275021,,,,,0,179210851,43071756.92,28.633915036258713,49.534876504493845,,,,,,
2026-02-09,208.97,212.81,203.35,208.72,232.8824,,223.32799999999995,,,,0,0,0,0,0,0,0,0,0,223.32799999999995,229.19753333333335,232.8824,235.11349999999987,232.5020000000001,222.66800000000018,232.8824,,223.32799999999995,,,,0,0,0,0,0,0,0,0,0,90.3248700649567,100.59894278113262,,,,,0,91178443,44107739,27.843683328212833,48.32916331569579,,,,,,
2026-02-10,208.795,212.6499,206.411,206.96,232.43839999999997,,223.43009999999995,,,,0,0,0,0,0,0,0,0,0,223.43009999999995,229.1148666666667,232.43839999999997,233.13799999999986,228.7300000000001,216.33600000000015,232.43839999999997,,223.43009999999995,,,,0,0,0,0,0,0,0,0,0,89.14528895978498,99.55770152464648,,,,,0,67175031,44681281.18,26.962215111226087,47.03047218347861,,,,,,
2026-02-11,208.06,208.57,202.49,204.08,231.85559999999998,,223.50554999999997,,,,0,0,0,0,0,0,0,0,0,223.50554999999997,228.99180000000004,231.85559999999998,231.2119999999999,224.83700000000013,210.55400000000017,231.85559999999998,,223.50554999999997,,,,0,0,0,0,0,0,0,0,0,88.19589099112338,98.52480965796256,,,,,0,65545455,45586343.7,25.537516082383263,45.339700943548245,,,,,,
2026-02-12,203.96,203.96,197.56,199.6,231.17,,223.56504999999993,,,,0,0,0,0,0,0,0,0,0,223.56504999999993,228.84073333333333,231.17,229.35949999999988,220.6240000000001,205.9360000000002,231.17,,223.56504999999993,,,,0,0,0,0,0,0,0,0,0,86.26427293393607,97.41021541032379,,,,,0,83975393,46407772.48,23.460784801793864,43.09196128504386,,,,,,
2026-02-13,198.88,201.16,197.275,198.79,230.45739999999998,,223.62204999999994,,,,0,0,0,0,0,0,0,0,0,223.62204999999994,228.6658666666667,230.45739999999998,227.38999999999987,216.5730000000001,203.63000000000017,230.45739999999998,,223.62204999999994,,,,0,0,0,0,0,0,0,0,0,87.28085388502758,96.48936436256959,,,,,0,66321593,46818497.08,23.095094798135264,40.889830288841786,,,23.095094798135264,,,
2026-02-17,198.125,201.7362,196,201.15,229.8328,,223.70569999999995,,,,0,0,0,0,0,0,0,0,0,223.70569999999995,228.50226666666669,229.8328,225.49149999999986,212.39200000000005,202.11600000000016,229.8328,,223.70569999999995,,,,0,0,0,0,0,0,0,0,0,88.27298286469929,95.74242059003592,,,,,0,69879200,47506179.92,26.68099959962578,38.473959087701886,,,,,,
2026-02-18,202.07,206.86,201.51,204.79,229.3464,,223.77864999999994,,,,0,0,0,0,0,0,0,0,0,223.77864999999994,228.35853333333333,229.3464,224.18099999999987,209.0090000000001,201.6820000000002,229.3464,,223.77864999999994,,,,0,0,0,0,0,0,0,0,0,89.77804276063426,95.20020442372667,,,,,0,51003299,47612581.42,31.951336507568627,36.60482084987802,,,,,,
2026-02-19,203.8,205.6396,202.81,204.86,228.85299999999995,,223.85304999999994,,,,0,0,0,0,0,0,0,0,0,223.85304999999994,228.23633333333336,228.85299999999995,222.85849999999988,206.19600000000005,201.83800000000016,228.85299999999995,,223.85304999999994,,,,0,0,0,0,0,0,0,0,0,89.31135305435586,94.66485429923841,,,,,0,35669611,47663626.1,32.05248903421629,34.873670743296294,,,,,,
2026-02-20,204.76,211.17,203.75,210.11,228.51739999999998,,223.97184999999993,,,,0,0,0,0,0,0,0,0,0,223.97184999999993,228.14453333333333,228.51739999999998,221.64699999999988,204.9380000000001,203.9400000000002,228.51739999999998,,223.97184999999993,,,,0,0,0,0,0,0,0,0,0,91.85966528123488,94.40983711578355,,,,,0,65881611,48280874.84,39.33590038033829,33.90601931067398,,,,,,
2026-02-23,208.095,208.43,203.11,205.27,228.06439999999998,,224.0731499999999,,,,0,0,0,0,0,0,0,0,0,224.0731499999999,228.0054666666667,228.06439999999998,219.95249999999987,204.43300000000005,205.2360000000002,228.06439999999998,,224.0731499999999,,,,0,0,0,0,0,0,0,0,0,89.12485961398187,93.92938461561975,,,,,0,53581508,48835670.14,35.5523435507079,32.3673523698183,,,,,,
2026-02-24,205.47,210.36,203.25,208.56,227.6,,224.1723999999999,,,,0,0,0,0,0,0,0,0,0,224.1723999999999,227.86720000000003,227.6,218.45949999999988,204.4170000000001,206.71800000000016,227.6,,224.1723999999999,,,,0,0,0,0,0,0,0,0,0,91.50391796119771,93.70888764703594,,,,,0,41137162,48882598.66,39.79172568672328,31.549226530513863,,,,,,
2026-02-25,210.46,211.59,208.93,210.64,227.20719999999997,,224.2651999999999,,,,0,0,0,0,0,0,0,0,0,224.2651999999999,227.755,227.20719999999997,216.75749999999988,204.78500000000008,207.8880000000002,227.20719999999997,,224.2651999999999,,,,0,0,0,0,0,0,0,0,0,91.71473107636217,93.5276006860656,,,,,0,41346376,49144534.2,42.37265532674674,31.373679854433465,,,,,,
2026-02-26,210.73,211.05,205.345,207.92,226.84179999999998,,224.3394999999999,,,,0,0,0,0,0,0,0,0,0,224.3394999999999,227.61920000000003,226.84179999999998,215.00299999999987,205.16900000000004,208.50000000000017,226.84179999999998,,224.3394999999999,,,,0,0,0,0,0,0,0,0,0,89.79977311074384,93.18870727012725,,,,,0,47756765,49386887.14,39.96031204515152,31.65935509207776,,,,,,
2026-02-27,206.83,210.33,205.2,210,226.59099999999995,,224.34629999999987,,,,0,0,0,0,0,0,0,0,0,224.34629999999987,227.471,226.59099999999995,213.4164999999999,206.20900000000006,208.47800000000015,226.59099999999995,,224.34629999999987,,,,0,0,0,0,0,0,0,0,0,91.18712611469024,93.0067453469057,,,,,0,57422777,49589620.98,42.64919596363617,32.66044658689043,,,,,,
2026-03-02,204.55,209.73,203.46,208.39,226.30759999999995,,224.3313999999999,,,,0,0,0,0,0,0,0,0,0,224.3313999999999,227.31733333333338,226.30759999999995,211.87099999999992,207.16900000000004,209.10200000000017,226.30759999999995,,224.3313999999999,,,,0,0,0,0,0,0,0,0,0,90.88239527016712,92.81362261265674,,,,,0,46001010,49723664.04,41.11431768838225,33.60834904118825,,,,,,
2026-03-03,203.1,209.178,202.48,208.73,226.05679999999992,,224.3237999999999,,,,0,0,0,0,0,0,0,0,0,224.3237999999999,227.1569333333334,226.05679999999992,210.1594999999999,207.92700000000008,209.13600000000014,226.05679999999992,,224.3237999999999,,,,0,0,0,0,0,0,0,0,0,90.99443009868301,92.64824147502277,,,,,0,43184918,49706674.04,41.59236451591279,34.653359712951584,,,,,,
2026-03-04,210.47,217.54,210.15,216.82,225.85799999999995,,224.3820499999999,,,,0,0,0,0,0,0,0,0,0,224.3820499999999,227.06233333333338,225.85799999999995,209.0694999999999,209.13000000000005,210.37200000000016,225.85799999999995,,224.3820499999999,,,,0,0,0,0,0,0,0,0,0,95.42265815022695,92.9004611727686,,,,,1,54731101,49795847.68,51.650299135922566,36.51855850249011,,,,,,
2026-03-05,215.98,220.47,215.59,218.94,225.68979999999996,,224.4487999999999,,,,0,0,0,0,0,0,0,0,0,224.4487999999999,226.98733333333337,225.68979999999996,208.36699999999988,210.53800000000007,212.5760000000002,225.68979999999996,,224.4487999999999,,,,0,0,0,0,0,0,0,0,0,95.61408488839784,93.1471542378258,,,,,0,60943447,49303829.14,53.89106410098347,38.69214988100366,,,,,53.89106410098347,
2026-03-06,214.99,217.32,212.53,213.21,225.38539999999998,,224.48404999999988,,,,0,0,0,0,0,0,0,0,0,224.48404999999988,226.84800000000004,225.38539999999998,207.8929999999999,210.84800000000004,213.21800000000016,225.38539999999998,,224.48404999999988,,,,0,0,0,0,0,0,0,0,0,93.64020191136512,93.1919767536021,,,,,0,51152716,49681656.88,47.48537533647301,40.43431277659921,,,,,,
2026-03-09,210.45,213.82,207.11,213.49,225.01239999999996,,224.53114999999988,,,,0,0,0,0,0,0,0,0,0,224.53114999999988,226.83960000000002,225.01239999999996,208.0514999999999,211.67000000000007,214.2380000000002,225.01239999999996,,224.53114999999988,,,,0,0,0,0,0,0,0,0,0,95.02508156516087,93.358622645562,,,,,0,54642926,50189910.74,47.81181980989606,41.943657077332794,,,,,,
2026-03-10,214.19,215.65,212.43,214.33,224.6513999999999,,224.5971999999999,,,,0,0,0,0,0,0,0,0,0,224.5971999999999,226.85746666666668,224.6513999999999,208.33199999999994,212.24700000000007,215.35800000000017,224.6513999999999,,224.5971999999999,,,,0,0,0,0,0,0,0,0,0,94.61328608971776,93.47268295866706,,,,,0,35678834,50675076.56,48.83929539270823,43.14993985484277,,,,,,
2026-03-11,215.705,217,211.35,212.65,224.25399999999993,,224.64494999999988,,,,0,0,0,0,0,0,0,0,0,224.64494999999988,226.85013333333336,224.25399999999993,208.61649999999992,212.44800000000004,214.5240000000002,224.25399999999993,,224.64494999999988,,,,0,0,0,0,0,0,0,0,0,94.07224665965738,93.52718874966618,,,,,0,34199303,51039168.1,46.85252781979978,44.20708548238445,,,,,,
2026-03-12,210.39,211.71,208.15,209.53,223.80319999999992,,224.68764999999993,,,,0,0,0,0,0,0,0,0,0,224.68764999999993,226.76493333333337,223.80319999999992,208.88899999999995,212.60900000000007,212.6420000000002,223.80319999999992,,224.68764999999993,,,,0,0,0,0,0,0,0,0,0,92.76999434752258,93.45835289492585,,,,,0,44349501,51530199.94,43.32743431384704,44.492195049063646,,,,,,
2026-03-13,209.605,210.56,206.22,207.67,223.30599999999993,,224.69589999999994,,,,0,0,0,0,0,0,0,0,0,224.69589999999994,226.66186666666667,223.30599999999993,209.29249999999993,212.37600000000006,211.5340000000002,223.30599999999993,,224.69589999999994,,,,0,0,0,0,0,0,0,0,0,93.36826219425382,93.4501628312284,,,,,0,35662137,51805233.62,41.33099326767489,44.904955743132724,,,,,,
2026-03-16,208.35,212.724,207.445,211.74,222.9243999999999,,224.7309999999999,,,,0,0,0,0,0,0,0,0,0,224.7309999999999,226.5888666666667,222.9243999999999,209.9399999999999,212.71100000000007,211.1840000000002,222.9243999999999,,224.7309999999999,,,,0,0,0,0,0,0,0,0,0,95.77817315521246,93.66180013340876,,,,,1,42209316,52161744.96,47.077453424822004,45.425364867282624,,,,,,
2026-03-17,212.82,215.7,212.43,215.2,222.69839999999994,,224.77849999999992,,,,0,0,0,0,0,0,0,0,0,224.77849999999992,226.5482,222.69839999999994,210.64249999999987,213.35800000000003,211.35800000000017,222.69839999999994,,224.77849999999992,,,,0,0,0,0,0,0,0,0,0,96.3672703552722,93.90775197175998,,,,,0,44969943,52032019.24,51.43260106531443,46.07250384860889,,,,,51.43260106531443,
2026-03-18,213.925,215.1401,208.825,209.87,222.23459999999992,,224.8027999999999,,,,0,0,0,0,0,0,0,0,0,224.8027999999999,226.47086666666664,222.23459999999992,210.8964999999999,212.66300000000007,210.8020000000002,222.23459999999992,,224.8027999999999,,,,0,0,0,0,0,0,0,0,0,93.7466498314493,93.89310632264083,,,,,0,37846642,51794285.12,45.25444111443196,46.45065592498606,,,,,,
2026-03-19,207.06,209.12,206.05,208.76,221.59119999999993,,224.81334999999993,,,,0,0,0,0,0,0,0,0,0,224.81334999999993,226.36553333333333,221.59119999999993,211.09149999999985,211.64500000000007,210.6480000000002,221.59119999999993,,224.81334999999993,,,,0,0,0,0,0,0,0,0,0,94.5369684106927,93.95163923973645,,,,,1,36440622,51447804.02,44.067259516840906,46.5519461787864,,,,,,
2026-03-20,207.4,207.54,204.316,205.37,220.86739999999995,,224.81164999999993,,,,0,0,0,0,0,0,0,0,0,224.81164999999993,226.19480000000001,220.86739999999995,210.85449999999986,210.86100000000005,210.1880000000002,220.86739999999995,,224.81164999999993,,,,0,0,0,0,0,0,0,0,0,93.2584371707778,93.88862086983112,,,,,0,63694603,51876965.46,40.567074193964054,46.51285735775652,,,,,,
2026-03-23,209.79,212.8,209.51,210.14,220.14439999999996,,224.82619999999991,,,,0,0,0,0,0,0,0,0,0,224.82619999999991,226.05553333333336,220.14439999999996,211.09799999999987,210.526,209.86800000000017,220.14439999999996,,224.82619999999991,,,,0,0,0,0,0,0,0,0,0,96.89095042027267,94.16155991987125,,,,,1,44277356,51972315.7,46.95188872638121,46.89568051564713,,,,,,
2026-03-24,207.95,209.35,206.64,207.24,219.34159999999991,,224.82284999999993,,,,0,0,0,0,0,0,0,0,0,224.82284999999993,225.89386666666664,219.34159999999991,211.03199999999987,209.81700000000006,208.2760000000002,219.34159999999991,,224.82284999999993,,,,0,0,0,0,0,0,0,0,0,94.47210829981508,94.18979159077523,,,,,0,35351425,51988144.98,43.8664430884455,46.3396907979702,,,,,,
2026-03-25,211.56,213.07,209.9,211.71,218.64639999999997,,224.81354999999996,,,,0,0,0,0,0,0,0,0,0,224.81354999999996,225.7852,218.64639999999997,211.08549999999985,209.72300000000004,208.64400000000018,218.64639999999997,,224.81354999999996,,,,0,0,0,0,0,0,0,0,0,96.87234990146972,94.43366052811109,,,,,0,36388791,51998565.4,49.38743817544932,46.01800323186062,,,,,,
2026-03-26,210.61,212.885,207.12,207.54,217.94519999999994,,224.76634999999996,,,,0,0,0,0,0,0,0,0,0,224.76634999999996,225.6767333333333,217.94519999999994,211.06649999999985,209.52400000000003,208.40000000000018,217.94519999999994,,224.76634999999996,,,,0,0,0,0,0,0,0,0,0,94.45242563210248,94.43536644665576,,,,,0,46745978,52166049.4,44.946228577011915,45.83663560618482,,,,,,
2026-03-27,206.455,206.6,199.14,199.34,217.19899999999996,,224.67499999999995,,,,0,0,0,0,0,0,0,0,0,224.67499999999995,225.52599999999995,217.19899999999996,210.53349999999986,208.69100000000003,207.1940000000002,217.19899999999996,,224.67499999999995,,,,0,0,0,0,0,0,0,0,0,92.32735901636053,94.24372940753801,,,,,0,56009764,52458033.12,37.75613167419985,45.11837216792081,,,37.75613167419985,,,
2026-03-30,201.48,203.8,199.9802,200.95,216.45439999999996,,224.61374999999995,,,,0,0,0,0,0,0,0,0,0,224.61374999999995,225.34006666666664,216.45439999999996,210.16149999999988,207.61200000000002,205.35600000000022,216.45439999999996,,224.61374999999995,,,,0,0,0,0,0,0,0,0,0,94.65587247953322,94.28119695953758,,,,,1,46373797,52525437.64,39.79264720736633,44.47218301182495,,,,,,
2026-03-31,204.845,210.28,204.14,208.27,215.83739999999992,,224.58889999999997,,,,0,0,0,0,0,0,0,0,0,224.58889999999997,225.2089333333333,215.83739999999992,210.13849999999988,206.91900000000004,205.5620000000002,215.83739999999992,,224.58889999999997,,,,0,0,0,0,0,0,0,0,0,98.49252726708104,94.66404516931426,,,,,0,58470079,52777073.56,48.10603261094601,44.56171906833539,,,,,,
2026-04-01,210.435,213.58,208.19,210.57,215.42879999999994,,224.58124999999995,,,,0,0,0,0,0,0,0,0,0,224.58124999999995,225.088,215.42879999999994,209.82599999999988,206.98900000000003,205.3340000000002,215.42879999999994,,224.58124999999995,,,,0,0,0,0,0,0,0,0,0,96.76144553214888,94.85471792957196,,,,,0,45955395,52741424.38,50.42244014080266,45.06850519883222,,,,,,
2026-04-02,206.54,212.2125,204.9,209.77,214.99799999999993,,224.5496,,,,0,0,0,0,0,0,0,0,0,224.5496,224.959,214.99799999999993,209.3674999999999,207.09,205.7800000000002,214.99799999999993,,224.5496,,,,0,0,0,0,0,0,0,0,0,95.70774394593123,94.93226574924098,,,,,0,31453039,52424963.36,49.593224895998226,45.658664600855325,,,,,,
2026-04-06,209.795,212.95,209.59,212.79,214.5669999999999,,224.53945,,,,0,0,0,0,0,0,0,0,0,224.53945,224.83359999999996,214.5669999999999,209.34649999999988,207.83200000000002,208.4700000000002,214.5669999999999,,224.53945,,,,0,0,0,0,0,0,0,0,0,96.97721900502532,95.11817059067592,,,,,0,25385495,52294406.76,52.752066685049684,46.06399411944302,,,,,,
2026-04-07,211.24,213.97,209.075,213.77,214.05919999999992,,224.5457,,,,0,0,0,0,0,0,0,0,0,224.5457,224.73206666666664,214.05919999999992,209.36049999999986,208.19500000000002,211.0340000000002,214.05919999999992,,224.5457,,,,0,0,0,0,0,0,0,0,0,96.99447353376227,95.28874358550195,,,,,0,28154557,52181928.34,53.76461842377618,46.23056678790457,,,,,,
2026-04-08,223.79,226.1,219.62,221.25,213.71579999999992,,224.6035,,,,0,0,0,0,0,0,0,0,0,224.6035,224.70479999999995,213.71579999999992,209.70649999999986,209.596,213.6300000000002,213.71579999999992,,224.6035,,,,0,0,0,0,0,0,0,0,0,100.31223363418188,95.7454244990183,,,,,0,51092698,52547271.7,60.6893756775021,47.333062113838146,,,,,,
2026-04-09,225.232,233.8,223.27,233.65,213.49519999999993,,224.7294,,,,0,0,0,0,0,0,0,0,0,224.7294,224.75586666666666,213.49519999999993,210.7564999999999,211.79000000000002,218.24600000000018,213.49519999999993,,224.7294,,,,0,0,0,0,0,0,0,0,0,103.34197280777023,96.43601979981393,,,,,0,65964171,53105970.8,68.98285398263397,49.112747432823355,,,,,,
2026-04-10,235.295,240.43,235.21,238.38,213.40259999999992,,224.85745000000003,,,,0,0,0,0,0,0,0,0,0,224.85745000000003,224.77386666666663,213.40259999999992,212.1989999999999,214.87400000000002,223.96800000000022,213.40259999999992,,224.85745000000003,,,,0,0,0,0,0,0,0,0,0,104.78748423000673,97.19524383892237,,,,,0,56912842,53426574.5,71.45660789545241,51.31914269721538,,,,,,
2026-04-13,237.45,240,235.75,239.89,213.36579999999995,,224.99695000000003,,,,0,0,0,0,0,0,0,0,0,224.99695000000003,224.8242666666666,213.36579999999995,213.80999999999986,218.929,229.3880000000002,213.36579999999995,,224.99695000000003,,,,0,0,0,0,0,0,0,0,0,105.57144743211725,97.95671689284917,,,,,0,42166150,53325304.64,72.21835891784163,53.12389056803398,,,,,,
2026-04-14,241.78,252.18,241.78,249.02,213.56019999999992,,225.15645,,,,0,0,0,0,0,0,0,0,0,225.15645,224.9121333333333,213.56019999999992,215.6739999999999,223.73600000000002,236.4380000000002,213.56019999999992,,225.15645,,,,0,0,0,0,0,0,0,0,0,108.4860656701853,98.91393041806155,,,,,0,72685026,53847304.68,76.33136368073735,55.4428134674834,,,,,,
2026-04-15,249.25,250.44,247.2,248.5,213.67099999999994,,225.28245000000004,,,,0,0,0,0,0,0,0,0,0,225.28245000000004,224.98053333333328,213.67099999999994,217.33899999999986,227.75900000000001,241.8880000000002,213.67099999999994,,225.28245000000004,,,,0,0,0,0,0,0,0,0,0,106.99845996851043,99.64888764992054,,,,,0,43045160,53957285.84,75.64446023658597,57.318315043278865,,,,,,
2026-04-16,248.51,250,244.2,249.7,213.89259999999996,,225.43400000000003,,,,0,0,0,0,0,0,0,0,0,225.43400000000003,225.10966666666664,213.89259999999996,219.33049999999986,231.67199999999997,245.09800000000018,213.89259999999996,,225.43400000000003,,,,0,0,0,0,0,0,0,0,0,106.66442639570778,100.28666389953756,,,,,0,41895711,53718574.1,76.17723953602997,59.54910154035159,,,,,,
2026-04-17,254.985,256.18,250.11,250.56,214.24399999999994,,225.58450000000002,,,,0,0,0,0,0,0,0,0,0,225.58450000000002,225.24706666666665,214.24399999999994,221.42049999999986,235.75099999999998,247.5340000000002,214.24399999999994,,225.58450000000002,,,,0,0,0,0,0,0,0,0,0,106.75316596816775,100.87452772395848,,,,,0,52029291,53733160.98,76.57276326036309,62.32171808222039,,,,,,
2026-04-20,249.19,250.18,245.365,248.28,214.75579999999994,,225.7263,,,,0,0,0,0,0,0,0,0,0,225.7263,225.38126666666665,214.75579999999994,223.56599999999986,239.3,249.21200000000022,214.75579999999994,,225.7263,,,,0,0,0,0,0,0,0,0,0,104.52354389879386,101.20625646712533,,,,,0,39463106,52452238.5,73.10729253759906,64.70133560580844,,,,,,
2026-04-21,255.09,255.09,249.1,249.91,215.54759999999996,,225.8588,,,,0,0,0,0,0,0,0,0,0,225.8588,225.50446666666662,215.54759999999996,225.55449999999988,242.914,249.39000000000019,215.54759999999996,,225.8588,,,,0,0,0,0,0,0,0,0,0,105.46016179194922,101.59297513301841,,,,,0,42922398,49726469.44,74.01278551440626,66.5518179560556,,,,,,
2026-04-22,252.44,255.94,250.33,255.36,216.48039999999997,,226.01825,,,,0,0,0,0,0,0,0,0,0,226.01825,225.6465333333333,216.48039999999997,227.96049999999985,246.325,250.76200000000017,216.48039999999997,,226.01825,,,,0,0,0,0,0,0,0,0,0,108.44816407654567,102.21617412788453,,,,,0,36065067,48624201.92,76.82278008819964,68.43755652372683,,,,,,
2026-04-23,255.39,258.79,253.07,255.08,217.44279999999998,,226.19684999999998,,,,0,0,0,0,0,0,0,0,0,226.19684999999998,225.8029333333333,217.44279999999998,230.1289999999999,248.468,251.8380000000002,217.44279999999998,,226.19684999999998,,,,0,0,0,0,0,0,0,0,0,107.20815254928277,102.66999034801164,,,,,0,39091394,48062529.18,76.36591128740383,70.34989126597007,,,,,,
2026-04-24,259.98,264.5,257.685,263.99,218.64099999999996,,226.4041,,,,0,0,0,0,0,0,0,0,0,226.4041,226.02133333333327,218.64099999999996,232.9514999999999,251.029,254.5240000000002,218.64099999999996,,226.4041,,,,0,0,0,0,0,0,0,0,0,111.4131008200146,103.46481857273918,,,,,0,53777353,47827167.14,80.36710962434655,72.3223943330627,,,,,80.36710962434655,
2026-04-27,263.46,264.15,260.34,261.12,219.87139999999997,,226.5984,,,,0,0,0,0,0,0,0,0,0,226.5984,226.21893333333327,219.87139999999997,236.0404999999999,253.15200000000004,257.0920000000002,219.87139999999997,,226.5984,,,,0,0,0,0,0,0,0,0,0,109.33040430868087,103.99805363964296,,,,,0,44906840,47045796.08,75.90916849918314,73.90414790987748,,,,,,
2026-04-28,258.39,261.03,256.63,259.7,221.0896,,226.7718,,,,0,0,0,0,0,0,0,0,0,226.7718,226.43273333333332,221.0896,238.9779999999999,254.22000000000003,259.0500000000002,221.0896,,226.7718,,,,0,0,0,0,0,0,0,0,0,108.60171287106631,104.41656811522691,,,,,0,42204447,46563453.16,73.7299974083062,74.83562089064922,,,73.7299974083062,,,
2026-04-29,257.99,265.91,257.7,263.04,222.32739999999998,,226.95855,,,,0,0,0,0,0,0,0,0,0,226.95855,226.71493333333328,222.32739999999998,241.7164999999999,255.67399999999998,260.5860000000002,222.32739999999998,,226.95855,,,,0,0,0,0,0,0,0,0,0,110.53943164196833,104.9731920722034,,,,,0,72367910,46613227.36,75.51079510512648,75.30190239939868,,,,,,
2026-04-30,273.17,273.88,256.16,265.06,223.53279999999998,,227.15209999999996,,,,0,0,0,0,0,0,0,0,0,227.15209999999996,227.0139333333333,223.53279999999998,244.4409999999999,257.21,262.5820000000002,223.53279999999998,,227.15209999999996,,,,0,0,0,0,0,0,0,0,0,111.43279951120802,105.56042911211291,,,,,0,100974867,47612658.72,76.54630745624854,75.66545236802698,,,,,,
2026-05-01,265.58,273.315,262.74,268.26,224.80079999999998,,227.37744999999995,,,,0,0,0,0,0,0,0,0,0,227.37744999999995,227.34799999999998,224.80079999999998,247.36549999999994,258.98,263.4360000000002,224.80079999999998,,227.37744999999995,,,,0,0,0,0,0,0,0,0,0,111.6351459699099,106.11267609918536,,,,,0,50825231,47915771.12,78.12437084113785,76.08731036254814,,,,,,
2026-05-04,268.795,276.1,268.795,272.05,226.03959999999998,,227.61829999999995,,,,0,0,0,0,0,0,0,0,0,227.61829999999995,227.69646666666662,226.03959999999998,250.3284999999999,261.357,265.6220000000002,226.03959999999998,,227.61829999999995,,,,0,0,0,0,0,0,0,0,0,112.8820999957124,106.72807827159691,,,,,0,49083734,47579813.58,79.85335078435435,76.33888086994935,,,,,,
2026-05-05,276.075,278.56,272.38,273.55,227.4052,,227.85539999999997,,,,0,0,0,0,0,0,0,0,0,227.85539999999997,228.03899999999993,227.4052,253.31749999999994,263.721,268.3920000000002,227.4052,,227.85539999999997,,,,0,0,0,0,0,0,0,0,0,113.96713680222643,107.38617450165414,,,,,0,41908529,47346354,80.50991888964583,76.68641363088219,,,,,,
2026-05-06,272.89,277.8,272.2076,274.99,228.73379999999997,,228.08384999999998,,,,0,0,0,0,0,0,0,0,0,228.08384999999998,228.40846666666658,228.73379999999997,256.0044999999999,265.684,270.78200000000027,228.73379999999997,,228.08384999999998,,,,0,0,0,0,0,0,0,0,0,113.6445976903823,107.9551220642658,,,,,0,44551955,47414649.86,81.14518423784818,77.04126682386922,,,,,81.14518423784818,
2026-05-07,275.02,276.63,270.49,271.17,229.94439999999997,,228.30234999999996,,,,0,0,0,0,0,0,0,0,0,228.30234999999996,228.74539999999993,229.94439999999997,257.8804999999999,267.293,272.00400000000025,229.94439999999997,,228.30234999999996,,,,0,0,0,0,0,0,0,0,0,110.4545621178774,108.1823438873214,,,,,0,35892880,47305579.94,74.23287214543022,76.87413174423115,,,,,,
2026-05-08,271.63,274,269.95,272.68,231.2396,,228.5243,,,,0,0,0,0,0,0,0,0,0,228.5243,229.0805333333333,231.2396,259.5954999999999,268.16200000000003,272.88800000000026,231.2396,,228.5243,,,,0,0,0,0,0,0,0,0,0,111.4936419021139,108.48337097957526,,,,,0,34732681,47045098.26,75.13455756404015,77.01893638897694,,,,,,
2026-05-11,269.835,273.63,268.48,268.99,232.4194,,228.70809999999997,,,,0,0,0,0,0,0,0,0,0,228.70809999999997,229.41039999999998,232.4194,261.05049999999994,268.949,272.27600000000024,232.4194,,228.70809999999997,,,,0,0,0,0,0,0,0,0,0,109.06591772853335,108.53632977493508,,,,,0,38176696,46660176.64,68.79872720957447,76.64650365291753,,,,,,
2026-05-12,266.71,267.65,262.63,265.82,233.56799999999998,,228.88,,,,0,0,0,0,0,0,0,0,0,228.88,229.70986666666664,233.56799999999998,261.8904999999999,269.56100000000004,270.73000000000025,233.56799999999998,,228.88,,,,0,0,0,0,0,0,0,0,0,107.57805702260264,108.44921407017759,,,,,0,36776221,46475680.86,63.819788853760166,75.71771856474327,,,,,,
2026-05-13,264.43,270.72,263.2,270.13,234.796,,229.06669999999997,,,,0,0,0,0,0,0,0,0,0,229.06669999999997,230.03219999999996,234.796,262.97199999999987,270.27,269.7580000000002,234.796,,229.06669999999997,,,,0,0,0,0,0,0,0,0,0,109.49780907097313,108.54454088843173,,,,,1,39670915,46405400.8,67.28627187163256,75.0691728921882,,,,,,
2026-05-14,269.15,270.7799,266.63,267.22,235.80399999999997,,229.24774999999997,,,,0,0,0,0,0,0,0,0,0,229.24774999999997,230.31219999999996,235.80399999999997,263.8479999999999,270.486,268.96800000000025,235.80399999999997,,229.24774999999997,,,,0,0,0,0,0,0,0,0,0,107.68833974095477,108.46670442047927,,,,,0,31338435,45937547.48,62.90402521052625,73.82180971977246,,,,,,
2026-05-15,262.5,264.355,260.8901,264.14,236.70799999999997,,229.4175,,,,0,0,0,0,0,0,0,0,0,229.4175,230.55486666666664,236.70799999999997,264.52699999999993,270.07399999999996,267.2600000000003,236.70799999999997,,229.4175,,,,0,0,0,0,0,0,0,0,0,105.63839360106648,108.20958525507811,,,,,0,40770344,45534085.42,58.55700537101059,72.58236949633157,,,,,,
2026-05-18,263.865,268.85,262.53,264.86,237.74099999999996,,229.57125,,,,0,0,0,0,0,0,0,0,0,229.57125,230.8781333333333,237.74099999999996,265.3559999999999,269.3549999999999,266.4340000000003,237.74099999999996,,229.57125,,,,0,0,0,0,0,0,0,0,0,107.25262502885205,108.12258887087575,,,,,0,33690787,45184846.84,59.26566914927788,71.54920319211526,,,,,,
2026-05-19,262.04,262.25,255.19,259.34,238.65799999999996,,229.7942,,,,0,0,0,0,0,0,0,0,0,229.7942,231.13993333333332,238.65799999999996,265.8274999999999,267.9339999999999,265.13800000000026,238.65799999999996,,229.7942,,,,0,0,0,0,0,0,0,0,0,105.09466381378459,107.84732295659474,,,,,0,40340697,44898802.26,51.933566758814614,69.86511545309298,,,51.933566758814614,,,
2026-05-20,260.05,265.58,259.533,265.01,239.67159999999996,,230.06099999999998,,,,0,0,0,0,0,0,0,0,0,230.06099999999998,231.4640666666666,239.67159999999996,266.3099999999999,266.936,264.11400000000026,239.67159999999996,,230.06099999999998,,,,0,0,0,0,0,0,0,0,0,108.11409890638896,107.87157531566695,,,,,1,34933152,44883888.62,57.71974246341765,68.52036081074792,,,,,,
2026-05-21,263.5,269.4899,261.37,268.46,240.78779999999995,,230.33455,,,,0,0,0,0,0,0,0,0,0,230.33455,231.8166666666666,240.78779999999995,266.9789999999999,266.66499999999996,264.36200000000025,240.78779999999995,,230.33455,,,,0,0,0,0,0,0,0,0,0,108.35252712243843,107.91529820719163,,,,,0,36591743,44931737.42,60.8109962641449,67.28369119810556,,,,,,
2026-05-22,268.655,269.785,266.235,266.32,241.92359999999994,,230.55460000000002,,,,0,0,0,0,0,0,0,0,0,230.55460000000002,232.16233333333332,241.92359999999994,267.0954999999999,266.02899999999994,264.79800000000023,241.92359999999994,,230.55460000000002,,,,0,0,0,0,0,0,0,0,0,107.30445503664517,107.85976700986922,,,,,0,27535526,44595457.92,57.979283209982746,65.72125779993615,,,,,,
2026-05-26,267.94,269.3,262.07,265.29,243.0759999999999,,230.7654,,,,0,0,0,0,0,0,0,0,0,230.7654,232.51066666666665,243.0759999999999,267.3039999999999,265.659,264.88400000000024,243.0759999999999,,230.7654,,,,0,0,0,0,0,0,0,0,0,106.49255768397055,107.73547525296934,,,,,0,38028118,44642777.54,56.612844257588144,64.01432389764632,,,,,,
2026-05-27,266.15,272.41,265.7001,271.85,244.2781999999999,,231.01120000000003,,,,0,0,0,0,0,0,0,0,0,231.01120000000003,232.87979999999996,244.2781999999999,267.9114999999999,266.262,267.38600000000025,244.2781999999999,,231.01120000000003,,,,0,0,0,0,0,0,0,0,0,108.46363465888916,107.80167156259841,,,,,1,40061864,44599828.5,62.65032210965675,62.69326231706122,,,,,,
2026-05-28,272.27,274.5,267.44,274,245.4541999999999,,231.27469999999997,,,,0,0,0,0,0,0,0,0,0,231.27469999999997,233.22626666666665,245.4541999999999,268.4594999999999,266.649,269.18400000000025,245.4541999999999,,231.27469999999997,,,,0,0,0,0,0,0,0,0,0,109.30313269160959,107.93816802887216,,,,,0,40630385,44513037.34,64.39886971272985,61.99083357186834,,,,,64.39886971272985,
2026-05-29,271.29,274.75,269.64,270.64,246.66959999999992,,231.52055000000001,,,,0,0,0,0,0,0,0,0,0,231.52055000000001,233.57753333333332,246.66959999999992,268.73849999999993,266.99099999999993,269.62000000000023,246.66959999999992,,231.52055000000001,,,,0,0,0,0,0,0,0,0,0,107.34542454538965,107.88428225764648,,,,,0,54749561,44851095.72,59.695413903074254,60.88803759608506,,,,,,
2026-06-01,266.285,266.63,260.7,261.26,247.71959999999996,,231.70405,,,,0,0,0,0,0,0,0,0,0,231.70405,233.84533333333331,247.71959999999996,268.3884999999999,266.7029999999999,268.60800000000023,247.71959999999996,,231.70405,,,,0,0,0,0,0,0,0,0,0,103.40037334846075,107.47665417499323,,,,,0,53604380,45194370.88,48.94763385337635,59.47010235635663,,,,,,
2026-06-02,257.16,261.2025,254.37,256.52,248.74259999999995,,231.83175,,,,0,0,0,0,0,0,0,0,0,231.83175,234.06073333333333,248.74259999999995,267.61199999999997,265.86899999999997,266.8540000000002,248.74259999999995,,231.83175,,,,0,0,0,0,0,0,0,0,0,101.25856091158492,106.91137296922884,,,,,0,41810982,44756698.46,44.57970844850818,58.095810898838636,,,,,,
2026-06-03,254.7,257.09,247.71,250.02,249.54019999999997,,231.9267,,,,0,0,0,0,0,0,0,0,0,231.9267,234.21439999999998,249.54019999999997,266.43549999999993,264.93699999999995,262.4880000000002,249.54019999999997,,231.9267,,,,0,0,0,0,0,0,0,0,0,98.56539685167883,106.15264786763338,,,,,0,51394191,44899035.16,39.38887826282881,56.103139926781225,,,,,,
2026-06-04,253.12,255.83,251.75,253.79,250.47119999999995,,232.0382,,,,0,0,0,0,0,0,0,0,0,232.0382,234.378,250.47119999999995,265.3755,263.81499999999994,258.44600000000025,250.47119999999995,,232.0382,,,,0,0,0,0,0,0,0,0,0,100.79471303353205,105.66556288271508,,,,,0,35609769,44904202.04,43.4982389219557,54.71701233474047,,,,,,
2026-06-05,254.255,256.38,245.78,246.03,251.15759999999995,,232.12829999999997,,,,0,0,0,0,0,0,0,0,0,232.12829999999997,234.4828666666666,251.15759999999995,264.1184999999999,261.5719999999999,253.5240000000002,251.15759999999995,,232.12829999999997,,,,0,0,0,0,0,0,0,0,0,97.3178874309101,104.90668329618735,,,,,0,55607844,45288583.1,37.81505480688554,53.235444437302974,,,,,,
2026-06-08,246.68,249.42,243.36,245.22,251.91119999999992,,232.23535,,,,0,0,0,0,0,0,0,0,0,232.23535,234.63193333333328,251.91119999999992,262.7455,259.4619999999999,250.3160000000002,251.91119999999992,,232.23535,,,,0,0,0,0,0,0,0,0,0,99.63257053007085,104.42721849926767,,,,,0,33899525,45031654.04,37.2677103255283,51.664161664177996,,,,,,
2026-06-09,247.73,250.43,240.4,244.19,252.80819999999989,,232.34655000000004,,,,0,0,0,0,0,0,0,0,0,232.34655000000004,234.6317333333333,252.80819999999989,261.5055,257.3519999999999,247.85000000000022,252.80819999999989,,232.34655000000004,,,,0,0,0,0,0,0,0,0,0,98.91948385842294,103.92651535009996,,,,,0,44425363,44799966.02,36.543371913689114,50.56486203238332,,,,,,
2026-06-10,243.605,244.065,237.45,238,253.5491999999999,,232.39235,,,,0,0,0,0,0,0,0,0,0,232.39235,234.52506666666662,253.5491999999999,260.1145,253.96699999999993,245.4460000000002,253.5491999999999,,232.39235,,,,0,0,0,0,0,0,0,0,0,96.66073705842696,103.26599005085696,,,,,0,38590237,44644294.82,32.46019633333681,48.760608737377545,,,32.46019633333681,,,
2026-06-11,237.93,242.14,235.18,241.51,254.2139999999999,,232.46020000000001,,,,0,0,0,0,0,0,0,0,0,232.46020000000001,234.47299999999998,254.2139999999999,258.6835,250.71799999999993,242.99000000000015,254.2139999999999,,232.46020000000001,,,,0,0,0,0,0,0,0,0,0,99.70138984450254,102.94193548664292,,,,,0,41335399,44301601.22,36.774241023413474,47.04369764875388,,,,,,
2026-06-12,243.21,243.36,233.59,238.55,254.77359999999993,,232.5094,,,,0,0,0,0,0,0,0,0,0,232.5094,234.3953333333333,254.77359999999993,257.25,247.50899999999993,241.4940000000002,254.77359999999993,,232.5094,,,,0,0,0,0,0,0,0,0,0,96.78387841461881,102.38211211645891,,,,,0,51251141,44407516.14,34.757971671230706,45.385032538843014,,,,,,
2026-06-15,245.02,247.805,244.73,246.02,255.49859999999993,,232.5939,,,,0,0,0,0,0,0,0,0,0,232.5939,234.41519999999994,255.49859999999993,256.344,245.98499999999996,241.65400000000017,255.49859999999993,,232.5939,,,,0,0,0,0,0,0,0,0,0,99.31574591768766,102.10335155293426,,,,,0,41711576,44612686.88,43.218971047417114,44.42832730954508,,,,,,
2026-06-16,248,249.51,245.4511,246,256.1627999999999,,232.66589999999997,,,,0,0,0,0,0,0,0,0,0,232.66589999999997,234.42579999999998,256.1627999999999,255.401,244.9329999999999,242.01600000000016,256.1627999999999,,232.66589999999997,,,,0,0,0,0,0,0,0,0,0,97.69296345912515,101.7024071807698,,,,,0,35187406,44808725.1,43.202816293600065,43.03921975125532,,,,,,
2026-06-17,244.9,245.91,236,237.5,256.63739999999996,,232.70839999999995,,,,0,0,0,0,0,0,0,0,0,232.70839999999995,234.3531333333333,256.63739999999996,254.30900000000003,243.6809999999999,241.91600000000017,256.63739999999996,,232.70839999999995,,,,0,0,0,0,0,0,0,0,0,94.85657685579403,101.08005896940837,,,,,0,44780767,45141249.3,36.89142674790529,41.074402396625,,,,,,
2026-06-18,240.12,245.73,236.02,244.39,257.1001999999999,,232.80364999999995,,,,0,0,0,0,0,0,0,0,0,232.80364999999995,234.3217333333333,257.1001999999999,253.27800000000002,242.7409999999999,242.4920000000002,257.1001999999999,,232.80364999999995,,,,0,0,0,0,0,0,0,0,0,98.80850822966235,100.87355435670419,,,,,0,75624415,45631883.64,44.02915152183423,39.955383655107845,,,,,44.02915152183423,
2026-06-22,240.08,242,232.24,232.79,257.0829999999999,,232.83764999999997,,,,0,0,0,0,0,0,0,0,0,232.83764999999997,234.2456666666666,257.0829999999999,251.49450000000002,241.41699999999992,241.34000000000015,257.0829999999999,,232.83764999999997,,,,0,0,0,0,0,0,0,0,0,93.10892372179714,100.16767884443992,,,,,0,68388526,45680370.74,36.53669621607373,39.06888810958623,,,,,,
2026-06-23,232.55,236.87,232,234.11,256.9975999999999,,232.82979999999992,,,,0,0,0,0,0,0,0,0,0,232.82979999999992,234.22253333333327,256.9975999999999,249.88400000000007,240.3059999999999,238.95800000000017,256.9975999999999,,232.82979999999992,,,,0,0,0,0,0,0,0,0,0,93.9851032681278,99.60562651932064,,,,,0,60492560,45751965.1,37.83310991709526,38.58698821448532,,,,,,
2026-06-24,233.845,242.4199,232.95,234.27,256.8851999999999,,232.83949999999993,,,,0,0,0,0,0,0,0,0,0,232.83949999999993,234.21973333333327,256.8851999999999,248.33300000000008,239.3139999999999,236.61200000000017,256.8851999999999,,232.83949999999993,,,,0,0,0,0,0,0,0,0,0,95.41983178217218,99.22509972503441,,,,,0,70282581,46314293.72,37.99844091248135,38.487671260889066,,,,,,
2026-06-25,232.02,232.32,225.55,227.01,256.4449999999999,,232.79534999999993,,,,0,0,0,0,0,0,0,0,0,232.79534999999993,234.1806666666666,256.4449999999999,246.09100000000007,238.21499999999992,234.51400000000018,256.4449999999999,,232.79534999999993,,,,0,0,0,0,0,0,0,0,0,92.55375967796515,98.61861426620993,,,,,0,77858478,46417762.76,33.62824717290219,37.78267185024239,,,33.62824717290219,,,
2026-06-26,227.205,233.9,226.125,232.69,256.1287999999999,,232.7675999999999,,,,0,0,0,0,0,0,0,0,0,232.7675999999999,234.2482666666666,256.1287999999999,244.02550000000005,237.3329999999999,232.17400000000015,256.1287999999999,,232.7675999999999,,,,0,0,0,0,0,0,0,0,0,94.87895311981819,98.2786450710834,,,,,0,248372085,50524301.26,39.49161171449953,37.90242591507196,,,,,,
2026-06-29,234.215,249.71,233.8,240.14,255.93759999999992,,232.8166499999999,,,,0,0,0,0,0,0,0,0,0,232.8166499999999,234.3645999999999,255.93759999999992,242.50050000000005,237.4919999999999,233.64400000000018,255.93759999999992,,232.8166499999999,,,,0,0,0,0,0,0,0,0,0,97.96261369616387,98.24991494609071,,,,,0,77619228,51238771.6,46.20440048172778,38.54076092622906,,,,,,
2026-06-30,237.35,241.54,237.171,238.34,255.69319999999988,,232.85859999999994,,,,0,0,0,0,0,0,0,0,0,232.85859999999994,234.50593333333327,255.69319999999988,241.35450000000006,236.72399999999993,234.49000000000018,255.69319999999988,,232.85859999999994,,,,0,0,0,0,0,0,0,0,0,96.09928458435871,98.05440309502417,,,,,0,66228262,51522751.02,44.908078791078985,39.13823998889978,,,,,,
2026-07-01,239.75,244.9,234.9,241.7,255.5615999999999,,232.9263499999999,,,,0,0,0,0,0,0,0,0,0,232.9263499999999,234.64599999999996,255.5615999999999,240.61350000000002,236.29399999999993,235.97600000000017,255.5615999999999,,232.9263499999999,,,,0,0,0,0,0,0,0,0,0,96.68825073072902,97.93020742554279,,,,,0,53829851,51810085.92,47.84938563265647,40.23746779599403,,,,,,
2026-07-02,241.605,246.72,241.08,242.67,255.41679999999988,,232.9825499999999,,,,0,0,0,0,0,0,0,0,0,232.9825499999999,234.7552666666666,255.41679999999988,240.24600000000004,236.81099999999986,239.10800000000017,255.41679999999988,,232.9825499999999,,,,0,0,0,0,0,0,0,0,0,97.28553044607743,97.87160042740958,,,,,0,48298137,51917600.7,48.70087554758813,41.08937026200651,,,,,,
2026-07-06,243.795,246.04,240.88,244.16,255.1927999999999,,233.0330999999999,,,,0,0,0,0,0,0,0,0,0,233.0330999999999,234.8518666666666,255.1927999999999,239.76450000000006,236.78799999999987,241.40200000000013,255.1927999999999,,233.0330999999999,,,,0,0,0,0,0,0,0,0,0,97.88273528578532,97.87261268726192,,,,,1,40044034,51997180.04,50.050008396080145,42.181658599495755,,,,,,
2026-07-07,246.975,248.93,242.7,245.98,255.01079999999988,,233.1048999999999,,,,0,0,0,0,0,0,0,0,0,233.1048999999999,234.96399999999994,255.01079999999988,239.76200000000003,238.10699999999989,242.57000000000016,255.01079999999988,,233.1048999999999,,,,0,0,0,0,0,0,0,0,0,97.90339678113095,97.87541124125002,,,,,0,40579603,52026944.22,51.720251048049036,42.78889288525518,,,,,,
2026-07-08,244.27,244.8,240.52,243.62,254.60339999999985,,233.1668499999999,,,,0,0,0,0,0,0,0,0,0,233.1668499999999,235.03333333333325,254.60339999999985,239.68200000000007,239.0579999999999,243.62600000000015,254.60339999999985,,233.1668499999999,,,,0,0,0,0,0,0,0,0,0,97.39800235878914,97.83201043375358,,,,,0,29653043,51544458.02,49.412919709215814,43.23247170065631,,,,,,
2026-07-09,239.82,247.5,238.25,247.04,254.32179999999988,,233.2446499999999,,,,0,0,0,0,0,0,0,0,0,233.2446499999999,235.1210666666666,254.32179999999988,239.82450000000009,240.3349999999999,244.69400000000013,254.32179999999988,,233.2446499999999,,,,0,0,0,0,0,0,0,0,0,99.04433019587825,97.94222132121946,,,,,1,38091688,51408154.98,52.705658712663,44.36205969813899,,,,,,
2026-07-10,249.55,251.03,244.41,245.34,254.03459999999987,,233.3331999999999,,,,0,0,0,0,0,0,0,0,0,233.3331999999999,235.1938666666666,254.03459999999987,240.19150000000008,242.1679999999999,245.22800000000015,254.03459999999987,,233.3331999999999,,,,0,0,0,0,0,0,0,0,0,97.56828268581215,97.9082268998188,,,,,0,31653998,51197146,50.93102941628406,44.85505097631398,,,,,,
2026-07-13,244.68,249.65,244.18,247.31,253.71999999999989,,233.46619999999993,,,,0,0,0,0,0,0,0,0,0,233.46619999999993,235.2933999999999,253.71999999999989,240.4815000000001,243.62999999999988,245.85800000000017,253.71999999999989,,233.46619999999993,,,,0,0,0,0,0,0,0,0,0,97.93951202512348,97.91107100211923,,,,,1,34636091,50442509.62,52.90974525140888,46.02455447883792,,,,,,
2026-07-14,245.55,248.56,243.8,247.49,253.3685999999999,,233.6025999999999,,,,0,0,0,0,0,0,0,0,0,233.6025999999999,235.41593333333327,253.3685999999999,240.92850000000013,244.36499999999987,246.16000000000017,253.3685999999999,,233.6025999999999,,,,0,0,0,0,0,0,0,0,0,98.79393347473301,97.9913312269023,,,,,0,30108054,49025173.36,53.09585907462504,47.11475084723291,,,,,,
2026-07-15,249.75,256.48,249.75,254.96,253.10259999999988,,233.7866499999999,,,,0,0,0,0,0,0,0,0,0,233.7866499999999,235.5854666666666,253.10259999999988,241.3755000000001,246.02699999999987,248.42800000000017,253.10259999999988,,233.7866499999999,,,,0,0,0,0,0,0,0,0,0,101.39469403824968,98.3007278461157,,,,,0,45240622,48913481.18,60.137100777942734,48.69608369476587,,,,,60.137100777942734,
2026-07-16,255.12,258.0825,248,249.89,252.6593999999999,,233.93719999999993,,,,0,0,0,0,0,0,0,0,0,233.93719999999993,235.73879999999994,252.6593999999999,241.5700000000001,246.84599999999986,248.99800000000013,252.6593999999999,,233.93719999999993,,,,0,0,0,0,0,0,0,0,0,99.00031694046802,98.36432685469319,,,,,0,45343709,48838680.68,54.19093822511497,50.16484734135249,,,,,,
2026-07-17,244.46,250.24,243.59,247.23,252.13299999999984,,234.06249999999991,,,,0,0,0,0,0,0,0,0,0,234.06249999999991,235.86753333333326,252.13299999999984,242.05650000000009,247.30199999999985,249.37600000000015,252.13299999999984,,234.06249999999991,,,,0,0,0,0,0,0,0,0,0,98.44871823801363,98.37199879863141,,,,,0,43572361,48871957.32,51.3236572858945,51.00999345359499,,,,,,
2026-07-20,248.76,252.89,248,249.99,251.63299999999984,,234.21459999999996,,,,0,0,0,0,0,0,0,0,0,234.21459999999996,235.98893333333322,251.63299999999984,242.33650000000011,247.88499999999985,249.91200000000018,251.63299999999984,,234.21459999999996,,,,0,0,0,0,0,0,0,0,0,100.56331115935365,98.57120901324252,,,,,0,32406481,48629047.84,54.04089284526628,51.56974290813345,,,,,,
2026-07-21,249.105,249.34,246.42,247.55,251.16059999999987,,234.34919999999994,,,,0,0,0,0,0,0,0,0,0,234.34919999999994,236.10406666666657,251.16059999999987,243.07450000000009,248.04199999999986,249.92400000000015,251.16059999999987,,234.34919999999994,,,,0,0,0,0,0,0,0,0,0,99.77456175234575,98.68060471679736,,,,,0,27732064,48465831.52,51.3137461579186,52.027290577193426,,,,,,
2026-07-22,248.265,248.45,242.45,244.85,250.60399999999987,,234.4613999999999,,,,0,0,0,0,0,0,0,0,0,234.4613999999999,236.2284666666666,250.60399999999987,243.61150000000006,248.16499999999988,247.90200000000013,250.60399999999987,,234.4613999999999,,,,0,0,0,0,0,0,0,0,0,97.82000745751878,98.6023686023175,,,,,0,34112732,48453432.54,48.402920651685534,52.06682879283836,,,,,,
2026-07-23,236.26,238.3499,232.0516,233.66,249.89739999999986,,234.53214999999992,,,,0,0,0,0,0,0,0,0,0,234.53214999999992,236.30259999999996,249.89739999999986,243.58100000000007,246.8269999999999,244.65600000000012,249.89739999999986,,234.53214999999992,,,,0,0,0,0,0,0,0,0,0,93.4769621387499,98.13642256017499,,,,,0,47465337,48639205.36,38.62400391151426,51.34705224740451,,,,,,
2026-07-24,234.38,234.95,231.34,232.11,249.22319999999988,,234.58819999999992,,,,0,0,0,0,0,0,0,0,0,234.58819999999992,236.36626666666663,249.22319999999988,243.83600000000007,245.5039999999999,241.63200000000015,249.22319999999988,,234.58819999999992,,,,0,0,0,0,0,0,0,0,0,93.99322381653012,97.75976812893455,,,,,0,35017357,48604028.08,37.49403206772276,50.45019679537899,,,,,,
2026-07-27,235.665,235.89,230.99,231.39,248.44839999999988,,234.63624999999993,,,,0,0,0,0,0,0,0,0,0,234.63624999999993,236.43373333333332,248.44839999999988,243.77100000000004,243.9119999999999,237.91200000000018,248.44839999999988,,234.63624999999993,,,,0,0,0,0,0,0,0,0,0,93.65513668412488,97.38661981577003,,,,,0,34999495,48510599.68,36.95321788298498,49.39540871216013,,,,,,
2026-07-28,232.85,233.11,228.1,230.86,247.72119999999993,,234.66444999999996,,,,0,0,0,0,0,0,0,0,0,234.66444999999996,236.46106666666665,247.72119999999993,243.30700000000007,242.24899999999988,234.57400000000015,247.72119999999993,,234.66444999999996,,,,0,0,0,0,0,0,0,0,0,93.42549351290539,97.02651742460051,,,,,0,44521597,48774262.92,36.5354562813336,48.47558989588283,,,,,,
2026-07-29,229.315,232.82,226.16,226.65,246.97139999999993,,234.65899999999993,,,,0,0,0,0,0,0,0,0,0,234.65899999999993,236.4564,246.97139999999993,242.72250000000003,239.41799999999984,230.93400000000014,246.97139999999993,,234.65899999999993,,,,0,0,0,0,0,0,0,0,0,91.52916091202056,96.5267577416387,,,,,0,44957524,48858006.52,33.313717904995926,47.09045126676375,,,33.313717904995926,,,
2026-07-30,233.35,239.8236,231.06,235.5,246.3841999999999,,234.75464999999997,,,,0,0,0,0,0,0,0,0,0,234.75464999999997,236.50353333333334,246.3841999999999,242.41250000000005,237.97899999999987,231.3020000000002,246.3841999999999,,234.75464999999997,,,,0,0,0,0,0,0,0,0,0,96.56718355965913,96.5304328160042,,,,,1,101839774,50220986.26,44.41086854678043,46.62472549037063,,,,,,
2026-07-31,265,273.23,262.01,271.58,246.6289999999999,,235.01219999999995,,,,0,0,0,0,0,0,0,0,0,235.01219999999995,236.76646666666662,246.6289999999999,243.85800000000003,240.41400000000004,239.1960000000002,246.6289999999999,,235.01219999999995,,,,0,0,0,0,0,0,0,0,0,109.54295924911564,97.71338976446887,,,,,0,129054771,51995267.74,67.87879588860152,47.69394339302725,,,,,,
2026-08-03,278.29,287.2,278,284.02,247.0091999999999,,235.35034999999996,,,,0,0,0,0,0,0,0,0,0,235.35034999999996,237.1107333333333,247.0091999999999,245.85100000000003,243.817,249.72200000000015,247.0091999999999,,235.35034999999996,,,,0,0,0,0,0,0,0,0,0,113.76393243005079,99.1725300067945,,,,,0,90830221,53113209.12,72.23164431786712,49.06078519611596,,,,,72.23164431786712,
2026-08-04,276.06,281.07,275.82,277.42,247.18839999999992,,235.65959999999995,,,,0,0,0,0,0,0,0,0,0,235.65959999999995,237.41006666666664,247.18839999999992,247.42300000000006,246.804,259.0340000000002,247.18839999999992,,235.65959999999995,,,,0,0,0,0,0,0,0,0,0,109.50069074403001,100.11145371017955,,,,,0,69748055,53776335.36,67.04089816979099,49.55391358124798,,,,,,
2026-08-05,281.59,282.79,270.73,272.65,247.31499999999994,,235.95049999999995,,,,0,0,0,0,0,0,0,0,0,235.95049999999995,237.68059999999997,247.31499999999994,248.87450000000004,249.584,268.2340000000002,247.31499999999994,,235.95049999999995,,,,0,0,0,0,0,0,0,0,0,105.72583021823765,100.62185157454846,,,,,0,45119804,54128020.92,63.48977912127727,50.21811650240243,,,,,,
2026-08-06,272.765,275.48,271.061,272.26,247.45439999999996,,236.24659999999992,,,,0,0,0,0,0,0,0,0,0,236.24659999999992,237.94546666666662,247.45439999999996,250.13550000000004,253.44400000000002,275.5860000000001,247.45439999999996,,236.24659999999992,,,,0,0,0,0,0,0,0,0,0,105.75188870402859,101.08821858631939,,,,,0,30672901,53980916.58,63.19503896787597,51.066072336829684,,,,,,
2026-08-07,272.87,278.31,272.75,274.48,247.50699999999995,,236.53659999999994,,,,0,0,0,0,0,0,0,0,0,236.53659999999994,238.23653333333326,247.50699999999995,251.59250000000006,257.681,276.16600000000017,247.50699999999995,,236.53659999999994,,,,0,0,0,0,0,0,0,0,0,106.80211051678609,101.6076633072709,,,,,0,33861436,53856908.02,64.21346203179931,51.79268442158202,,,,,,
2026-08-10,274.01,280.14,273.6001,278.09,247.5887999999999,,236.81689999999992,,,,0,0,0,0,0,0,0,0,0,236.81689999999992,238.5804666666666,247.5887999999999,253.13150000000005,262.351,274.9800000000002,247.5887999999999,,236.81689999999992,,,,0,0,0,0,0,0,0,0,0,107.5417266075765,102.14712360729868,,,,,0,35731907,53758938.46,65.86743969761984,52.8322339601321,,,,,,
2026-08-11,278.69,278.84,271.36,272.27,247.6213999999999,,237.08849999999995,,,,0,0,0,0,0,0,0,0,0,237.08849999999995,238.84186666666662,247.6213999999999,254.37050000000005,266.492,273.95000000000016,247.6213999999999,,237.08849999999995,,,,0,0,0,0,0,0,0,0,0,105.3525617461896,102.43852707447058,,,,,0,31895708,53301861.4,60.97461675657004,53.730212253338145,,,,,,
2026-08-12,273.18,273.46,267.1,267.28,247.74179999999993,,237.31944999999993,,,,0,0,0,0,0,0,0,0,0,237.31944999999993,239.01753333333332,247.74179999999993,254.98650000000004,270.555,272.87600000000015,247.74179999999993,,237.31944999999993,,,,0,0,0,0,0,0,0,0,0,103.75507880230842,102.55821359518312,,,,,0,29941093,52828595.66,57.060898418915706,55.0471332895811,,,,,,
2026-08-13,267.235,269.58,264.705,265.13,247.9139999999999,,237.52404999999996,,,,0,0,0,0,0,0,0,0,0,237.52404999999996,239.17466666666664,247.9139999999999,255.7485,273.518,271.45000000000016,247.9139999999999,,237.52404999999996,,,,0,0,0,0,0,0,0,0,0,102.65083564560884,102.56663378158545,,,,,0,32170151,52635779.04,55.41062415217187,56.32688986704175,,,,,,
2026-08-14,264.875,265.81,262.42,262.65,248.16659999999993,,237.70244999999994,,,,0,0,0,0,0,0,0,0,0,237.70244999999994,239.28373333333332,248.16659999999993,256.5195,272.625,269.0840000000002,248.16659999999993,,237.70244999999994,,,,0,0,0,0,0,0,0,0,0,101.03231315849872,102.42715008857756,,,,,0,27251660,52152928.42,53.48895106500028,57.508013665757126,,,,,,
2026-08-17,265.44,265.75,258.339,261.31,248.31699999999992,,237.86274999999995,,,,0,0,0,0,0,0,0,0,0,237.86274999999995,239.3766,248.31699999999992,257.0855,270.354,265.7280000000002,248.31699999999992,,237.86274999999995,,,,0,0,0,0,0,0,0,0,0,100.68766568710055,102.26901514298875,,,,,0,43896516,52318663.36,52.43088817742111,58.64340165833481,,,,,,
2026-08-18,260.63,262.18,257.73,259.45,248.58539999999994,,238.00849999999994,,,,0,0,0,0,0,0,0,0,0,238.00849999999994,239.4631333333333,248.58539999999994,257.6805,268.55699999999996,263.16400000000016,248.58539999999994,,238.00849999999994,,,,0,0,0,0,0,0,0,0,0,100.49631636165502,102.10786070832205,,,,,0,33171263,51869931.74,50.925072261227804,59.9013555409228,,,,,,
2026-08-19,260.845,266.4,258.58,265.84,248.99779999999996,,238.22339999999994,,,,0,0,0,0,0,0,0,0,0,238.22339999999994,239.61806666666666,248.99779999999996,258.72999999999996,267.876,262.8760000000002,248.99779999999996,,238.22339999999994,,,,0,0,0,0,0,0,0,0,0,103.68498237074479,102.25123540490594,,,,,1,35762439,51907190.02,55.63876131473428,60.70334788149093,,,,,,
2026-08-20,263.16,263.84,259.52,260.11,249.31619999999995,,238.30284999999995,,,,0,0,0,0,0,0,0,0,0,238.30284999999995,239.77446666666665,249.31619999999995,260.0524999999999,266.66099999999994,261.8720000000002,249.31619999999995,,238.30284999999995,,,,0,0,0,0,0,0,0,0,0,101.23664046870906,102.15899950161531,,,,,0,28374098,51586164.72,50.916020010484175,59.49172103305398,,,,,,
2026-08-21,260.74,261.09,257.035,258.63,249.72879999999995,,238.32599999999994,,,,0,0,0,0,0,0,0,0,0,238.32599999999994,239.91079999999997,249.72879999999995,261.3784999999999,265.07599999999996,261.06800000000015,249.72879999999995,,238.32599999999994,,,,0,0,0,0,0,0,0,0,0,101.54086552303578,102.10280550356262,,,,,0,35722956,51528819.1,49.74158734694616,57.8852883922739,,,,,,
2026-08-24,259.6,263.32,259.05,262.07,250.13999999999993,,238.38974999999994,,,,0,0,0,0,0,0,0,0,0,238.38974999999994,240.0638,250.13999999999993,262.91249999999997,263.47399999999993,261.22000000000014,250.13999999999993,,238.38974999999994,,,,0,0,0,0,0,0,0,0,0,102.44619428044257,102.13402266509716,,,,,1,28070483,51263520.78,52.484968226865654,56.84557911063638,,,,,,
2026-08-25,262.51,263.89,259.83,261.06,250.59019999999992,,238.44404999999995,,,,0,0,0,0,0,0,0,0,0,238.44404999999995,240.2642,250.59019999999992,264.42249999999996,262.35299999999995,261.5420000000002,250.59019999999992,,238.44404999999995,,,,0,0,0,0,0,0,0,0,0,102.33821081268964,102.15258522396921,,,,,0,25550214,50749502.24,51.59447997597746,55.995914885972105,,,,,,
2026-08-26,261.275,262.05,258.24,260.28,250.87539999999993,,238.53024999999997,,,,0,0,0,0,0,0,0,0,0,238.53024999999997,240.4573333333333,250.87539999999993,266.1039999999999,261.6529999999999,260.4300000000002,250.87539999999993,,238.53024999999997,,,,0,0,0,0,0,0,0,0,0,101.70789654669362,102.11215898058052,,,,,0,21528373,50345838.18,50.876571624397876,55.11602436143796,,,,,,
2026-08-27,259.23,259.66,255.02,256.26,251.0805999999999,,238.58949999999996,,,,0,0,0,0,0,0,0,0,0,238.58949999999996,240.60346666666663,251.0805999999999,267.14199999999994,260.7659999999999,259.6600000000002,251.0805999999999,,238.58949999999996,,,,0,0,0,0,0,0,0,0,0,100.15764034550597,101.93447546830102,,,,,0,35927807,50360646.2,47.22910274761603,53.90285584113915,,,,,,
2026-08-28,258.32,267.56,257.78,266.43,251.6591999999999,,238.67964999999992,,,,0,0,0,0,0,0,0,0,0,238.67964999999992,240.78526666666662,251.6591999999999,266.8845,261.1439999999999,261.22000000000014,251.6591999999999,,238.67964999999992,,,,0,0,0,0,0,0,0,0,0,103.38779380131135,102.0665953167565,,,,,1,49547427,50455979.4,55.85218541732563,53.18748053540384,,,,,,
2026-08-31,263.825,264.36,259.716,261.02,251.99179999999993,,238.73924999999997,,,,0,0,0,0,0,0,0,0,0,238.73924999999997,240.93593333333334,251.99179999999993,265.73449999999997,261.1149999999999,261.01000000000016,251.99179999999993,,238.73924999999997,,,,0,0,0,0,0,0,0,0,0,102.02975444375244,102.06324614648341,,,,,0,15134872,49246188.54,51.07132371116568,52.480102460732105,,,,,,