time,open,high,low,close,50MA,150MA,200MA,Pivot,Handle Low,Buy Zone Upper,C&H Detected,Qualified Setup,Breakout Wait,Retest Seen,BUY Hold,BUY Retest,Pattern Failed,Breakout Failed,Stop,MA,MA,MA,MA,MA,MA,50MA,150MA,200MA,Pivot,Handle Low,Buy Zone Upper,C&H Detected,Qualified Setup,Breakout Wait,Retest Seen,BUY Hold,BUY Retest,Pattern Failed,Breakout Failed,Stop,Relative Strength Line,Relative Strength Line MA,PlotCandle (開盤價),PlotCandle (最高價,PlotCandle (最低價),PlotCandle (關閉),Shapes,Volume,Volume MA,RSI,RSI-based MA,Upper Bollinger Band,Lower Bollinger Band,Regular Bullish,Regular Bullish Label,Regular Bearish,Regular Bearish Label
2025-06-23,166.27,167.34,162,165.19,164.45059999999978,,171.84460000000013,,,,0,0,0,0,0,0,0,0,0,171.84460000000013,174.33673333333334,164.45059999999978,172.13799999999998,174.02800000000008,171.57400000000007,164.45059999999978,,171.84460000000013,,,,0,0,0,0,0,0,0,0,0,83.0399557629632,86.18273788678096,,,,,0,57670985,39786543.48,42.67563388220106,57.07128040964615,,,42.67563388220106,,,
2025-06-24,166.92,168.22,166.13,166.77,164.7295999999998,,171.89620000000014,,,,0,0,0,0,0,0,0,0,0,171.89620000000014,174.25599999999997,164.7295999999998,172.05299999999994,173.09600000000006,169.57400000000007,164.7295999999998,,171.89620000000014,,,,0,0,0,0,0,0,0,0,0,83.03679902276454,85.89674344459765,,,,,0,40524312,39636590.28,45.37657085503149,56.6321936440152,,,,,,
2025-06-25,167.63,172.36,167.55,170.68,165.0003999999998,,171.96340000000012,,,,0,0,0,0,0,0,0,0,0,171.96340000000012,174.22333333333333,165.0003999999998,171.94199999999995,172.30400000000006,168.52000000000007,165.0003999999998,,171.96340000000012,,,,0,0,0,0,0,0,0,0,0,84.04859336297785,85.72872980081402,,,,,0,35478989,39673445.28,51.47034989576324,56.44433833313992,,,,,,
2025-06-26,172.43,173.69,169.94,173.54,165.28979999999981,,172.07650000000012,,,,0,0,0,0,0,0,0,0,0,172.07650000000012,174.23033333333333,165.28979999999981,172.00099999999995,171.92300000000006,168.56400000000008,165.28979999999981,,172.07650000000012,,,,0,0,0,0,0,0,0,0,0,85.45751499880994,85.70407390972274,,,,,0,31796690,39702719.94,55.39055277096989,56.52051920271432,,,,,,
2025-06-27,173.54,178.68,171.73,178.53,165.7341999999998,,172.22560000000013,,,,0,0,0,0,0,0,0,0,0,172.22560000000013,174.25186666666667,165.7341999999998,172.33449999999996,172.20600000000005,170.94200000000006,165.7341999999998,,172.22560000000013,,,,0,0,0,0,0,0,0,0,0,87.2152952038834,85.84145766373734,,,,,1,108140200,41314493.26,61.269195848985746,56.52025315964693,,,,,,
2025-06-30,180.78,181.23,174.58,176.23,166.1921999999998,,172.3634500000001,,,,0,0,0,0,0,0,0,0,0,172.3634500000001,174.23926666666665,166.1921999999998,172.55899999999997,172.36200000000005,173.15000000000006,166.1921999999998,,172.3634500000001,,,,0,0,0,0,0,0,0,0,0,85.64444329248931,85.82354726635116,,,,,0,63378856,42018321.96,57.50747532576315,56.065058410905046,,,,,,
2025-07-01,175.735,176.09,173.53,175.84,166.68579999999977,,172.48685000000012,,,,0,0,0,0,0,0,0,0,0,172.48685000000012,174.23833333333332,166.68579999999977,172.8995,172.26900000000006,174.96400000000008,166.68579999999977,,172.48685000000012,,,,0,0,0,0,0,0,0,0,0,85.01613230748406,85.75014590645415,,,,,0,35904526,42075480.96,56.869875662038254,55.383179881409816,,,,,,
2025-07-02,175.54,178.86,175.07,178.64,167.3051999999998,,172.60660000000016,,,,0,0,0,0,0,0,0,0,0,172.60660000000016,174.31173333333334,167.3051999999998,173.52249999999998,172.53800000000007,176.55600000000004,167.3051999999998,,172.60660000000016,,,,0,0,0,0,0,0,0,0,0,86.4663231160919,85.81525292551213,,,,,1,29128947,42137077.6,60.27523699330552,55.116693916568316,,,,,,
2025-07-03,178.5,179.67,177.05,179.53,167.86639999999977,,172.71695000000014,,,,0,0,0,0,0,0,0,0,0,172.71695000000014,174.4102,167.86639999999977,174.09649999999996,173.15900000000005,177.75400000000008,167.86639999999977,,172.71695000000014,,,,0,0,0,0,0,0,0,0,0,86.48699860776792,85.8763207148081,,,,,0,21689729,42031436.7,61.32062753907111,55.14915039831154,,,,,61.32062753907111,
2025-07-07,179.06,179.297,175.68,176.79,168.2951999999998,,172.81060000000014,,,,0,0,0,0,0,0,0,0,0,172.81060000000014,174.4711333333333,168.2951999999998,174.52549999999997,174.17400000000006,177.40600000000006,168.2951999999998,,172.81060000000014,,,,0,0,0,0,0,0,0,0,0,84.46242929215717,85.74778513093075,,,,,0,34175648,42092373,56.399780072706925,54.968913790178995,,,,,,
2025-07-08,177.85,177.95,172.81,174.36,168.59679999999977,,172.88580000000013,,,,0,0,0,0,0,0,0,0,0,172.88580000000013,174.50606666666664,168.59679999999977,174.55949999999999,175.09100000000007,177.03200000000007,168.59679999999977,,172.88580000000013,,,,0,0,0,0,0,0,0,0,0,83.96161149536357,85.58540570951556,,,,,0,40442535,41983344.68,52.38483775766831,54.30970055507262,,,52.38483775766831,,,
2025-07-09,175.25,179.44,172.77,176.62,168.8899999999998,,172.96985000000012,,,,0,0,0,0,0,0,0,0,0,172.96985000000012,174.5553333333333,168.8899999999998,174.58599999999996,176.07600000000008,177.18800000000007,168.8899999999998,,172.96985000000012,,,,0,0,0,0,0,0,0,0,0,85.11109933162102,85.54228694788878,,,,,0,43025594,41723176.66,55.553843045879056,53.99482275897089,,,,,,
2025-07-10,175.63,178.429,174.38,177.62,169.2301999999998,,173.04725000000013,,,,0,0,0,0,0,0,0,0,0,173.04725000000013,174.6131333333333,169.2301999999998,174.53699999999998,176.77000000000004,176.9840000000001,169.2301999999998,,173.04725000000013,,,,0,0,0,0,0,0,0,0,0,85.07723625913063,85.50000961254713,,,,,0,29252386,41713308.74,56.92008853710895,54.14050154970835,,,,,,
2025-07-11,176.785,181.43,176.48,180.19,169.6307999999998,,173.13025000000013,,,,0,0,0,0,0,0,0,0,0,173.13025000000013,174.6711333333333,169.6307999999998,174.67899999999997,177.43500000000006,177.11600000000007,169.6307999999998,,173.13025000000013,,,,0,0,0,0,0,0,0,0,0,86.07158381458711,85.55197090364167,,,,,1,34282922,41862788.02,60.29783123647473,55.26513567306913,,,,,,
2025-07-14,181.01,183.67,179.68,181.56,170.0859999999998,,173.22880000000015,,,,0,0,0,0,0,0,0,0,0,173.22880000000015,174.73926666666665,170.0859999999998,174.97199999999995,177.73800000000006,178.07000000000008,170.0859999999998,,173.22880000000015,,,,0,0,0,0,0,0,0,0,0,87.01319863125306,85.68480978796998,,,,,0,32536632,41813899.48,62.00791361995403,56.64601279719434,,,,,,
2025-07-15,182.81,184.22,181.6,182,170.49999999999977,,173.32735000000014,,,,0,0,0,0,0,0,0,0,0,173.32735000000014,174.7901333333333,170.49999999999977,175.33849999999998,178.31500000000005,179.59800000000007,170.49999999999977,,173.32735000000014,,,,0,0,0,0,0,0,0,0,0,87.1014827990524,85.81359824352293,,,,,0,33448251,41878799.54,62.565600548056956,57.87380063241045,,,,,,
2025-07-16,183.235,184.327,182.03,182.97,170.87879999999979,,173.43475000000018,,,,0,0,0,0,0,0,0,0,0,173.43475000000018,174.85899999999995,170.87879999999979,175.64849999999996,179.02800000000008,180.86800000000008,170.87879999999979,,173.43475000000018,,,,0,0,0,0,0,0,0,0,0,87.91323190956746,86.00447403134517,,,,,0,33104193,42026583.3,63.826250716913854,58.75636497677835,,,,,,
2025-07-17,182.14,184.06,180.48,183.58,171.2661999999998,,173.53900000000016,,,,0,0,0,0,0,0,0,0,0,173.53900000000016,174.91813333333332,171.2661999999998,176.02999999999997,179.52200000000008,182.0600000000001,171.2661999999998,,173.53900000000016,,,,0,0,0,0,0,0,0,0,0,87.92552656492718,86.17911517076172,,,,,0,31992565,42239598.32,64.63286585772642,59.41653019726096,,,,,,
2025-07-18,185.4,186.42,183.71,185.06,171.7027999999998,,173.64455000000015,,,,0,0,0,0,0,0,0,0,0,173.64455000000015,174.9827333333333,171.7027999999998,176.61699999999996,180.07500000000007,183.03400000000005,171.7027999999998,,173.64455000000015,,,,0,0,0,0,0,0,0,0,0,88.16089307407083,86.35927679833527,,,,,0,34014509,42494344.3,66.57999992745707,59.795873345723194,,,,,,
2025-07-21,186.25,190.285,186.15,190.1,172.47719999999978,,173.76580000000016,,,,0,0,0,0,0,0,0,0,0,173.76580000000016,175.01559999999998,172.47719999999978,177.78999999999996,181.4060000000001,184.74200000000005,172.47719999999978,,173.76580000000016,,,,0,0,0,0,0,0,0,0,0,90.57010090871843,86.74207899018829,,,,,0,45803129,40855455.8,72.19416773168129,60.84492280328878,,,,,,
2025-07-22,191.495,191.645,187.46,191.34,173.21839999999983,,173.88755000000015,,,,0,0,0,0,0,0,0,0,0,173.88755000000015,174.98853333333332,173.21839999999983,179.09749999999997,183.1040000000001,186.61000000000007,173.21839999999983,,173.88755000000015,,,,0,0,0,0,0,0,0,0,0,91.03351153500306,87.13220922153509,,,,,0,44660215,40598686.26,73.37905816074456,62.024150124624946,,,,,,
2025-07-23,191.5,192.53,189.18,190.23,173.96799999999982,,174.00940000000014,,,,0,0,0,0,0,0,0,0,0,174.00940000000014,174.97699999999998,173.96799999999982,180.27049999999994,184.4650000000001,188.06200000000004,173.96799999999982,,174.00940000000014,,,,0,0,0,0,0,0,0,0,0,90.44745888427688,87.43359555451161,,,,,0,58681948,41123619.6,70.48360605872477,62.75331934358346,,,,,,
2025-07-24,197.03,197.95,191,192.17,174.6421999999998,,174.14095000000015,,,,0,0,0,0,0,0,0,0,0,174.14095000000015,174.99266666666665,174.6421999999998,181.34499999999997,185.92000000000007,189.78000000000003,174.6421999999998,,174.14095000000015,,,,0,0,0,0,0,0,0,0,0,90.66190693358914,87.72707840715502,,,,,0,74881687,41738476.98,72.52420629799374,63.55357496922079,,,,,,
2025-07-25,191.98,194.33,191.26,193.18,175.31519999999983,,174.27155000000016,,,,0,0,0,0,0,0,0,0,0,174.27155000000016,174.96946666666665,175.31519999999983,182.32699999999994,187.21900000000008,191.40400000000005,175.31519999999983,,174.27155000000016,,,,0,0,0,0,0,0,0,0,0,91.07452666515803,88.03139188515529,,,,,0,39785863,41686551.72,73.54946490685873,64.77855245737449,,,,,,
2025-07-28,193.65,194.05,190.84,192.58,175.8593999999998,,174.41955000000016,,,,0,0,0,0,0,0,0,0,0,174.41955000000016,174.9505333333333,175.8593999999998,183.02949999999996,188.32100000000008,191.90000000000003,175.8593999999998,,174.41955000000016,,,,0,0,0,0,0,0,0,0,0,90.43225094503535,88.24965179968984,,,,,0,38139504,41474224.42,71.83459420534442,66.16782077506564,,,,,,
2025-07-29,192.43,195.92,192.08,195.75,176.49519999999978,,174.57640000000015,,,,0,0,0,0,0,0,0,0,0,174.57640000000015,174.99953333333332,176.49519999999978,184.00549999999996,189.69600000000008,192.78200000000007,176.49519999999978,,174.57640000000015,,,,0,0,0,0,0,0,0,0,0,91.90486027644229,88.58194347939461,,,,,0,41389153,41639074.1,75.13342828600251,67.5663625779316,,,,,,
2025-07-30,195.6,197.5999,194.685,196.53,177.10199999999978,,174.74975000000018,,,,0,0,0,0,0,0,0,0,0,174.74975000000018,175.05299999999997,177.10199999999978,185.03999999999996,191.05200000000008,194.04200000000006,177.10199999999978,,174.74975000000018,,,,0,0,0,0,0,0,0,0,0,92.54466030542139,88.94219046357887,,,,,0,32445405,41431043.7,75.88195379727036,68.92078152508599,,,,,75.88195379727036,
2025-07-31,195.71,195.99,191.09,191.9,177.6091999999998,,174.89885000000015,,,,0,0,0,0,0,0,0,0,0,174.89885000000015,175.05626666666666,177.6091999999998,185.70299999999997,191.88400000000007,193.98800000000006,177.6091999999998,,174.89885000000015,,,,0,0,0,0,0,0,0,0,0,90.47775460521869,89.08178720372794,,,,,0,51329163,41849105.02,63.63666161235353,69.15926940907733,,,,,,
2025-08-01,189.025,190.83,187.82,189.13,178.11219999999983,,175.02830000000012,,,,0,0,0,0,0,0,0,0,0,175.02830000000012,175.0196,178.11219999999983,186.18299999999996,192.2910000000001,193.17800000000005,178.11219999999983,,175.02830000000012,,,,0,0,0,0,0,0,0,0,0,89.50244345661562,89.12002868126318,,,,,0,34832181,41613595.52,57.64339421618904,68.84751802309412,,,57.64339421618904,,,
2025-08-04,190.29,195.27,190.12,195.04,178.64179999999982,,175.17870000000013,,,,0,0,0,0,0,0,0,0,0,175.17870000000013,175.01246666666665,178.64179999999982,187.09549999999996,192.78500000000008,193.67000000000007,178.64179999999982,,175.17870000000013,,,,0,0,0,0,0,0,0,0,0,93.79929464571978,89.54541649621378,,,,,0,31547350,40776223.4,65.17859675046034,69.03416060898007,,,,,,
2025-08-05,194.71,197.8599,193.885,194.67,179.11779999999982,,175.32475000000014,,,,0,0,0,0,0,0,0,0,0,175.32475000000014,175.00626666666665,179.11779999999982,188.11099999999996,193.11800000000008,193.4540000000001,179.11779999999982,,175.32475000000014,,,,0,0,0,0,0,0,0,0,0,92.26168377849359,89.79234988551194,,,,,0,31602340,39910981.84,64.40609464556724,69.07557803245531,,,,,,
2025-08-06,194.5,196.63,193.67,196.09,179.6701999999998,,175.47940000000014,197.95,187.82,,1,1,0,0,0,0,0,0,0,175.47940000000014,175.02846666666665,179.6701999999998,189.0845,193.70400000000006,193.36600000000007,179.6701999999998,,175.47940000000014,197.95,187.82,,1,1,0,0,0,0,0,0,0,93.38804927609856,90.11923164829254,,,,,0,21562908,39638011.22,66.06825224231869,69.17810563135477,,,,,,
2025-08-07,197.06,197.54,194.33,196.52,180.1425999999998,,175.6473500000001,197.95,187.82,,0,0,0,0,0,0,0,0,0,175.6473500000001,175.06366666666665,180.1425999999998,190.02949999999996,194.13900000000007,194.29000000000008,180.1425999999998,,175.6473500000001,197.95,187.82,,0,0,0,0,0,0,0,0,0,92.91652548049267,90.37353108758346,,,,,0,26321811,39404534.04,66.57723575852835,69.177908190717,,,,,,
2025-08-08,197.22,202.61,197.17,201.42,180.72379999999978,,175.83735000000013,197.95,187.82,,0,0,0,0,0,0,0,0,0,175.83735000000013,175.14446666666663,180.72379999999978,191.09099999999995,194.96300000000008,196.74800000000008,180.72379999999978,,175.83735000000013,197.95,187.82,,0,0,0,0,0,0,0,0,0,95.30929859510817,90.82223722463117,,,,,0,39161826,39492090.62,71.77325343168467,69.14784288357438,,,,,,
2025-08-11,200.935,201.475,199.07,201,181.30659999999978,,176.0220000000001,197.95,187.82,,0,0,0,0,0,0,0,0,0,176.0220000000001,175.22159999999997,181.30659999999978,192.06299999999996,195.8050000000001,197.94000000000008,181.30659999999978,,176.0220000000001,197.95,187.82,,0,0,0,0,0,0,0,0,0,94.3744678719888,91.14516728348185,,,,,0,25832435,39421263.26,70.75784504608626,68.96061337538451,,,,,,
2025-08-12,201.365,204.5,200.59,203.34,181.93859999999978,,176.21300000000014,197.95,187.82,,0,0,0,0,0,0,0,0,0,176.21300000000014,175.29859999999996,181.93859999999978,193.12999999999997,196.56400000000008,199.67400000000006,181.93859999999978,,176.21300000000014,197.95,187.82,,0,0,0,0,0,0,0,0,0,95.71253290991078,91.56038234042994,,,,,0,30424452,38976954.08,73.04584049915307,69.14363012112939,,,,,73.04584049915307,
2025-08-13,204.13,204.53,197.5101,201.96,182.5971999999998,,176.40890000000013,197.95,187.82,,0,0,0,0,0,0,0,0,0,176.40890000000013,175.3325333333333,182.5971999999998,194.0795,197.10700000000008,200.8480000000001,182.5971999999998,,176.40890000000013,197.95,187.82,,0,0,0,0,0,0,0,0,0,93.99681960982042,91.78187663764726,,,,,0,28342922,38771567.08,69.58782482973524,68.93388858768235,,,,,,
2025-08-14,201.5,204.44,201.225,202.94,183.33239999999975,,176.61000000000016,197.95,187.82,,0,0,0,0,0,0,0,0,0,176.61000000000016,175.38219999999995,183.33239999999975,195.04749999999999,198.21100000000007,202.1320000000001,183.33239999999975,,176.61000000000016,197.95,187.82,,0,0,0,0,0,0,0,0,0,94.14853887442995,91.99702775008205,,,,,0,25230427,38374477.56,70.65041336981363,68.72681347789342,,,,,,
2025-08-15,203.85,206.44,201.28,203.9,184.04939999999976,,176.80315000000013,197.95,187.82,,0,0,0,0,0,0,0,0,0,176.80315000000013,175.44853333333327,184.04939999999976,195.98949999999996,199.68800000000007,202.6280000000001,184.04939999999976,,176.80315000000013,197.95,187.82,,0,0,0,0,0,0,0,0,0,94.5655349824458,92.23052840756966,,,,,0,34931422,38535089.24,71.69376243769139,68.7167540659182,,,,,,
2025-08-18,204.2,205.265,202.49,203.5,184.75519999999977,,176.98705000000012,197.95,187.82,,0,0,0,0,0,0,0,0,0,176.98705000000012,175.5249333333333,184.75519999999977,196.65949999999998,200.53400000000008,203.1280000000001,184.75519999999977,,176.98705000000012,197.95,187.82,,0,0,0,0,0,0,0,0,0,94.65424455679953,92.45086623931783,,,,,0,18526594,38176729.84,70.56809659321695,68.39065894500494,,,,,,
2025-08-19,203.03,203.44,199.96,201.57,185.31299999999976,,177.14650000000012,197.95,187.82,,0,0,0,0,0,0,0,0,0,177.14650000000012,175.5953333333333,185.31299999999976,197.171,201.22400000000007,202.7740000000001,185.31299999999976,,177.14650000000012,197.95,187.82,,0,0,0,0,0,0,0,0,0,93.76569971903318,92.57039655565559,,,,,0,24240233,37946897.86,65.24507926004623,67.63088219234608,,,,,,
2025-08-20,200.73,201.28,196.595,199.32,185.7775999999998,,177.27080000000012,197.95,187.82,,0,0,0,0,0,0,0,0,0,177.27080000000012,175.6597333333333,185.7775999999998,197.62549999999996,201.54700000000008,202.2460000000001,185.7775999999998,,177.27080000000012,197.95,187.82,,0,0,0,0,0,0,0,0,0,93.26570337650669,92.63360626664206,,,,,0,28955498,37947289.7,59.60076479423579,67.3426038481948,,,59.60076479423579,,,
2025-08-21,199.745,202.48,199.43,199.75,186.20059999999978,,177.41400000000013,197.95,187.82,,0,0,0,0,0,0,0,0,0,177.41400000000013,175.68773333333328,186.20059999999978,198.00449999999995,201.87000000000006,201.60800000000012,186.20059999999978,,177.41400000000013,197.95,187.82,,0,0,0,0,0,0,0,0,0,93.69444587767892,92.73004623128178,,,,,0,19774633,37107459.94,60.307477276046036,67.53289549532745,,,,,,
2025-08-22,202.73,208.54,201.3,206.09,186.7753999999998,,177.58800000000014,197.95,187.82,,0,0,0,0,0,0,0,0,0,177.58800000000014,175.77559999999994,186.7753999999998,198.64999999999998,202.33700000000007,202.0460000000001,186.7753999999998,,177.58800000000014,197.95,187.82,,0,0,0,0,0,0,0,0,0,97.05691204958103,93.12339766930899,,,,,0,42827040,37331065.6,68.93593833651471,67.80127703718844,,,,,,
2025-08-25,206.43,210.52,205.28,208.49,187.43119999999976,,177.78425000000013,197.95,187.82,,0,0,0,0,0,0,0,0,0,177.78425000000013,175.85886666666664,187.43119999999976,199.44549999999998,203.08600000000007,203.0440000000001,187.43119999999976,,177.78425000000013,197.95,187.82,,0,0,0,0,0,0,0,0,0,96.71837598114715,93.4502138794761,,,,,0,29928878,37510805.7,71.46473130342267,68.3054653698924,,,,,,
2025-08-26,207.51,207.85,205.7,207.14,188.0805999999998,,177.9712500000001,197.95,187.82,,0,0,0,0,0,0,0,0,0,177.9712500000001,175.91946666666664,188.0805999999998,200.015,203.46600000000007,204.15800000000007,188.0805999999998,,177.9712500000001,197.95,187.82,,0,0,0,0,0,0,0,0,0,96.50412854793447,93.72784248569958,,,,,0,28464130,37526826.16,68.10620372639812,68.45103333304094,,,,,,
2025-08-27,205.7,208.91,205.65,207.48,188.6947999999998,,178.12610000000012,197.95,187.82,,0,0,0,0,0,0,0,0,0,178.12610000000012,175.98019999999997,188.6947999999998,200.56249999999997,204.0180000000001,205.7900000000001,188.6947999999998,,178.12610000000012,197.95,187.82,,0,0,0,0,0,0,0,0,0,96.2642767110788,93.95842741527952,,,,,0,23022850,37439499,68.50761771249321,68.58891775832413,,,,,,
2025-08-28,207.25,212.22,206.9,211.64,189.40859999999978,,178.28055000000012,197.95,187.82,,0,0,0,0,0,0,0,0,0,178.28055000000012,176.07126666666665,189.40859999999978,201.54949999999997,204.88800000000006,208.16800000000006,189.40859999999978,,178.28055000000012,197.95,187.82,,0,0,0,0,0,0,0,0,0,97.96016607497441,94.32222183888814,,,,,0,32339307,37586824.28,72.98735452867724,68.67563926525217,,,,,,
2025-08-29,210.51,214.645,210.2,212.91,190.2003999999998,,178.4533500000001,197.95,187.82,,0,0,0,0,0,0,0,0,0,178.4533500000001,176.15593333333328,190.2003999999998,202.7385,205.78900000000007,209.5320000000001,190.2003999999998,,178.4533500000001,197.95,187.82,,0,0,0,0,0,0,0,0,0,98.23819374485724,94.67821928488533,,,,,0,39728364,37807241.08,74.19422049718166,68.92109465461613,,,,,,
2025-09-02,208.44,211.675,206.195,211.35,191.0945999999998,,178.6083500000001,197.95,187.82,,0,0,0,0,0,0,0,0,0,178.6083500000001,176.28619999999992,191.0945999999998,203.55399999999997,206.57400000000007,210.1040000000001,191.0945999999998,,178.6083500000001,197.95,187.82,,0,0,0,0,0,0,0,0,0,98.14635656514841,94.99350449218197,,,,,0,47523037,37244503.48,70.0539374400414,68.707387293251,,,,,,
2025-09-03,226.21,231.31,224.79,230.66,192.4039999999998,,178.8535500000001,197.95,187.82,,0,0,0,0,0,0,0,0,0,178.8535500000001,176.5219333333333,192.4039999999998,205.3535,209.4830000000001,214.80800000000008,192.4039999999998,,178.8535500000001,197.95,187.82,,0,0,0,0,0,0,0,0,0,107.86014561540513,96.16319913974772,,,,,0,103336125,38157806.28,82.82790144637819,69.65310705158264,,,,,,
2025-09-04,229.65,232.37,226.11,232.3,193.71459999999976,,179.12065000000013,197.95,187.82,,0,0,0,0,0,0,0,0,0,179.12065000000013,176.7678666666666,193.71459999999976,207.164,212.7810000000001,219.7720000000001,193.71459999999976,,179.12065000000013,197.95,187.82,,0,0,0,0,0,0,0,0,0,108.07549931997265,97.24613551976816,,,,,0,51684167,38381003.38,83.47271439540816,70.56898569626796,,,,,,
2025-09-05,232.2,235.76,231.9,235,195.0009999999998,,179.41775000000013,197.95,187.82,,0,0,0,0,0,0,1,0,0,179.41775000000013,176.99539999999993,195.0009999999998,209.08799999999997,216.3060000000001,224.44400000000013,195.0009999999998,,179.41775000000013,197.95,187.82,,0,0,0,0,0,0,1,0,0,108.42667511523219,98.2625482102649,,,,,0,46588925,38603202.1,84.50434655568407,71.48402741898173,,,,,,
2025-09-08,235.47,238.13,233.67,234.04,196.2109999999998,,179.7255000000001,,,,0,0,0,0,0,0,0,0,0,179.7255000000001,177.19553333333326,196.2109999999998,210.71899999999997,219.1010000000001,228.67000000000013,196.2109999999998,,179.7255000000001,,,,0,0,0,0,0,0,0,0,0,108.32660907720577,99.17746283453225,,,,,0,32474743,38616763.16,82.53175764735502,72.33857463713444,,,,,,
2025-09-09,234.165,240.47,233.229,239.63,197.43299999999977,,180.0471500000001,,,,0,0,0,0,0,0,0,0,0,180.0471500000001,177.45153333333326,197.43299999999977,212.65049999999997,222.2150000000001,234.3260000000001,197.43299999999977,,180.0471500000001,,,,0,0,0,0,0,0,0,0,0,110.68087622167891,100.22322768790922,,,,,0,38060959,37215178.34,84.76226300391016,73.73265919026758,,,,,,
2025-09-10,238.9,241.66,237.85,239.17,198.69179999999977,,180.35240000000013,,,,0,0,0,0,0,0,0,0,0,180.35240000000013,177.67013333333327,198.69179999999977,214.44199999999995,225.41800000000006,236.0280000000001,198.69179999999977,,180.35240000000013,,,,0,0,0,0,0,0,0,0,0,110.17225018502538,101.12768427855615,,,,,0,35141074,36650422.7,83.81384339343465,75.46216480449607,,,,,,
2025-09-11,239.88,242.25,236.25,240.37,199.98239999999979,,180.67435000000012,,,,0,0,0,0,0,0,0,0,0,180.67435000000012,177.9970666666666,199.98239999999979,216.3625,228.70700000000005,237.6420000000001,199.98239999999979,,180.67435000000012,,,,0,0,0,0,0,0,0,0,0,110.39600246783924,101.97025865940006,,,,,0,30599328,36544318.74,84.3071400576426,77.17642643175297,,,,,,
2025-09-12,240.37,242.075,238,240.8,201.2255999999998,,181.0402000000001,,,,0,0,0,0,0,0,0,0,0,181.0402000000001,178.3250666666666,201.2255999999998,218.25549999999998,231.6230000000001,238.80200000000013,201.2255999999998,,181.0402000000001,,,,0,0,0,0,0,0,0,0,0,109.66257203057923,102.6695598749618,,,,,0,26771610,36497172,84.48955507526654,78.28739905594954,,,,,,
2025-09-15,244.66,252.4099,244.66,251.61,202.66719999999978,,181.4744500000001,,,,0,0,0,0,0,0,0,0,0,181.4744500000001,178.7668666666666,202.66719999999978,220.641,235.49300000000008,242.31600000000012,202.66719999999978,,181.4744500000001,,,,0,0,0,0,0,0,0,0,0,114.6412363994241,103.75789410445837,,,,,0,58383796,37231053.34,88.20231721792041,79.48294090698508,,,,,88.20231721792041,
2025-09-16,252.08,253.04,249.47,251.16,204.15459999999976,,181.89200000000008,,,,0,0,0,0,0,0,0,0,0,181.89200000000008,179.19813333333326,204.15459999999976,223.02399999999997,239.47400000000007,244.62200000000016,204.15459999999976,,181.89200000000008,,,,0,0,0,0,0,0,0,0,0,113.89976856645741,104.67988269191284,,,,,0,34109720,37229734.78,87.26585828057134,80.85148766085459,,,,,,
2025-09-17,251.22,251.6,246.28,249.53,205.65799999999973,,182.29405000000008,,,,0,0,0,0,0,0,0,0,0,182.29405000000008,179.62619999999995,205.65799999999973,225.42199999999997,241.36100000000005,246.69400000000013,205.65799999999973,,182.29405000000008,,,,0,0,0,0,0,0,0,0,0,113.30650226964158,105.46412083534273,,,,,0,34107992,37103043.92,83.7953856636955,81.94347108594047,,,,,,
2025-09-18,251.68,253.99,249.8,252.03,207.16619999999978,,182.7080500000001,,,,0,0,0,0,0,0,0,0,0,182.7080500000001,180.0823333333333,207.16619999999978,228.05749999999998,243.33400000000006,249.02600000000015,207.16619999999978,,182.7080500000001,,,,0,0,0,0,0,0,0,0,0,114.55284257222334,106.29036826596824,,,,,0,31239474,36867321.52,84.79421262907076,82.78681809311142,,,,,,
2025-09-19,253.25,256,251.81,254.72,208.70819999999978,,183.13690000000008,,,,0,0,0,0,0,0,0,0,0,183.13690000000008,180.53953333333328,208.70819999999978,230.80599999999998,245.3060000000001,251.81000000000012,208.70819999999978,,183.13690000000008,,,,0,0,0,0,0,0,0,0,0,115.22402913170335,107.10251925376234,,,,,0,55571424,37393702.28,85.8078806998018,83.61636525044143,,,,,,
2025-09-22,254.43,255.78,250.3,252.53,210.15499999999975,,183.5421000000001,,,,0,0,0,0,0,0,0,0,0,183.5421000000001,180.98819999999995,210.15499999999975,233.128,247.15500000000006,251.99400000000014,210.15499999999975,,183.5421000000001,,,,0,0,0,0,0,0,0,0,0,113.67766195454335,107.70025949928788,,,,,0,32290538,37353854.6,81.06959364009406,84.40319783615949,,,,,,
2025-09-23,253.04,254.36,250.48,251.66,211.55699999999976,,183.9437000000001,,,,0,0,0,0,0,0,0,0,0,183.9437000000001,181.44079999999994,211.55699999999976,235.2865,248.3580000000001,252.09400000000014,211.55699999999976,,183.9437000000001,,,,0,0,0,0,0,0,0,0,0,112.78896401712646,108.16286900090957,,,,,0,26628016,37235682.28,79.19860333856268,84.14396225702981,,,,,,
2025-09-24,251.66,252.3501,246.44,247.14,212.85979999999975,,184.3075500000001,,,,0,0,0,0,0,0,0,0,0,184.3075500000001,181.8532666666666,212.85979999999975,237.2865,249.15500000000006,251.61600000000013,212.85979999999975,,184.3075500000001,,,,0,0,0,0,0,0,0,0,0,111.375664157502,108.45494128787251,,,,,0,28201003,37130737.32,70.14144215267105,83.19172852540574,,,,,,
2025-09-25,244.4,246.49,240.74,245.79,214.11619999999976,,184.67330000000013,,,,0,0,0,0,0,0,0,0,0,184.67330000000013,182.2614666666666,214.11619999999976,239.20199999999994,249.69700000000003,250.3680000000001,214.11619999999976,,184.67330000000013,,,,0,0,0,0,0,0,0,0,0,111.08349226722588,108.69390046781373,,,,,0,31020383,37089061.12,67.65292206778702,81.9880553476988,,,,,,
2025-09-26,247.065,249.42,245.97,246.54,215.3753999999998,,185.03245000000013,,,,0,0,0,0,0,0,0,0,0,185.03245000000013,182.70733333333328,215.3753999999998,240.94699999999997,250.27100000000004,248.73200000000014,215.3753999999998,,185.03245000000013,,,,0,0,0,0,0,0,0,0,0,111.98338160681816,108.99294420772323,,,,,0,18503194,36819273.7,68.32526618825143,80.97330595776283,,,,,,
2025-09-29,247.85,251.1486,242.77,244.05,216.55519999999976,,185.37585000000013,,,,0,0,0,0,0,0,0,0,0,185.37585000000013,183.13933333333327,216.55519999999976,242.504,249.51500000000004,247.03600000000014,216.55519999999976,,185.37585000000013,,,,0,0,0,0,0,0,0,0,0,110.20198051992035,109.10285659974114,,,,,0,32505777,36789099.06,63.59888418644563,79.46163604222966,,,,,,
2025-09-30,242.81,243.29,239.245,243.1,217.61519999999976,,185.66550000000015,,,,0,0,0,0,0,0,0,0,0,185.66550000000015,183.59053333333327,217.61519999999976,244.0915,248.70900000000006,245.32400000000015,217.61519999999976,,185.66550000000015,,,,0,0,0,0,0,0,0,0,0,109.4847775175644,109.13757668317962,,,,,0,34724346,36567523.4,61.841225611733925,77.89216334353674,,,,,,
2025-10-01,240.75,246.3,238.61,244.9,218.68639999999976,,185.9130000000001,,,,0,0,0,0,0,0,0,0,0,185.9130000000001,184.0716666666666,218.68639999999976,244.80349999999999,248.2460000000001,244.87600000000015,218.68639999999976,,185.9130000000001,,,,0,0,0,0,0,0,0,0,0,109.84574947633763,109.20195602801216,,,,,0,31658234,36307483.78,63.878210741937394,76.43295410670065,,,,,,
2025-10-02,245.15,246.81,242.3,245.69,219.79559999999975,,186.1816500000001,,,,0,0,0,0,0,0,0,0,0,186.1816500000001,184.58626666666657,219.79559999999975,245.473,247.61200000000008,244.85600000000014,219.79559999999975,,186.1816500000001,,,,0,0,0,0,0,0,0,0,0,109.82702024529182,109.25878004776486,,,,,0,25483298,35643510.78,64.76716676978069,75.02421208488023,,,,,,
2025-10-03,244.49,246.3,241.655,245.35,220.85919999999976,,186.4593000000001,,,,0,0,0,0,0,0,0,0,0,186.4593000000001,185.08673333333326,220.85919999999976,245.99049999999997,246.67500000000004,244.61800000000017,220.85919999999976,,186.4593000000001,,,,0,0,0,0,0,0,0,0,0,109.6069309761502,109.29043013216352,,,,,0,30249559,34750868.22,64.03673988879962,73.29809941851447,,,,,,
2025-10-06,244.78,251.32,244.58,250.43,222.00419999999977,,186.72815000000008,,,,0,0,0,0,0,0,0,0,0,186.72815000000008,185.64286666666658,222.00419999999977,246.81,246.4650000000001,245.89400000000015,222.00419999999977,,186.72815000000008,,,,0,0,0,0,0,0,0,0,0,111.86935843639907,109.5248781598213,,,,,0,28894653,34533044.02,69.56043575028238,72.03342638063668,,,,,69.56043575028238,
2025-10-07,248.27,250.44,245.52,245.76,223.06779999999978,,186.9798500000001,,,,0,0,0,0,0,0,0,0,0,186.9798500000001,186.1417999999999,223.06779999999978,247.11649999999995,245.87500000000009,246.42600000000016,223.06779999999978,,186.9798500000001,,,,0,0,0,0,0,0,0,0,0,109.38401760161653,109.51207265452996,,,,,0,23181285,34233879.64,60.37929595429922,70.36084854425124,,,,,,
2025-10-08,244.96,246.005,243.82,244.62,224.04519999999974,,187.2609500000001,,,,0,0,0,0,0,0,0,0,0,187.2609500000001,186.61913333333325,224.04519999999974,247.38899999999998,245.6230000000001,246.37000000000018,224.04519999999974,,187.2609500000001,,,,0,0,0,0,0,0,0,0,0,109.29350756115795,109.49220310058705,,,,,0,21307104,33832238.66,58.35449978249246,68.47229762663851,,,,,,
2025-10-09,244.47,244.76,239.15,241.53,224.94519999999974,,187.5260500000001,,,,0,0,0,0,0,0,0,0,0,187.5260500000001,187.08033333333324,224.94519999999974,247.44699999999997,245.19700000000006,245.53800000000015,224.94519999999974,,187.5260500000001,,,,0,0,0,0,0,0,0,0,0,107.28769816885831,109.29179356133898,,,,,0,27892086,33741172.28,53.15157316072796,66.13970423099038,,,,,,
2025-10-10,241.43,244.09,235.84,236.57,225.83859999999976,,187.75185000000008,,,,0,0,0,0,0,0,0,0,0,187.75185000000008,187.49839999999995,225.83859999999976,247.23549999999994,244.2000000000001,243.78200000000015,225.83859999999976,,187.75185000000008,,,,0,0,0,0,0,0,0,0,0,105.3745144852653,108.93567728169592,,,,,0,33180323,33378195.48,46.053451837732574,63.638551245107415,,,46.053451837732574,,,
2025-10-13,240.21,244.5,239.71,244.15,226.93899999999977,,187.99945000000008,,,,0,0,0,0,0,0,0,0,0,187.99945000000008,188.0202666666666,226.93899999999977,246.86249999999995,244.2100000000001,242.52600000000012,226.93899999999977,,187.99945000000008,,,,0,0,0,0,0,0,0,0,0,111.78142149890424,109.19438130144212,,,,,1,24995028,33181452.42,55.77375068469991,61.965347484117224,,,,,,
2025-10-14,241.23,247.12,240.51,245.45,227.94719999999975,,188.24615000000009,,,,0,0,0,0,0,0,0,0,0,188.24615000000009,188.56299999999993,227.94719999999975,246.57699999999994,244.4450000000001,242.4640000000001,227.94719999999975,,188.24615000000009,,,,0,0,0,0,0,0,0,0,0,110.65095248327876,109.32679686342728,,,,,0,22111572,32992736.86,57.19816768280086,61.040827879126496,,,,,,
2025-10-15,247.245,252.11,245.99,251.03,229.07439999999977,,188.52330000000012,,,,0,0,0,0,0,0,0,0,0,188.52330000000012,189.12246666666658,229.07439999999977,246.65199999999996,245.05800000000013,243.74600000000015,229.07439999999977,,188.52330000000012,,,,0,0,0,0,0,0,0,0,0,113.34376834279007,109.69197608882389,,,,,0,27007690,32900843.86,62.74468982805556,60.69023986200283,,,,,,
2025-10-16,251.765,256.96,250.101,251.46,230.18179999999975,,188.81680000000011,,,,0,0,0,0,0,0,0,0,0,188.81680000000011,189.71379999999994,230.18179999999975,246.62349999999998,245.63500000000013,245.73200000000014,230.18179999999975,,188.81680000000011,,,,0,0,0,0,0,0,0,0,0,113.08230913481647,110.00018818391413,,,,,0,27997159,33029528.88,63.14107734317944,60.3199406587834,,,,,,
2025-10-17,250.76,254.22,247.81,253.3,231.31739999999976,,189.1271000000001,,,,0,0,0,0,0,0,0,0,0,189.1271000000001,190.2991999999999,231.31739999999976,246.55249999999995,246.43000000000012,249.07800000000015,231.31739999999976,,189.1271000000001,,,,0,0,0,0,0,0,0,0,0,114.63129121989779,110.42119755082174,,,,,0,29671629,33096525.24,64.86381988805388,60.41029320889827,,,,,,
2025-10-20,254.69,257.33,254.23,256.55,232.4199999999998,,189.46335000000008,,,,0,0,0,0,0,0,0,0,0,189.46335000000008,190.91426666666658,232.4199999999998,246.75350000000003,247.0420000000001,251.55800000000016,232.4199999999998,,189.46335000000008,,,,0,0,0,0,0,0,0,0,0,115.4936974789916,110.8823339079281,,,,,0,22350155,32760291.82,67.73256769567271,60.83110335775103,,,,,,
2025-10-21,254.74,254.88,244.15,250.46,233.40919999999977,,189.76850000000005,,,,0,0,0,0,0,0,0,0,0,189.76850000000005,191.51286666666658,233.40919999999977,246.69350000000003,247.51200000000009,252.56000000000012,233.40919999999977,,189.76850000000005,,,,0,0,0,0,0,0,0,0,0,111.56115537316225,110.9440449502221,,,,,0,47312098,33189885.08,58.15143457316963,60.42204791712476,,,,,,
2025-10-22,254.37,256.36,249.29,251.69,234.37619999999978,,190.06800000000007,,,,0,0,0,0,0,0,0,0,0,190.06800000000007,192.0981999999999,234.37619999999978,246.92100000000005,248.2190000000001,252.69200000000015,234.37619999999978,,190.06800000000007,,,,0,0,0,0,0,0,0,0,0,112.10569919261685,111.0496498813489,,,,,0,35029370,33281983.44,59.400576271553064,60.03872002439421,,,,,,
2025-10-23,252.98,255.04,251.85,253.08,235.3985999999998,,190.34905000000006,,,,0,0,0,0,0,0,0,0,0,190.34905000000006,192.70006666666657,235.3985999999998,247.28550000000004,249.37400000000008,253.01600000000016,235.3985999999998,,190.34905000000006,,,,0,0,0,0,0,0,0,0,0,113.32938273668876,111.25689832274342,,,,,0,19901425,33113153.5,60.82371979461589,59.80921858909537,,,,,,
2025-10-24,256.58,261.68,255.315,259.92,236.5381999999998,,190.6712000000001,,,,0,0,0,0,0,0,0,0,0,190.6712000000001,193.3395999999999,236.5381999999998,247.95450000000005,251.70900000000006,254.34,236.5381999999998,,190.6712000000001,,,,0,0,0,0,0,0,0,0,0,115.7183498233268,111.66248482279646,,,,,0,28655126,33181647.48,66.96106862481906,59.62354950870516,,,,,,
2025-10-27,264.815,270.14,264.28,269.27,237.8455999999998,,191.0478000000001,,,,0,0,0,0,0,0,0,0,0,191.0478000000001,194.01686666666657,237.8455999999998,249.21550000000008,254.2210000000001,256.884,237.8455999999998,,191.0478000000001,,,,0,0,0,0,0,0,0,0,0,118.94111618921973,112.32417858338039,,,,,0,35235231,33187723.66,73.15262269164913,60.53592998994444,,,,,,
2025-10-28,269.69,270.73,266.5,267.47,239.12499999999977,,191.4249500000001,,,,0,0,0,0,0,0,0,0,0,191.4249500000001,194.66293333333326,239.12499999999977,250.43400000000005,256.4230000000001,260.286,239.12499999999977,,191.4249500000001,,,,0,0,0,0,0,0,0,0,0,116.71163538250077,112.72303829239134,,,,,0,29738564,33411963.06,70.41675395504609,61.39751957369827,,,,,,
2025-10-29,267.75,275.336,267.67,274.57,240.58499999999978,,191.84275000000014,,,,0,0,0,0,0,0,0,0,0,191.84275000000014,195.39299999999992,240.58499999999978,251.91750000000008,258.77700000000004,264.86199999999997,240.58499999999978,,191.84275000000014,,,,0,0,0,0,0,0,0,0,0,119.53625661744219,113.34242177648687,,,,,0,43580277,33798763.94,74.47228576382821,62.92042761677686,,,,,,
2025-10-30,291.59,291.59,280.06,281.48,242.2281999999998,,192.30185000000012,,,,0,0,0,0,0,0,0,0,0,192.30185000000012,196.18793333333326,242.2281999999998,253.70700000000005,261.7790000000001,270.54200000000003,242.2281999999998,,192.30185000000012,,,,0,0,0,0,0,0,0,0,0,122.54956027051347,114.17943436685293,,,,,0,74875990,34717173.78,77.67938581801592,65.17942290108282,,,,,,
2025-10-31,283.21,286,277.03,281.19,243.8569999999998,,192.73005000000015,,,,0,0,0,0,0,0,0,0,0,192.73005000000015,197.0336666666666,243.8569999999998,255.49900000000008,264.5680000000001,274.796,243.8569999999998,,192.73005000000015,,,,0,0,0,0,0,0,0,0,0,123.64800984997838,115.04021395622797,,,,,0,39267945,35107040.02,77.24080261860142,66.71278375350435,,,,,,
2025-11-03,282.175,285.53,279.8,283.72,245.40959999999978,,193.18410000000011,,,,0,0,0,0,0,0,0,0,0,193.18410000000011,197.8941999999999,245.40959999999978,257.16350000000006,267.285,277.68600000000004,245.40959999999978,,193.18410000000011,,,,0,0,0,0,0,0,0,0,0,124.43513995956253,115.8942981383493,,,,,0,29785996,34846219.14,78.38727335909341,68.22629130181096,,,,,78.38727335909341,
2025-11-04,276.75,281.27,276.26,277.54,246.79059999999976,,193.59180000000015,,,,0,0,0,0,0,0,0,0,0,193.59180000000015,198.69733333333326,246.79059999999976,258.7525000000001,269.99300000000005,279.7,246.79059999999976,,193.59180000000015,,,,0,0,0,0,0,0,0,0,0,121.51524085009004,116.40529293032573,,,,,0,30078369,34849208.96,69.21533745674014,68.68848041814557,,,,,,
2025-11-05,278.87,286.415,277.34,284.31,248.33399999999975,,194.0231000000001,,,,0,0,0,0,0,0,0,0,0,194.0231000000001,199.54579999999993,248.33399999999975,260.73700000000014,273.255,281.648,248.33399999999975,,194.0231000000001,,,,0,0,0,0,0,0,0,0,0,125.95805385480999,117.27372574164248,,,,,0,31010302,34900132.4,72.94936709409592,69.38907254321104,,,,,,
2025-11-06,285.33,288.35,281.14,284.75,249.87939999999978,,194.45500000000015,,,,0,0,0,0,0,0,0,0,0,194.45500000000015,200.43933333333325,249.87939999999978,262.89800000000014,276.422,282.302,249.87939999999978,,194.45500000000015,,,,0,0,0,0,0,0,0,0,0,125.69339199270189,118.03914994628424,,,,,0,37173648,35183148.36,73.17708544012955,69.98287722550216,,,,,,
2025-11-07,283.205,283.78,275.19,278.83,251.2231999999998,,194.85925000000015,,,,0,0,0,0,0,0,0,0,0,194.85925000000015,201.32753333333326,251.2231999999998,265.01100000000014,278.313,281.83,251.2231999999998,,194.85925000000015,,,,0,0,0,0,0,0,0,0,0,124.47193656245024,118.62394872957206,,,,,0,34479588,35225953.98,65.22161523344215,69.80352347819998,,,,,,
2025-11-10,284.42,290.8,282.855,290.1,252.76699999999974,,195.30870000000013,,,,0,0,0,0,0,0,0,0,0,195.30870000000013,202.28319999999994,252.76699999999974,267.30850000000015,280.3960000000001,283.106,252.76699999999974,,195.30870000000013,,,,0,0,0,0,0,0,0,0,0,129.33936312661527,119.59807731112144,,,,,0,29557309,35022532.88,71.56034171427649,70.76130255970762,,,,,,
2025-11-11,287.745,291.915,287.32,291.31,254.36619999999974,,195.80620000000013,,,,0,0,0,0,0,0,0,0,0,195.80620000000013,203.26059999999993,254.36619999999974,269.60150000000016,282.78000000000003,285.86,254.36619999999974,,195.80620000000013,,,,0,0,0,0,0,0,0,0,0,127.9092912906408,120.35364221835047,,,,,0,19842136,34468914.86,72.14729841908893,71.67178271310303,,,,,,
2025-11-12,291.675,292.005,283.69,286.71,255.48719999999975,,196.26325000000014,,,,0,0,0,0,0,0,0,0,0,196.26325000000014,204.11393333333328,255.48719999999975,271.38550000000015,283.994,286.34,255.48719999999975,,196.26325000000014,,,,0,0,0,0,0,0,0,0,0,125.62841226765907,120.83316676828761,,,,,0,24829923,32898790.82,66.52607627770897,72.07909389046681,,,,,,
2025-11-13,282.34,282.84,277.24,278.57,256.41259999999977,,196.67905000000013,,,,0,0,0,0,0,0,0,0,0,196.67905000000013,204.9522666666666,256.41259999999977,272.7410000000001,283.70300000000003,285.104,256.41259999999977,,196.67905000000013,,,,0,0,0,0,0,0,0,0,0,121.98489840065508,120.93786964395738,,,,,0,29494040,32454988.28,57.92542808346363,71.43369099465572,,,,,,
2025-11-14,271.405,278.56,270.7,276.41,257.2407999999998,,197.05675000000014,,,,0,0,0,0,0,0,0,0,0,197.05675000000014,205.74739999999994,257.2407999999998,273.8965000000002,283.225,284.62,257.2407999999998,,197.05675000000014,,,,0,0,0,0,0,0,0,0,0,123.07717425506274,121.13235188133059,,,,,0,31647227,32156154.32,55.861631362277826,70.19862018541491,,,55.861631362277826,,,
2025-11-17,285.775,293.95,283.57,285.02,258.2603999999998,,197.46175000000017,,,,0,0,0,0,0,0,0,0,0,197.46175000000017,206.5870666666666,258.2603999999998,275.32000000000016,283.3550000000001,283.604,258.2603999999998,,197.46175000000017,,,,0,0,0,0,0,0,0,0,0,126.97465140107808,121.66347001948945,,,,,0,52670192,32560063.3,61.71680671346594,69.5771953824449,,,,,,
2025-11-18,287.915,288.8,278.2,284.28,259.1533999999998,,197.87700000000015,,,,0,0,0,0,0,0,0,0,0,197.87700000000015,207.44019999999995,259.1533999999998,277.01100000000014,284.02900000000005,282.198,259.1533999999998,,197.87700000000015,,,,0,0,0,0,0,0,0,0,0,127.81569505516738,122.22276320455109,,,,,0,49158743,32782018.98,60.96822292684706,68.61261946551767,,,,,,
2025-11-19,287.16,303.81,286.63,292.81,260.2261999999998,,198.30915000000016,,,,0,0,0,0,0,0,0,0,0,198.30915000000016,208.3700666666666,260.2261999999998,279.0670000000001,284.879,283.41799999999995,260.2261999999998,,198.30915000000016,,,,0,0,0,0,0,0,0,0,0,132.74689338449195,123.17950231181844,,,,,0,68198944,33443176.38,66.07614397255512,67.78381647655617,,,,,,
2025-11-20,304.54,306.42,288.67,289.45,261.2077999999998,,198.79975000000016,,,,0,0,0,0,0,0,0,0,0,198.79975000000016,209.29199999999992,261.2077999999998,280.88550000000015,285.34900000000005,285.59399999999994,261.2077999999998,,198.79975000000016,,,,0,0,0,0,0,0,0,0,0,130.73327160633227,123.86620861131969,,,,,0,62025218,34071694.18,62.60092987868433,66.7381112808478,,,,,,
2025-11-21,296.415,303.92,293.845,299.66,262.38499999999976,,199.34005000000013,,,,0,0,0,0,0,0,0,0,0,199.34005000000013,210.3052666666666,262.38499999999976,282.8725000000002,287.4320000000001,290.24399999999997,262.38499999999976,,199.34005000000013,,,,0,0,0,0,0,0,0,0,0,137.484572786625,125.10424171816562,,,,,0,74137697,35019015.92,68.09254602893046,66.0027736144076,,,,,,
2025-11-24,311.13,319.48,309.595,318.58,263.7243999999998,,200.0062500000001,,,,0,0,0,0,0,0,0,0,0,200.0062500000001,211.41933333333324,263.7243999999998,285.33800000000014,290.2800000000001,296.956,263.7243999999998,,200.0062500000001,,,,0,0,0,0,0,0,0,0,0,144.74373691878515,126.8896503727674,,,,,0,85165123,35554642.46,75.32359537952632,66.43907775174947,,,,,,
2025-11-25,326.21,328.83,317.65,323.44,265.1699999999998,,200.69110000000012,,,,0,0,0,0,0,0,0,0,0,200.69110000000012,212.53993333333327,265.1699999999998,288.1365000000002,293.49300000000005,304.788,265.1699999999998,,200.69110000000012,,,,0,0,0,0,0,0,0,0,0,144.71350954719608,128.51000120680638,,,,,0,88632074,36645089.54,76.77933482801515,66.71264687560084,,,,,76.77933482801515,
2025-11-26,320.68,324.5,316.79,319.95,266.57839999999976,,201.3642500000001,,,,0,0,0,0,0,0,0,0,0,201.3642500000001,213.6110666666666,266.57839999999976,290.4055000000002,296.8170000000001,310.216,266.57839999999976,,201.3642500000001,,,,0,0,0,0,0,0,0,0,0,141.8660368406817,129.7241862644314,,,,,0,51373361,36990396.92,73.42933190464012,66.73066448020874,,,,,,
2025-11-28,323.365,326.85,316.79,320.18,267.94139999999976,,202.04710000000014,,,,0,0,0,0,0,0,0,0,0,202.04710000000014,214.6658666666666,267.94139999999976,292.34050000000013,300.9780000000001,316.36199999999997,267.94139999999976,,202.04710000000014,,,,0,0,0,0,0,0,0,0,0,140.99462760179668,130.74877184055552,,,,,0,26018568,36885978.8,73.5113571693366,67.3227889042012,,,,,,
2025-12-01,317.7,319.85,313.89,314.89,269.1447999999998,,202.69085000000013,,,,0,0,0,0,0,0,0,0,0,202.69085000000013,215.69439999999992,269.1447999999998,294.0255000000002,304.82600000000014,319.408,269.1447999999998,,202.69085000000013,,,,0,0,0,0,0,0,0,0,0,137.92655363932087,131.4012974586251,,,,,0,41182956,36598209.44,68.28964933941674,67.08916802028266,,,,,,
2025-12-02,316.74,318.38,313.91,315.81,270.4103999999998,,203.3437500000001,,,,0,0,0,0,0,0,0,0,0,203.3437500000001,216.7320666666666,270.4103999999998,295.6300000000002,307.9050000000001,318.8539999999999,270.4103999999998,,203.3437500000001,,,,0,0,0,0,0,0,0,0,0,139.0698439073367,132.0984380448716,,,,,0,35854744,36669493.56,68.70597803807753,66.84335942163898,,,,,,
2025-12-03,315.89,321.58,314.1,319.63,271.76979999999975,,204.02305000000013,,,,0,0,0,0,0,0,0,0,0,204.02305000000013,217.8042666666666,271.76979999999975,297.7345000000002,311.44000000000017,318.092,271.76979999999975,,204.02305000000013,,,,0,0,0,0,0,0,0,0,0,140.40659620639065,132.85372515046424,,,,,0,41838317,36973699.58,70.44130298136042,67.1230184718998,,,,,,
2025-12-04,322.225,322.36,314.7,317.62,273.17939999999976,,204.6848000000001,,,,0,0,0,0,0,0,0,0,0,204.6848000000001,218.84639999999993,273.17939999999976,299.4000000000002,313.92100000000016,317.6259999999999,273.17939999999976,,204.6848000000001,,,,0,0,0,0,0,0,0,0,0,139.1095389439845,133.42243549532972,,,,,0,31240924,37034498,68.29531293380691,67.8637245326386,,,,,,
2025-12-05,319.49,323.16,319.165,321.27,274.68899999999974,,205.36835000000013,,,,0,0,0,0,0,0,0,0,0,205.36835000000013,219.8946666666666,274.68899999999974,301.2260000000002,317.1030000000002,317.84399999999994,274.68899999999974,,205.36835000000013,,,,0,0,0,0,0,0,0,0,0,140.55588854229103,134.07093122687166,,,,,0,28851705,36991124.44,70.0779896109282,68.87917869325648,,,,,,
2025-12-08,320.05,320.44,311.2219,313.72,276.0325999999997,,206.03865000000013,,,,0,0,0,0,0,0,0,0,0,206.03865000000013,220.89139999999995,276.0325999999997,302.9705000000002,318.5090000000002,317.60999999999996,276.0325999999997,,206.03865000000013,,,,0,0,0,0,0,0,0,0,0,136.98785658456072,134.33610625938886,,,,,0,33909433,37299249.22,62.27754485549243,68.91923141768694,,,,,,
2025-12-09,312.37,317.99,311.895,317.08,277.4931999999997,,206.72780000000014,,,,0,0,0,0,0,0,0,0,0,206.72780000000014,221.9170666666666,277.4931999999997,304.3195000000002,318.35900000000015,317.8639999999999,277.4931999999997,,206.72780000000014,,,,0,0,0,0,0,0,0,0,0,138.93814357701015,134.7544732882635,,,,,0,30194027,37253014.22,64.18802702296097,69.14921742455223,,,,,,
2025-12-10,315.83,321.31,314.68,320.21,279.0353999999997,,207.45175000000015,,,,0,0,0,0,0,0,0,0,0,207.45175000000015,223.0425999999999,279.0353999999997,305.76450000000017,318.0360000000002,317.97999999999996,279.0353999999997,,207.45175000000015,,,,0,0,0,0,0,0,0,0,0,140.43271690665884,135.2706772535722,,,,,0,33428923,37227105.76,65.91958734557522,69.13803480833938,,,,,,
2025-12-11,320.08,321.12,308.6,312.43,280.38599999999974,,208.1502500000001,,,,0,0,0,0,0,0,0,0,0,208.1502500000001,224.09693333333325,280.38599999999974,307.05050000000017,317.2840000000002,316.942,280.38599999999974,,208.1502500000001,,,,0,0,0,0,0,0,0,0,0,136.1016685809874,135.34622191970084,,,,,0,42353697,37441015.02,58.36544565634674,68.83550022102956,,,,,,
2025-12-12,313.7,314.87,305.56,309.29,281.65799999999973,,208.85420000000016,,,,0,0,0,0,0,0,0,0,0,208.85420000000016,225.14053333333325,281.65799999999973,308.5865000000002,316.1950000000002,314.546,281.65799999999973,,208.85420000000016,,,,0,0,0,0,0,0,0,0,0,134.45423206168374,135.26513193260837,,,,,0,35940170,37650152.46,55.596266774124636,67.94290884568629,,,,,,
2025-12-15,311.315,311.42,304.88,308.22,282.9153999999997,,209.54390000000018,,,,0,0,0,0,0,0,0,0,0,209.54390000000018,226.13893333333326,282.9153999999997,310.17700000000025,315.5280000000002,313.446,282.9153999999997,,209.54390000000018,,,,0,0,0,0,0,0,0,0,0,135.4332969115713,135.28041965796862,,,,,1,29151889,37628199.06,54.64482318735646,66.46585368910273,,,,,,
2025-12-16,304.945,310.77,302.59,306.57,284.03819999999973,,210.24170000000015,,,,0,0,0,0,0,0,0,0,0,210.24170000000015,227.11919999999992,284.03819999999973,311.2545000000002,314.60400000000016,311.344,284.03819999999973,,210.24170000000015,,,,0,0,0,0,0,0,0,0,0,134.92368539958804,135.2479892708431,,,,,0,30585020,37662006.4,53.13474016806242,64.77695407053467,,,,,,
2025-12-17,308.01,308.09,296.12,296.72,285.0573999999997,,210.87070000000017,,,,0,0,0,0,0,0,0,0,0,210.87070000000017,227.99486666666658,285.0573999999997,311.8765000000002,312.3130000000002,306.646,285.0573999999997,,210.87070000000017,,,,0,0,0,0,0,0,0,0,0,130.9010698136098,134.852814774731,,,,,0,43930358,38076987.86,45.11892785675886,62.754782352828876,,,45.11892785675886,,,
2025-12-18,301.72,303.96,299.2308,302.46,286.2141999999997,,211.51790000000017,,,,0,0,0,0,0,0,0,0,0,211.51790000000017,228.91819999999993,286.2141999999997,312.35900000000026,310.7970000000002,304.65200000000004,286.2141999999997,,211.51790000000017,,,,0,0,0,0,0,0,0,0,0,134.99825929639866,134.8660370039735,,,,,1,33518048,38321206.74,49.86535948228823,61.065782518039704,,,,,,
2025-12-19,301.73,307.25,300.97,307.16,287.5267999999997,,212.1919500000002,,,,0,0,0,0,0,0,0,0,0,212.1919500000002,229.8579999999999,287.5267999999997,313.24450000000024,309.38600000000025,304.226,287.5267999999997,,212.1919500000002,,,,0,0,0,0,0,0,0,0,0,136.0168271891952,134.9706542935391,,,,,0,59943239,38962229.8,53.41786438776829,60.003512164350525,,,,,,
2025-12-22,309.875,310.13,305.3,309.78,288.99099999999976,,212.87155000000018,,,,0,0,0,0,0,0,0,0,0,212.87155000000018,230.81293333333326,288.99099999999976,313.7505000000002,308.9920000000002,304.538,288.99099999999976,,212.87155000000018,,,,0,0,0,0,0,0,0,0,0,135.97795885281857,135.0622274352918,,,,,0,26429937,38827222.08,55.31855784574784,59.0472678648984,,,,,,
2025-12-23,309.625,314.94,309.32,314.35,290.3949999999997,,213.61395000000016,,,,0,0,0,0,0,0,0,0,0,213.61395000000016,231.8153999999999,290.3949999999997,313.5390000000002,308.71900000000016,306.09400000000005,290.3949999999997,,213.61395000000016,,,,0,0,0,0,0,0,0,0,0,137.10151079889746,135.2476168319832,,,,,0,25478670,38836894.92,58.49943084388274,58.19427699793572,,,,,58.49943084388274,
2025-12-24,314.77,315.08,311.92,314.09,291.7677999999997,,214.36420000000015,,,,0,0,0,0,0,0,0,0,0,214.36420000000015,232.78559999999993,291.7677999999997,313.07150000000024,308.1070000000002,309.56800000000004,291.7677999999997,,214.36420000000015,,,,0,0,0,0,0,0,0,0,0,136.36758333839862,135.34943196893008,,,,,0,10097361,38596610.7,58.24537894008262,57.47642456981254,,,,,,
2025-12-26,314.48,315.085,312.275,313.51,293.01739999999967,,215.09620000000018,,,,0,0,0,0,0,0,0,0,0,215.09620000000018,233.7365333333332,293.01739999999967,312.74950000000024,308.21500000000015,311.7780000000001,293.01739999999967,,215.09620000000018,,,,0,0,0,0,0,0,0,0,0,135.678674675853,135.37936312410488,,,,,0,10899017,38274437.24,57.64397802316611,56.5882808849724,,,,,,
2025-12-29,311.365,314.02,310.62,313.56,294.2593999999997,,215.85020000000014,,,,0,0,0,0,0,0,0,0,0,215.85020000000014,234.7037999999999,294.2593999999997,312.4185000000002,308.64200000000017,313.05800000000005,294.2593999999997,,215.85020000000014,,,,0,0,0,0,0,0,0,0,0,135.74123911427932,135.41226094139347,,,,,0,19621777,38106929.6,57.684540863911444,56.26020917128805,,,,,,
2025-12-30,312.5,316.95,312.46,313.85,295.4703999999997,,216.59200000000016,,,,0,0,0,0,0,0,0,0,0,216.59200000000016,235.6434666666666,295.4703999999997,312.3665000000002,309.2050000000002,313.872,295.4703999999997,,216.59200000000016,,,,0,0,0,0,0,0,0,0,0,136.3432975224922,135.49690063058426,,,,,0,17380888,37861114.78,57.93615488827426,55.813646875953275,,,,,,
2025-12-31,312.845,314.58,311.44,313,296.5993999999997,,217.33555000000018,,,,0,0,0,0,0,0,0,0,0,217.33555000000018,236.5810666666666,296.5993999999997,312.2260000000002,309.8480000000002,313.60200000000003,296.5993999999997,,217.33555000000018,,,,0,0,0,0,0,0,0,0,0,136.16095704187057,135.55726939524666,,,,,0,16377689,37741665.46,56.86878403342235,55.16716092508522,,,56.86878403342235,,,
2026-01-02,316.9,322.5,310.33,315.15,297.8931999999997,,218.10795000000016,,,,0,0,0,0,0,0,0,0,0,218.10795000000016,237.53633333333326,297.8931999999997,312.0020000000002,311.69100000000014,313.814,297.8931999999997,,218.10795000000016,,,,0,0,0,0,0,0,0,0,0,138.11283049131617,135.78959313125299,,,,,0,32009385,37435611.2,58.92986936848976,55.207476904524,,,,,,
2026-01-05,317.655,319.015,314.63,316.54,299.19019999999966,,218.87120000000013,,,,0,0,0,0,0,0,0,0,0,218.87120000000013,238.5016666666666,299.19019999999966,311.9480000000002,313.09900000000016,314.42,299.19019999999966,,218.87120000000013,,,,0,0,0,0,0,0,0,0,0,138.45925044616303,136.03228925079026,,,,,0,30195597,37338935.74,60.25231296050512,55.540051632122605,,,,,,
2026-01-06,316.4,320.94,311.78,314.34,300.4153999999997,,219.6289000000002,,,,0,0,0,0,0,0,0,0,0,219.6289000000002,239.47039999999993,300.4153999999997,311.60150000000016,313.8170000000001,314.576,300.4153999999997,,219.6289000000002,,,,0,0,0,0,0,0,0,0,0,136.62917050611125,136.08655118309215,,,,,0,31212101,37565149.26,57.11749183671767,55.7166708213627,,,,,,
2026-01-07,314.36,326.15,314.19,321.98,301.6565999999997,,220.41885000000016,,,,0,0,0,0,0,0,0,0,0,220.41885000000016,240.50906666666657,301.6565999999997,312.01450000000017,315.03700000000015,316.20200000000006,301.6565999999997,,220.41885000000016,,,,0,0,0,0,0,0,0,0,0,139.08763785434633,136.35937724411525,,,,,0,35104425,37694135.24,64.10238809853234,56.5000742449677,,,,,,
2026-01-08,328.965,330.3196,321.5,325.44,302.7799999999997,,221.20765000000017,,,,0,0,0,0,0,0,0,0,0,221.20765000000017,241.55833333333322,302.7799999999997,312.43250000000023,316.14600000000013,318.69000000000005,302.7799999999997,,221.20765000000017,,,,0,0,0,0,0,0,0,0,0,141.06795050369024,136.78742935862206,,,,,0,31896101,37627352.64,66.7442716393569,58.044741658010416,,,,,,
2026-01-09,327.09,330.83,325.8,328.57,304.00199999999967,,221.99770000000018,,,,0,0,0,0,0,0,0,0,0,221.99770000000018,242.6273999999999,304.00199999999967,312.8505000000002,317.59400000000016,321.3740000000001,304.00199999999967,,221.99770000000018,,,,0,0,0,0,0,0,0,0,0,142.41380057646882,137.29891765115357,,,,,0,26214166,37556864.68,68.96909470888626,59.409294174195985,,,,,,
2026-01-12,325.8,334.04,325,331.86,305.1477999999997,,222.83170000000015,,,,0,0,0,0,0,0,0,0,0,222.83170000000015,243.68193333333323,305.1477999999997,313.8220000000002,319.42900000000014,324.43800000000005,305.1477999999997,,222.83170000000015,,,,0,0,0,0,0,0,0,0,0,142.91394702201603,137.8093748666865,,,,,0,33923928,37363737.7,71.15361767143995,60.67613369445825,,,,,,
2026-01-13,334.95,340.49,333.62,335.97,306.2375999999997,,223.70035000000018,,,,0,0,0,0,0,0,0,0,0,223.70035000000018,244.7477999999999,306.2375999999997,315.1560000000002,321.67000000000013,328.764,306.2375999999997,,223.70035000000018,,,,0,0,0,0,0,0,0,0,0,144.45641985535872,138.41365168383854,,,,,0,33517607,36536570.04,73.64927705194614,61.98547078061527,,,,,73.64927705194614,
2026-01-14,335.06,336.52,330.48,335.84,307.33059999999966,,224.6079000000002,,,,0,0,0,0,0,0,0,0,0,224.6079000000002,245.79606666666655,307.33059999999966,316.53700000000015,323.8690000000001,331.53600000000006,307.33059999999966,,224.6079000000002,,,,0,0,0,0,0,0,0,0,0,144.6806677436726,138.98338041655072,,,,,0,28525571,36321722.56,73.43287036648667,63.05214503222983,,,,,,
2026-01-15,337.65,337.69,330.74,332.78,308.3117999999997,,225.49860000000018,,,,0,0,0,0,0,0,0,0,0,225.49860000000018,246.83226666666656,308.3117999999997,317.8475000000002,325.8470000000001,333.004,308.3117999999997,,225.49860000000018,,,,0,0,0,0,0,0,0,0,0,144.13152792355254,139.45139382627815,,,,,0,28442406,36294850.76,68.3424299430807,63.7733629610154,,,,,,
2026-01-16,334.41,334.65,327.7,330,309.3609999999997,,226.3632500000002,,,,0,0,0,0,0,0,0,0,0,226.3632500000002,247.86093333333324,309.3609999999997,319.5115000000002,327.3320000000001,333.29,309.3609999999997,,226.3632500000002,,,,0,0,0,0,0,0,0,0,0,142.55968066631533,139.7339653571906,,,,,0,40341637,36500116.12,64.00168455587853,64.22748485620914,,,,,,
2026-01-20,320.87,327.73,320.43,322,310.1147999999997,,227.18805000000017,,,,0,0,0,0,0,0,0,0,0,227.18805000000017,248.84313333333324,310.1147999999997,320.4885000000002,327.8780000000001,331.318,310.1147999999997,,227.18805000000017,,,,0,0,0,0,0,0,0,0,0,139.19308357348703,139.68479428594483,,,,,0,35361045,36587130.98,53.47575021501353,63.92685695271644,,,53.47575021501353,,,
2026-01-21,320.92,332.4799,319.3518,328.38,310.98739999999975,,228.07635000000016,,,,0,0,0,0,0,0,0,0,0,228.07635000000016,249.8538666666666,310.98739999999975,321.5495000000002,329.2820000000001,329.8,310.98739999999975,,228.07635000000016,,,,0,0,0,0,0,0,0,0,0,144.94024455374313,140.16256249210832,,,,,1,35386603,36551390.08,59.23390969338886,64.01955372451035,,,,,,
2026-01-22,334.45,335.15,328.75,330.54,312.02159999999975,,229.0010500000002,,,,0,0,0,0,0,0,0,0,0,229.0010500000002,250.88446666666655,312.02159999999975,322.5875000000002,330.13800000000003,328.73999999999995,312.02159999999975,,229.0010500000002,,,,0,0,0,0,0,0,0,0,0,144.22283986439024,140.53167861686123,,,,,0,26253640,36386871.12,60.994071861626274,64.31421714081063,,,,,,
2026-01-23,332.485,333.6889,327.45,327.93,312.77819999999974,,229.90695000000017,,,,0,0,0,0,0,0,0,0,0,229.90695000000017,251.91519999999988,312.77819999999974,323.26650000000024,330.38700000000006,327.77,312.77819999999974,,229.90695000000017,,,,0,0,0,0,0,0,0,0,0,142.30272978696323,140.69268326868868,,,,,0,27279974,36341324.42,57.74938759602239,64.22989701420582,,,,,,
2026-01-26,327.805,335.84,327,333.26,313.61719999999974,,230.84975000000017,340.49,319.3518,,1,1,0,0,0,0,0,0,0,230.84975000000017,253.02599999999987,313.61719999999974,324.22500000000025,330.85600000000005,328.422,313.61719999999974,,230.84975000000017,340.49,319.3518,,1,1,0,0,0,0,0,0,0,144.56838287818013,141.04501959682426,,,,,0,26042120,36465324.1,62.17465116699707,64.36720688609809,,,,,,
2026-01-27,335.365,337.91,333.48,334.55,314.5739999999998,,231.7289500000002,340.49,319.3518,,0,0,0,0,0,0,0,0,0,231.7289500000002,254.15506666666653,314.5739999999998,325.2770000000002,331.12500000000006,330.93199999999996,314.5739999999998,,231.7289500000002,340.49,319.3518,,0,0,0,0,0,0,0,0,0,144.40550083306715,141.35051789102815,,,,,0,21636164,36401448.92,63.17982047810554,64.80023036048294,,,,,,
2026-01-28,336.06,337.535,331.94,336.01,315.7227999999998,,232.6449000000002,340.49,319.3518,,0,0,0,0,0,0,0,0,0,232.6449000000002,255.2833333333332,315.7227999999998,326.3995000000002,331.129,332.45799999999997,315.7227999999998,,232.6449000000002,340.49,319.3518,,0,0,0,0,0,0,0,0,0,144.44608438094227,141.63193302647488,,,,,0,27434434,36360256.8,64.3349918958887,64.81684491743697,,,,,,
2026-01-29,340.3,342.29,326.54,338.25,316.95959999999974,,233.55045000000024,340.49,319.3518,,0,0,0,0,0,0,0,0,0,233.55045000000024,256.40046666666655,316.95959999999974,327.6195000000002,331.37000000000006,334,316.95959999999974,,233.55045000000024,340.49,319.3518,,0,0,0,0,0,0,0,0,0,145.4209073634068,141.97638523892323,,,,,0,39785612,36523024.5,66.09264933525313,64.77030046714383,,,,,,
2026-01-30,340,340,332.285,338,318.0191999999998,,234.4451000000002,340.49,319.3518,,0,0,0,0,0,0,0,0,0,234.4451000000002,257.4968666666665,318.0191999999998,328.8695000000002,331.8920000000001,336.014,318.0191999999998,,234.4451000000002,340.49,319.3518,,0,0,0,0,0,0,0,0,0,145.5010891057853,142.29681286318342,,,,,0,31023954,36090099.74,65.70346365894488,64.53704110643373,,,,,,
2026-02-02,336.22,344.83,335.63,343.69,319.2073999999998,,235.38200000000023,340.49,319.3518,,0,0,0,0,0,0,0,0,0,235.38200000000023,258.59793333333323,319.2073999999998,330.2965000000002,333.2610000000001,338.1,319.2073999999998,,235.38200000000023,340.49,319.3518,,0,0,0,0,0,0,0,0,0,148.59014673541796,142.86893412429566,,,,,0,32006052,35747045.92,70.02919058696658,64.45672488611422,,,,,70.02919058696658,
2026-02-03,347.34,349,337.4745,339.71,320.14539999999977,,236.31390000000022,340.49,319.3518,,0,0,0,0,0,0,0,0,0,236.31390000000022,259.68779999999987,320.14539999999977,331.4550000000002,335.03200000000004,339.13199999999995,320.14539999999977,,236.31390000000022,340.49,319.3518,,0,0,0,0,0,0,0,0,0,146.0814597682202,143.16098191010698,,,,,0,36506709,35113201.22,63.95307843544231,63.76413927064965,,,,,,
2026-02-04,342.96,343.31,328.52,333.04,321.0171999999998,,237.2233000000002,340.49,319.3518,,0,0,0,0,0,0,0,0,0,237.2233000000002,260.73579999999987,321.0171999999998,332.3900000000002,335.4980000000001,338.53799999999995,321.0171999999998,,237.2233000000002,340.49,319.3518,,0,0,0,0,0,0,0,0,0,144.4270015698587,143.27607460644805,,,,,0,70618398,35285064.82,55.294336933041734,62.4685297396893,,,,,,
2026-02-05,312.22,332.69,306.46,331.25,321.6489999999998,,238.1412000000002,340.49,319.3518,,0,0,0,0,0,0,0,0,0,238.1412000000002,261.7531999999999,321.6489999999998,332.8535000000002,335.5690000000001,337.138,321.6489999999998,,238.1412000000002,340.49,319.3518,,0,0,0,0,0,0,0,0,0,144.3835349738693,143.37675282166816,,,,,0,88205849,35566427.86,53.21216711568923,61.38779668058991,,,,,,
2026-02-06,327.18,330.38,319.92,322.86,321.7345999999998,,238.9981500000002,340.49,319.3518,,0,0,0,0,0,0,0,0,0,238.9981500000002,262.70873333333316,321.7345999999998,332.7245000000002,335.06200000000007,334.10999999999996,321.7345999999998,,238.9981500000002,340.49,319.3518,,0,0,0,0,0,0,0,0,0,142.47196762762948,143.2944996222101,,,,,0,56380484,34990735.08,44.71322123247858,60.01004930034706,,,,,,
2026-02-09,320.93,327.7,317.26,324.32,321.75219999999973,,239.84300000000022,340.49,319.3518,,0,0,0,0,0,0,0,0,0,239.84300000000022,263.6922666666665,321.75219999999973,332.51200000000017,334.16800000000006,330.236,321.75219999999973,,239.84300000000022,340.49,319.3518,,0,0,0,0,0,0,0,0,0,140.35148457007836,143.02695279928903,,,,,0,39640055,34010894.7,46.319950136592006,59.49892072331694,,,,,,
2026-02-10,320.97,321.67,314.61,318.58,321.7247999999998,,240.63950000000023,340.49,319.3518,,0,0,0,0,0,0,1,0,0,240.63950000000023,264.65373333333315,321.7247999999998,331.8480000000002,332.571,326.01,321.7247999999998,,240.63950000000023,340.49,319.3518,,0,0,0,0,0,0,1,0,0,137.22413102439262,142.4994235470257,,,,,0,39170012,33766827.72,41.244952469032164,58.21399520729147,,,,,,
2026-02-11,318.97,321.06,309.66,310.96,321.54039999999975,,241.38450000000023,,,,0,0,0,0,0,0,0,0,0,241.38450000000023,265.5493333333332,321.54039999999975,330.5975000000002,330.0660000000001,321.59399999999994,321.54039999999975,,241.38450000000023,,,,0,0,0,0,0,0,0,0,0,134.38550697079438,141.76179476736831,,,,,0,45406405,34154584.46,35.65936195099293,56.40437307081766,,,,,,
2026-02-12,312.09,316.24,307.2,309,321.42259999999976,,242.12645000000026,,,,0,0,0,0,0,0,0,0,0,242.12645000000026,266.42519999999985,321.42259999999976,329.2555000000002,327.141,317.14399999999995,321.42259999999976,,242.12645000000026,,,,0,0,0,0,0,0,0,0,0,133.54539246786698,141.0148491037773,,,,,0,47761288,34286151.1,34.37003218529179,54.73441911290833,,,,,,
2026-02-13,307.725,308.63,303.71,305.72,321.2207999999997,,242.8542500000003,,,,0,0,0,0,0,0,0,0,0,242.8542500000003,267.2620666666665,321.2207999999997,327.9025000000002,323.91300000000007,313.716,321.2207999999997,,242.8542500000003,,,,0,0,0,0,0,0,0,0,0,134.22960234282732,140.39800848914547,,,,,0,38499701,34339050.24,32.26742926497846,52.59818897704986,,,,,,
2026-02-17,300.04,304.435,296.25,302.02,320.86859999999973,,243.57035000000025,,,,0,0,0,0,0,0,0,0,0,243.57035000000025,268.06513333333316,320.86859999999973,326.50350000000014,319.7460000000001,309.256,320.86859999999973,,243.57035000000025,,,,0,0,0,0,0,0,0,0,0,132.5389325617523,139.68354704120063,,,,,0,39247556,34287235.02,30.03528793981367,50.23072236717187,,,30.03528793981367,,,
2026-02-18,302.09,305.38,301.25,303.33,320.58279999999974,,244.28050000000025,,,,0,0,0,0,0,0,0,0,0,244.28050000000025,268.87399999999985,320.58279999999974,325.57000000000016,316.10800000000006,306.20599999999996,320.58279999999974,,244.28050000000025,,,,0,0,0,0,0,0,0,0,0,132.97706777959468,139.07386710832736,,,,,0,28482075,34232058.04,31.833264688509118,47.909170423787614,,,,,,
2026-02-19,301.82,305.47,300.04,302.85,320.2143999999997,,244.97460000000024,,,,0,0,0,0,0,0,0,0,0,244.97460000000024,269.6731999999999,320.2143999999997,324.29350000000017,313.0890000000001,304.58399999999995,320.2143999999997,,244.97460000000024,,,,0,0,0,0,0,0,0,0,0,132.03135444943706,138.43363868479187,,,,,0,25834395,34171711.84,31.513699812660548,45.43924545788814,,,,,,
2026-02-20,304.32,316.5,303.9,314.98,320.2395999999997,,245.72845000000027,,,,0,0,0,0,0,0,0,0,0,245.72845000000027,270.5491999999998,320.2395999999997,323.5155000000002,311.4620000000001,305.78,320.2395999999997,,245.72845000000027,,,,0,0,0,0,0,0,0,0,0,137.70861629757442,138.3677275586812,,,,,0,53210820,34557739.58,46.209352448664994,44.04680894286815,,,,,46.209352448664994,
2026-02-23,319.045,319.515,309.865,311.49,320.12779999999975,,246.4697500000003,,,,0,0,0,0,0,0,0,0,0,246.4697500000003,271.39206666666655,320.12779999999975,322.6935000000002,310.3250000000001,306.93399999999997,320.12779999999975,,246.4697500000003,,,,0,0,0,0,0,0,0,0,0,135.2438374879876,138.08373755225452,,,,,0,31422974,34582318.52,43.32858010171395,42.13962247963582,,,,,,
2026-02-24,310.515,312.27,305.93,310.9,319.94159999999977,,247.26735000000025,,,,0,0,0,0,0,0,0,0,0,247.26735000000025,272.19739999999985,319.94159999999977,321.5755000000002,308.98300000000006,308.7099999999999,319.94159999999977,,247.26735000000025,,,,0,0,0,0,0,0,0,0,0,136.40471851810685,137.9310994582411,,,,,0,25615646,34426052.98,42.84232590174289,40.63171158437158,,,,,,
2026-02-25,312.06,313.64,309.44,312.9,319.9509999999998,,248.0604500000003,,,,0,0,0,0,0,0,0,0,0,248.0604500000003,273.0077999999999,319.9509999999998,320.4930000000002,308.4150000000001,310.62399999999997,319.9509999999998,,248.0604500000003,,,,0,0,0,0,0,0,0,0,0,136.2397424695866,137.77733973199977,,,,,0,29963621,34178251.46,45.091838740488036,39.90296171347489,,,,,,
2026-02-26,312.64,313.14,302.345,307.38,319.9127999999998,,248.83360000000022,,,,0,0,0,0,0,0,0,0,0,248.83360000000022,273.7887999999999,319.9127999999998,319.0615000000002,308.05700000000013,311.5299999999999,319.9127999999998,,248.83360000000022,,,,0,0,0,0,0,0,0,0,0,132.75612860129107,137.32086599284443,,,,,0,36431231,34188072.68,40.36946176384877,38.985625616914845,,,,,,
2026-02-27,304.135,312.37,303.8,311.76,319.98359999999974,,249.60010000000023,,,,0,0,0,0,0,0,0,0,0,249.60010000000023,274.58606666666657,319.98359999999974,317.7370000000002,308.3330000000001,310.8859999999999,319.98359999999974,,249.60010000000023,,,,0,0,0,0,0,0,0,0,0,135.37380208340872,137.14386018289574,,,,,0,44640640,34497847.7,45.26755733329271,39.025221052687286,,,,,,
2026-03-02,303.225,308.49,301.3,306.52,319.98259999999976,,250.33505000000022,,,,0,0,0,0,0,0,0,0,0,250.33505000000022,275.3416666666665,319.98259999999976,316.1630000000002,308.4130000000001,309.89199999999994,319.98259999999976,,250.33505000000022,,,,0,0,0,0,0,0,0,0,0,133.67854406742944,136.82883144512607,,,,,0,34790203,34581951.36,40.935443273056315,38.6406134195776,,,,,,
2026-03-03,298.59,303.94,296.71,303.58,320.1197999999997,,251.0261000000002,,,,0,0,0,0,0,0,0,0,0,251.0261000000002,276.08166666666654,320.1197999999997,314.15750000000025,308.5690000000001,308.4279999999999,320.1197999999997,,251.0261000000002,,,,0,0,0,0,0,0,0,0,0,132.3436453282144,136.42108725267954,,,,,0,35496961,34413283.42,38.69775629585414,38.45867083577917,,,,,,
2026-03-04,302.89,305.47,300.75,303.13,320.13319999999976,,251.72195000000025,,,,0,0,0,0,0,0,0,0,0,251.72195000000025,276.7975333333332,320.13319999999976,312.32850000000025,308.5490000000001,306.4739999999999,320.13319999999976,,251.72195000000025,,,,0,0,0,0,0,0,0,0,0,133.4077592707236,136.147148345229,,,,,0,29536190,34333646.26,38.35218330164078,38.65101521796829,,,,,,
2026-03-05,303.035,303.3,297.99,300.88,320.00759999999974,,252.39540000000022,,,,0,0,0,0,0,0,0,0,0,252.39540000000022,277.4931999999999,320.00759999999974,310.72050000000024,308.3520000000001,305.17399999999986,320.00759999999974,,252.39540000000022,,,,0,0,0,0,0,0,0,0,0,131.39840075464116,135.71544401881192,,,,,0,35752321,33849827.9,36.59263040410168,38.80977223359758,,,,,,
2026-03-06,296.09,300.53,295.18,298.52,319.7823999999997,,253.05530000000022,,,,0,0,0,0,0,0,0,0,0,253.05530000000022,278.2039999999999,319.7823999999997,309.08400000000023,306.7060000000001,302.5259999999999,319.7823999999997,,253.05530000000022,,,,0,0,0,0,0,0,0,0,0,131.1077016771292,135.2965583513862,,,,,0,25576916,33832767.48,34.78970740204018,38.98993495767342,,,34.78970740204018,,,
2026-03-09,294.36,306.8,294.08,306.36,319.62259999999975,,253.7672000000002,,,,0,0,0,0,0,0,0,0,0,253.7672000000002,278.9855333333332,319.62259999999975,308.25900000000024,306.1930000000001,302.49399999999986,319.62259999999975,,253.7672000000002,,,,0,0,0,0,0,0,0,0,0,136.36181548692065,135.39339990916207,,,,,1,29312149,33909437.06,44.56168218005516,40.02753454626209,,,,,,
2026-03-10,306.17,309.51,305.5704,307.04,319.48159999999973,,254.45960000000022,,,,0,0,0,0,0,0,0,0,0,254.45960000000022,279.73219999999986,319.48159999999973,307.3950000000002,305.8070000000001,303.18599999999986,319.48159999999973,,254.45960000000022,,,,0,0,0,0,0,0,0,0,0,135.53895096807233,135.40663182360845,,,,,0,23239684,34172283.52,45.32695620863104,40.991369654842224,,,,,,
2026-03-11,306.75,311.42,305.92,308.7,319.3853999999997,,255.1487500000002,,,,0,0,0,0,0,0,0,0,0,255.1487500000002,280.49239999999986,319.3853999999997,306.9010000000002,305.38700000000006,304.29999999999984,319.3853999999997,,255.1487500000002,,,,0,0,0,0,0,0,0,0,0,136.56290874129434,135.51174790703445,,,,,0,24125714,34436817.46,47.24157625310287,42.11478940058811,,,,,,
2026-03-12,306.82,308.94,301.03,303.55,319.1851999999997,,255.82415000000023,,,,0,0,0,0,0,0,0,0,0,255.82415000000023,281.2087999999998,319.1851999999997,306.5305000000002,305.0040000000001,304.83399999999983,319.1851999999997,,255.82415000000023,,,,0,0,0,0,0,0,0,0,0,134.3976126768982,135.41046288611298,,,,,0,24928347,34542948.86,42.29318975028889,41.835063493561236,,,,,,
2026-03-13,307.01,307.69,300.44,302.28,318.9537999999997,,256.4710500000002,,,,0,0,0,0,0,0,0,0,0,256.4710500000002,281.91386666666654,318.9537999999997,306.19450000000023,304.0560000000001,305.5859999999999,318.9537999999997,,256.4710500000002,,,,0,0,0,0,0,0,0,0,0,135.9048408343961,135.4554063359569,,,,,1,23693092,34669192.94,41.14853430250182,41.67934593647466,,,,,,
2026-03-16,304.35,306.4886,303.0201,305.56,318.8049999999997,,257.1370500000002,,,,0,0,0,0,0,0,0,0,0,257.1370500000002,282.60813333333317,318.8049999999997,306.1865000000002,303.9600000000001,305.4259999999998,318.8049999999997,,257.1370500000002,,,,0,0,0,0,0,0,0,0,0,138.21657971713762,135.7064220978824,,,,,0,23519709,34812033.34,45.268525545478255,41.85264591102719,,,,,,
2026-03-17,305.86,311.42,305.5,310.92,318.7203999999997,,257.83235000000025,,,,0,0,0,0,0,0,0,0,0,257.83235000000025,283.34093333333317,318.7203999999997,306.63150000000024,304.6940000000001,306.2019999999999,318.7203999999997,,257.83235000000025,,,,0,0,0,0,0,0,0,0,0,139.23100231812845,136.02683848154115,,,,,0,21955171,34610949.06,51.271883800658784,42.294077701039384,,,,,51.271883800658784,
2026-03-18,309.27,312.47,306.932,307.69,318.54339999999974,,258.5121000000002,,,,0,0,0,0,0,0,0,0,0,258.5121000000002,284.03659999999985,318.54339999999974,306.8495000000002,305.15000000000015,305.99999999999983,318.54339999999974,,258.5121000000002,,,,0,0,0,0,0,0,0,0,0,137.44178151540777,136.1554696664381,,,,,0,20009815,34407233.42,47.864705068798926,42.82945222282154,,,,,,
2026-03-19,304.005,308.06,302.35,307.13,318.3991999999997,,259.2026000000002,,,,0,0,0,0,0,0,0,0,0,259.2026000000002,284.73773333333315,318.3991999999997,307.06350000000026,305.77500000000015,306.71599999999984,318.3991999999997,,259.2026000000002,,,,0,0,0,0,0,0,0,0,0,139.08382404663752,136.42168370100168,,,,,0,25075831,34284508.02,47.27809995541393,42.973062410115915,,,,,,
2026-03-20,305.46,306,298.27,301,317.9795999999997,,259.87670000000026,,,,0,0,0,0,0,0,0,0,0,259.87670000000026,285.3914666666665,317.9795999999997,306.36450000000025,306.02300000000014,306.4599999999998,317.9795999999997,,259.87670000000026,,,,0,0,0,0,0,0,0,0,0,136.68398299851054,136.4455290916843,,,,,0,44364080,34469701.12,41.30991961300014,42.9998107201119,,,,,,
2026-03-23,302.11,305.98,300.93,302.06,317.5119999999998,,260.54675000000026,,,,0,0,0,0,0,0,0,0,0,260.54675000000026,286.0458666666665,317.5119999999998,305.8930000000002,305.5930000000002,305.7599999999999,317.5119999999998,,260.54675000000026,,,,0,0,0,0,0,0,0,0,0,139.27324871013406,136.70259451154337,,,,,0,29326946,34418318.02,42.65790611959752,43.282678564665,,,,,,
2026-03-24,299.2,299.92,290.33,290.44,316.74939999999975,,261.15790000000027,,,,0,0,0,0,0,0,0,0,0,261.15790000000027,286.6254666666665,316.74939999999975,304.87000000000023,303.9330000000001,301.6639999999999,316.74939999999975,,261.15790000000027,,,,0,0,0,0,0,0,0,0,0,132.3995325931205,136.31140706441403,,,,,0,36864278,34631320.26,33.558577822918735,42.94027817332771,,,,,,
2026-03-25,293.44,296,289.24,290.93,315.93079999999975,,261.7441500000002,,,,0,0,0,0,0,0,0,0,0,261.7441500000002,287.22119999999984,315.93079999999975,303.77150000000023,302.1560000000001,298.31199999999984,315.93079999999975,,261.7441500000002,,,,0,0,0,0,0,0,0,0,0,133.12112208603554,136.02138115728872,,,,,0,29460669,34542055.08,34.196013896841905,42.769091279952015,,,,,,
2026-03-26,287.91,287.95,278.5,280.92,314.82979999999975,,262.26830000000024,,,,0,0,0,0,0,0,0,0,0,262.26830000000024,287.7651999999998,314.82979999999975,302.44850000000025,299.89300000000014,293.0699999999998,314.82979999999975,,262.26830000000024,,,,0,0,0,0,0,0,0,0,0,127.8480071724498,135.278347158667,,,,,0,39080578,34653314.5,28.23626856228944,42.30098850568411,,,,,,
2026-03-27,277.275,279.37,273.95,274.34,313.59979999999973,,262.74700000000024,,,,0,0,0,0,0,0,0,0,0,262.74700000000024,288.2624666666665,313.59979999999973,300.5775000000002,297.0990000000001,287.73799999999983,313.59979999999973,,262.74700000000024,,,,0,0,0,0,0,0,0,0,0,127.06475204448854,134.5316566937417,,,,,0,35890612,34800615.32,25.135201945566195,40.91338277464918,,,,,,
2026-03-30,276.42,277.09,272.11,273.5,312.4141999999997,,263.22775000000024,,,,0,0,0,0,0,0,0,0,0,263.22775000000024,288.71186666666654,312.4141999999997,298.9265000000002,293.89300000000014,282.02599999999984,312.4141999999997,,263.22775000000024,,,,0,0,0,0,0,0,0,0,0,128.82996329013358,134.0133209297773,,,,,0,35141244,34934592.08,24.761335972172077,39.44440990061639,,,24.761335972172077,,,
2026-03-31,278.04,288.08,277.09,287.56,311.5653999999997,,263.78705000000025,,,,0,0,0,0,0,0,0,0,0,263.78705000000025,289.23899999999986,311.5653999999997,298.1255000000002,291.55700000000013,281.4499999999999,311.5653999999997,,263.78705000000025,,,,0,0,0,0,0,0,0,0,0,135.98939425227746,134.1929639590955,,,,,1,43875400,35005267.34,40.66898665302785,38.97493921489676,,,,,,
2026-04-01,290.835,300.52,290.41,297.39,311.0731999999997,,264.40065000000027,,,,0,0,0,0,0,0,0,0,0,264.40065000000027,289.8406666666665,311.0731999999997,297.8385000000002,290.52700000000016,282.74199999999985,311.0731999999997,,264.40065000000027,,,,0,0,0,0,0,0,0,0,0,136.65710351334832,134.41697664584575,,,,,0,37684462,35051735.68,48.8168682024376,39.440916247193094,,,,,,
2026-04-02,290.69,298.08,289.45,295.77,310.4209999999997,,264.99565000000024,,,,0,0,0,0,0,0,0,0,0,264.99565000000024,290.42926666666654,310.4209999999997,297.5830000000002,289.39100000000013,285.7119999999998,310.4209999999997,,264.99565000000024,,,,0,0,0,0,0,0,0,0,0,134.94531833383266,134.46500770839,,,,,0,21666465,34777332.92,47.6553636695803,39.90568977341298,,,,,,
2026-04-06,295.87,300.62,295.18,299.99,309.8099999999997,,265.61585000000025,,,,0,0,0,0,0,0,0,0,0,265.61585000000025,291.01826666666653,309.8099999999997,297.65650000000016,289.29000000000013,290.8419999999998,309.8099999999997,,265.61585000000025,,,,0,0,0,0,0,0,0,0,0,136.7178717482849,134.66981353019864,,,,,0,16945494,34591170,50.9306086211189,40.310124278815884,,,,,,
2026-04-07,302.725,305.63,297.72,305.46,309.3605999999997,,266.2765500000002,,,,0,0,0,0,0,0,0,0,0,266.2765500000002,291.63526666666655,309.3605999999997,297.61150000000015,289.6300000000001,297.2339999999998,309.3605999999997,,266.2765500000002,,,,0,0,0,0,0,0,0,0,0,138.59723948927828,135.02685225375134,,,,,0,23205361,34509677.74,54.87223105366272,40.56729193974474,,,,,,
2026-04-08,320.445,322.08,315.02,317.32,309.0417999999997,,267.0299500000002,,,,0,0,0,0,0,0,0,0,0,267.0299500000002,292.34173333333314,309.0417999999997,298.12550000000016,292.3180000000001,303.1859999999998,309.0417999999997,,267.0299500000002,,,,0,0,0,0,0,0,0,0,0,143.86927899118007,135.83070922988122,,,,,0,33547140,34659778.14,61.99967356446263,41.57693254657786,,,,,,
2026-04-09,315.905,319.54,311.06,318.49,308.72059999999965,,267.7964500000002,,,,0,0,0,0,0,0,0,0,0,267.7964500000002,292.9272666666665,308.72059999999965,298.6150000000001,295.0740000000001,307.40599999999984,308.72059999999965,,267.7964500000002,,,,0,0,0,0,0,0,0,0,0,140.86618839951527,136.28848006348431,,,,,0,23739173,34701838.32,62.626772864858935,42.67326632582393,,,,,,
2026-04-10,320.015,321.83,316.32,317.24,308.3451999999997,,268.5488000000002,,,,0,0,0,0,0,0,0,0,0,268.5488000000002,293.4935333333332,308.3451999999997,299.2995000000002,298.70600000000013,311.6999999999998,308.3451999999997,,268.5488000000002,,,,0,0,0,0,0,0,0,0,0,139.452896623573,136.57615429621964,,,,,0,19152630,34536202.24,61.45983109359071,44.11254571729469,,,,,,
2026-04-13,317.135,321.63,315.47,321.31,308.00639999999964,,269.3019500000002,,,,0,0,0,0,0,0,0,0,0,269.3019500000002,294.0689333333332,308.00639999999964,300.25100000000015,303.40300000000013,315.9639999999998,308.00639999999964,,269.3019500000002,,,,0,0,0,0,0,0,0,0,0,141.40298376094705,137.01495697483122,,,,,0,18866424,34117818.48,63.823490485274235,45.62437317198588,,,,,,
2026-04-14,324.785,333.29,323.75,332.91,307.9045999999997,,270.0988000000002,,,,0,0,0,0,0,0,0,0,0,270.0988000000002,294.7280666666665,307.9045999999997,301.61850000000015,309.34400000000016,321.45399999999984,307.9045999999997,,270.0988000000002,,,,0,0,0,0,0,0,0,0,0,145.03291351000476,137.74386211439244,,,,,0,27721351,34051766.42,69.55462799318565,48.19551961271923,,,,,,
2026-04-15,332.89,337.48,330.9,337.12,307.7731999999997,,270.89175000000023,,,,0,0,0,0,0,0,0,0,0,270.89175000000023,295.3779999999998,307.7731999999997,302.92850000000016,314.3000000000001,325.4139999999998,307.7731999999997,,270.89175000000023,,,,0,0,0,0,0,0,0,0,0,145.15622062206936,138.41771288781763,,,,,0,24918842,33910022.22,71.32985095858866,50.84793654570114,,,,,,
2026-04-16,338.75,339.88,334.52,336.02,307.6993999999997,,271.6907000000002,,,,0,0,0,0,0,0,0,0,0,271.6907000000002,296.0236666666665,307.6993999999997,304.34500000000014,318.1630000000001,328.9199999999998,307.6993999999997,,271.6907000000002,,,,0,0,0,0,0,0,0,0,0,143.53776755100415,138.88317240265278,,,,,0,20541487,33590717.78,70.1784393563664,53.84380588813521,,,,,,
2026-04-17,337.65,342.32,336.24,341.68,307.87219999999974,,272.51990000000023,,,,0,0,0,0,0,0,0,0,0,272.51990000000023,296.69906666666645,307.87219999999974,306.07250000000016,322.75400000000013,333.8079999999998,307.87219999999974,,272.51990000000023,,,,0,0,0,0,0,0,0,0,0,145.57559765327093,139.4915746981635,,,,,0,25581881,32689987.44,72.62689260267155,57.23606950649988,,,,,72.62689260267155,
2026-04-20,340.755,341.4,336.61,337.42,307.99559999999974,,273.31380000000024,,,,0,0,0,0,0,0,0,0,0,273.31380000000024,297.34319999999985,307.99559999999974,307.8935000000002,326.4970000000001,337.0299999999998,307.99559999999974,,273.31380000000024,,,,0,0,0,0,0,0,0,0,0,142.05064516808048,139.72421746815596,,,,,0,18784226,31301554.98,68.09524543214057,60.33134875364049,,,,,,
2026-04-21,337.685,339.34,331.35,332.29,308.1841999999997,,274.07760000000025,,,,0,0,0,0,0,0,0,0,0,274.07760000000025,297.88106666666647,308.1841999999997,309.40500000000014,329.1800000000002,336.9059999999998,308.1841999999997,,274.07760000000025,,,,0,0,0,0,0,0,0,0,0,140.22390925471896,139.76964399420714,,,,,0,23123795,30636421.2,62.997540762661856,61.9262454757572,,,62.997540762661856,,,
2026-04-22,337.02,339.82,335.17,339.32,308.4841999999997,,274.8902500000002,,,,0,0,0,0,0,0,0,0,0,274.8902500000002,298.4687999999998,308.4841999999997,311.84900000000016,331.38000000000017,337.3459999999998,308.4841999999997,,274.8902500000002,,,,0,0,0,0,0,0,0,0,0,144.10491476524697,140.16375951884712,,,,,0,20293014,30249480.38,66.67883630786869,63.20210034043085,,,,,,
2026-04-23,341.18,341.96,336.18,338.89,308.89039999999966,,275.7129000000002,,,,0,0,0,0,0,0,0,0,0,275.7129000000002,299.06453333333315,308.89039999999966,314.2470000000002,333.42000000000013,337.91999999999973,308.89039999999966,,275.7129000000002,,,,0,0,0,0,0,0,0,0,0,142.43284780236172,140.37004027189388,,,,,0,18650256,29839085.26,66.2447070118711,64.52991057916591,,,,,,
2026-04-24,338.725,345.27,335.39,344.4,309.5591999999997,,276.55180000000024,,,,0,0,0,0,0,0,0,0,0,276.55180000000024,299.6803333333332,309.5591999999997,317.42100000000016,336.1360000000001,338.46399999999977,309.5591999999997,,276.55180000000024,,,,0,0,0,0,0,0,0,0,0,145.34895989398473,140.8226693284476,,,,,0,26426061,29459478.38,69.02746631149265,65.82254327133546,,,,,,
2026-04-27,345.98,353.18,342.73,350.34,310.3859999999997,,277.4154000000002,,,,0,0,0,0,0,0,0,0,0,277.4154000000002,300.3177999999998,310.3859999999997,321.2210000000002,339.0390000000001,341.0479999999997,310.3859999999997,,277.4154000000002,,,,0,0,0,0,0,0,0,0,0,146.6866339058795,141.35575701730505,,,,,0,28576887,29075790.36,71.73288665104306,67.02687581400549,,,,,,
2026-04-28,348.55,352.42,346.12,349.78,311.2671999999997,,278.26335000000023,,,,0,0,0,0,0,0,0,0,0,278.26335000000023,300.9661333333331,311.2671999999997,325.0350000000002,340.72600000000006,344.5459999999997,311.2671999999997,,278.26335000000023,,,,0,0,0,0,0,0,0,0,0,146.27149452461134,141.802642245242,,,,,0,27824052,28862277.38,71.10232423781234,67.67706514781618,,,,,,
2026-04-29,347.565,355.79,344.21,349.94,312.2255999999997,,279.10525000000024,,,,0,0,0,0,0,0,0,0,0,279.10525000000024,301.6213333333331,312.2255999999997,328.15400000000017,342.00800000000004,346.66999999999973,312.2255999999997,,279.10525000000024,,,,0,0,0,0,0,0,0,0,0,147.05812313256692,142.2804132349988,,,,,0,35376328,28784852.82,71.18027426199627,68.288029533326,,,,,,
2026-04-30,374.07,385.84,365.82,384.8,313.85499999999973,,280.1192500000002,,,,0,0,0,0,0,0,0,0,0,280.1192500000002,302.5390666666665,313.85499999999973,332.52450000000016,346.8860000000001,355.85199999999975,313.85499999999973,,280.1192500000002,,,,0,0,0,0,0,0,0,0,0,161.77220724331414,144.05239450848202,,,,,0,72039993,29656011.18,82.35075014385535,69.78023803691632,,,,,,
2026-05-01,381.63,386.76,379.05,385.69,315.51179999999965,,281.13285000000025,,,,0,0,0,0,0,0,0,0,0,281.13285000000025,303.47173333333313,315.51179999999965,337.0205000000002,351.2870000000001,364.1099999999998,315.51179999999965,,281.13285000000025,,,,0,0,0,0,0,0,0,0,0,160.5030919597948,145.54791245860136,,,,,0,30105227,29741427.82,82.53685241078924,71.11690674588168,,,,,,
2026-05-04,385.63,387.38,379.79,383.25,316.8771999999997,,282.13120000000026,,,,0,0,0,0,0,0,0,0,0,282.13120000000026,304.38313333333315,316.8771999999997,341.18350000000015,355.87000000000006,370.6919999999997,316.8771999999997,,282.13120000000026,,,,0,0,0,0,0,0,0,0,0,159.022476836452,146.77287285658778,,,,,0,26298574,29203182.9,80.04487864714457,71.8662103640216,,,,,,
2026-05-05,386.23,392.8199,384.02,388.43,318.4159999999997,,283.14805000000024,,,,0,0,0,0,0,0,0,0,0,283.14805000000024,305.3456666666665,318.4159999999997,345.33200000000016,361.48400000000004,378.42199999999974,318.4159999999997,,283.14805000000024,,,,0,0,0,0,0,0,0,0,0,161.82875140957344,148.1415890886774,,,,,0,23878626,29052295.94,81.33338273998808,72.58074834840728,,,,,,
2026-05-06,394.245,399.8499,392.76,398.04,320.1587999999997,,284.1877500000002,,,,0,0,0,0,0,0,0,0,0,284.1877500000002,306.37859999999984,320.1587999999997,349.36800000000017,367.3560000000001,388.04199999999975,320.1587999999997,,284.1877500000002,,,,0,0,0,0,0,0,0,0,0,164.49723868024208,149.62846632427417,,,,,0,31308476,29166152.54,83.46632516530755,73.52988304904592,,,,,,
2026-05-07,399.92,400.1,392.68,397.99,321.8605999999997,,285.22100000000023,,,,0,0,0,0,0,0,0,0,0,285.22100000000023,307.3991999999998,321.8605999999997,353.3430000000002,373.2660000000001,390.6799999999997,321.8605999999997,,285.22100000000023,,,,0,0,0,0,0,0,0,0,0,162.11163173394561,150.76329954333522,,,,,0,24433490,29055549.92,83.41292063032711,74.3003136224499,,,,,,
2026-05-08,397,402,396.36,400.8,323.7289999999997,,286.2738500000002,,,,0,0,0,0,0,0,0,0,0,286.2738500000002,308.43326666666644,323.7289999999997,357.5210000000002,378.90600000000006,393.70199999999977,323.7289999999997,,286.2738500000002,,,,0,0,0,0,0,0,0,0,0,163.8794619127448,151.95567794055427,,,,,0,21461849,28756162.28,84.03130330849636,75.43860347076102,,,,,84.03130330849636,
2026-05-11,393.645,397.44,388.47,388.64,325.2665999999997,,287.2562000000002,,,,0,0,0,0,0,0,0,0,0,287.2562000000002,309.38853333333316,325.2665999999997,360.88750000000016,382.73600000000005,394.77999999999975,325.2665999999997,,287.2562000000002,,,,0,0,0,0,0,0,0,0,0,157.57975488314509,152.46695766260797,,,,,0,30753738,28478424.24,71.59278649415465,76.05254959443907,,,,,,
2026-05-12,387.34,388.52,382.77,387.35,326.88319999999965,,288.2270500000002,,,,0,0,0,0,0,0,0,0,0,288.2270500000002,310.3013333333331,326.88319999999965,363.60950000000014,386.49300000000005,394.56399999999974,326.88319999999965,,288.2270500000002,,,,0,0,0,0,0,0,0,0,0,156.76156943685626,152.85737691481236,,,,,0,26017488,28302969.94,70.40221726439133,76.31850537704783,,,,,,
2026-05-13,385.595,403.7,385,402.62,328.86399999999963,,289.2772500000002,,,,0,0,0,0,0,0,0,0,0,289.2772500000002,311.3470666666665,328.86399999999963,366.8845000000001,391.7610000000001,395.47999999999973,328.86399999999963,,289.2772500000002,,,,0,0,0,0,0,0,0,0,0,163.20293150762672,153.79788187779548,,,,,0,28144555,28155921.82,75.57922525977443,76.9852566804695,,,,,,
2026-05-14,397.28,402.93,395.84,401.07,330.8227999999997,,290.3038500000002,,,,0,0,0,0,0,0,0,0,0,290.3038500000002,312.3900666666665,330.8227999999997,370.1370000000001,393.38800000000003,396.0959999999997,330.8227999999997,,290.3038500000002,,,,0,0,0,0,0,0,0,0,0,161.62922842565948,154.50982247305583,,,,,0,21136716,27987932.34,74.16123273142972,77.35195428189357,,,,,,
2026-05-15,396.315,399.5399,393.18,396.78,332.74079999999964,,291.30510000000015,,,,0,0,0,0,0,0,0,0,0,291.30510000000015,313.4250666666665,332.74079999999964,372.8920000000001,394.497,395.2919999999997,332.74079999999964,,291.30510000000015,,,,0,0,0,0,0,0,0,0,0,158.685552407932,154.8894342853173,,,,,0,20309702,27679079.96,70.23363560085821,77.2448649211661,,,,,,
2026-05-18,395.685,408.61,394.53,396.94,334.70919999999967,,292.3303000000002,,,,0,0,0,0,0,0,0,0,0,292.3303000000002,314.49419999999986,334.70919999999967,375.8680000000001,395.86600000000004,396.95199999999966,334.70919999999967,,292.3303000000002,,,,0,0,0,0,0,0,0,0,0,160.73720825701324,155.421050100926,,,,,0,26837196,27704285.56,70.29681861427053,77.18732880519882,,,,,,
2026-05-19,396.96,397.15,386.11,387.66,336.3351999999997,,293.3229500000002,,,,0,0,0,0,0,0,0,0,0,293.3229500000002,315.4509333333332,336.3351999999997,378.6365000000001,395.78900000000004,397.01399999999967,336.3351999999997,,293.3229500000002,,,,0,0,0,0,0,0,0,0,0,157.0949231666991,155.57322037963266,,,,,0,39545672,27908956.02,62.06770756276604,76.53643118382524,,,,,,
2026-05-20,387.7,393.8599,382.9,388.91,337.97259999999966,,294.2923000000002,,,,0,0,0,0,0,0,0,0,0,294.2923000000002,316.40733333333316,337.97259999999966,381.1160000000001,394.87600000000003,394.27199999999965,337.97259999999966,,294.2923000000002,,,,0,0,0,0,0,0,0,0,0,158.66063245041218,155.85389420424897,,,,,0,31744404,28079050.42,62.70108153343776,75.13288342593827,,,,,,
2026-05-21,385.7,392.5,383.02,387.66,339.5517999999996,,295.25725000000017,,,,0,0,0,0,0,0,0,0,0,295.25725000000017,317.3181999999998,339.5517999999996,383.55450000000013,393.84299999999996,391.5899999999997,339.5517999999996,,295.25725000000017,,,,0,0,0,0,0,0,0,0,0,156.46256672980886,155.90922807020897,,,,,0,24852843,28093593,61.5935125717226,73.63693058029064,,,,,,
2026-05-22,387.345,388.74,381.7716,382.97,341.14019999999965,,296.19165000000015,,,,0,0,0,0,0,0,0,0,0,296.19165000000015,318.19493333333315,341.14019999999965,385.4830000000001,392.06000000000006,388.8279999999997,341.14019999999965,,296.19165000000015,,,,0,0,0,0,0,0,0,0,0,154.30454770720937,155.763348037209,,,,,0,20442123,28003868.52,57.49017816133579,72.02588054559003,,,,,,
2026-05-26,384.51,389.2599,382.6,388.88,342.8721999999996,,297.15345000000013,,,,0,0,0,0,0,0,0,0,0,297.15345000000013,319.09879999999987,342.8721999999996,387.41000000000014,392.084,387.21599999999967,342.8721999999996,,297.15345000000013,,,,0,0,0,0,0,0,0,0,0,156.10398368631482,155.79431491440045,,,,,1,27747388,28084954.44,61.01471441307419,70.5745470936676,,,,,,
2026-05-27,386.665,393.88,385.9,388.83,344.53759999999966,,298.09050000000013,,,,0,0,0,0,0,0,0,0,0,298.09050000000013,319.98066666666654,344.53759999999966,389.3625000000001,392.232,387.4499999999997,344.53759999999966,,298.09050000000013,,,,0,0,0,0,0,0,0,0,0,155.13671165869366,155.7345328002453,,,,,0,23087287,28076306,60.9686583785159,68.96757089461106,,,,,,
2026-05-28,388,391.87,385.16,390.13,346.1217999999997,,299.03615000000013,,,,0,0,0,0,0,0,0,0,0,299.03615000000013,320.91179999999986,346.1217999999997,391.3720000000001,390.983,387.6939999999997,346.1217999999997,,299.03615000000013,,,,0,0,0,0,0,0,0,0,0,155.62931079188922,155.72496716312202,,,,,0,24357455,28124351.68,61.77652589883646,67.422114128076,,,,,,
2026-05-29,385.24,385.24,378.46,380.34,347.57479999999964,,299.9211500000001,,,,0,0,0,0,0,0,0,0,0,299.9211500000001,321.7694666666665,347.57479999999964,391.1490000000001,388.90999999999997,386.2299999999997,347.57479999999964,,299.9211500000001,,,,0,0,0,0,0,0,0,0,0,150.85633598726537,155.28236432895324,,,,,0,44415846,28612472.3,52.897140838862285,65.19824538024501,,,,,,
2026-06-01,376.52,378.56,373.52,376.37,348.9595999999997,,300.7932000000001,,,,0,0,0,0,0,0,0,0,0,300.7932000000001,322.59139999999985,348.9595999999997,390.6830000000001,386.869,384.9099999999997,348.9595999999997,,300.7932000000001,,,,0,0,0,0,0,0,0,0,0,148.95812032902157,154.70743305623216,,,,,0,28672120,28684398.08,49.77289764961944,63.63968189134964,,,,,,
2026-06-02,366.59,373.54,358.44,361.85,350.17659999999967,,301.58775000000014,,,,0,0,0,0,0,0,0,0,0,301.58775000000014,323.2709333333332,350.17659999999967,389.6130000000001,383.36,379.5039999999997,350.17659999999967,,301.58775000000014,,,,0,0,0,0,0,0,0,0,0,142.83646602938177,153.6282542356094,,,,,0,50412300,28805362.48,40.37929547646339,61.49518747792621,,,,,,
2026-06-03,362.03,366.45,358.08,358.99,351.3151999999996,,302.3632000000001,,,,0,0,0,0,0,0,0,0,0,302.3632000000001,323.86906666666647,351.3151999999996,388.1410000000001,380.49300000000005,373.5359999999997,351.3151999999996,,302.3632000000001,,,,0,0,0,0,0,0,0,0,0,141.5246452915134,152.5279261497825,,,,,0,55441583,29327655.22,38.82499580181835,58.86988537378649,,,38.82499580181835,,,
2026-06-04,358.9,373.2499,358.21,372.19,352.9501999999996,,303.2066500000001,,,,0,0,0,0,0,0,0,0,0,303.2066500000001,324.56719999999984,352.9501999999996,386.84850000000006,378.821,369.9479999999997,352.9501999999996,,303.2066500000001,,,,0,0,0,0,0,0,0,0,0,147.8182128687115,152.09977039695787,,,,,0,44055520,29471480.06,48.649550024172406,57.04762232326811,,,,,,
2026-06-05,366.34,372.08,364.1207,368.53,354.50219999999956,,304.04145000000005,,,,0,0,0,0,0,0,0,0,0,304.04145000000005,325.19359999999983,354.50219999999956,385.3755000000001,376.908,367.5859999999997,354.50219999999956,,304.04145000000005,,,,0,0,0,0,0,0,0,0,0,145.77312138728323,151.52462048698743,,,,,0,37471206,29631690.8,46.42333543671703,55.34688659725803,,,,,,
2026-06-08,365.18,366.2,360.5309,363.31,356.14999999999964,,304.86140000000006,,,,0,0,0,0,0,0,0,0,0,304.86140000000006,325.73913333333314,356.14999999999964,383.5010000000001,374.942,364.9739999999997,356.14999999999964,,304.86140000000006,,,,0,0,0,0,0,0,0,0,0,147.61238560998302,151.16896277089612,,,,,0,27942464,29408928.52,43.374744021969825,53.42388126923654,,,,,,
2026-06-09,367.09,372.08,357.3,364.26,357.9483999999996,,305.68395000000004,,,,0,0,0,0,0,0,0,0,0,305.68395000000004,326.29293333333317,357.9483999999996,382.28200000000004,372.47999999999996,365.4559999999997,357.9483999999996,,305.68395000000004,,,,0,0,0,0,0,0,0,0,0,147.55891392059112,150.84077651177748,,,,,0,29535072,29281817.72,44.09428719423993,52.14006552862754,,,,,,
2026-06-10,363.19,368.555,355.2,356.38,359.6059999999996,,306.4354000000001,,,,0,0,0,0,0,0,0,0,0,306.4354000000001,326.7773333333331,359.6059999999996,380.73350000000005,369.23499999999996,364.9339999999997,359.6059999999996,,306.4354000000001,,,,0,0,0,0,0,0,0,0,0,144.7393003062277,150.2860968567275,,,,,0,32357132,29226135.48,39.59936484199815,50.489942907810416,,,,,,
2026-06-11,355.925,358.8,346.36,357.77,361.0101999999996,,307.18180000000007,,,,0,0,0,0,0,0,0,0,0,307.18180000000007,327.3121999999998,361.0101999999996,378.49100000000004,365.99899999999997,362.04999999999967,361.0101999999996,,307.18180000000007,,,,0,0,0,0,0,0,0,0,0,147.69643594330535,150.0506731373255,,,,,0,35538165,29059390.78,40.746791681341506,49.00089141564034,,,,,,
2026-06-12,362.62,366.57,354.94,359.68,362.25599999999963,,307.94450000000006,,,,0,0,0,0,0,0,0,0,0,307.94450000000006,327.8146666666665,362.25599999999963,376.42150000000004,363.93299999999994,360.27999999999963,362.25599999999963,,307.94450000000006,,,,0,0,0,0,0,0,0,0,0,145.92842334173167,149.6759231559079,,,,,0,24731020,28800321.94,42.36695325653986,47.92066106529778,,,,,,
2026-06-15,367.93,372.99,366.55,369.35,363.72759999999965,,308.75385000000006,,,,0,0,0,0,0,0,0,0,0,308.75385000000006,328.3786666666665,363.72759999999965,375.05000000000007,363.23099999999994,361.4879999999997,363.72759999999965,,308.75385000000006,,,,0,0,0,0,0,0,0,0,0,149.10279958823648,149.6238210133923,,,,,0,27727493,28921542.5,49.844255396773455,47.122771135562004,,,,,,
2026-06-16,369.6,376,367.06,373.25,365.19279999999964,,309.56190000000004,,,,0,0,0,0,0,0,0,0,0,309.56190000000004,329.00813333333315,365.19279999999964,373.8655,364.371,363.2859999999997,365.19279999999964,,309.56190000000004,,,,0,0,0,0,0,0,0,0,0,148.22723012649783,149.4968582054928,,,,,0,24876095,29080154.52,52.51977965485172,46.51927979815742,,,,,52.51977965485172,
2026-06-17,369.125,372.33,362.02,363.79,366.35939999999965,,310.31630000000007,,,,0,0,0,0,0,0,0,0,0,310.31630000000007,329.4993999999998,366.35939999999965,372.672,364.85099999999994,364.7679999999997,366.35939999999965,,310.31630000000007,,,,0,0,0,0,0,0,0,0,0,145.29631197629186,149.11499036647453,,,,,0,24543644,29106920.18,46.09636311782392,45.39926817094224,,,,,,
2026-06-18,365.75,369.48,358.67,368.03,367.37359999999967,,311.09970000000004,,,,0,0,0,0,0,0,0,0,0,311.09970000000004,330.0108666666665,367.37359999999967,371.62800000000004,364.43499999999995,366.8199999999997,367.37359999999967,,311.09970000000004,,,,0,0,0,0,0,0,0,0,0,148.7969854894334,149.08608083219806,,,,,0,44470070,29325378.78,49.10112967647168,45.12812451648578,,,,,,
2026-06-22,357.945,358.92,341.7219,349.68,367.99739999999963,,311.69480000000004,,,,0,0,0,0,0,0,0,0,0,311.69480000000004,330.43066666666647,367.99739999999963,369.729,362.54999999999995,364.81999999999977,367.99739999999963,,311.69480000000004,,,,0,0,0,0,0,0,0,0,0,139.86137053583926,148.24747080525634,,,,,0,52814764,29906890.6,38.97518130785365,44.3568590635025,,,,,,
2026-06-23,340.69,349.29,340.2,346.13,368.5751999999996,,312.2639500000001,,,,0,0,0,0,0,0,0,0,0,312.2639500000001,330.88106666666647,368.5751999999996,367.887,360.832,360.1759999999997,368.5751999999996,,312.2639500000001,,,,0,0,0,0,0,0,0,0,0,138.95631879969704,147.40282062293278,,,,,0,34007652,30203991.04,37.36957398841419,44.14187895721327,,,,,,
2026-06-24,349.035,353.476,341.93,345.29,369.05479999999966,,312.81540000000007,,,,0,0,0,0,0,0,0,0,0,312.81540000000007,331.3402666666665,369.05479999999966,365.7075,358.935,354.5839999999997,369.05479999999966,,312.81540000000007,,,,0,0,0,0,0,0,0,0,0,140.63906482292325,146.78793373202282,,,,,0,44997277,30726608.1,36.981361318258635,44.01019077981614,,,,,,
2026-06-25,336.73,345.57,335.84,343.71,369.27079999999967,,313.3637500000001,,,,0,0,0,0,0,0,0,0,0,313.3637500000001,331.7315333333332,369.27079999999967,363.4515,357.668,350.5679999999997,369.27079999999967,,313.3637500000001,,,,0,0,0,0,0,0,0,0,0,140.13326610683845,146.18296394791514,,,,,0,44564576,31063472.6,36.2191896995529,43.12230789948618,,,,,,
2026-06-26,342.55,346.36,330.2,337.39,369.2761999999997,,313.8525500000001,,,,0,0,0,0,0,0,0,0,0,313.8525500000001,332.0855999999998,369.2761999999997,360.8145,355.63,344.4399999999997,369.2761999999997,,313.8525500000001,,,,0,0,0,0,0,0,0,0,0,137.57020066653257,145.39998546778946,,,,,0,114706326,32859222.28,33.26585140467594,42.18248761148324,,,33.26585140467594,,,
2026-06-29,341.825,354.35,340.67,353.65,369.6287999999996,,314.4249500000001,,,,0,0,0,0,0,0,0,0,0,314.4249500000001,332.4911999999998,369.6287999999996,359.47999999999996,355.02700000000004,345.2339999999997,369.6287999999996,,314.4249500000001,,,,0,0,0,0,0,0,0,0,0,144.26783681872388,145.29706286332896,,,,,0,34213932,33132671.18,45.56420979413338,42.33887802378063,,,,,,
2026-06-30,353.865,358.62,350.4,357.37,369.94259999999963,,315.0099500000001,,,,0,0,0,0,0,0,0,0,0,315.0099500000001,332.9439999999998,369.94259999999963,358.53,353.82900000000006,347.4819999999997,369.94259999999963,,315.0099500000001,,,,0,0,0,0,0,0,0,0,0,144.0924785261067,145.18755519630875,,,,,0,35237231,33325778.18,47.92852816225683,42.61275237863898,,,,,,
2026-07-01,358.37,362.97,356.43,361.21,370.4183999999996,,315.6120000000001,,,,0,0,0,0,0,0,0,0,0,315.6120000000001,333.35433333333316,370.4183999999996,358.49799999999993,352.62500000000006,350.6659999999997,370.4183999999996,,315.6120000000001,,,,0,0,0,0,0,0,0,0,0,144.49633035352352,145.12471657423737,,,,,0,26736445,33484822.56,50.326895473602406,43.37900456661072,,,,,,
2026-07-02,359.48,364.205,353.42,359.91,370.97079999999966,,316.1535000000001,,,,0,0,0,0,0,0,0,0,0,316.1535000000001,333.6298666666665,370.97079999999966,358.544,352.237,353.9059999999997,370.97079999999966,,316.1535000000001,,,,0,0,0,0,0,0,0,0,0,144.28662489326135,145.04852642142137,,,,,0,25999346,33542333.58,49.495743375688114,44.00392968763547,,,,,,
2026-07-06,361.55,367.93,357.3805,366.46,371.51359999999966,,316.73000000000013,,,,0,0,0,0,0,0,0,0,0,316.73000000000013,333.91666666666646,371.51359999999966,358.2575,352.08000000000004,359.7199999999997,371.51359999999966,,316.73000000000013,,,,0,0,0,0,0,0,0,0,0,146.91230001977752,145.21796038490828,,,,,1,26915808,33674789.46,53.64929260568427,44.80981106971721,,,,,,
2026-07-07,369.07,373.16,365.5,367.03,372.07639999999964,,317.3175000000001,,,,0,0,0,0,0,0,0,0,0,317.3175000000001,334.23053333333314,372.07639999999964,358.1825,353.81500000000005,362.39599999999973,372.07639999999964,,317.3175000000001,,,,0,0,0,0,0,0,0,0,0,146.08294869736764,145.29659568604094,,,,,0,24045581,33782695.96,54.003805082111256,45.106921761527055,,,,,54.003805082111256,
2026-07-08,364.76,367.84,358.02,361.92,372.4267999999996,,317.86695000000014,,,,0,0,0,0,0,0,0,0,0,317.86695000000014,334.5087999999998,372.4267999999996,358.11299999999994,355.39400000000006,363.30599999999976,372.4267999999996,,317.86695000000014,,,,0,0,0,0,0,0,0,0,0,144.69372388840395,145.24178915898304,,,,,0,22094769,33696070.12,50.290251515366656,44.94766975156383,,,,,,
2026-07-09,354.31,359.65,351.08,358.89,372.5977999999996,,318.38780000000014,,,,0,0,0,0,0,0,0,0,0,318.38780000000014,334.80213333333313,372.5977999999996,357.8445,356.754,362.84199999999976,372.5977999999996,,318.38780000000014,,,,0,0,0,0,0,0,0,0,0,143.88770913211923,145.11869097472268,,,,,0,24729093,33619114.24,48.17485325002918,45.096133332435635,,,,,,
2026-07-10,357.525,357.82,352.75,357.18,372.74579999999963,,318.9110500000001,,,,0,0,0,0,0,0,0,0,0,318.9110500000001,335.07793333333314,372.74579999999963,357.88449999999995,358.101,362.2959999999997,372.74579999999963,,318.9110500000001,,,,0,0,0,0,0,0,0,0,0,142.04548467318165,144.8393085836735,,,,,0,18146147,33425556.14,46.973961964536315,44.94419278158311,,,,,,
2026-07-13,356.19,358.13,351.75,352.51,372.79719999999963,,319.4153000000001,,,,0,0,0,0,0,0,0,0,0,319.4153000000001,335.29713333333314,372.79719999999963,357.62149999999997,359.61300000000006,359.50599999999974,372.79719999999963,,319.4153000000001,,,,0,0,0,0,0,0,0,0,0,139.60073342758588,144.36307447857462,,,,,0,15901732,33036064.22,43.7653365510421,45.28634672752514,,,,,,
2026-07-14,351.195,360.16,351.09,359.51,372.2913999999997,,319.97715000000017,,,,0,0,0,0,0,0,0,0,0,319.97715000000017,335.5763999999998,372.2913999999997,357.61299999999994,360.199,358.0019999999998,372.2913999999997,,319.97715000000017,,,,0,0,0,0,0,0,0,0,0,143.51047324538877,144.28556527555773,,,,,0,18259355,31960451.46,49.350117136997916,46.14209980956684,,,,,,
2026-07-15,357.97,373.65,357.76,370.92,371.9959999999997,,320.6028000000001,,,,0,0,0,0,0,0,0,0,0,320.6028000000001,335.9073999999998,371.9959999999997,357.69149999999996,361.55400000000003,359.8019999999998,371.9959999999997,,320.6028000000001,,,,0,0,0,0,0,0,0,0,0,147.51066799759795,144.57875643210684,,,,,1,28284564,31924038.2,56.869154965882466,47.56265649868282,,,,,56.869154965882466,
2026-07-16,373.06,375.27,352.3001,354.46,371.4201999999997,,321.1424000000002,,,,0,0,0,0,0,0,0,0,0,321.1424000000002,336.17899999999986,371.4201999999997,356.75199999999995,360.879,358.9159999999998,371.4201999999997,,321.1424000000002,,,,0,0,0,0,0,0,0,0,0,140.4283978659342,144.20145110790932,,,,,0,41158466,32221236.04,46.21147798744347,48.2763913763893,,,,,,
2026-07-17,346,348.52,341.36,346.77,370.5869999999997,,321.6560000000001,,,,0,0,0,0,0,0,0,0,0,321.6560000000001,336.37693333333317,370.5869999999997,355.90099999999995,359.565,356.83399999999983,370.5869999999997,,321.6560000000001,,,,0,0,0,0,0,0,0,0,0,138.08624367348617,143.6455231593254,,,,,0,29959283,32342849.18,42.22963359814502,48.916661533065664,,,,,,
2026-07-20,350.88,359.68,350.52,351.99,369.6659999999997,,322.2004500000001,,,,0,0,0,0,0,0,0,0,0,322.2004500000001,336.5887999999998,369.6659999999997,355.099,358.11800000000005,356.72999999999985,369.6659999999997,,322.2004500000001,,,,0,0,0,0,0,0,0,0,0,141.59478337125842,143.45909226950113,,,,,0,24736644,32211412.54,45.65289220373843,48.92299599089459,,,,,,
2026-07-21,351.32,351.32,347,347.15,368.64919999999967,,322.7117000000002,,,,0,0,0,0,0,0,0,0,0,322.7117000000002,336.8202666666665,368.64919999999967,354.97249999999997,356.13000000000005,354.2579999999998,368.64919999999967,,322.7117000000002,,,,0,0,0,0,0,0,0,0,0,139.91815436205545,143.1371888233697,,,,,0,23369833,32190139.4,43.102557567287356,48.57828380553963,,,,,,
2026-07-22,348.155,349.94,341.73,342.09,367.4749999999997,,323.19370000000015,,,,0,0,0,0,0,0,0,0,0,323.19370000000015,337.0389333333331,367.4749999999997,354.77049999999997,354.14700000000005,348.4919999999998,367.4749999999997,,323.19370000000015,,,,0,0,0,0,0,0,0,0,0,136.66835348639003,142.54911288364428,,,,,0,39334140,32547585.22,40.5520228773969,47.88007862009637,,,,,,
2026-07-23,321.13,324.49,314.9,317.69,366.0559999999997,,323.55540000000013,,,,0,0,0,0,0,0,0,0,0,323.55540000000013,337.1020666666665,366.0559999999997,353.3904999999999,350.0270000000001,341.1379999999998,366.0559999999997,,323.55540000000013,,,,0,0,0,0,0,0,0,0,0,127.093623649146,141.1440684077808,,,,,0,69419700,33320904.46,31.01985049916695,46.560371986059145,,,31.01985049916695,,,
2026-07-24,318.42,324.18,317.32,319.74,364.70379999999966,,323.90195000000017,,,,0,0,0,0,0,0,0,0,0,323.90195000000017,337.18986666666643,364.70379999999966,352.1919999999999,346.2830000000001,335.73199999999986,364.70379999999966,,323.90195000000017,,,,0,0,0,0,0,0,0,0,0,129.47909776871887,140.08361653150243,,,,,0,31806553,33436685.76,32.45637308859013,45.04659202055242,,,,,,
2026-07-27,325.04,330.42,324.45,326.56,363.18259999999975,,324.30595000000017,,,,0,0,0,0,0,0,0,0,0,324.30595000000017,337.3887999999998,363.18259999999975,351.6504999999999,343.68800000000005,330.64599999999984,363.18259999999975,,324.30595000000017,,,,0,0,0,0,0,0,0,0,0,132.175208243951,139.3646703235432,,,,,0,28471593,33443226.52,37.14598144333816,43.842461760640056,,,,,,
2026-07-28,327.9,335.88,324.44,333.71,361.8353999999997,,324.75140000000016,,,,0,0,0,0,0,0,0,0,0,324.75140000000016,337.5971333333331,361.8353999999997,350.65349999999995,341.10800000000006,327.95799999999986,361.8353999999997,,324.75140000000016,,,,0,0,0,0,0,0,0,0,0,135.04730763316147,138.97218280623576,,,,,0,29511940,33610731,41.71492611852414,43.229938518008446,,,,,,
2026-07-29,334.665,342.5,331.62,336.71,360.63399999999973,,325.2273000000002,,,,0,0,0,0,0,0,0,0,0,325.2273000000002,337.7941333333331,360.63399999999973,349.62049999999994,337.68700000000007,326.88199999999983,360.63399999999973,,325.2273000000002,,,,0,0,0,0,0,0,0,0,0,135.97522069572662,138.69973170528039,,,,,0,27501632,33754569.6,43.56847702163697,42.90091164455186,,,,,,
2026-07-30,334.195,336.51,330.34,333.66,359.3683999999997,,325.71275000000014,,,,0,0,0,0,0,0,0,0,0,325.71275000000014,337.95333333333315,359.3683999999997,348.24299999999994,335.6070000000001,330.0759999999999,359.3683999999997,,325.71275000000014,,,,0,0,0,0,0,0,0,0,0,136.81786185357052,138.5286526278522,,,,,0,30168000,33821185.68,42.10252885007777,42.55295213637625,,,,,,
2026-07-31,340.83,358.58,340,356.13,358.7377999999997,,326.2726500000001,,,,0,0,0,0,0,0,0,0,0,326.2726500000001,338.23186666666646,358.7377999999997,348.0539999999999,336.543,337.3539999999999,358.7377999999997,,326.2726500000001,,,,0,0,0,0,0,0,0,0,0,143.6465648331525,138.9939173737886,,,,,1,46498023,33960232.7,54.30178588249369,43.30555566005137,,,,,,
2026-08-03,365.445,376.6932,363.35,373.51,358.42979999999966,,326.91295000000014,,,,0,0,0,0,0,0,0,0,0,326.91295000000014,338.62799999999976,358.42979999999966,348.40649999999994,338.69500000000005,346.74399999999986,358.42979999999966,,326.91295000000014,,,,0,0,0,0,0,0,0,0,0,149.60906415727155,139.9589307177416,,,,,0,38669652,34098737.66,61.124820532626245,44.14660590259625,,,,,,
2026-08-04,368.22,380.52,367.5,377.65,358.2295999999996,,327.54605000000015,,,,0,0,0,0,0,0,0,0,0,327.54605000000015,339.0555999999998,358.2295999999996,348.9374999999999,341.74500000000006,355.53199999999987,358.2295999999996,,327.54605000000015,,,,0,0,0,0,0,0,0,0,0,149.0625616735741,140.7865335319082,,,,,0,35705703,34315794.86,62.55886496265072,44.55301375950826,,,,,62.55886496265072,
2026-08-05,383.34,384.48,356.77,362.43,357.8187999999996,,328.10090000000014,,,,0,0,0,0,0,0,0,0,0,328.10090000000014,339.3813999999998,357.8187999999996,348.96299999999985,343.7790000000001,360.67599999999993,357.8187999999996,,328.10090000000014,,,,0,0,0,0,0,0,0,0,0,140.53993268291168,140.7641152729085,,,,,0,46926339,34845479.18,54.58670387352753,45.15124417994283,,,,,,
2026-08-06,360.77,364.1259,356.88,357.75,357.19619999999964,,328.6231500000002,,,,0,0,0,0,0,0,0,0,0,328.6231500000002,339.6740666666664,357.19619999999964,348.90599999999984,347.7850000000001,365.4939999999999,357.19619999999964,,328.6231500000002,,,,0,0,0,0,0,0,0,0,0,138.9581215891656,140.59993402893187,,,,,0,25235895,34795249.32,52.376464707926516,45.876017830641516,,,,,,
2026-08-07,356.72,358.9,353.78,354.3,356.5055999999997,,329.11190000000016,,,,0,0,0,0,0,0,0,0,0,329.11190000000016,339.9493999999998,356.5055999999997,348.7619999999999,351.24100000000004,365.1279999999999,356.5055999999997,,329.11190000000016,,,,0,0,0,0,0,0,0,0,0,137.8606374092732,140.35090706350834,,,,,0,19859905,34730701.68,50.745269677611276,46.23975907877529,,,,,,
2026-08-10,355.175,357.61,352.71,357.52,355.8533999999997,,329.64720000000017,,,,0,0,0,0,0,0,0,0,0,329.64720000000017,340.23186666666646,355.8533999999997,349.0124999999999,354.33700000000005,361.9299999999999,355.8533999999997,,329.64720000000017,,,,0,0,0,0,0,0,0,0,0,138.25854254644452,140.16069210741162,,,,,0,18991368,34623379.94,52.24030920408028,46.8924556242605,,,,,,
2026-08-11,355.89,356.81,343.39,343.8,355.12259999999964,,330.1077500000002,,,,0,0,0,0,0,0,0,0,0,330.1077500000002,340.4135999999998,355.12259999999964,348.22699999999986,355.34600000000006,355.15999999999985,355.12259999999964,,330.1077500000002,,,,0,0,0,0,0,0,0,0,0,133.03048712065225,139.51249165406986,,,,,0,29081802,34316699.06,45.85380719843592,47.27115450433471,,,,,,
2026-08-12,346.31,346.48,340.88,343.54,354.4659999999996,,330.5600500000002,,,,0,0,0,0,0,0,0,0,0,330.5600500000002,340.60826666666645,354.4659999999996,346.85799999999983,356.02900000000005,351.3819999999999,354.4659999999996,,330.5600500000002,,,,0,0,0,0,0,0,0,0,0,133.35834993918377,138.95302422544384,,,,,0,25011987,34243496.4,45.7396891220099,48.32257154882349,,,45.7396891220099,,,
2026-08-13,345.77,347.93,343.76,346.36,354.15619999999967,,330.9922500000001,,,,0,0,0,0,0,0,0,0,0,330.9922500000001,340.77079999999984,354.15619999999967,346.45299999999986,357.2990000000001,349.1039999999999,354.15619999999967,,330.9922500000001,,,,0,0,0,0,0,0,0,0,0,134.10079370200683,138.51191235967684,,,,,0,17866072,33592571.84,47.27245916028754,49.380863411087596,,,,,,
2026-08-14,346.8,350.45,344.5,345.9,353.8943999999997,,331.3754000000001,,,,0,0,0,0,0,0,0,0,0,331.3754000000001,340.9071999999998,353.8943999999997,346.40949999999987,356.2760000000001,347.42399999999986,353.8943999999997,,331.3754000000001,,,,0,0,0,0,0,0,0,0,0,133.05569054454486,138.01589219466484,,,,,0,17808598,32839912.14,47.03903460955942,50.08751006581769,,,,,,
2026-08-17,346.265,347.25,341.93,344,353.3305999999996,,331.75805000000014,,,,0,0,0,0,0,0,0,0,0,331.75805000000014,341.0100666666665,353.3305999999996,346.0099999999999,353.3250000000001,344.7199999999999,353.3305999999996,,331.75805000000014,,,,0,0,0,0,0,0,0,0,0,132.54968044224327,137.5189638535356,,,,,0,18291309,32324627.92,46.028057241639964,50.39559086032596,,,,,,
2026-08-18,342.405,344.8699,340.19,344.2,352.84399999999965,,332.1062000000002,,,,0,0,0,0,0,0,0,0,0,332.1062000000002,341.09233333333316,352.84399999999965,345.8624999999999,349.9800000000001,344.79999999999984,352.84399999999965,,332.1062000000002,,,,0,0,0,0,0,0,0,0,0,133.32369277965566,137.13757557409198,,,,,0,19248828,31960180.36,46.15923353208698,50.58064489678668,,,,,,
2026-08-19,342.455,346.73,340.66,344.72,352.47219999999965,,332.42240000000015,,,,0,0,0,0,0,0,0,0,0,332.42240000000015,341.1506666666665,352.47219999999965,345.9939999999999,348.20900000000006,345.0359999999999,352.47219999999965,,332.42240000000015,,,,0,0,0,0,0,0,0,0,0,134.45037286654812,136.89328441886073,,,,,0,19733808,31796007.24,46.523157852278054,50.89640411122956,,,,,,
2026-08-20,343.06,343.9,338.5651,340.67,352.0003999999997,,332.7198000000002,,,,0,0,0,0,0,0,0,0,0,332.7198000000002,341.18286666666654,352.0003999999997,347.1429999999999,346.5010000000001,343.89799999999985,352.0003999999997,,332.7198000000002,,,,0,0,0,0,0,0,0,0,0,132.5911587731157,136.50218208742936,,,,,0,18570357,31576712.94,44.02709107093707,50.16249733897551,,,44.02709107093707,,,
2026-08-21,342.575,346.2,340.4,344.82,351.7691999999996,,333.02530000000013,,,,0,0,0,0,0,0,0,0,0,333.02530000000013,341.26313333333314,351.7691999999996,348.3969999999999,345.5530000000001,343.68199999999985,351.7691999999996,,333.02530000000013,,,,0,0,0,0,0,0,0,0,0,135.37996848646014,136.40016266915944,,,,,0,20849776,31346565.82,47.15577917213195,49.164708670368775,,,,,,
2026-08-24,343.615,351.6,342.49,348.06,351.57499999999965,,333.3779000000002,,,,0,0,0,0,0,0,0,0,0,333.3779000000002,341.38353333333316,351.57499999999965,349.4719999999999,344.6070000000001,344.4939999999998,351.57499999999965,,333.3779000000002,,,,0,0,0,0,0,0,0,0,0,136.06067989945754,136.36930059918654,,,,,0,26338229,31162567.1,49.52779857425953,48.233918214055116,,,,,49.52779857425953,
2026-08-25,349.64,350.16,345.6,346.96,351.3205999999996,,333.6911500000002,,,,0,0,0,0,0,0,0,0,0,333.6911500000002,341.5499333333332,351.3205999999996,350.13449999999995,344.9230000000001,345.0459999999998,351.3205999999996,,333.6911500000002,,,,0,0,0,0,0,0,0,0,0,136.01189620612422,136.33680929072634,,,,,0,20649680,31080940.3,48.728088672351205,47.815445699685384,,,,,,
2026-08-26,346.62,346.88,340.18,342,350.77359999999965,,333.9774000000002,,,,0,0,0,0,0,0,0,0,0,333.9774000000002,341.6407333333331,350.77359999999965,350.39899999999994,344.76900000000006,344.50199999999984,350.77359999999965,,333.9774000000002,,,,0,0,0,0,0,0,0,0,0,133.6410812162641,136.09174310213885,,,,,0,20420257,30934795.58,45.18523157104868,47.3017861899084,,,,,,
2026-08-27,339.67,341.69,338.52,340.65,350.1215999999996,,334.28650000000016,,,,0,0,0,0,0,0,0,0,0,334.28650000000016,341.70813333333314,350.1215999999996,350.7485,344.1980000000001,344.4979999999998,350.1215999999996,,334.28650000000016,,,,0,0,0,0,0,0,0,0,0,133.14095131388666,135.82348930320683,,,,,0,23391389,30905101.46,44.24236684855208,46.837293130689886,,,,,,
2026-08-28,340.705,349.14,340.27,346.59,349.7775999999996,,334.5689500000002,,,,0,0,0,0,0,0,0,0,0,334.5689500000002,341.8325333333332,349.7775999999996,350.27149999999995,344.2670000000001,344.85199999999986,349.7775999999996,,334.5689500000002,,,,0,0,0,0,0,0,0,0,0,134.49377117290283,135.70260583681556,,,,,0,25347206,30921172.7,49.259388035973,46.6243701901108,,,,,,
2026-08-31,343.825,344.59,337.156,338.72,349.19139999999965,,334.8060000000002,,,,0,0,0,0,0,0,0,0,0,334.8060000000002,341.8689333333332,349.19139999999965,348.5319999999999,343.73900000000015,342.9839999999998,349.19139999999965,,334.8060000000002,,,,0,0,0,0,0,0,0,0,0,132.39748953429742,135.40214071840484,,,,,0,10302024,30237811.78,43.654767025674474,46.467295892056406,,,,,,