time,open,high,low,close,50MA,150MA,200MA,Pivot,Handle Low,Buy Zone Upper,C&H Detected,Qualified Setup,Breakout Wait,Retest Seen,BUY Hold,BUY Retest,Pattern Failed,Breakout Failed,Stop,MA,MA,MA,MA,MA,MA,50MA,150MA,200MA,Pivot,Handle Low,Buy Zone Upper,C&H Detected,Qualified Setup,Breakout Wait,Retest Seen,BUY Hold,BUY Retest,Pattern Failed,Breakout Failed,Stop,Relative Strength Line,Relative Strength Line MA,PlotCandle (開盤價),PlotCandle (最高價,PlotCandle (最低價),PlotCandle (關閉),Shapes,Volume,Volume MA,RSI,RSI-based MA,Upper Bollinger Band,Lower Bollinger Band,Regular Bullish,Regular Bullish Label,Regular Bearish,Regular Bearish Label
2025-06-23,683.69,699.05,678.75,698.53,617.4715999999999,,606.0107750000001,662.67,622.65,,0,0,0,0,0,0,0,0,0,606.0107750000001,619.8538666666668,617.4715999999999,677.8180000000004,694.2829999999999,695.1999999999995,617.4715999999999,,606.0107750000001,662.67,622.65,,0,0,0,0,0,0,0,0,0,351.1465603190428,340.6420859931119,,,,,0,11080055,14476986.24,62.77205916629319,67.5432091853778,,,,,,
2025-06-24,704.885,713.19,702.11,712.2,620.7897999999999,,607.0080750000001,662.67,622.65,,0,0,0,0,0,0,0,0,0,607.0080750000001,620.7352000000002,620.7897999999999,682.0750000000004,696.097,697.2159999999994,620.7897999999999,,607.0080750000001,662.67,622.65,,0,0,0,0,0,0,0,0,0,354.6129895305685,341.91216813288065,,,,,0,13823180,14189980.02,66.4398104108254,67.45550317925836,,,,,,
2025-06-25,713.315,716.58,705.38,708.68,624.0919999999999,,607.9671750000001,662.67,622.65,,0,0,0,0,0,0,0,0,0,607.9671750000001,621.6120000000002,624.0919999999999,685.3930000000003,696.7249999999999,699.5059999999994,624.0919999999999,,607.9671750000001,662.67,622.65,,0,0,0,0,0,0,0,0,0,348.977953740773,342.5545122790527,,,,,0,9320436,14023542.2,64.67290991515567,66.90628164795017,,,,,,
2025-06-26,714.355,728.22,711.05,726.09,627.9841999999999,,609.0962750000001,662.67,622.65,,0,0,0,0,0,0,0,0,0,609.0962750000001,622.7587333333336,627.9841999999999,689.5185000000004,699.9199999999998,705.5699999999995,627.9841999999999,,609.0962750000001,662.67,622.65,,0,0,0,0,0,0,0,0,0,357.5535730407164,343.91806325738577,,,,,0,13964793,14020219.5,69.05618171256597,66.79462478541856,,,,,,
2025-06-27,726.515,735.43,725.86,733.63,632.2263999999999,,610.2404750000001,662.67,622.65,,0,0,0,0,0,0,0,0,0,610.2404750000001,623.9536000000002,632.2263999999999,693.9475000000004,703.9469999999999,715.8259999999995,632.2263999999999,,610.2404750000001,662.67,622.65,,0,0,0,0,0,0,0,0,0,358.39218630160184,345.2338926250418,,,,,0,18775735,14084561.02,70.74891956393685,66.60972316840021,,,,,,
2025-06-30,744.55,747.9,734.25,738.09,636.9419999999998,,611.406975,662.67,622.65,,0,0,0,0,0,0,1,0,0,611.406975,625.1336000000001,636.9419999999998,698.4775000000003,709.469,723.7379999999995,636.9419999999998,,611.406975,662.67,622.65,,0,0,0,0,0,0,1,0,0,358.69776513507037,346.4578810350444,,,,,0,15402105,14017901.62,71.733905010684,66.63677341077822,,,,,71.733905010684,
2025-07-01,736.875,737.7499,715.37,719.22,641.2967999999998,,612.443925,,,,0,0,0,0,0,0,0,0,0,612.443925,626.1582666666668,641.2967999999998,700.8935000000004,711.179,725.1419999999995,641.2967999999998,,612.443925,,,,0,0,0,0,0,0,0,0,0,347.73261304702385,346.5737657634062,,,,,0,13431248,13994656.42,62.1918274007593,65.85464359771032,,,,,,
2025-07-02,715.325,720.3,712.8,713.57,645.8749999999998,,613.383775,,,,0,0,0,0,0,0,0,0,0,613.383775,627.1614666666669,645.8749999999998,703.2295000000004,712.813,726.1199999999995,645.8749999999998,,613.383775,,,,0,0,0,0,0,0,0,0,0,345.3861071761627,346.4657968009295,,,,,0,9336740,13858071.58,59.633986402446936,65.21565538158268,,,59.633986402446936,,,
2025-07-03,726.61,729.03,714.42,719.01,650.2495999999999,,614.355725,,,,0,0,0,0,0,0,0,0,0,614.355725,628.2272666666669,650.2495999999999,704.7825000000004,715.1370000000001,724.7039999999995,650.2495999999999,,614.355725,,,,0,0,0,0,0,0,0,0,0,346.37674410388905,346.45770110119855,,,,,0,8601653,13682116.48,61.28501449312518,64.72547192123508,,,,,,
2025-07-07,717.6,727,713.51,718.35,654.2111999999998,,615.281075,,,,0,0,0,0,0,0,0,0,0,615.281075,629.2488666666668,654.2111999999998,706.4690000000004,718.7370000000001,721.6479999999996,654.2111999999998,,615.281075,,,,0,0,0,0,0,0,0,0,0,343.1958033939765,346.1611649459966,,,,,0,9457080,13507779.88,60.959246875113756,64.6191909257479,,,,,,
2025-07-08,721.57,722.9099,714.81,720.67,657.9615999999997,,616.20285,,,,0,0,0,0,0,0,0,0,0,616.20285,630.2297333333335,657.9615999999997,707.6170000000004,720.9510000000001,718.1639999999995,657.9615999999997,,616.20285,,,,0,0,0,0,0,0,0,0,0,347.0326597634988,346.2403917475877,,,,,1,7770693,13384993.52,61.729348791449695,64.18740500368916,,,,,,
2025-07-09,722.715,737.53,722.715,732.78,661.6717999999997,,617.177,,,,0,0,0,0,0,0,0,0,0,617.177,631.320266666667,661.6717999999997,709.5530000000003,723.0090000000001,720.8759999999995,661.6717999999997,,617.177,,,,0,0,0,0,0,0,0,0,0,353.1180577976744,346.86563411577737,,,,,0,11417963,13271374.36,65.5493878389021,64.2093292601213,,,,,65.5493878389021,
2025-07-10,731.55,735.7999,719.6,727.24,665.2217999999999,,618.0177,,,,0,0,0,0,0,0,0,0,0,618.0177,632.3397333333335,665.2217999999999,710.7950000000003,724.8650000000001,723.6099999999994,665.2217999999999,,618.0177,,,,0,0,0,0,0,0,0,0,0,348.33672614058196,346.99936975439596,,,,,0,9922249,13166239.44,62.47702437469874,64.06711196361573,,,,,,
2025-07-11,722.495,725.16,709.7,717.51,668.4831999999998,,618.7985,,,,0,0,0,0,0,0,0,0,0,618.7985,633.1709333333336,668.4831999999998,711.9635000000003,724.0070000000002,723.3099999999995,668.4831999999998,,618.7985,,,,0,0,0,0,0,0,0,0,0,342.7339036728143,346.6116001106158,,,,,0,10873880,13147016.32,57.38931008711636,64.04563800307666,,,,,,
2025-07-14,717.6,728,716.547,720.92,671.9215999999999,,619.58105,,,,0,0,0,0,0,0,0,0,0,619.58105,633.8860666666669,671.9215999999999,713.3415000000003,722.7360000000001,723.8239999999994,671.9215999999999,,619.58105,,,,0,0,0,0,0,0,0,0,0,345.50316786320195,346.5108335426691,,,,,0,8939399,12740924.88,58.659885011218044,63.75191127771415,,,,,,
2025-07-15,723.9,724.4716,709.82,710.39,674.6851999999999,,620.3163499999999,,,,0,0,0,0,0,0,0,0,0,620.3163499999999,634.5301333333335,674.6851999999999,714.7175000000004,719.9660000000001,721.7679999999995,674.6851999999999,,620.3163499999999,,,,0,0,0,0,0,0,0,0,0,339.97814486603755,345.9169527538844,,,,,0,11529511,12348334.44,53.36787895939694,62.818201888326406,,,,,,
2025-07-16,713.37,713.97,699.2701,702.91,676.8029999999999,,620.98935,,,,0,0,0,0,0,0,0,0,0,620.98935,635.156666666667,676.8029999999999,714.7570000000004,718.3350000000002,715.7939999999995,676.8029999999999,,620.98935,,,,0,0,0,0,0,0,0,0,0,337.733452705657,345.17299820404554,,,,,0,13067627,12114901.78,49.92252698781337,61.76460310780195,,,,,,
2025-07-17,704.39,705.9,697.105,701.41,678.8457999999998,,621.6572,,,,0,0,0,0,0,0,0,0,0,621.6572,635.674266666667,678.8457999999998,714.9660000000003,717.1190000000001,710.6279999999995,678.8457999999998,,621.6572,,,,0,0,0,0,0,0,0,0,0,335.93988227424325,344.333624028609,,,,,0,11803264,12073212.58,49.23607304386829,60.34888106003783,,,49.23607304386829,,,
2025-07-18,702.19,704.71,691.65,704.28,681.1851999999999,,622.3417999999999,,,,0,0,0,0,0,0,0,0,0,622.3417999999999,636.2790000000003,681.1851999999999,715.3915000000004,715.6460000000002,707.9819999999994,681.1851999999999,,622.3417999999999,,,,0,0,0,0,0,0,0,0,0,335.51255686915925,343.5317088322954,,,,,0,12779752,12116794.62,50.6347314790399,58.91215333968804,,,,,,
2025-07-21,706.8,717,705.76,712.965,683.5083,,623.0444249999999,,,,0,0,0,0,0,0,0,0,0,623.0444249999999,636.9033000000004,683.5083,716.9222500000003,715.1075000000003,706.3909999999994,683.5083,,623.0444249999999,,,,0,0,0,0,0,0,0,0,0,339.68075746651465,343.18162234449716,,,,,0,9404391,12041662.92,54.702045114402225,57.69559191852506,,,,,,
2025-07-22,716.19,716.6,701.41,704.81,685.6442999999999,,623.686125,,,,0,0,0,0,0,0,0,0,0,623.686125,637.3841666666669,685.6442999999999,717.2362500000004,713.5215000000002,705.2749999999994,685.6442999999999,,623.686125,,,,0,0,0,0,0,0,0,0,0,335.3262739886354,342.46749976669156,,,,,0,8921064,11927628.1,50.495034048974965,56.86010667911189,,,,,,
2025-07-23,706.365,714.6285,704.93,713.58,688.0661,,624.3899749999999,,,,0,0,0,0,0,0,0,0,0,624.3899749999999,637.9361000000004,688.0661,717.3052500000003,711.6015000000002,707.4089999999994,688.0661,,624.3899749999999,,,,0,0,0,0,0,0,0,0,0,339.2813841699117,342.177852894257,,,,,0,8771615,11894514.68,54.54380734039096,56.496522460393614,,,,,,
2025-07-24,717.05,723.6239,714,714.8,689.5735,,625.050125,,,,0,0,0,0,0,0,0,0,0,625.050125,638.565766666667,689.5735,717.6112500000004,710.3575000000002,710.0869999999994,689.5735,,625.050125,,,,0,0,0,0,0,0,0,0,0,337.22813694192394,341.7278787167722,,,,,0,10920836,11673629.7,55.0940115066974,56.05430796136305,,,,,,
2025-07-25,716.915,720.6499,711.9,712.68,690.7064999999999,,625.6338249999999,,,,0,0,0,0,0,0,0,0,0,625.6338249999999,639.155366666667,690.7064999999999,716.9407500000003,709.8745000000001,711.7669999999995,690.7064999999999,,625.6338249999999,,,,0,0,0,0,0,0,0,0,0,335.99230595157275,341.20646301084497,,,,,0,8271698,11467647.24,53.87370651633724,55.54819793573616,,,,,,
2025-07-28,715.2,724.7352,712.68,717.63,691.8718999999999,,626.2980749999999,,,,0,0,0,0,0,0,0,0,0,626.2980749999999,639.8099666666669,691.8718999999999,716.1407500000003,709.5455000000002,712.6999999999995,691.8718999999999,,626.2980749999999,,,,0,0,0,0,0,0,0,0,0,336.9866873283088,340.8228470397053,,,,,0,8715743,11394998.52,56.307187805460075,55.16090072245119,,,,,,
2025-07-29,720,724.47,699.91,700,692.9943,,626.833625,,,,0,0,0,0,0,0,0,0,0,626.833625,640.4953666666669,692.9943,714.2362500000003,708.5065000000002,711.7379999999994,692.9943,,626.833625,,,,0,0,0,0,0,0,0,0,0,328.65084134615387,339.7163010675643,,,,,0,13267032,11373502.46,46.83079996819054,53.82385873168608,,,,,,
2025-07-30,708.09,708.5,691.2001,695.21,694.0917,,627.357125,,,,0,0,0,0,0,0,0,0,0,627.357125,641.1596333333337,694.0917,713.0357500000002,707.7365000000002,708.0639999999994,694.0917,,627.357125,,,,0,0,0,0,0,0,0,0,0,327.36973129258644,338.5938856334754,,,,,0,27077286,11544668.74,44.63292866652191,52.54928046681631,,,44.63292866652191,,,
2025-07-31,775.2,784.75,765.51,773.44,696.7518999999999,,628.305175,,,,0,0,0,0,0,0,0,0,0,628.305175,642.4142333333336,696.7518999999999,716.0292500000003,714.9395000000002,719.7919999999995,696.7518999999999,,628.305175,,,,0,0,0,0,0,0,0,0,0,364.6644842202207,340.96394005045227,,,,,1,38831098,12129443.22,69.66943362382602,53.42643214800986,,,,,69.66943362382602,
2025-08-01,760.73,765.9999,745.31,750.01,699.0101,,629.105475,,,,0,0,0,0,0,0,0,0,0,629.105475,643.4153000000002,699.0101,717.5792500000001,719.5125000000002,727.2579999999995,699.0101,,629.105475,,,,0,0,0,0,0,0,0,0,0,354.92903091469515,342.23349376538346,,,,,0,19028710,12375147.96,60.801541843986236,53.57940763606473,,,,,,
2025-08-04,760,776.85,758.41,776.37,701.8274999999999,,630.035225,,,,0,0,0,0,0,0,0,0,0,630.035225,644.5394333333337,701.8274999999999,720.4802500000002,725.8530000000003,739.0059999999995,701.8274999999999,,630.035225,,,,0,0,0,0,0,0,0,0,0,373.3744789996794,345.0644924230467,,,,,0,15801727,12461891.12,66.03895620905513,54.48448458246889,,,,,,
2025-08-05,776.445,783.1299,763,763.46,704.3652999999998,,630.921175,,,,0,0,0,0,0,0,0,0,0,630.921175,645.6068333333337,704.3652999999998,722.6197500000001,731.7180000000002,751.6979999999994,704.3652999999998,,630.921175,,,,0,0,0,0,0,0,0,0,0,361.8333852033119,346.58893722125265,,,,,0,11640294,12530128.14,61.69146648474508,55.325123117964004,,,,,,
2025-08-06,770,773.64,760.4601,771.99,707.2639,,631.897175,,,,0,0,0,0,0,0,0,0,0,631.897175,646.7547000000003,707.2639,724.5802500000002,737.5590000000003,767.0539999999994,707.2639,,631.897175,,,,0,0,0,0,0,0,0,0,0,367.6609728219456,348.50457682131565,,,,,0,9733910,12555725,63.40565964971835,56.3372364469533,,,,,,
2025-08-07,773.49,775,759.55,761.83,709.6540999999999,,632.8216749999999,,,,0,0,0,0,0,0,0,0,0,632.8216749999999,647.8919666666669,709.6540999999999,726.3097500000002,742.2620000000003,764.7319999999994,709.6540999999999,,632.8216749999999,,,,0,0,0,0,0,0,0,0,0,360.2004712334812,349.56783994969436,,,,,0,9019691,12545951.48,59.96387808047816,57.00360406134174,,,59.96387808047816,,,
2025-08-08,762.75,769.9,758.58,769.3,712.1684999999999,,633.7858249999999,,,,0,0,0,0,0,0,0,0,0,633.7858249999999,649.1172333333336,712.1684999999999,728.8992500000002,747.9240000000002,768.5899999999995,712.1684999999999,,633.7858249999999,,,,0,0,0,0,0,0,0,0,0,364.0226561871549,350.88191415309984,,,,,0,7320755,12511509.1,61.613722001416875,57.49729526755708,,,,,,
2025-08-11,770.075,773.4584,764.67,765.87,714.5849,,634.7393749999999,,,,0,0,0,0,0,0,0,0,0,634.7393749999999,650.2281000000003,714.5849,731.1467500000001,752.7480000000003,766.4899999999994,714.5849,,634.7393749999999,,,,0,0,0,0,0,0,0,0,0,359.59489407522415,351.6740032369293,,,,,0,7611964,12486079.66,60.38326719419714,58.203597635072946,,,,,,
2025-08-12,773,793.67,772.43,790,717.4350999999999,,635.779325,,,,0,0,0,0,0,0,0,0,0,635.779325,651.4639000000002,717.4350999999999,735.1272500000001,761.7480000000003,771.7979999999993,717.4350999999999,,635.779325,,,,0,0,0,0,0,0,0,0,0,371.8545342718084,353.50859696737285,,,,,0,14579765,12452855.94,65.58953651194048,58.99257829018363,,,,,65.58953651194048,
2025-08-13,791.15,795.4561,778.23,780.08,719.6187,,636.861275,,,,0,0,0,0,0,0,0,0,0,636.861275,652.4631000000003,719.6187,738.98575,770.2350000000002,773.4159999999994,719.6187,,636.861275,,,,0,0,0,0,0,0,0,0,0,363.067137260986,354.3775551758831,,,,,0,8811750,12313765.78,61.983241180009934,59.48466612399166,,,,,,
2025-08-14,777.88,787.81,772.51,782.13,721.9242999999999,,637.9330249999999,,,,0,0,0,0,0,0,0,0,0,637.9330249999999,653.5580333333336,721.9242999999999,743.0217500000001,771.1040000000003,777.4759999999993,721.9242999999999,,637.9330249999999,,,,0,0,0,0,0,0,0,0,0,362.84811624055334,355.1476061817622,,,,,0,8116193,12244389.02,62.44280596001979,60.096744655683274,,,,,,
2025-08-15,784.15,796.25,780.82,785.23,723.8698999999999,,638.992925,,,,0,0,0,0,0,0,0,0,0,638.992925,654.7214333333336,723.8698999999999,747.0692500000001,774.6260000000003,780.6619999999994,723.8698999999999,,638.992925,,,,0,0,0,0,0,0,0,0,0,364.17702321856746,355.96846227601725,,,,,0,13375361,12231257.62,63.16789396170555,60.58679509541509,,,,,,
2025-08-18,775.085,775.81,756.5601,767.37,725.5248999999999,,639.938975,,,,0,0,0,0,0,0,0,0,0,639.938975,655.7315000000002,725.5248999999999,749.7895000000001,773.7260000000002,780.9619999999994,725.5248999999999,,639.938975,,,,0,0,0,0,0,0,0,0,0,356.92789997813884,356.05568388530105,,,,,0,16513737,12299125.66,56.41073989826737,61.27107651899201,,,,,,
2025-08-19,767.12,767.17,749.36,751.48,726.6003,,640.7299750000001,,,,0,0,0,0,0,0,0,0,0,640.7299750000001,656.6858333333337,726.6003,752.1230000000002,772.5280000000002,773.2579999999995,726.6003,,640.7299750000001,,,,0,0,0,0,0,0,0,0,0,349.57110693485663,355.4661768898061,,,,,0,12286690,12310300.24,51.166525086951985,61.73776197759416,,,,,,
2025-08-20,747.57,750.1999,731,747.72,727.6734999999999,,641.509575,,,,0,0,0,0,0,0,0,0,0,641.509575,657.7089666666669,727.6734999999999,753.8300000000002,770.1010000000002,766.7859999999994,727.6734999999999,,641.509575,,,,0,0,0,0,0,0,0,0,0,349.8727259115071,354.95768134632436,,,,,0,11898190,12292799.62,49.98243507355437,60.331547795431895,,,,,,
2025-08-21,744.705,745.5,733.1101,739.1,728.4074999999998,,642.3671750000001,,,,0,0,0,0,0,0,0,0,0,642.3671750000001,658.522166666667,728.4074999999998,755.0450000000001,767.8280000000002,758.1799999999994,728.4074999999998,,642.3671750000001,,,,0,0,0,0,0,0,0,0,0,346.68117621122644,354.20527178858816,,,,,0,8876307,12253322.84,47.28102931205756,59.36579690029413,,,47.28102931205756,,,
2025-08-22,739.23,756.9,734.39,754.79,729.6204999999999,,643.305325,,,,0,0,0,0,0,0,0,0,0,643.305325,659.4787666666668,729.6204999999999,757.1505000000001,766.3770000000002,752.0919999999994,729.6204999999999,,643.305325,,,,0,0,0,0,0,0,0,0,0,355.46405282111334,354.3197064279086,,,,,1,10612667,12273926.02,52.33120982914412,58.38667215887192,,,,,,
2025-08-25,754.82,758.88,750.13,753.3,730.8192999999999,,644.2684250000001,,,,0,0,0,0,0,0,0,0,0,644.2684250000001,660.4156333333335,730.8192999999999,758.934,765.1200000000001,749.2779999999993,730.8192999999999,,644.2684250000001,,,,0,0,0,0,0,0,0,0,0,349.4553821602865,353.8774951308521,,,,,0,6861158,12264694.58,51.82350097564445,57.68181747965044,,,,,,
2025-08-26,750.8,754.87,747.94,754.1,732.2438999999999,,645.176775,,,,0,0,0,0,0,0,0,0,0,645.176775,661.3332333333336,732.2438999999999,761.639,761.5300000000001,749.8019999999992,732.2438999999999,,645.176775,,,,0,0,0,0,0,0,0,0,0,351.3264619967046,353.64558302774776,,,,,0,7601800,12231241.76,52.0922507641734,56.87371684496866,,,,,,
2025-08-27,752.3,754.1499,742.84,747.38,733.1491000000001,,646.0534250000001,,,,0,0,0,0,0,0,0,0,0,646.0534250000001,662.1591000000002,733.1491000000001,764.2475000000001,758.2600000000001,749.7339999999992,733.1491000000001,,646.0534250000001,,,,0,0,0,0,0,0,0,0,0,346.7611101230291,353.0197218545915,,,,,0,8315435,12123144.7,49.58977981854514,56.13270982625916,,,,,,
2025-08-28,744,753.0548,740.795,751.11,734.2266999999999,,646.8504750000001,,,,0,0,0,0,0,0,0,0,0,646.8504750000001,662.9235000000002,734.2266999999999,763.1310000000001,755.1580000000001,752.1359999999993,734.2266999999999,,646.8504750000001,,,,0,0,0,0,0,0,0,0,0,347.6604627696751,352.5325164832355,,,,,0,7467955,12071181.6,50.99693945381139,55.374368215715904,,,,,,
2025-08-29,745.28,747.14,735.3466,738.7,735.0853,,647.5972750000001,,,,0,0,0,0,0,0,0,0,0,647.5972750000001,663.5315666666669,735.0853,762.5655,750.5050000000001,748.9179999999993,735.0853,,647.5972750000001,,,,0,0,0,0,0,0,0,0,0,340.8414528172751,351.46969251360275,,,,,0,9070546,12051227.42,46.360151320452374,54.372717081877,,,,,,
2025-09-02,726.04,736,721.7306,735.11,736.1405,,648.3569750000001,,,,0,0,0,0,0,0,0,0,0,648.3569750000001,664.0331000000002,736.1405,760.5025000000002,747.2790000000001,745.2799999999994,736.1405,,648.3569750000001,,,,0,0,0,0,0,0,0,0,0,341.36914206106576,350.5514606542812,,,,,0,9350857,11787471.76,45.083140288184765,52.907974494465876,,,45.083140288184765,,,
2025-09-03,736,740.25,733.9893,737.05,736.9109,,649.1181250000001,,,,0,0,0,0,0,0,0,0,0,649.1181250000001,664.4512333333336,736.9109,759.1820000000001,745.8360000000001,741.8699999999993,736.9109,,649.1181250000001,,,,0,0,0,0,0,0,0,0,0,344.6558585183142,350.0154968237387,,,,,0,7699332,11719857.3,45.94958489491765,51.762713331244996,,,,,,
2025-09-04,748.57,761.16,745.82,748.65,737.6398999999999,,649.9613750000001,,,,0,0,0,0,0,0,0,0,0,649.9613750000001,664.9323000000003,737.6398999999999,758.0150000000001,745.9290000000001,742.1239999999993,737.6398999999999,,649.9613750000001,,,,0,0,0,0,0,0,0,0,0,348.30272305595145,349.8597901175762,,,,,0,11439078,11672175.26,50.93444282362182,50.940687392930855,,,,,,
2025-09-05,752.615,757.95,745.03,752.45,738.5153,,650.8378250000001,,,,0,0,0,0,0,0,0,0,0,650.8378250000001,665.3686333333336,738.5153,757.5460000000002,747.264,742.3919999999994,738.5153,,650.8378250000001,,,,0,0,0,0,0,0,0,0,0,347.172985916836,349.6155351902362,,,,,0,9663441,11679035.36,52.480535697233144,50.17730465975426,,,,,,
2025-09-08,755.995,766.51,752.02,752.3,739.0395,,651.8289250000001,,,,0,0,0,0,0,0,0,0,0,651.8289250000001,665.7894333333336,739.0395,756.6960000000001,747.0150000000001,745.1119999999994,739.0395,,651.8289250000001,,,,0,0,0,0,0,0,0,0,0,348.20589646548405,349.4873862152587,,,,,0,13087816,11661495.82,52.41033068987644,49.891561144869186,,,,,,
2025-09-09,757.49,766.3,753.43,765.7,739.6809,,652.885425,,,,0,0,0,0,0,0,0,0,0,652.885425,666.2443666666669,739.6809,756.6875000000001,748.255,751.2299999999993,739.6809,,652.885425,,,,0,0,0,0,0,0,0,0,0,353.66334316629616,349.86701866535304,,,,,1,10999026,11505961.64,57.83662582146887,50.36799691162039,,,,,,
2025-09-10,765.13,765.7,751,751.98,739.9586999999999,,653.839875,,,,0,0,0,0,0,0,0,0,0,653.839875,666.5629666666669,739.9586999999999,754.7865,748.043,754.2159999999993,739.9586999999999,,653.839875,,,,0,0,0,0,0,0,0,0,0,346.3951527956491,349.55139449537995,,,,,0,12478276,11447485.06,51.377183654996706,50.46762181029485,,,,,,
2025-09-11,754.65,757.1,748.37,750.9,740.5922999999999,,654.766775,,,,0,0,0,0,0,0,0,0,0,654.766775,666.8698333333335,740.5922999999999,753.3275000000001,748.3950000000001,754.6659999999994,740.5922999999999,,654.766775,,,,0,0,0,0,0,0,0,0,0,344.8698184178578,349.1257966701507,,,,,0,7923284,11337325.78,50.895319920699926,50.72578542519788,,,50.895319920699926,,,
2025-09-12,748.725,757.5703,743.76,755.59,741.4326999999998,,655.729275,,,,0,0,0,0,0,0,0,0,0,655.729275,667.1605000000002,741.4326999999998,752.0005000000001,748.8430000000001,755.2939999999993,741.4326999999998,,655.729275,,,,0,0,0,0,0,0,0,0,0,344.10275249412524,348.66915629051203,,,,,0,8248557,11315562.12,52.958644474744176,50.77060218559787,,,,,,
2025-09-15,757.47,774.07,751.985,764.7,742.3464999999998,,656.757075,,,,0,0,0,0,0,0,0,0,0,656.757075,667.4950333333336,742.3464999999998,750.974,751.443,757.7739999999993,742.3464999999998,,656.757075,,,,0,0,0,0,0,0,0,0,0,348.42078404928105,348.6465769958547,,,,,0,10533780,11354204.66,56.7593730842819,51.12316447907198,,,,,,
2025-09-16,767,781.36,765.1,779,743.5594999999998,,657.826525,,,,0,0,0,0,0,0,0,0,0,657.826525,667.9057000000003,743.5594999999998,751.5555000000002,755.8320000000001,760.4339999999994,743.5594999999998,,657.826525,,,,0,0,0,0,0,0,0,0,0,353.2724944787001,349.06711494884064,,,,,1,11782482,11400712.7,61.95551586060674,51.827683414531506,,,,,61.95551586060674,
2025-09-17,779.99,783.29,766.31,775.715,744.6604,,658.8374,,,,0,0,0,0,0,0,0,0,0,658.8374,668.2784666666669,744.6604,752.7672500000001,759.6985000000001,765.1809999999994,744.6604,,658.8374,,,,0,0,0,0,0,0,0,0,0,352.2364180984051,349.35523341698286,,,,,0,9400867,11433316.18,60.16684531748501,52.58318809302721,,,,,,
2025-09-18,780.75,788.78,773.36,780.25,745.6097999999998,,659.89265,,,,0,0,0,0,0,0,0,0,0,659.89265,668.6442666666669,745.6097999999998,754.3937500000002,762.8585,771.0509999999992,745.6097999999998,,659.89265,,,,0,0,0,0,0,0,0,0,0,354.63974692289514,349.83564373570215,,,,,0,10954950,11424055.92,61.80618886099948,53.35527733639778,,,,,,
2025-09-19,786.42,790.8,769.1901,778.38,746.6325999999998,,660.9129500000001,,,,0,0,0,0,0,0,0,0,0,660.9129500000001,668.9764000000002,746.6325999999998,756.3577500000002,765.4515000000001,775.6089999999992,746.6325999999998,,660.9129500000001,,,,0,0,0,0,0,0,0,0,0,352.10458462443177,350.04191108922305,,,,,0,23696824,11699547.42,60.69690970986671,54.37933150707023,,,,,,
2025-09-22,781.845,785.73,764.47,765.16,747.5855999999999,,661.7746000000001,,,,0,0,0,0,0,0,0,0,0,661.7746000000001,669.1663333333335,747.5855999999999,756.8762500000001,766.7375000000002,775.7009999999992,747.5855999999999,,661.7746000000001,,,,0,0,0,0,0,0,0,0,0,344.4406598073036,349.5327064272304,,,,,0,11706946,11716208.74,53.40021134166707,54.9734080108904,,,,,,
2025-09-23,769.25,770.6,751.07,755.4,748.2751999999999,,662.4833500000001,,,,0,0,0,0,0,0,0,0,0,662.4833500000001,669.4265333333336,748.2751999999999,756.9812500000002,765.7075000000002,770.9809999999992,748.2751999999999,,662.4833500000001,,,,0,0,0,0,0,0,0,0,0,338.555127626708,348.534744718092,,,,,0,10872592,11754872.6,48.741539676695595,55.17283335244597,,,,,,
2025-09-24,757.5,761.11,752.5251,760.66,749.2805999999999,,663.2177500000001,,,,0,0,0,0,0,0,0,0,0,663.2177500000001,669.8058000000002,749.2805999999999,757.3092500000001,766.5755000000001,767.9699999999992,749.2805999999999,,663.2177500000001,,,,0,0,0,0,0,0,0,0,0,342.79765597655376,348.01319119613396,,,,,0,8828227,11700846.92,51.21186393751425,55.19264914629543,,,,,,
2025-09-25,753.45,756.765,744.55,748.91,750.2006,,663.9176500000001,,,,0,0,0,0,0,0,0,0,0,663.9176500000001,670.1662666666668,750.2006,757.3857500000001,766.3765000000001,761.7019999999992,750.2006,,663.9176500000001,,,,0,0,0,0,0,0,0,0,0,338.46591884880644,347.1452573463769,,,,,0,10591065,11651315.68,45.89132298349825,54.721991095314365,,,,,,
2025-09-26,750,751.9299,737.3532,743.75,751.0474,,664.51755,,,,0,0,0,0,0,0,0,0,0,664.51755,670.5676000000002,751.0474,757.0177500000002,765.1925000000001,754.7759999999993,751.0474,,664.51755,,,,0,0,0,0,0,0,0,0,0,337.82607313243693,346.2980587814733,,,,,0,9696338,11609177.16,43.742100571815634,54.10283180116716,,,,,,
2025-09-29,748.72,750.78,739.15,743.4,751.8298,,665.1667000000001,,,,0,0,0,0,0,0,0,0,0,665.1667000000001,671.0694000000002,751.8298,757.2527500000002,763.0625000000002,750.4239999999993,751.8298,,665.1667000000001,,,,0,0,0,0,0,0,0,0,0,335.68593451550413,345.33332021183975,,,,,0,9246768,11538517.48,43.59296877339413,53.08542772630468,,,,,,
2025-09-30,742.25,742.97,726.3,734.38,752.2581,,665.7420000000001,,,,0,0,0,0,0,0,0,0,0,665.7420000000001,671.5819333333336,752.2581,757.2162500000002,758.6005000000002,746.2199999999992,752.2581,,665.7420000000001,,,,0,0,0,0,0,0,0,0,0,330.7422086110611,344.00685552085986,,,,,0,16226750,11674964.66,39.824664817702036,52.26024780935506,,,,,,
2025-10-01,721.49,721.8499,710.2,717.34,752.5087,,666.1653000000001,,,,0,0,0,0,0,0,0,0,0,666.1653000000001,671.8728666666669,752.5087,756.2307500000003,752.7630000000001,737.5559999999994,752.5087,,666.1653000000001,,,,0,0,0,0,0,0,0,0,0,321.75071428891806,341.9835699543197,,,,,0,20419633,11904936.04,33.86842451666567,51.044040994781184,,,33.86842451666567,,,
2025-10-02,722.58,727.77,718.14,727.05,752.7781,,666.6466000000001,,,,0,0,0,0,0,0,0,0,0,666.6466000000001,672.3316000000002,752.7781,755.1507500000002,747.4430000000001,733.1839999999993,752.7781,,666.6466000000001,,,,0,0,0,0,0,0,0,0,0,325.0019743145403,340.43978853252156,,,,,0,11415271,11957809.16,39.42782045397321,50.07755356472611,,,,,,
2025-10-03,729.625,731,710.18,710.56,752.6933,,667.0976500000002,,,,0,0,0,0,0,0,0,0,0,667.0976500000002,672.6140000000003,752.6933,753.0562500000003,740.6610000000001,726.5459999999994,752.6933,,667.0976500000002,,,,0,0,0,0,0,0,0,0,0,317.4334659645946,338.34830466271,,,,,0,16154305,12062478.54,34.1737333157117,48.46429358125681,,,,,,
2025-10-06,705.185,716.88,690.51,715.66,752.7529000000001,,667.5547500000002,,,,0,0,0,0,0,0,0,0,0,667.5547500000002,673.0180666666669,752.7529000000001,751.2242500000002,735.711,720.9979999999994,752.7529000000001,,667.5547500000002,,,,0,0,0,0,0,0,0,0,0,319.69183028628095,336.6522615375801,,,,,0,21654738,12330139.34,36.971217395564146,46.67970083375377,,,,,,
2025-10-07,717.72,718.4999,705.75,713.08,752.6619000000001,,668.0229500000002,,,,0,0,0,0,0,0,0,0,0,668.0229500000002,673.5052666666669,752.6619000000001,748.5932500000002,731.479,716.7379999999994,752.6619000000001,,668.0229500000002,,,,0,0,0,0,0,0,0,0,0,317.3810028945342,334.90032893366686,,,,,0,12062928,12397083.04,36.13460193350921,44.96311202061264,,,,,,
2025-10-08,713.45,719.65,707.81,717.84,753.0187000000001,,668.6262000000002,,,,0,0,0,0,0,0,0,0,0,668.6262000000002,673.9144000000003,753.0187000000001,746.8862500000002,727.1969999999999,716.8379999999994,753.0187000000001,,668.6262000000002,,,,0,0,0,0,0,0,0,0,0,320.7229640573201,333.6114775812717,,,,,0,10790571,12347553.82,38.882494116293245,43.32570525313363,,,,,,
2025-10-09,718.275,733.51,712.44,733.51,753.7847,,669.3159,,,,0,0,0,0,0,0,0,0,0,669.3159,674.6182666666668,753.7847,746.0167500000003,725.6569999999999,718.1299999999994,753.7847,,669.3159,,,,0,0,0,0,0,0,0,0,0,325.8253611718596,332.90364881677965,,,,,0,12717172,12060351.54,46.97141893156561,42.34531305468355,,,,,46.97141893156561,
2025-10-10,730.92,735.27,704.51,705.3,752.4219,,669.9161500000002,,,,0,0,0,0,0,0,0,0,0,669.9161500000002,675.1492000000002,752.4219,743.5022500000003,721.8119999999999,717.0779999999993,752.4219,,669.9161500000002,,,,0,0,0,0,0,0,0,0,0,314.15921319887394,331.19960921515184,,,,,0,16980091,11623331.4,37.37999322553602,41.20101176067419,,,,,,
2025-10-13,713.01,719.94,707.6413,715.7,751.7357,,670.4954000000001,,,,0,0,0,0,0,0,0,0,0,670.4954000000001,675.9339333333336,751.7357,741.0522500000004,719.042,717.0859999999993,751.7357,,670.4954000000001,,,,0,0,0,0,0,0,0,0,0,327.67545921263877,330.8792319421961,,,,,0,9251796,11427793.12,42.07594252900874,40.72489767869656,,,,,,
2025-10-14,707.78,715.55,699.33,708.65,750.3812999999999,,670.9999,,,,0,0,0,0,0,0,0,0,0,670.9999,676.6202000000003,750.3812999999999,737.5347500000004,716.4689999999999,716.1999999999994,750.3812999999999,,670.9999,,,,0,0,0,0,0,0,0,0,0,319.46546130485024,329.8416164297101,,,,,0,8829757,11288353.72,39.892022144613385,39.91633755063221,,,,,,
2025-10-15,717.06,723.9,709.51,717.55,749.4630999999998,,671.5709000000002,,,,0,0,0,0,0,0,0,0,0,671.5709000000002,677.273466666667,749.4630999999998,734.6265000000003,716.49,716.1419999999993,749.4630999999998,,671.5709000000002,,,,0,0,0,0,0,0,0,0,0,323.98446788977014,329.30914838062466,,,,,0,10246766,11260483.16,43.853959942976864,39.770811619166395,,,,,,
2025-10-16,717.55,725.49,703.88,712.07,748.2646999999998,,672.1322000000001,,,,0,0,0,0,0,0,0,0,0,672.1322000000001,678.0830000000003,748.2646999999998,731.2175000000004,714.992,711.8539999999994,748.2646999999998,,672.1322000000001,,,,0,0,0,0,0,0,0,0,0,320.21999469350493,328.4828616817956,,,,,0,9017010,11246145.16,42.01750194789028,39.64762600317174,,,,,,
2025-10-17,707.075,718.54,706.12,716.915,747.3663999999999,,672.7605750000001,,,,0,0,0,0,0,0,0,0,0,672.7605750000001,678.8117666666669,747.3663999999999,728.1442500000004,715.6274999999999,714.1769999999995,747.3663999999999,,672.7605750000001,,,,0,0,0,0,0,0,0,0,0,324.4409480651915,328.11541498937703,,,,,0,12232441,11310400.16,44.24074553519085,39.693895771871496,,,,,,
2025-10-20,721.19,733.77,720.18,732.17,746.6237999999998,,673.4938750000001,,,,0,0,0,0,0,0,0,0,0,673.4938750000001,679.6602333333336,746.6237999999998,726.4947500000004,717.2785,717.4709999999993,746.6237999999998,,673.4938750000001,,,,0,0,0,0,0,0,0,0,0,329.60834333733493,328.2511357482823,,,,,1,8900204,11341989.14,50.65617915132054,40.46757536712996,,,,,,
2025-10-21,736.015,738.5,728.75,733.27,745.9717999999999,,674.1640250000002,,,,0,0,0,0,0,0,0,0,0,674.1640250000002,680.6663000000003,745.9717999999999,725.3882500000003,719.2975,722.3949999999993,745.9717999999999,,674.1640250000002,,,,0,0,0,0,0,0,0,0,0,326.6168186555884,328.10256146712834,,,,,0,7647269,11342695.24,51.09314146372108,41.69791229191963,,,,,,
2025-10-22,733.83,740.6,724.03,733.41,744.84,,674.8079250000001,,,,0,0,0,0,0,0,0,0,0,674.8079250000001,681.661966666667,744.84,724.0257500000004,720.8545,725.5669999999993,744.84,,674.8079250000001,,,,0,0,0,0,0,0,0,0,0,326.66947771010814,327.97228112558105,,,,,0,8734491,11225789.76,51.15243047383242,42.53538443619529,,,,,,
2025-10-23,734.7,742.41,733.1,734,743.9184,,675.3269250000002,,,,0,0,0,0,0,0,0,0,0,675.3269250000002,682.6486333333337,743.9184,723.2802500000005,720.9035,729.9529999999993,743.9184,,675.3269250000002,,,,0,0,0,0,0,0,0,0,0,328.68566037904833,328.0371337849872,,,,,1,9855974,11246674.24,51.41971459153458,43.76724024161121,,,,,,
2025-10-24,736.79,741.21,731.15,738.36,743.043,,675.9292750000002,,,,0,0,0,0,0,0,0,0,0,675.9292750000002,683.5960333333337,743.043,723.0107500000004,724.2095,734.2419999999994,743.043,,675.9292750000002,,,,0,0,0,0,0,0,0,0,0,328.7234563540765,328.0995267458135,,,,,0,9151267,11267375.72,53.44692008057067,44.944076147683106,,,,,,
2025-10-27,749.73,755.75,748.01,750.82,742.3548,,676.6297750000002,,,,0,0,0,0,0,0,0,0,0,676.6297750000002,684.4758333333338,742.3548,723.3817500000004,727.7215,737.9719999999994,742.3548,,676.6297750000002,,,,0,0,0,0,0,0,0,0,0,331.649901055409,328.4222880466858,,,,,0,11321080,11226290.1,58.745130102411224,46.559113874033244,,,,,,
2025-10-28,752.63,758.4,745.5201,751.44,742.0361999999998,,677.3076750000001,,,,0,0,0,0,0,0,0,0,0,677.3076750000001,685.3100333333338,742.0361999999998,724.2347500000003,732.0005,741.6059999999994,742.0361999999998,,677.3076750000001,,,,0,0,0,0,0,0,0,0,0,327.8939368595595,328.3742561205834,,,,,0,12193818,11139891.72,58.99520707575937,47.99573622828082,,,,,,
2025-10-29,754.75,759.155,742.51,751.67,742.0399999999998,,678.0243750000002,,,,0,0,0,0,0,0,0,0,0,678.0243750000002,686.2479666666671,742.0399999999998,725.9512500000004,735.4125,745.2579999999992,742.0399999999998,,678.0243750000002,,,,0,0,0,0,0,0,0,0,0,327.24557676232934,328.2716489061967,,,,,0,26818592,11430529.76,59.09426825156746,48.86165403685238,,,,,59.09426825156746,
2025-10-30,669.15,680.9599,650.17,666.47,740.4149999999998,,678.3854750000002,,,,0,0,0,0,0,0,0,0,0,678.3854750000002,686.6739000000003,740.4149999999998,722.9222500000004,730.8525000000001,731.7519999999993,740.4149999999998,,678.3854750000002,,,,0,0,0,0,0,0,0,0,0,290.1648622761443,324.80739557619194,,,,,0,88440094,12961367.84,30.092530979944144,48.3411210193101,,,,,,
2025-10-31,674.51,674.89,645.57,648.35,738.5999999999999,,678.5416250000002,,,,0,0,0,0,0,0,0,0,0,678.5416250000002,687.1513000000003,738.5999999999999,719.8117500000004,723.996,713.7499999999993,738.5999999999999,,678.5416250000002,,,,0,0,0,0,0,0,0,0,0,285.0997090445374,321.1976058914961,,,,,0,56953169,13922905.08,27.051799334923956,47.26796793401833,,,,,,
2025-11-03,656,659.3299,636.18,637.71,736.2583999999997,,678.6736750000002,,,,0,0,0,0,0,0,0,0,0,678.6736750000002,687.5603000000003,736.2583999999997,715.9142500000004,714.5500000000001,691.1279999999994,736.2583999999997,,678.6736750000002,,,,0,0,0,0,0,0,0,0,0,279.68959926551753,317.4241507436799,,,,,0,33003599,14370723.72,25.427060180988647,46.23475636518799,,,,,,
2025-11-04,628.035,641.7399,626.01,627.32,733.7387999999997,,678.7464250000003,,,,0,0,0,0,0,0,0,0,0,678.7464250000003,687.835766666667,733.7387999999997,711.6262500000004,703.955,666.3039999999994,733.7387999999997,,678.7464250000003,,,,0,0,0,0,0,0,0,0,0,274.65929556128305,313.53643663618925,,,,,0,27356553,14780631.62,23.916481403968135,44.81065075525879,,,23.916481403968135,,,
2025-11-05,632.31,642.23,626.5375,635.95,731.3757999999997,,678.8438750000003,,,,0,0,0,0,0,0,0,0,0,678.8438750000003,688.1825666666671,731.3757999999997,707.5317500000003,694.2090000000001,643.1599999999993,731.3757999999997,,678.8438750000003,,,,0,0,0,0,0,0,0,0,0,281.74536368388874,310.646339095071,,,,,0,20219855,15032992.72,27.755598485512067,43.79194336508892,,,,,,
2025-11-06,635.85,636,618,618.94,728.8069999999997,,678.8210750000003,,,,0,0,0,0,0,0,0,0,0,678.8210750000003,688.7647000000003,728.8069999999997,701.8032500000004,682.7030000000001,633.6539999999993,728.8069999999997,,678.8210750000003,,,,0,0,0,0,0,0,0,0,0,273.2104233185704,307.24307402448005,,,,,0,23628750,15339259.02,25.07037856055169,42.422631438328985,,,,,,
2025-11-07,616.485,622.1348,601.2,621.71,726.2189999999996,,678.7473750000004,,,,0,0,0,0,0,0,0,0,0,678.7473750000004,689.5445666666669,726.2189999999996,697.6237500000004,671.0380000000001,628.3259999999995,726.2189999999996,,678.7473750000004,,,,0,0,0,0,0,0,0,0,0,277.5363041288274,304.5424585794207,,,,,0,29946826,15788836.44,26.320454345798083,40.68436538079167,,,,,,
2025-11-10,631.09,635,618.105,631.76,724.0801999999998,,678.6687250000004,,,,0,0,0,0,0,0,0,0,0,678.6687250000004,690.3146333333335,724.0801999999998,693.4267500000003,659.1320000000001,627.1359999999994,724.0801999999998,,678.6687250000004,,,,0,0,0,0,0,0,0,0,0,281.6664462215458,302.4628210923412,,,,,0,19245000,15992325.52,30.829403141687706,39.236955500646424,,,,,30.829403141687706,
2025-11-11,628,629.56,619.39,627.08,721.9195999999997,,678.5047250000003,,,,0,0,0,0,0,0,0,0,0,678.5047250000003,691.0921666666669,721.9195999999997,689.3482500000003,646.6960000000001,627.0879999999994,721.9195999999997,,678.5047250000003,,,,0,0,0,0,0,0,0,0,0,275.3402162045073,299.9971297389017,,,,,0,13302187,16071352.12,29.911429916880437,37.719741175149856,,,,,,
2025-11-12,628.13,628.99,607.77,609.01,719.3587999999999,,678.1781250000005,,,,0,0,0,0,0,0,0,0,0,678.1781250000005,691.2471000000003,719.3587999999999,683.9212500000004,632.4300000000001,621.6999999999995,719.3587999999999,,678.1781250000005,,,,0,0,0,0,0,0,0,0,0,266.8513806812705,296.9838798245716,,,,,0,24493272,16407230.92,26.616050046730052,35.94805085052095,,,,,,
2025-11-13,613.07,617.65,603,609.89,716.5836,,677.8451250000004,,,,0,0,0,0,0,0,0,0,0,677.8451250000004,691.6711000000004,716.5836,678.8122500000004,626.7720000000002,619.8899999999994,716.5836,,677.8451250000004,,,,0,0,0,0,0,0,0,0,0,267.06885050642757,294.2643317047403,,,,,0,20973845,16597926.26,27.037626615824735,34.06167274589624,,,,,,
2025-11-14,601.79,613.68,595.2,609.46,713.7238000000001,,677.4574250000004,,,,0,0,0,0,0,0,0,0,0,677.4574250000004,692.1103666666669,713.7238000000001,673.4395000000004,622.883,617.4399999999994,713.7238000000001,,677.4574250000004,,,,0,0,0,0,0,0,0,0,0,271.3744604807732,292.1834343207433,,,,,0,20724146,16819140.36,26.956136769496652,31.791030364973775,,,,,,
2025-11-17,609.035,611.69,595.4,602.01,710.7180000000001,,677.0215750000004,,,,0,0,0,0,0,0,0,0,0,677.0215750000004,692.580566666667,710.7180000000001,666.9315000000004,619.3130000000001,611.4899999999994,710.7180000000001,,677.0215750000004,,,,0,0,0,0,0,0,0,0,0,268.19174054439344,290.00237125016605,,,,,0,16501331,16887410.66,25.520962991248368,29.400012930365843,,,,,,
2025-11-18,591.6,603.66,583.78,597.69,707.3578,,676.5227250000005,,,,0,0,0,0,0,0,0,0,0,676.5227250000005,693.088366666667,707.3578,660.1525000000004,616.3500000000001,605.6119999999994,707.3578,,676.5227250000005,,,,0,0,0,0,0,0,0,0,0,268.7285872292212,288.0683908846256,,,,,0,25500647,17177443.08,24.69975778960307,26.94326218308267,,,,,,
2025-11-19,593.715,595.33,581.25,590.32,704.1245999999999,,675.9533750000004,,,,0,0,0,0,0,0,0,0,0,675.9533750000004,693.6751000000004,704.1245999999999,652.9980000000004,611.7870000000001,601.8739999999995,704.1245999999999,,675.9533750000004,,,,0,0,0,0,0,0,0,0,0,267.62455552314907,286.2098603972187,,,,,0,24744703,17422771.62,23.321053210156265,26.45958519952639,,,,,,
2025-11-20,603.5,606.72,583.35,589.15,700.8896,,675.3747750000003,,,,0,0,0,0,0,0,0,0,0,675.3747750000003,694.259566666667,700.8896,645.7555000000004,608.8080000000001,597.7259999999994,700.8896,,675.3747750000003,,,,0,0,0,0,0,0,0,0,0,266.0960682911407,284.3813338421207,,,,,0,20603024,17676366.42,23.10060582564674,26.177357091720868,,,23.10060582564674,,,
2025-11-21,588.5,598.12,581.86,594.25,697.6627999999998,,674.7860750000004,,,,0,0,0,0,0,0,0,0,0,674.7860750000004,694.9901666666669,697.6627999999998,638.5500000000004,606.0620000000001,594.6839999999994,697.6627999999998,,674.7860750000004,,,,0,0,0,0,0,0,0,0,0,272.6430200175262,283.3142144035212,,,,,0,21052624,17932447.76,26.36793412199188,26.244562373221097,,,,,,
2025-11-24,598.72,616.7,597.6301,613.05,694.6297999999998,,674.2787250000005,,,,0,0,0,0,0,0,0,0,0,674.2787250000005,695.7419666666669,694.6297999999998,631.6615000000004,604.191,596.8919999999993,694.6297999999998,,674.2787250000005,,,,0,0,0,0,0,0,0,0,0,278.5333288908947,282.87958844782787,,,,,0,23554932,18192870.8,36.995080720613615,27.178748038695776,,,,,,
2025-11-25,624,637.045,618.3,636.22,691.7741999999998,,673.8728250000005,,,,0,0,0,0,0,0,0,0,0,673.8728250000005,696.514966666667,691.7741999999998,625.9005000000004,605.1050000000001,604.5979999999993,691.7741999999998,,673.8728250000005,,,,0,0,0,0,0,0,0,0,0,284.6575223970972,283.0412188068523,,,,,1,25212978,18461480.72,47.123961592303345,28.562202546323725,,,,,,
2025-11-26,637.69,638.36,631.63,633.61,688.9320999999998,,673.4418750000004,,,,0,0,0,0,0,0,0,0,0,673.4418750000004,697.1847000000002,688.9320999999998,619.9975000000004,607.5650000000002,613.2559999999993,688.9320999999998,,673.4418750000004,,,,0,0,0,0,0,0,0,0,0,280.9430836150159,282.8504792439581,,,,,0,15209481,18577653,46.2225155466989,30.073069473905665,,,,,,
2025-11-28,636.075,648.05,635.5,647.95,686.2860999999997,,673.0547250000004,,,,0,0,0,0,0,0,0,0,0,673.0547250000004,697.8559000000004,686.2860999999997,619.0715000000004,611.3710000000001,625.0159999999994,686.2860999999997,,673.0547250000004,,,,0,0,0,0,0,0,0,0,0,285.3315914628776,283.0760349002235,,,,,1,11033198,18579217.96,51.690460905324116,31.885212799586093,,,,,,
2025-12-01,639.55,645.32,637.76,640.87,683.5358999999999,,672.6162750000004,,,,0,0,0,0,0,0,0,0,0,672.6162750000004,698.4634333333337,683.5358999999999,618.6975000000004,614.5120000000001,634.3399999999993,683.5358999999999,,672.6162750000004,,,,0,0,0,0,0,0,0,0,0,280.7106939910178,282.8610039084775,,,,,0,13029922,18365879.92,49.03929624861952,33.18591945008122,,,,,,
2025-12-02,642.34,647.87,638.07,647.1,681.1746999999997,,672.1684250000004,,,,0,0,0,0,0,0,0,0,0,672.1684250000004,699.0811666666671,681.1746999999997,619.1670000000005,619.0210000000001,641.1499999999994,681.1746999999997,,672.1684250000004,,,,0,0,0,0,0,0,0,0,0,284.9564484735682,283.0514988689403,,,,,1,11640869,18364558.38,51.40135102808879,34.72091381516754,,,,,,
2025-12-03,644.41,648.8499,637.55,639.6,678.8586999999998,,671.7845750000004,,,,0,0,0,0,0,0,0,0,0,671.7845750000004,699.685166666667,678.8586999999998,619.7810000000004,623.2120000000001,641.8259999999993,678.8586999999998,,671.7845750000004,,,,0,0,0,0,0,0,0,0,0,280.96254711262225,282.8615941638205,,,,,0,11134305,18369792.64,48.487658876019474,36.28317158868821,,,,,,
2025-12-04,676,676.1,660.05,661.53,676.8760999999997,,671.5733750000004,,,,0,0,0,0,0,0,0,0,0,671.5733750000004,700.2806333333336,676.8760999999997,621.0600000000004,630.3330000000001,647.4099999999993,676.8760999999997,,671.5733750000004,,,,0,0,0,0,0,0,0,0,0,289.7334339701972,283.4863068734911,,,,,1,29874622,18790720.54,56.289802651141706,38.372612734068,,,,,,
2025-12-05,664,674.69,662.3947,673.42,675.3662999999998,,671.4662750000003,,,,0,0,0,0,0,0,0,0,0,671.4662750000003,700.789966666667,675.3662999999998,623.7840000000003,638.76,652.5039999999992,675.3662999999998,,671.4662750000003,,,,0,0,0,0,0,0,0,0,0,294.62180241587953,284.49862465007186,,,,,0,21207861,19003056.46,59.841290368670194,40.72155227686611,,,,,59.841290368670194,
2025-12-08,669.34,676.71,665.07,666.8,673.8272999999998,,671.3825250000003,,,,0,0,0,0,0,0,0,0,0,671.3825250000003,701.240166666667,673.8272999999998,626.0385000000003,646.0150000000001,657.6899999999993,673.8272999999998,,671.3825250000003,,,,0,0,0,0,0,0,0,0,0,291.16251042517234,285.1044324478083,,,,,0,13160976,19072349.22,57.06138094499994,42.97443927356265,,,,,,
2025-12-09,663.765,664.48,653.34,656.96,672.0985,,671.3266750000004,,,,0,0,0,0,0,0,0,0,0,671.3266750000004,701.7045000000004,672.0985,627.2985000000002,650.4060000000001,659.6619999999992,672.0985,,671.3266750000004,,,,0,0,0,0,0,0,0,0,0,287.86679325202664,285.35555615728265,,,,,0,12997116,19147356.18,53.11187203714784,45.00387600553013,,,,,,
2025-12-10,649.95,654.51,643.3976,650.13,670.4134999999999,,671.2898250000004,,,,0,0,0,0,0,0,0,0,0,671.2898250000004,702.0599666666672,670.4134999999999,628.4510000000002,651.797,661.7679999999993,670.4134999999999,,671.2898250000004,,,,0,0,0,0,0,0,0,0,0,285.12389445215996,285.3344960022715,,,,,0,16910883,19161038.84,50.49913874138498,46.94516782918932,,,,,,
2025-12-11,643.29,655.28,640.795,652.71,669.1209,,671.1848750000004,,,,0,0,0,0,0,0,0,0,0,671.1848750000004,702.4246333333338,669.1209,630.6360000000002,653.707,660.0039999999993,669.1209,,671.1848750000004,,,,0,0,0,0,0,0,0,0,0,284.3354354559302,285.2436723162405,,,,,0,13056726,19013780.7,51.470307483464445,48.97157509046202,,,,,,
2025-12-12,649.8,652.01,638.61,644.23,667.4644999999999,,671.1148250000005,,,,0,0,0,0,0,0,0,0,0,671.1148250000005,702.7695666666672,667.4644999999999,632.3530000000003,653.335,654.1659999999993,667.4644999999999,,671.1148250000005,,,,0,0,0,0,0,0,0,0,0,280.0590058556646,284.7723390016427,,,,,0,14016915,19065813.58,48.12804185661313,50.52586850007783,,,48.12804185661313,,,
2025-12-15,645.7,653,638.7001,647.51,666.2035000000001,,671.0113750000004,,,,0,0,0,0,0,0,0,0,0,671.0113750000004,702.8234333333337,666.2035000000001,634.2555000000002,653.999,650.3079999999993,666.2035000000001,,671.0113750000004,,,,0,0,0,0,0,0,0,0,0,284.51889586403064,284.74929871640524,,,,,0,15549088,19053709.24,49.49416065531401,51.418659923985,,,,,,
2025-12-16,643.5,662.54,643.2,657.15,665.0332999999998,,671.0218750000005,,,,0,0,0,0,0,0,0,0,0,671.0218750000005,702.8309000000005,665.0332999999998,637.0125000000002,655.004,650.3459999999993,665.0332999999998,,671.0218750000005,,,,0,0,0,0,0,0,0,0,0,289.21649169957686,285.1554071694208,,,,,1,14309136,18906797.2,53.38025708229255,51.86553817326994,,,,,,
2025-12-17,655.61,661.23,649.2,649.5,663.7617,,671.0693750000005,,,,0,0,0,0,0,0,0,0,0,671.0693750000005,702.7651666666671,663.7617,639.6030000000003,655.9939999999999,650.2199999999993,663.7617,,671.0693750000005,,,,0,0,0,0,0,0,0,0,0,286.53358332414246,285.28069591075916,,,,,0,15598548,18977509.6,50.08671217961789,52.141552218478445,,,,,,
2025-12-18,657.025,670.56,656.46,664.45,662.6939,,671.1092750000004,,,,0,0,0,0,0,0,0,0,0,671.1092750000004,702.9023000000004,662.6939,643.3095000000002,656.286,652.5679999999994,662.6939,,671.1092750000004,,,,0,0,0,0,0,0,0,0,0,296.56679689708426,286.30670509133415,,,,,0,20260295,19166904.08,55.823147939465706,52.436744149488554,,,,,,
2025-12-19,666.42,671,658.18,658.77,661.1990999999999,,671.2634750000003,,,,0,0,0,0,0,0,0,0,0,671.2634750000003,703.0251666666671,661.1990999999999,646.7905000000003,654.821,655.4759999999994,661.1990999999999,,671.2634750000003,,,,0,0,0,0,0,0,0,0,0,291.71703752906006,286.7985534947638,,,,,0,49977051,19912101.66,53.31602546777202,52.74222480799945,,,,,,
2025-12-22,661.645,673.58,656.65,661.5,660.3230999999998,,671.4426750000003,,,,0,0,0,0,0,0,0,0,0,671.4426750000003,703.1656333333339,660.3230999999998,650.1530000000002,654.2909999999999,658.2739999999994,660.3230999999998,,671.4426750000003,,,,0,0,0,0,0,0,0,0,0,290.36548447653007,287.12281994765164,,,,,0,15659385,19885687.54,54.376615928197424,52.95474372943578,,,,,,
2025-12-23,660.05,666,658.25,664.94,659.3078999999999,,671.7774250000003,,,,0,0,0,0,0,0,0,0,0,671.7774250000003,703.3512333333338,659.3078999999999,652.7475000000002,655.089,659.8319999999993,659.3078999999999,,671.7774250000003,,,,0,0,0,0,0,0,0,0,0,290.0088391621405,287.385185330787,,,,,0,8486847,19870388.56,55.74107719439235,53.472845037890984,,,,,,
2025-12-24,662.53,668.18,662.2,667.55,658.4858999999998,,672.0866250000004,,,,0,0,0,0,0,0,0,0,0,672.0866250000004,703.5649000000005,658.4858999999998,654.3140000000002,656.831,663.4419999999993,658.4858999999998,,672.0866250000004,,,,0,0,0,0,0,0,0,0,0,289.8283302796905,287.60728941705094,,,,,0,5627512,19806343.66,56.79681536837865,53.50906023197934,,,,,56.79681536837865,
2025-12-26,668.06,668.9499,661.3201,663.29,657.4006999999999,,672.3052750000003,,,,0,0,0,0,0,0,0,0,0,672.3052750000003,703.7430333333338,657.4006999999999,655.7980000000002,657.8889999999999,663.2099999999994,657.4006999999999,,672.3052750000003,,,,0,0,0,0,0,0,0,0,0,287.05402738587776,287.55699286876245,,,,,0,7133813,19744084.6,54.51124164119835,53.12834246573135,,,,,,
2025-12-29,658.01,660.25,654.39,658.69,656.3331,,672.6455250000004,,,,0,0,0,0,0,0,0,0,0,672.6455250000004,703.9539000000004,656.3331,656.3350000000003,659.3349999999999,663.1939999999993,656.3331,,672.6455250000004,,,,0,0,0,0,0,0,0,0,0,285.14924350103536,287.33810656260545,,,,,0,8506477,19733873.94,52.07439392566165,52.772129107207185,,,,,,
2025-12-30,658.69,672.22,657.84,665.95,655.3137999999999,,672.9372750000003,,,,0,0,0,0,0,0,0,0,0,672.9372750000003,704.1114333333337,655.3137999999999,657.5890000000002,661.179,664.0839999999994,655.3137999999999,,672.9372750000003,,,,0,0,0,0,0,0,0,0,0,289.30323079529614,287.5167542201228,,,,,1,9187483,19672974.78,55.458693068170945,52.939759180851695,,,,,,
2025-12-31,664.75,665,659.44,660.09,653.8721999999999,,673.2132250000002,,,,0,0,0,0,0,0,0,0,0,673.2132250000002,704.2215000000003,653.8721999999999,658.2385000000002,661.473,663.1139999999994,653.8721999999999,,673.2132250000002,,,,0,0,0,0,0,0,0,0,0,287.15171288743886,287.4835686444242,,,,,0,7940359,19653777.88,52.25135759476776,53.06491767037903,,,,,,
2026-01-02,662.725,664.39,643.5,650.41,652.2149999999998,,673.5534750000003,,,,0,0,0,0,0,0,0,0,0,673.5534750000003,704.2572333333337,652.2149999999998,658.7790000000002,661.5640000000001,659.6859999999995,652.2149999999998,,673.5534750000003,,,,0,0,0,0,0,0,0,0,0,285.03876274744397,287.26131356288056,,,,,0,13726517,19775362.84,47.37712871781783,52.77254775854714,,,,,,
2026-01-05,651.01,664.54,647.7512,658.79,650.7225999999998,,673.9271250000004,,,,0,0,0,0,0,0,0,0,0,673.9271250000004,704.332566666667,650.7225999999998,658.6420000000003,660.998,658.7859999999994,650.7225999999998,,673.9271250000004,,,,0,0,0,0,0,0,0,0,0,288.1644329355775,287.3434153240348,,,,,1,12213745,19844947.92,51.58748929180749,53.0196511467753,,,,,,
2026-01-06,659.57,665.52,651.9,660.62,649.2549999999999,,674.3002250000002,,,,0,0,0,0,0,0,0,0,0,674.3002250000002,704.2640333333336,649.2549999999999,658.0020000000002,661.1830000000001,659.1719999999993,649.2549999999999,,674.3002250000002,,,,0,0,0,0,0,0,0,0,0,287.14119303857996,287.3250314799026,,,,,0,11074419,19869316.82,52.48161417887867,53.233040684172785,,,,,,
2026-01-07,655.64,659.15,644.81,648.69,647.4616,,674.5624250000002,,,,0,0,0,0,0,0,0,0,0,674.5624250000002,704.1429666666669,647.4616,657.0965000000002,659.902,655.7199999999993,647.4616,,674.5624250000002,,,,0,0,0,0,0,0,0,0,0,280.2185222676437,286.67898518787905,,,,,0,12846273,19943216.94,46.45777927309743,52.738577983515995,,,,,,
2026-01-08,645.88,647.102,635.72,646.06,645.3664,,674.6984750000004,,,,0,0,0,0,0,0,0,0,0,674.6984750000004,703.8637000000002,645.3664,656.5515000000003,658.014,652.9139999999993,645.3664,,674.6984750000004,,,,0,0,0,0,0,0,0,0,0,280.0465834022066,286.07603957099974,,,,,0,11921708,19955229.5,45.225389237833824,52.39134063053142,,,,,,
2026-01-09,645.435,654.95,642.85,653.06,643.3988,,674.8322250000002,,,,0,0,0,0,0,0,0,0,0,674.8322250000002,703.6533000000003,643.3988,656.6980000000002,656.565,653.4439999999993,643.3988,,674.8322250000002,,,,0,0,0,0,0,0,0,0,0,283.05918557527684,285.80178011684313,,,,,0,11634944,19944052.02,49.0959098621769,51.910823625010785,,,,,,
2026-01-12,652.525,653.97,641.225,641.97,641.2048,,674.9871750000001,,,,0,0,0,0,0,0,0,0,0,674.9871750000001,703.2817000000002,641.2048,656.1610000000003,654.4330000000001,650.0799999999992,641.2048,,674.9871750000001,,,,0,0,0,0,0,0,0,0,0,276.4613589155777,284.9526509167281,,,,,0,14797197,19703624.12,43.813672279489495,51.232084111562024,,,,,,
2026-01-13,642.27,642.27,624.1,631.09,640.4972000000001,,675.1297250000002,,,,0,0,0,0,0,0,0,0,0,675.1297250000002,702.8619000000002,640.4972000000001,655.5040000000001,651.6730000000001,644.1739999999993,640.4972000000001,,675.1297250000002,,,,0,0,0,0,0,0,0,0,0,271.3486382906757,283.7159224961779,,,,,0,18030395,18295430.14,39.34161983529495,50.15815581921185,,,,,,
2026-01-14,626.5,628.45,614.815,615.52,639.8406,,675.3236250000002,,,,0,0,0,0,0,0,0,0,0,675.3236250000002,702.2827000000002,639.8406,653.9045000000002,646.6300000000001,637.5399999999993,639.8406,,675.3236250000002,,,,0,0,0,0,0,0,0,0,0,265.1674744211093,282.02969994389895,,,,,0,15527875,17466924.26,33.99417685338594,48.60480579485425,,,,,,
2026-01-15,618.48,624.17,614.23,620.8,639.5024,,675.5458250000001,,,,0,0,0,0,0,0,0,0,0,675.5458250000001,701.7937666666669,639.5024,652.0870000000002,642.7010000000001,632.4879999999993,639.5024,,675.5458250000001,,,,0,0,0,0,0,0,0,0,0,268.8768932476153,280.8339902442368,,,,,0,13076058,17068373.44,37.11569719049536,47.19901163929116,,,,,,
2026-01-16,624.1762,629.08,620.08,620.25,639.3609999999999,,675.7170750000001,,,,0,0,0,0,0,0,0,0,0,675.7170750000001,701.3063666666669,639.3609999999999,650.6245000000002,639.6850000000002,625.9259999999992,639.3609999999999,,675.7170750000001,,,,0,0,0,0,0,0,0,0,0,267.94739979782446,279.6624820218357,,,,,0,17012516,16861492.7,36.91983207871995,45.942482384828416,,,,,,
2026-01-20,607.88,611.4,600,604.12,638.7244000000001,,675.8180250000001,,,,0,0,0,0,0,0,0,0,0,675.8180250000001,700.7813666666668,638.7244000000001,647.6080000000002,634.2180000000002,618.3559999999992,638.7244000000001,,675.8180250000001,,,,0,0,0,0,0,0,0,0,0,261.1469740634006,277.9792540256143,,,,,0,15169565,16760486.9,31.645496720847447,44.483275441627406,,,31.645496720847447,,,
2026-01-21,606.74,618.27,600.08,612.96,638.6048000000001,,676.2247250000001,,,,0,0,0,0,0,0,0,0,0,676.2247250000001,700.186966666667,638.6048000000001,645.3175000000002,629.4520000000002,614.7299999999993,638.6048000000001,,676.2247250000001,,,,0,0,0,0,0,0,0,0,0,270.5480610928266,277.3036910317245,,,,,0,14494655,16577805,36.96072378530822,43.16199192142292,,,,,,
2026-01-22,629.35,660.57,626.55,647.63,639.1232,,676.9392250000002,,,,0,0,0,0,0,0,0,0,0,676.9392250000002,699.8563000000003,639.1232,644.6240000000003,629.3460000000002,621.1519999999994,639.1232,,676.9392250000002,,,,0,0,0,0,0,0,0,0,0,282.57710952191877,277.78309271265124,,,,,1,21394669,16406761.86,52.5459803550529,43.18303640430043,,,,,,
2026-01-23,644.77,666.4899,644.445,658.76,639.6632000000001,,677.6517750000002,,,,0,0,0,0,0,0,0,0,0,677.6517750000002,699.609566666667,639.6632000000001,644.3150000000003,630.6160000000002,628.7439999999993,639.6632000000001,,677.6517750000002,,,,0,0,0,0,0,0,0,0,0,285.8638925211475,278.51771087706,,,,,0,22797723,16477816.32,56.28263310574312,43.81914386058081,,,,,,
2026-01-26,665.125,675.28,661.2855,672.36,640.5688000000001,,678.4613250000002,,,,0,0,0,0,0,0,0,0,0,678.4613250000002,699.5429666666669,640.5688000000001,644.5555000000003,632.5460000000002,639.1659999999995,640.5688000000001,,678.4613250000002,,,,0,0,0,0,0,0,0,0,0,291.67016117137723,279.7133881765434,,,,,0,16327378,16538320.14,60.387254512565264,44.44769851920636,,,,,,
2026-01-27,674.59,676.815,664.66,672.97,641.8480000000001,,678.8973250000001,,,,0,0,0,0,0,0,0,0,0,678.8973250000001,699.372566666667,641.8480000000001,645.0395000000003,635.6460000000002,652.9359999999995,641.8480000000001,,678.8973250000001,,,,0,0,0,0,0,0,0,0,0,290.48145238567986,280.6923031046467,,,,,0,13297350,16314401.7,60.56609445082864,45.02516139577421,,,,,,
2026-01-28,674.5,677.6775,666.1,668.73,643.0248000000001,,679.5095250000002,,,,0,0,0,0,0,0,0,0,0,679.5095250000002,699.0827666666669,643.0248000000001,645.5415000000004,639.4100000000001,664.0899999999995,643.0248000000001,,679.5095250000002,,,,0,0,0,0,0,0,0,0,0,287.4778429453514,281.3091703628926,,,,,0,25709600,16409116.8,58.5861842830483,45.89147603934214,,,,,,
2026-01-29,737.43,744,712.55,738.31,645.6018000000001,,680.4832250000001,,,,0,0,0,0,0,0,0,0,0,680.4832250000001,699.2803000000002,645.6018000000001,649.1595000000003,651.6890000000001,682.2259999999994,645.6018000000001,,680.4832250000001,,,,0,0,0,0,0,0,0,0,0,317.4152553303085,284.59154172356676,,,,,0,59852903,17191691.94,73.75088476807383,47.929011434359275,,,,,73.75088476807383,
2026-01-30,727.5,732.17,713.59,716.5,647.8916000000002,,681.4083250000002,,,,0,0,0,0,0,0,0,0,0,681.4083250000002,699.2163666666669,647.8916000000002,651.9800000000002,661.2590000000001,693.7739999999994,647.8916000000002,,681.4083250000002,,,,0,0,0,0,0,0,0,0,0,308.4364803085656,286.75926341311214,,,,,0,23744573,17336556.78,65.63759188016614,49.11056014992994,,,,,,
2026-02-02,714.6,721.3,703.5201,706.41,650.0660000000001,,682.3327750000001,,,,0,0,0,0,0,0,0,0,0,682.3327750000001,699.0349000000002,650.0660000000001,654.7800000000003,669.8750000000001,700.5839999999995,650.0660000000001,,682.3327750000001,,,,0,0,0,0,0,0,0,0,0,305.40768004703824,288.4545740161963,,,,,0,14365224,17113848.32,62.227005855136916,50.425798262476185,,,,,,
2026-02-03,707.37,717,686.41,691.7,652.0936000000003,,683.2797250000002,,,,0,0,0,0,0,0,0,0,0,683.2797250000002,698.7256333333336,652.0936000000003,656.4255000000003,678.6330000000002,704.3299999999994,652.0936000000003,,683.2797250000002,,,,0,0,0,0,0,0,0,0,0,297.4435422026962,289.2717529422418,,,,,0,13760663,16894167.52,57.53344015123974,51.72521399932939,,,,,,
2026-02-04,687.73,688.83,667.46,668.99,653.6904000000002,,684.1172750000001,,,,0,0,0,0,0,0,0,0,0,684.1172750000001,698.3907666666669,653.6904000000002,656.8440000000003,684.2360000000001,704.3819999999994,653.6904000000002,,684.1172750000001,,,,0,0,0,0,0,0,0,0,0,290.1159613866796,289.3484991644634,,,,,0,16882761,16819762.26,51.12245405252185,52.94866237069624,,,,,,
2026-02-05,663.58,681.5,653.5,670.21,655.2096000000001,,685.0450250000001,,,,0,0,0,0,0,0,0,0,0,685.0450250000001,698.1017000000003,655.2096000000001,657.9200000000003,686.494,690.7619999999995,655.2096000000001,,685.0450250000001,,,,0,0,0,0,0,0,0,0,0,292.12766482969647,289.60115058857554,,,,,0,17131791,16741345.6,51.43553058872982,53.97150761342727,,,,,,
2026-02-06,665.49,671.9899,646.5001,661.46,656.1778000000003,,685.8509250000002,,,,0,0,0,0,0,0,0,0,0,685.8509250000002,697.7180333333336,656.1778000000003,658.6900000000003,686.764,679.7539999999995,656.1778000000003,,685.8509250000002,,,,0,0,0,0,0,0,0,0,0,291.88969741365236,289.80920029994616,,,,,0,18159253,16633432.02,49.010787585297926,54.835147292468555,,,,,,
2026-02-09,663.18,683.3099,658.78,677.22,656.9978000000001,,686.6356750000002,,,,0,0,0,0,0,0,0,0,0,686.6356750000002,697.4438333333335,656.9978000000001,659.8980000000004,687.2500000000001,673.9159999999995,656.9978000000001,,686.6356750000002,,,,0,0,0,0,0,0,0,0,0,293.0711407885683,290.1057403443663,,,,,0,14837529,16425923.04,53.28261644942142,56.380655844509555,,,,,,
2026-02-10,677.6,680.65,669.79,670.72,657.7400000000001,,687.3235250000002,,,,0,0,0,0,0,0,0,0,0,687.3235250000002,697.1108333333335,657.7400000000001,661.3355000000004,687.0250000000001,669.7199999999996,657.7400000000001,,687.3235250000002,,,,0,0,0,0,0,0,0,0,0,288.903789191665,289.9964720577571,,,,,0,10455816,16330849.74,51.371022789568215,57.409962916242414,,,,,,
2026-02-11,674,679.2675,657.1,668.69,658.1548000000001,,687.9306250000003,,,,0,0,0,0,0,0,0,0,0,687.9306250000003,696.6835666666669,658.1548000000001,663.2155000000002,687.0210000000001,669.6599999999995,658.1548000000001,,687.9306250000003,,,,0,0,0,0,0,0,0,0,0,288.98329256592655,289.90436483122704,,,,,0,14323818,16396662.14,50.75855026253833,57.28228933820566,,,,,,
2026-02-12,669.97,676,645.28,649.81,658.3336000000002,,688.4309750000002,,,,0,0,0,0,0,0,0,0,0,688.4309750000002,696.1673666666668,658.3336000000002,664.9300000000003,678.171,665.5799999999996,658.3336000000002,,688.4309750000002,,,,0,0,0,0,0,0,0,0,0,280.8386132024098,289.08020559224366,,,,,0,14960108,16435265.86,45.34381650986068,56.50094529564263,,,,,,
2026-02-13,645.1,651.4299,634.57,639.77,658.1870000000001,,688.8576250000001,,,,0,0,0,0,0,0,0,0,0,688.8576250000001,695.6491000000002,658.1870000000001,665.8785000000004,670.4980000000002,661.2419999999995,658.1870000000001,,688.8576250000001,,,,0,0,0,0,0,0,0,0,0,280.897791086192,288.33634972805714,,,,,0,12336363,16449175.74,42.73316239084008,55.23993871551941,,,,,,
2026-02-17,639.495,642.6,628.8,639.29,658.1808000000002,,689.3090750000001,,,,0,0,0,0,0,0,0,0,0,689.3090750000001,695.1049000000003,658.1808000000002,666.8305000000004,663.7860000000001,653.6559999999996,658.1808000000002,,689.3090750000001,,,,0,0,0,0,0,0,0,0,0,280.5470306516212,287.62822981201754,,,,,0,12674739,16479984.42,42.60686248464314,53.957136432220445,,,42.60686248464314,,,
2026-02-18,633.8,645,628.145,643.22,657.8146,,689.6641250000002,,,,0,0,0,0,0,0,0,0,0,689.6641250000002,694.6571000000004,657.8146,668.7855000000004,658.9380000000001,648.1559999999996,657.8146,,689.6641250000002,,,,0,0,0,0,0,0,0,0,0,281.9817015698773,287.11490906273207,,,,,0,14649196,16175475.9,44.06453918319425,52.91987606794515,,,,,,
2026-02-19,638.57,647.19,636.72,644.78,657.2418000000001,,689.9029250000002,,,,0,0,0,0,0,0,0,0,0,689.9029250000002,694.269566666667,657.2418000000001,670.3765000000004,656.517,643.3739999999996,657.2418000000001,,689.9029250000002,,,,0,0,0,0,0,0,0,0,0,281.10013776426615,286.5681116719624,,,,,0,10035698,15952032.64,44.66531907161892,50.842335661055515,,,,,,
2026-02-20,639.685,663.3499,638.78,655.66,657.0190000000002,,690.1848750000004,,,,0,0,0,0,0,0,0,0,0,690.1848750000004,693.964566666667,657.0190000000002,670.7780000000005,655.0620000000001,644.5439999999996,657.0190000000002,,690.1848750000004,,,,0,0,0,0,0,0,0,0,0,286.6532204002401,286.57584882907855,,,,,1,14183512,15972483.36,48.79599459056758,49.639364426084185,,,,,,
2026-02-23,652.54,657.7,636,637.25,656.6248000000003,,690.4345750000003,,,,0,0,0,0,0,0,0,0,0,690.4345750000003,693.5177000000003,656.6248000000003,669.7025000000004,652.641,644.0399999999996,656.6248000000003,,690.4345750000003,,,,0,0,0,0,0,0,0,0,0,276.68347439474815,285.67654206232123,,,,,0,8605909,15884659.22,42.953103447943995,48.26265711128469,,,,,,
2026-02-24,633.08,641.11,628.98,639.3,656.4082000000002,,690.6470250000003,,,,0,0,0,0,0,0,0,0,0,690.6470250000003,693.0266000000003,656.4082000000002,668.0495000000004,648.8489999999999,644.0419999999997,656.4082000000002,,690.6470250000003,,,,0,0,0,0,0,0,0,0,0,280.4874125076414,285.2048030118958,,,,,0,10135647,15749154.5,43.76065202006922,47.278886530486794,,,,,,
2026-02-25,642.53,653.88,642.14,653.69,656.4278000000003,,690.9254250000002,,,,0,0,0,0,0,0,0,0,0,690.9254250000002,692.6858000000003,656.4278000000003,667.0855000000004,647.146,646.1359999999997,656.4278000000003,,690.9254250000002,,,,0,0,0,0,0,0,0,0,0,284.62306569173563,285.15191780097217,,,,,0,11330693,15714633.84,49.197117120418504,47.14136246390798,,,,,,
2026-02-26,650.55,661,647.5,657.01,656.6834000000002,,691.2480250000002,,,,0,0,0,0,0,0,0,0,0,691.2480250000002,692.308666666667,656.6834000000002,666.4995000000005,645.978,648.5819999999997,656.6834000000002,,691.2480250000002,,,,0,0,0,0,0,0,0,0,0,283.759854422325,285.0253665847315,,,,,0,10637736,15647050.26,50.388685673887984,47.06658782713357,,,,,,
2026-02-27,643.45,649.44,638.12,648.18,656.6968000000002,,691.2917750000001,,,,0,0,0,0,0,0,0,0,0,691.2917750000001,691.8645333333336,656.6968000000002,661.9930000000005,645.8149999999999,647.0859999999997,656.6968000000002,,691.2917750000001,,,,0,0,0,0,0,0,0,0,0,281.45557811914244,284.70084036058705,,,,,0,15703041,15650129.32,47.21668362597833,46.938437544325026,,,,,,
2026-03-02,637.16,659.94,634.5,653.56,656.6250000000003,,691.2794250000002,,,,0,0,0,0,0,0,0,0,0,691.2794250000002,691.4704000000003,656.6250000000003,658.8460000000006,647.194,650.3479999999997,656.6250000000003,,691.2794250000002,,,,0,0,0,0,0,0,0,0,0,285.028543849371,284.73063158684016,,,,,1,9816125,15560269.1,49.310435643141766,46.65471034387648,,,,,,
2026-03-03,648.29,659.04,638.84,655.08,656.7366000000003,,691.2580250000002,,,,0,0,0,0,0,0,0,0,0,691.2580250000002,691.0534000000002,656.7366000000003,656.2795000000006,648.7729999999999,653.5039999999997,656.7366000000003,,691.2580250000002,,,,0,0,0,0,0,0,0,0,0,285.57769016933486,284.8076369125215,,,,,0,12263754,15493573.22,49.914917071123774,46.550702792559015,,,,,,
2026-03-04,657.96,672.77,657.6711,667.73,656.8022000000003,,691.3772750000003,,,,0,0,0,0,0,0,0,0,0,691.3772750000003,690.8382666666669,656.8022000000003,655.0810000000005,651.2239999999999,656.3119999999996,656.8022000000003,,691.3772750000003,,,,0,0,0,0,0,0,0,0,0,293.8685154812796,285.63135314604494,,,,,0,10810054,15304568.4,54.7511133867355,46.83588587285881,,,,,54.7511133867355,
2026-03-05,661.93,670.7,650.31,660.57,656.8382000000003,,691.4784250000002,,,,0,0,0,0,0,0,0,0,0,691.4784250000002,690.6073333333336,656.8382000000003,654.6600000000005,652.803,657.0239999999997,656.8382000000003,,691.4784250000002,,,,0,0,0,0,0,0,0,0,0,288.4799308245591,285.8903147531826,,,,,0,13341367,14571854.72,51.70771999554296,47.2904504075504,,,,,,
2026-03-06,647.9,649.47,636.11,644.86,656.5054000000002,,691.5005750000003,,,,0,0,0,0,0,0,0,0,0,691.5005750000003,689.7501333333336,656.5054000000002,653.3925000000006,651.723,656.3599999999996,656.5054000000002,,691.5005750000003,,,,0,0,0,0,0,0,0,0,0,283.21758174833695,285.64733902546936,,,,,0,13159356,14521854.14,45.704650434657935,47.5026995535374,,,,,,
2026-03-09,634.78,647.75,626.78,647.39,656.1544000000004,,691.5520250000003,,,,0,0,0,0,0,0,0,0,0,691.5520250000003,689.0660000000003,656.1544000000004,652.6890000000006,652.737,655.1259999999995,656.1544000000004,,691.5520250000003,,,,0,0,0,0,0,0,0,0,0,288.1553588199424,285.87534082496694,,,,,1,13489742,14621912.04,46.7762982518487,47.800516394052075,,,,,,
2026-03-10,653.56,660.3,649,654.07,655.8848000000003,,691.6448750000003,,,,0,0,0,0,0,0,0,0,0,691.6448750000003,688.2506666666669,655.8848000000003,651.5315000000006,654.214,654.9239999999996,655.8848000000003,,691.6448750000003,,,,0,0,0,0,0,0,0,0,0,288.73098508235756,286.1349448483661,,,,,0,9859250,14706546.8,49.604570583637845,48.19623292265519,,,,,,
2026-03-11,654.76,659.12,648.36,654.86,655.7162000000003,,691.7363250000003,,,,0,0,0,0,0,0,0,0,0,691.7363250000003,687.5266666666669,655.7162000000003,650.7385000000006,654.3309999999999,652.3499999999997,655.7162000000003,,691.7363250000003,,,,0,0,0,0,0,0,0,0,0,289.6973968847554,286.45880412440147,,,,,0,8977162,14743413.78,49.9433470760775,48.57323492297366,,,,,,
2026-03-12,648.75,653.5,636.9,638.18,655.3060000000003,,691.7919250000003,,,,0,0,0,0,0,0,0,0,0,691.7919250000003,686.6346000000002,655.3060000000003,649.2130000000006,652.4480000000001,647.8719999999996,655.3060000000003,,691.7919250000003,,,,0,0,0,0,0,0,0,0,0,282.555982402052,286.10400214964244,,,,,0,11617485,14805633.94,43.3214987566309,48.18219950626389,,,,,,
2026-03-13,623.89,629.1699,609.55,613.71,654.2612000000004,,691.6488750000003,,,,0,0,0,0,0,0,0,0,0,691.6488750000003,685.6471333333336,654.2612000000004,647.4080000000006,649.001,641.6419999999996,654.2612000000004,,691.6488750000003,,,,0,0,0,0,0,0,0,0,0,275.9235141871023,285.178503243957,,,,,0,18957637,15001037.02,35.81854698356088,47.672588330236536,,,,,,
2026-03-16,632,634.75,623.1004,627.45,653.6084000000003,,691.5682250000004,,,,0,0,0,0,0,0,0,0,0,691.5682250000004,684.7014666666669,653.6084000000003,646.7920000000006,646.3900000000001,637.6539999999997,653.6084000000003,,691.5682250000004,,,,0,0,0,0,0,0,0,0,0,283.81984861735174,285.0549891869929,,,,,0,15134852,15144926.88,41.902978360349366,47.539897354542255,,,,,,
2026-03-17,627.985,636.55,621.7,622.66,653.0534000000004,,691.4562750000003,,,,0,0,0,0,0,0,0,0,0,691.4562750000003,683.7467333333336,653.0534000000004,645.9605000000007,643.1480000000001,631.3719999999996,653.0534000000004,,691.4562750000003,,,,0,0,0,0,0,0,0,0,0,278.82920334300087,284.4890086557209,,,,,0,10348755,15077371.64,40.46285261791011,46.9160213186488,,,,,,
2026-03-18,616.34,622.65,614.61,615.68,652.1912000000003,,691.2972250000004,,,,0,0,0,0,0,0,0,0,0,691.2972250000004,682.5846000000003,652.1912000000003,644.5835000000006,637.9430000000001,623.5359999999997,652.1912000000003,,691.2972250000004,,,,0,0,0,0,0,0,0,0,0,275.0175697728437,283.62796875727753,,,,,0,11726301,15067622.76,38.39221869697653,46.05913082029798,,,,,,
2026-03-19,612.15,613,602.26,606.7,651.1128000000003,,690.9762250000002,,,,0,0,0,0,0,0,0,0,0,690.9762250000002,681.4287333333336,651.1128000000003,642.6795000000006,632.556,617.2399999999997,651.1128000000003,,690.9762250000002,,,,0,0,0,0,0,0,0,0,0,274.7441020059746,282.82034450715906,,,,,0,13247696,15111088.3,35.85038983287748,45.24725269221934,,,,,,
2026-03-20,603.53,603.955,587.25,593.66,650.0122000000002,,690.6102750000002,,,,0,0,0,0,0,0,0,0,0,690.6102750000002,680.1722666666669,650.0122000000002,639.5795000000006,627.436,613.2299999999998,650.0122000000002,,690.6102750000002,,,,0,0,0,0,0,0,0,0,0,269.5807752388564,281.6167473009497,,,,,0,21214898,15278460.8,32.48684956254891,44.045567972177004,,,,,,
2026-03-23,605.787,608.64,599.01,604.06,649.1722000000002,,690.1908250000004,,,,0,0,0,0,0,0,0,0,0,690.1908250000004,678.9644666666669,649.1722000000002,637.9200000000006,623.1030000000001,608.5519999999997,649.1722000000002,,690.1908250000004,,,,0,0,0,0,0,0,0,0,0,278.51883273470025,281.33511870401793,,,,,0,13637959,15312785.82,37.521547767737076,43.160327307649375,,,,,,
2026-03-24,599.1,601,591,592.92,647.9694000000003,,689.7323250000004,,,,0,0,0,0,0,0,0,0,0,689.7323250000004,677.801466666667,647.9694000000003,635.6010000000006,616.988,602.6039999999997,647.9694000000003,,689.7323250000004,,,,0,0,0,0,0,0,0,0,0,270.28760110560876,280.33079892234434,,,,,0,10739742,15294881.78,34.54945220622314,41.71735150904135,,,,,,
2026-03-25,598.74,603.67,593.4,594.89,647.0278000000003,,689.2182250000004,,,,0,0,0,0,0,0,0,0,0,689.2182250000004,676.7575333333335,647.0278000000003,632.6610000000006,610.991,598.4459999999997,647.0278000000003,,689.2182250000004,,,,0,0,0,0,0,0,0,0,0,272.20439390149414,279.5920348295398,,,,,0,12585031,15250638.46,35.522106666196194,40.56123627123087,,,,,,
2026-03-26,582.49,583,543.35,547.54,645.3568000000002,,688.4856250000003,,,,0,0,0,0,0,0,0,0,0,688.4856250000003,675.4230000000002,645.3568000000002,627.1875000000007,601.927,586.6139999999997,645.3568000000002,,688.4856250000003,,,,0,0,0,0,0,0,0,0,0,249.1880173971349,276.8280332447757,,,,,0,35780131,15605633.18,25.653918073320597,39.12904110256391,,,,,,
2026-03-27,540.1,543.5999,520.26,525.72,643.5608000000003,,687.6022250000003,,,,0,0,0,0,0,0,0,0,0,687.6022250000003,674.0004666666669,643.5608000000003,621.0645000000006,593.1279999999999,573.0259999999996,643.5608000000003,,687.6022250000003,,,,0,0,0,0,0,0,0,0,0,243.49523016996625,273.797778419793,,,,,0,30133010,15897735.88,22.545634488119845,37.3982794051547,,,22.545634488119845,,,
2026-03-30,536.38,539.55,528.54,536.38,641.8724000000003,,686.8134250000004,,,,0,0,0,0,0,0,0,0,0,686.8134250000004,672.5444000000003,641.8724000000003,615.2055000000006,584.021,559.4899999999996,641.8724000000003,,686.8134250000004,,,,0,0,0,0,0,0,0,0,0,252.6574614609208,271.87593142353194,,,,,0,22795203,16092118.78,27.18717308173862,35.797036726447615,,,,,,
2026-03-31,549.98,573.69,546.77,572.13,640.9100000000003,,686.2072750000003,,,,0,0,0,0,0,0,0,0,0,686.2072750000003,671.3366000000003,640.9100000000003,611.0580000000006,578.9680000000001,555.3319999999997,640.9100000000003,,686.2072750000003,,,,0,0,0,0,0,0,0,0,0,270.5647938988576,271.756737103107,,,,,0,32898272,16409833.9,40.14224956475401,35.096958332781654,,,,,,
2026-04-01,580.13,592.5465,573.82,579.23,640.4122000000002,,685.6890750000005,,,,0,0,0,0,0,0,0,0,0,685.6890750000005,670.1708000000003,640.4122000000002,606.6330000000005,575.323,552.1999999999996,640.4122000000002,,685.6890750000005,,,,0,0,0,0,0,0,0,0,0,266.16864745968854,271.2487289537053,,,,,0,23608128,16578605.16,42.33656756139158,35.026606104550275,,,,,,
2026-04-02,566.035,578.5,559.7,574.46,639.6422000000002,,685.0507750000004,,,,0,0,0,0,0,0,0,0,0,685.0507750000004,669.0180000000003,639.6422000000002,602.3275000000006,572.0989999999999,557.5839999999996,639.6422000000002,,685.0507750000004,,,,0,0,0,0,0,0,0,0,0,262.09787189388214,270.41683285735775,,,,,0,13518547,16559083,41.242684706233455,35.4140445133126,,,,,,
2026-04-06,577.69,582.79,572,573.02,638.1500000000002,,684.4297250000004,,,,0,0,0,0,0,0,0,0,0,684.4297250000004,667.8307333333337,638.1500000000002,598.7355000000006,570.0350000000001,567.0439999999996,638.1500000000002,,684.4297250000004,,,,0,0,0,0,0,0,0,0,0,261.14895452915835,269.5742984638851,,,,,0,9515651,16321502.64,40.89912832516205,35.34234093937065,,,,,,
2026-04-07,572.48,575.225,564.76,575.05,636.4758000000002,,683.8261250000005,,,,0,0,0,0,0,0,0,0,0,683.8261250000005,666.7397333333337,636.4758000000002,595.1185000000006,567.134,574.7779999999997,636.4758000000002,,683.8261250000005,,,,0,0,0,0,0,0,0,0,0,260.91908128170456,268.7874605382323,,,,,0,9580843,16057165.04,41.63721158199265,35.4262237225194,,,,,,
2026-04-08,606,629.95,591.83,612.42,635.2770000000002,,683.4764750000004,,,,0,0,0,0,0,0,0,0,0,683.4764750000004,665.9218000000003,635.2770000000002,593.0360000000006,569.084,582.8359999999997,635.2770000000002,,683.4764750000004,,,,0,0,0,0,0,0,0,0,0,277.6642626994154,269.5944425528853,,,,,1,32036638,16371350.24,53.219365211779255,36.485305616433884,,,,,,
2026-04-09,626.97,637.5,623,628.39,634.3854000000002,,683.1257750000003,,,,0,0,0,0,0,0,0,0,0,683.1257750000003,665.1974000000002,634.3854000000002,591.7125000000005,572.434,592.6679999999997,634.3854000000002,,683.1257750000003,,,,0,0,0,0,0,0,0,0,0,277.933072085062,270.3524997830832,,,,,0,19012912,16485661.48,57.1343427678621,38.00558796893279,,,,,,
2026-04-10,634.47,638.58,624.33,629.86,633.6080000000003,,682.7140750000003,,,,0,0,0,0,0,0,0,0,0,682.7140750000003,664.405466666667,633.6080000000003,591.2965000000006,580.6659999999999,603.7479999999996,633.6080000000003,,682.7140750000003,,,,0,0,0,0,0,0,0,0,0,276.8749258205891,270.94544760467465,,,,,0,13294844,16237366.36,57.487023537848124,39.79131468145415,,,,,,
2026-04-13,629.5,635,624.4,634.53,631.5324000000003,,682.3433250000003,,,,0,0,0,0,0,0,0,0,0,682.3433250000003,663.6193333333337,631.5324000000003,592.3375000000005,591.547,616.0499999999996,631.5324000000003,,682.3433250000003,,,,0,0,0,0,0,0,0,0,0,279.24569819126,271.7000158398188,,,,,0,9538931,15231086.92,58.65094091981579,41.300557049459776,,,,,,
2026-04-14,643.22,666.26,639.3705,662.49,630.4522000000002,,682.0253250000004,,,,0,0,0,0,0,0,0,0,0,682.0253250000004,663.0206000000003,630.4522000000002,594.0895000000006,604.1580000000001,633.5379999999996,630.4522000000002,,682.0253250000004,,,,0,0,0,0,0,0,0,0,0,288.6151057980927,273.23775129057094,,,,,0,17817956,15112554.58,64.85491785213686,43.46523316702504,,,,,,
2026-04-15,667,678.5,664.22,671.58,629.7556000000002,,681.7150750000004,,,,0,0,0,0,0,0,0,0,0,681.7150750000004,662.3931333333336,629.7556000000002,596.5355000000006,614.1030000000001,645.3699999999997,629.7556000000002,,681.7150750000004,,,,0,0,0,0,0,0,0,0,0,289.16710561630686,274.6858744110924,,,,,0,14952577,15124301.64,66.60898249986445,45.68572429800135,,,,,,
2026-04-16,675.99,677.58,667.75,676.87,629.4590000000002,,681.4089750000004,,,,0,0,0,0,0,0,0,0,0,681.4089750000004,661.8924000000003,629.4590000000002,599.5950000000006,623.8670000000001,655.0659999999996,629.4590000000002,,681.4089750000004,,,,0,0,0,0,0,0,0,0,0,289.13876769908984,275.99977380091036,,,,,0,9544835,15039985.08,67.62175253438636,48.683426759506055,,,,,,
2026-04-17,678.6,691.52,675.13,688.55,629.8502000000002,,681.2556250000005,,,,0,0,0,0,0,0,0,0,0,681.2556250000005,661.4767333333336,629.8502000000002,603.6875000000007,635.2760000000001,666.8039999999996,629.8502000000002,,681.2556250000005,,,,0,0,0,0,0,0,0,0,0,293.3624378487464,277.5781978052591,,,,,0,16283480,15027999.46,69.79977905821397,52.058722800227066,,,,,69.79977905821397,
2026-04-20,681.36,683.38,668,670.91,629.8642000000002,,681.0423250000005,,,,0,0,0,0,0,0,0,0,0,681.0423250000005,660.9122000000004,629.8642000000002,607.5500000000006,645.065,674.0799999999997,629.8642000000002,,681.0423250000005,,,,0,0,0,0,0,0,0,0,0,282.44679731408,278.02079776060646,,,,,0,12533951,14936042.66,62.91622246970198,54.61079775651016,,,,,,
2026-04-21,671,676.2,667.33,668.84,630.0118000000002,,680.7914750000003,,,,0,0,0,0,0,0,0,0,0,680.7914750000003,660.2731333333336,630.0118000000002,610.7890000000007,654.4440000000001,675.3499999999997,630.0118000000002,,680.7914750000003,,,,0,0,0,0,0,0,0,0,0,282.24550683416953,278.40486222183944,,,,,0,8660100,14746059.6,62.14176271298396,56.18219155281229,,,,,,
2026-04-22,674.355,678.38,669.75,674.72,629.9618000000003,,680.5733250000005,,,,0,0,0,0,0,0,0,0,0,680.5733250000005,659.5779333333337,629.9618000000003,614.8790000000006,660.6740000000002,675.9779999999997,629.9618000000003,,680.5733250000005,,,,0,0,0,0,0,0,0,0,0,286.54505508195047,279.1448797545768,,,,,0,9215603,14633621.08,63.515599357396525,57.69497953824122,,,,,,
2026-04-23,663.7,669.56,653.05,659.15,629.7304000000003,,680.2657250000004,,,,0,0,0,0,0,0,0,0,0,680.2657250000004,658.8008333333337,629.7304000000003,618.0920000000007,663.7500000000002,672.4339999999996,629.7304000000003,,680.2657250000004,,,,0,0,0,0,0,0,0,0,0,277.0356505914213,278.9531316488354,,,,,0,11666981,14657844.38,57.55917988855109,58.86044347983533,,,,,,
2026-04-24,660.32,680.67,653.8401,675.03,629.8572000000001,,679.9769750000004,,,,0,0,0,0,0,0,0,0,0,679.9769750000004,658.099366666667,629.8572000000001,624.4665000000007,668.267,669.7299999999997,629.8572000000001,,679.9769750000004,,,,0,0,0,0,0,0,0,0,0,284.8864936040549,279.492528190219,,,,,1,13348279,14638333.6,61.522492872549336,60.33354094750586,,,,,,
2026-04-27,670.995,682.5,670.84,678.62,630.4334000000002,,679.7338750000004,,,,0,0,0,0,0,0,0,0,0,679.7338750000004,657.4343000000005,630.4334000000002,632.1115000000007,672.6760000000002,671.2719999999997,630.4334000000002,,679.7338750000004,,,,0,0,0,0,0,0,0,0,0,284.1367914060854,279.91473393711595,,,,,0,12805222,14595235.88,62.37784878387438,61.81501503335455,,,,,,
2026-04-28,674.24,678.18,665.625,671.34,631.0648000000002,,679.5030250000003,,,,0,0,0,0,0,0,0,0,0,679.5030250000003,656.8088333333338,631.0648000000002,638.8595000000007,673.5610000000001,671.7719999999997,631.0648000000002,,679.5030250000003,,,,0,0,0,0,0,0,0,0,0,280.7419095836028,279.9899317231602,,,,,0,10606755,14560643.72,59.48980296883917,62.26290344457311,,,,,,
2026-04-29,668.91,674.25,663.8084,669.12,631.6614000000002,,679.2440250000004,,,,0,0,0,0,0,0,0,0,0,679.2440250000004,656.2336333333337,631.6614000000002,643.7090000000006,673.3150000000002,670.6519999999997,631.6614000000002,,679.2440250000004,,,,0,0,0,0,0,0,0,0,0,281.18972209653987,280.0990035752856,,,,,0,18947464,14686098.22,58.59882114798091,62.36750904315303,,,,,,
2026-04-30,619.32,620.85,600,611.91,631.0352000000001,,678.7516250000004,,,,0,0,0,0,0,0,0,0,0,678.7516250000004,655.2419666666672,631.0352000000001,645.3430000000006,666.8190000000002,661.2039999999996,631.0352000000001,,678.7516250000004,,,,0,0,0,0,0,0,0,0,0,257.25060118049987,278.02187608485053,,,,,0,52764984,15448413.98,41.39351860484303,61.21797297650981,,,,,,
2026-05-01,614.69,618.88,606.11,608.745,630.3145000000001,,678.2808000000005,,,,0,0,0,0,0,0,0,0,0,678.2808000000005,654.3075333333337,630.3145000000001,647.0572500000006,658.8385000000001,647.9469999999997,630.3145000000001,,678.2808000000005,,,,0,0,0,0,0,0,0,0,0,253.32638833017523,275.7768317435164,,,,,0,21404028,15675780.58,40.681877746456976,59.93446846412704,,,,,,
2026-05-04,607.935,614,602.7501,610.41,629.4095000000001,,677.8258000000004,,,,0,0,0,0,0,0,0,0,0,677.8258000000004,653.4186000000004,629.4095000000001,648.9267500000007,652.7885000000001,634.3049999999996,629.4095000000001,,677.8258000000004,,,,0,0,0,0,0,0,0,0,0,253.27830420284064,273.7315110580004,,,,,0,16203902,15716188.38,41.25405636043483,58.24869264329118,,,,,,
2026-05-05,613.31,614.35,600.36,604.96,628.7637000000001,,677.3292000000005,,,,0,0,0,0,0,0,0,0,0,677.3292000000005,652.4956666666671,628.7637000000001,650.4222500000006,646.4005000000002,621.0289999999997,628.7637000000001,,677.3292000000005,,,,0,0,0,0,0,0,0,0,0,252.04006243785378,271.75956118344163,,,,,0,17171301,15887496.22,39.89744255433395,56.340725504324716,,,,,,
2026-05-06,601.05,619.95,598.1,612.88,628.2353000000002,,676.8287750000004,,,,0,0,0,0,0,0,0,0,0,676.8287750000004,651.6856666666672,628.2353000000002,650.4452500000006,640.2165000000002,609.7809999999997,628.2353000000002,,676.8287750000004,,,,0,0,0,0,0,0,0,0,0,253.28375952755192,270.07994285108805,,,,,0,19915460,16083092.48,42.83916376120359,54.57054059195452,,,,,,
2026-05-07,614.72,624.98,613.5401,616.81,627.4977000000001,,676.3887750000005,,,,0,0,0,0,0,0,0,0,0,676.3887750000005,651.0154666666672,627.4977000000001,649.8662500000007,635.9825000000002,610.7609999999997,627.4977000000001,,676.3887750000005,,,,0,0,0,0,0,0,0,0,0,251.24268340866598,268.3674647199588,,,,,0,12307372,16102626.06,44.29611853010873,52.74885055423272,,,,,,
2026-05-08,615.2,616.77,606.0601,609.63,626.5501,,675.8690250000004,,,,0,0,0,0,0,0,0,0,0,675.8690250000004,650.2326666666672,626.5501,648.8547500000006,629.4425000000001,610.9379999999998,626.5501,,675.8690250000004,,,,0,0,0,0,0,0,0,0,0,249.2660587970724,266.63097327242366,,,,,0,13556963,16161010.6,42.18078556923497,51.26774791848508,,,,,,
2026-05-11,604.57,604.9069,598.0801,598.86,625.5637000000002,,675.2893250000004,,,,0,0,0,0,0,0,0,0,0,675.2893250000004,649.4880000000005,625.5637000000002,647.0712500000006,621.4665000000001,608.6279999999997,625.5637000000002,,675.2893250000004,,,,0,0,0,0,0,0,0,0,0,242.8165191676623,264.4660228992635,,,,,0,15940622,16165762.22,39.15992385507593,49.62618800006307,,,39.15992385507593,,,
2026-05-12,594.815,603.745,592.6,603,624.5525000000001,,674.7409250000004,,,,0,0,0,0,0,0,0,0,0,674.7409250000004,648.7369333333339,624.5525000000001,644.0967500000006,614.6325,608.2359999999996,624.5525000000001,,674.7409250000004,,,,0,0,0,0,0,0,0,0,0,244.03569477326533,262.6087203423546,,,,,0,11351559,16196470.9,40.91173286726594,48.011626107910885,,,,,,
2026-05-13,598.83,619.9,596.6601,616.63,623.7835000000001,,674.2359250000004,,,,0,0,0,0,0,0,0,0,0,674.2359250000004,648.0939333333339,623.7835000000001,641.3492500000006,609.3835000000001,608.9859999999996,623.7835000000001,,674.2359250000004,,,,0,0,0,0,0,0,0,0,0,249.95237110811152,261.4581431392416,,,,,0,14634394,16243883.7,46.385192922613456,47.21348418177248,,,,,,
2026-05-14,616,623.73,615,618.43,622.7975000000001,,673.8280750000006,,,,0,0,0,0,0,0,0,0,0,673.8280750000006,647.4312000000007,622.7975000000001,638.4272500000005,610.0355000000002,609.3099999999997,622.7975000000001,,673.8280750000006,,,,0,0,0,0,0,0,0,0,0,249.22423451088486,260.3459696275728,,,,,0,10651173,16240706.08,47.08233723129282,46.1820444931113,,,,,47.08233723129282,
2026-05-15,613.99,621.1999,609.31,614.23,621.8707000000002,,673.4231750000005,,,,0,0,0,0,0,0,0,0,0,673.4231750000005,646.6360000000005,621.8707000000002,634.7112500000006,610.5840000000001,610.2299999999998,621.8707000000002,,673.4231750000005,,,,0,0,0,0,0,0,0,0,0,245.65105815697387,259.0100685847911,,,,,0,13272567,16239330.08,45.59265283118184,44.98310192506184,,,,,,
2026-05-18,609.105,615.59,603.69,611.21,621.1977000000002,,672.6120250000005,,,,0,0,0,0,0,0,0,0,0,672.6120250000005,646.0087333333339,621.1977000000002,631.7262500000006,610.6640000000001,612.6999999999997,621.1977000000002,,672.6120250000005,,,,0,0,0,0,0,0,0,0,0,247.50387730833143,257.964051196022,,,,,0,13772443,16251591.82,44.50231471904695,43.91256705007668,,,,,,
2026-05-19,608.92,613.93,600.55,602.61,620.3021000000002,,671.8750250000005,,,,0,0,0,0,0,0,0,0,0,671.8750250000005,645.2548000000005,620.3021000000002,628.4147500000006,610.4290000000001,612.6219999999997,620.3021000000002,,671.8750250000005,,,,0,0,0,0,0,0,0,0,0,244.20103092783506,256.7128675352777,,,,,0,11749947,16216795.92,41.461515831048466,42.68847381315293,,,,,,
2026-05-20,600.755,608,597.81,605.06,619.3219000000001,,671.0184750000004,,,,0,0,0,0,0,0,0,0,0,671.0184750000004,644.5642000000005,619.3219000000001,624.9317500000006,609.6470000000002,610.3079999999998,619.3219000000001,,671.0184750000004,,,,0,0,0,0,0,0,0,0,0,246.8416915750338,255.81548790252828,,,,,0,11329709,16246205.1,42.66347247049383,42.779184803556554,,,,,,
2026-05-21,600,609.6,594.8083,607.38,618.3723000000002,,670.2380750000004,,,,0,0,0,0,0,0,0,0,0,670.2380750000004,643.8297333333338,618.3723000000002,622.3432500000006,608.7040000000001,608.0979999999997,618.3723000000002,,670.2380750000004,,,,0,0,0,0,0,0,0,0,0,245.14325383158257,254.84528480516957,,,,,0,13476078,16336183.42,43.83941350906573,43.00472307231432,,,,,,
2026-05-22,607.88,614.81,606.95,610.26,617.8139000000002,,669.4294250000004,,,,0,0,0,0,0,0,0,0,0,669.4294250000004,643.1510000000005,617.8139000000002,619.1047500000006,608.767,607.3039999999999,617.8139000000002,,669.4294250000004,,,,0,0,0,0,0,0,0,0,0,245.88321091417495,254.03055081507915,,,,,0,11688623,16337606.18,45.33815802894331,43.296444620064925,,,,,,
2026-05-26,608.89,614.47,605.3001,612.34,617.7865000000003,,668.6819750000004,,,,0,0,0,0,0,0,0,0,0,668.6819750000004,642.4538333333339,617.7865000000003,615.7907500000006,610.1150000000001,607.5299999999997,617.7865000000003,,668.6819750000004,,,,0,0,0,0,0,0,0,0,0,245.80516707076225,253.2827886565049,,,,,0,12234166,16203136.76,46.449668774461216,43.76446077864545,,,,,,
2026-05-27,609.395,638.4999,609,635.255,617.9426000000002,,668.0117500000003,,,,0,0,0,0,0,0,0,0,0,668.0117500000003,641.8077333333339,617.9426000000002,613.9865000000007,613.3405,614.0589999999999,617.9426000000002,,668.0117500000003,,,,0,0,0,0,0,0,0,0,0,253.45619361865968,253.29855274397352,,,,,1,23143594,16363311.6,56.857802740852335,44.76579213433464,,,,,,
2026-05-28,639.495,643,629.31,635.29,618.1952000000002,,667.3588500000004,,,,0,0,0,0,0,0,0,0,0,667.3588500000004,641.1545333333339,618.1952000000002,612.2950000000006,615.2065000000001,620.1049999999998,618.1952000000002,,667.3588500000004,,,,0,0,0,0,0,0,0,0,0,253.42769039289288,253.3102925302389,,,,,0,16772379,16491784.08,56.8715909231405,45.66404016240834,,,,,56.8715909231405,
2026-05-29,633.5,634.5,623.35,632.51,618.5318000000002,,666.5714000000004,,,,0,0,0,0,0,0,0,0,0,666.5714000000004,640.4818666666673,618.5318000000002,613.3250000000006,616.6145000000002,625.1309999999997,618.5318000000002,,666.5714000000004,,,,0,0,0,0,0,0,0,0,0,250.87590333729085,253.0889844217891,,,,,0,19806536,16653388.78,55.35821008558007,46.605284770718704,,,,,,
2026-06-01,630.4,635.7499,599.53,600.47,618.4072000000002,,665.6733500000004,,,,0,0,0,0,0,0,0,0,0,665.6733500000004,639.5916666666674,618.4072000000002,612.9112500000007,615.2385000000002,623.1729999999998,618.4072000000002,,665.6733500000004,,,,0,0,0,0,0,0,0,0,0,237.6514666789797,251.68557371789734,,,,,0,29138805,16971210.96,41.613882808762185,46.78056755312487,,,,,,
2026-06-02,603.24,608.88,596.68,597.63,618.4866000000003,,664.7508500000004,,,,0,0,0,0,0,0,0,0,0,664.7508500000004,638.6534666666673,618.4866000000003,612.2722500000007,613.8805000000002,620.2309999999997,618.4866000000003,,664.7508500000004,,,,0,0,0,0,0,0,0,0,0,235.90813097454588,250.25126074122903,,,,,0,18251964,16911952.28,40.650458905723085,46.76190512730038,,,,,,
2026-06-03,603,624.15,600.27,622.98,618.8650000000002,,663.9396000000004,,,,0,0,0,0,0,0,0,0,0,663.9396000000004,637.8012000000007,618.8650000000002,613.1732500000006,615.9175000000002,617.7759999999996,618.8650000000002,,663.9396000000004,,,,0,0,0,0,0,0,0,0,0,245.59743592776127,249.82818575818652,,,,,0,23020056,17099594.22,51.454219914942335,47.1239784838953,,,,,,
2026-06-04,623.67,642.4,622.43,627.57,619.5580000000002,,663.2406000000003,,,,0,0,0,0,0,0,0,0,0,663.2406000000003,636.9754000000007,619.5580000000002,613.9077500000006,618.1685000000002,616.2319999999997,619.5580000000002,,663.2406000000003,,,,0,0,0,0,0,0,0,0,0,249.24440702334098,249.77511496410966,,,,,0,21469248,17314184.34,53.11832270854072,47.55512030369872,,,,,,
2026-06-05,623.46,629.145,582.91,593,619.5202000000002,,662.4482000000004,,,,0,0,0,0,0,0,0,0,0,662.4482000000004,635.9176000000007,619.5202000000002,612.7172500000006,616.7305000000002,608.3299999999997,619.5202000000002,,662.4482000000004,,,,0,0,0,0,0,0,0,0,0,234.56288764187167,248.39218520754258,,,,,0,30091610,17664315.92,41.56248260919233,47.26725100212804,,,,,,
2026-06-08,592,592,579.22,585.39,620.2772000000002,,661.6365500000003,,,,0,0,0,0,0,0,0,0,0,661.6365500000003,635.3770666666674,620.2772000000002,611.5052500000006,614.2435000000003,605.3139999999996,620.2772000000002,,661.6365500000003,,,,0,0,0,0,0,0,0,0,0,237.84320390913538,247.43318690768737,,,,,0,19512436,17338962.02,39.524084756074274,46.911663147629994,,,,,,
2026-06-09,591,597.63,581.01,584.59,621.4546000000003,,660.8640000000003,,,,0,0,0,0,0,0,0,0,0,660.8640000000003,634.9520000000007,621.4546000000003,610.7917500000005,611.4685000000002,602.7059999999996,621.4546000000003,,660.8640000000003,,,,0,0,0,0,0,0,0,0,0,236.81289597770373,246.4677059140525,,,,,0,16977383,17075849.48,39.30584462241885,46.757686632727875,,,,,,
2026-06-10,580.73,591.32,570.6,570.98,622.1466000000001,,659.9449500000004,,,,0,0,0,0,0,0,0,0,0,659.9449500000004,634.5071333333341,622.1466000000001,609.1907500000005,605.0410000000003,592.3059999999996,622.1466000000001,,659.9449500000004,,,,0,0,0,0,0,0,0,0,0,231.89641867907824,245.14304343814572,,,,,0,17064048,16961226.38,35.6948172431147,46.25992554505793,,,,,,
2026-06-11,565.83,572.17,557.01,568.43,622.0726000000002,,659.0206000000003,,,,0,0,0,0,0,0,0,0,0,659.0206000000003,634.1145333333341,622.0726000000002,606.7807500000006,598.3550000000002,580.4779999999996,622.0726000000002,,659.0206000000003,,,,0,0,0,0,0,0,0,0,0,234.66217146002475,244.19023689468017,,,,,0,17627966,16655820.26,35.04518327914299,45.6317662429206,,,,,,
2026-06-12,572.95,576.07,560.9,566.98,621.8276000000002,,658.0850000000003,,,,0,0,0,0,0,0,0,0,0,658.0850000000003,633.654733333334,621.8276000000002,604.2082500000007,591.8020000000004,575.2739999999997,621.8276000000002,,658.0850000000003,,,,0,0,0,0,0,0,0,0,0,230.0336339699039,242.9032729924278,,,,,0,14347769,16470613.08,34.658913255613086,44.86896304482558,,,34.658913255613086,,,
2026-06-15,579.9,601.27,579.2975,593.48,622.2080000000002,,657.3155000000003,,,,0,0,0,0,0,0,0,0,0,657.3155000000003,633.4850000000007,622.2080000000002,603.1707500000006,591.1030000000003,576.8919999999996,622.2080000000002,,657.3155000000003,,,,0,0,0,0,0,0,0,0,0,239.58177744585512,242.60131885183029,,,,,0,17653258,16553307.3,46.3067421264125,44.858753998536386,,,,,,
2026-06-16,593.65,605.81,592,600.21,622.7518000000002,,656.5610000000004,,,,0,0,0,0,0,0,0,0,0,656.5610000000004,633.3416666666674,622.7518000000002,602.6207500000007,591.3610000000002,580.0159999999996,622.7518000000002,,656.5610000000004,,,,0,0,0,0,0,0,0,0,0,238.35891706423382,242.2156459620488,,,,,0,11344421,16589882.7,48.8028222545891,44.28339824951758,,,,,48.8028222545891,
2026-06-17,592.002,593.81,566.19,567.58,622.6024000000002,,655.7054000000003,,,,0,0,0,0,0,0,0,0,0,655.7054000000003,632.9138000000007,622.6024000000002,600.8692500000006,585.8210000000003,579.3359999999997,622.6024000000002,,655.7054000000003,,,,0,0,0,0,0,0,0,0,0,226.6892458602593,240.8041550437043,,,,,0,20478308,16807832,39.27062054534621,43.026186079675135,,,,,,
2026-06-18,572.82,580.215,563.1,577.22,621.8984000000002,,654.9159500000003,,,,0,0,0,0,0,0,0,0,0,654.9159500000003,632.5814000000007,621.8984000000002,599.4772500000006,580.7860000000003,581.0939999999997,621.8984000000002,,654.9159500000003,,,,0,0,0,0,0,0,0,0,0,233.3738987696948,240.12867720061251,,,,,0,28824630,16743591.84,42.82373125620822,42.13086616329143,,,,,,
2026-06-22,572.02,575.81,559.81,563.85,620.6076000000003,,654.0499500000002,,,,0,0,0,0,0,0,0,0,0,654.0499500000002,632.280333333334,620.6076000000003,597.3007500000006,577.8710000000003,580.4679999999997,620.6076000000003,,654.0499500000002,,,,0,0,0,0,0,0,0,0,0,225.52286026262007,238.80087566079501,,,,,0,15405511,16671443.82,39.38222034463907,41.971461701568344,,,,,,
2026-06-23,562.245,572.2,561.02,562.2,619.2544000000003,,653.1177000000002,,,,0,0,0,0,0,0,0,0,0,653.1177000000002,631.9624000000008,619.2544000000003,594.8977500000005,575.5520000000002,574.2119999999998,619.2544000000003,,653.1177000000002,,,,0,0,0,0,0,0,0,0,0,225.69913740268015,237.60980854642094,,,,,0,13103316,16667613.26,38.966033767911306,41.85114562029607,,,,,,
2026-06-24,561.89,569.04,555.55,557.67,617.7172000000002,,652.1438000000003,,,,0,0,0,0,0,0,0,0,0,652.1438000000003,631.6171333333342,617.7172000000002,592.1642500000005,572.8600000000002,565.7039999999997,617.7172000000002,,652.1438000000003,,,,0,0,0,0,0,0,0,0,0,227.1429444229477,236.658275444287,,,,,0,13963570,16756106.04,37.78541150473725,40.87480216242428,,,,,,
2026-06-25,555.553,556.34,540.18,542.87,615.3248000000002,,651.0966500000003,,,,0,0,0,0,0,0,0,0,0,651.0966500000003,631.2228666666674,615.3248000000002,587.5450000000006,570.0490000000002,560.7619999999996,615.3248000000002,,651.0966500000003,,,,0,0,0,0,0,0,0,0,0,221.3323620826261,235.26501059322692,,,,,0,16968639,16739119.7,34.14538173822905,39.51959209311631,,,34.14538173822905,,,
2026-06-26,543.34,556.85,540.4,550.25,612.8982000000001,,650.0194000000002,,,,0,0,0,0,0,0,0,0,0,650.0194000000002,630.9066000000008,612.8982000000001,583.2930000000006,568.2310000000002,555.3679999999997,612.8982000000001,,650.0194000000002,,,,0,0,0,0,0,0,0,0,0,224.36350489569801,234.27396462072429,,,,,0,18867706,16817422.28,37.38460748691097,39.221172441524786,,,,,,
2026-06-29,560,570.9,558,562.6,610.6128000000001,,649.0725000000002,,,,0,0,0,0,0,0,0,0,0,649.0725000000002,630.7218000000008,610.6128000000001,579.7975000000006,567.7930000000002,555.1179999999997,610.6128000000001,,649.0725000000002,,,,0,0,0,0,0,0,0,0,0,229.50681463088947,233.84058734892113,,,,,0,15011399,16926753.56,42.483142524536625,39.43253371070067,,,,,,
2026-06-30,560.94,565.535,551.43,563.29,608.1076000000002,,648.1344500000002,,,,0,0,0,0,0,0,0,0,0,648.1344500000002,630.5494000000008,608.1076000000002,577.9385000000004,564.7740000000002,555.3359999999997,608.1076000000002,,648.1344500000002,,,,0,0,0,0,0,0,0,0,0,227.11993796057484,233.22961922270784,,,,,0,18111082,16963305.6,42.76355913630484,39.67951331883538,,,,,,
2026-07-01,607.91,628.28,595.1,612.91,606.9476000000001,,647.4210500000003,,,,0,0,0,0,0,0,0,0,0,647.4210500000003,630.6738000000007,606.9476000000001,578.7025000000006,566.0440000000002,566.3839999999998,606.9476000000001,,647.4210500000003,,,,0,0,0,0,0,0,0,0,0,245.18492244671546,234.3164649703449,,,,,1,45536306,17623352.7,58.45124685926665,41.30497257713194,,,,,,
2026-07-02,607.895,610,580.42,582.9,605.2288000000001,,646.5120500000003,,,,0,0,0,0,0,0,0,0,0,646.5120500000003,630.4728000000007,605.2288000000001,576.6985000000005,567.5760000000002,574.3899999999998,605.2288000000001,,646.5120500000003,,,,0,0,0,0,0,0,0,0,0,233.682514101531,234.25883307318,,,,,0,21750522,17885161.14,49.597276504812285,42.34440780753689,,,,,,
2026-07-06,594.84,603.58,581.76,600.29,603.7402000000001,,645.6185000000003,,,,0,0,0,0,0,0,0,0,0,645.6185000000003,630.2332666666674,603.7402000000001,575.3345000000005,569.8830000000003,584.3979999999998,603.7402000000001,,645.6185000000003,,,,0,0,0,0,0,0,0,0,0,240.65378098256906,234.84019197403356,,,,,1,17674068,18054330.44,53.950284868627556,43.72236292275222,,,,,,
2026-07-07,607.59,625.37,603.66,615.58,602.8688000000001,,644.8178250000003,,,,0,0,0,0,0,0,0,0,0,644.8178250000003,630.1130666666672,602.8688000000001,576.4635000000005,575.0560000000003,594.9939999999997,602.8688000000001,,644.8178250000003,,,,0,0,0,0,0,0,0,0,0,245.00924055016097,235.76465093549967,,,,,0,18560849,18192207.8,57.4313930693264,44.516980847246074,,,,,,
2026-07-08,614.385,616,598.0105,603.12,601.4306000000001,,643.9321750000003,,,,0,0,0,0,0,0,0,0,0,643.9321750000003,629.8142000000007,601.4306000000001,577.3500000000006,579.1480000000004,602.9599999999997,601.4306000000001,,643.9321750000003,,,,0,0,0,0,0,0,0,0,0,241.1242228989119,236.25188475035534,,,,,0,13606507,18197372.36,53.858345310993144,44.878089636989216,,,,,,
2026-07-09,583.99,633.27,577.07,631.48,600.4878000000001,,643.1976750000002,,,,0,0,0,0,0,0,0,0,0,643.1976750000002,629.7516000000007,600.4878000000001,579.6945000000005,586.5290000000002,606.6739999999998,600.4878000000001,,643.1976750000002,,,,0,0,0,0,0,0,0,0,0,253.1756542749886,237.79040925259474,,,,,0,26579689,18472861.7,59.96376554663666,46.35617142279568,,,,,,
2026-07-10,660.335,677.86,658.01,669.21,600.4452000000001,,642.7179250000003,,,,0,0,0,0,0,0,0,0,0,642.7179250000003,629.8990000000007,600.4452000000001,584.6060000000004,599.1630000000002,623.9359999999998,600.4452000000001,,642.7179250000003,,,,0,0,0,0,0,0,0,0,0,266.1354465483506,240.36723082493617,,,,,0,40608860,19072903.8,66.34416697359251,48.03620254546598,,,,,,
2026-07-13,661.38,676.62,654.2,656.73,600.1974000000001,,642.2245750000003,,,,0,0,0,0,0,0,0,0,0,642.2245750000003,630.0132000000007,600.1974000000001,589.0210000000005,609.8110000000003,635.2239999999998,600.1974000000001,,642.2245750000003,,,,0,0,0,0,0,0,0,0,0,260.07769896995404,242.15909156539234,,,,,0,19840702,19090768.56,62.78022898691295,49.707488877056974,,,,,,
2026-07-14,652,666.5,649.05,661.04,601.1800000000001,,641.7264750000003,,,,0,0,0,0,0,0,0,0,0,641.7264750000003,630.009933333334,601.1800000000001,593.7240000000005,619.6550000000002,644.3159999999998,601.1800000000001,,641.7264750000003,,,,0,0,0,0,0,0,0,0,0,263.8762850383349,244.1333818811144,,,,,0,16748239,18370433.66,63.509278808651224,51.4605778085384,,,,,,
2026-07-15,663.6,686.08,656.6601,681.31,602.6313000000001,,641.3884750000003,,,,0,0,0,0,0,0,0,0,0,641.3884750000003,630.062533333334,602.6313000000001,598.1155000000005,631.4570000000002,659.9539999999998,602.6313000000001,,641.3884750000003,,,,0,0,0,0,0,0,0,0,0,270.9492429996858,246.57118743734816,,,,,0,19003379,18322420.68,66.80270110820365,53.53324135164315,,,,,66.80270110820365,
2026-07-16,677.275,681.9,660.16,664.54,603.7139000000001,,640.9924250000003,,,,0,0,0,0,0,0,0,0,0,640.9924250000003,630.0474666666673,603.7139000000001,601.3320000000004,636.6200000000002,666.5659999999998,603.7139000000001,,640.9924250000003,,,,0,0,0,0,0,0,0,0,0,263.2745232687127,248.08967251292674,,,,,0,15815978,18314662.2,61.83067966726043,55.510762632288255,,,,,,
2026-07-17,647.7,652.2,626,646.01,604.5349000000001,,640.5054750000003,,,,0,0,0,0,0,0,0,0,0,640.5054750000003,629.9744666666674,604.5349000000001,605.2535000000005,642.9310000000002,661.9259999999997,604.5349000000001,,640.5054750000003,,,,0,0,0,0,0,0,0,0,0,257.2457083239865,248.92203940484126,,,,,0,22267862,18416593.42,56.80013108300983,56.897585746295306,,,,,,
2026-07-20,646.7,653.3,636.0105,645.85,605.1943000000001,,640.0628250000003,,,,0,0,0,0,0,0,0,0,0,640.0628250000003,629.9459333333339,605.1943000000001,608.6850000000005,647.4870000000002,659.7499999999998,605.1943000000001,,640.0628250000003,,,,0,0,0,0,0,0,0,0,0,259.8056502750852,249.91145857486345,,,,,0,10225186,18222787.94,56.75719113953163,57.91716064736637,,,,,,
2026-07-21,654.18,655.88,643.2,643.81,605.7343000000002,,639.6951750000003,,,,0,0,0,0,0,0,0,0,0,639.6951750000003,629.8866000000006,605.7343000000002,612.6830000000004,650.3100000000002,656.3039999999997,605.7343000000002,,639.6951750000003,,,,0,0,0,0,0,0,0,0,0,259.48640921744175,250.78190863327964,,,,,0,9140455,18159449.6,56.174091123944905,58.875055789340664,,,,,,
2026-07-22,647.7,648.998,624,627.17,606.0851000000001,,639.1957750000003,,,,0,0,0,0,0,0,0,0,0,639.1957750000003,629.7728666666673,606.0851000000001,615.9315000000005,652.7150000000001,645.4759999999998,606.0851000000001,,639.1957750000003,,,,0,0,0,0,0,0,0,0,0,250.56064560805407,250.7617938128046,,,,,0,11019559,18108701.52,51.524215028473826,58.38026780142689,,,,,,
2026-07-23,608.41,614.65,597.22,606.1,606.2299000000002,,638.6734750000003,,,,0,0,0,0,0,0,0,0,0,638.6734750000003,629.4968000000006,606.2299000000002,618.3530000000004,650.1770000000001,633.7879999999998,606.2299000000002,,638.6734750000003,,,,0,0,0,0,0,0,0,0,0,242.4736230090573,250.00832373973665,,,,,0,15494842,18099785.92,46.29825757320909,58.14462359202666,,,,,,
2026-07-24,605.3,609.98,594.45,595.19,606.0737000000001,,638.0711250000004,,,,0,0,0,0,0,0,0,0,0,638.0711250000004,629.083733333334,606.0737000000001,620.9690000000004,642.7750000000001,623.6239999999999,606.0737000000001,,638.0711250000004,,,,0,0,0,0,0,0,0,0,0,241.0229067397379,249.19146764882768,,,,,0,11503473,18102824.2,43.81986326958143,57.42102204923765,,,,,,
2026-07-27,607.22,611.26,593.13,593.87,605.6185000000002,,637.4750750000004,,,,0,0,0,0,0,0,0,0,0,637.4750750000004,628.7128666666672,605.6185000000002,623.1500000000004,636.4890000000001,613.2279999999998,605.6185000000002,,637.4750750000004,,,,0,0,0,0,0,0,0,0,0,240.36897023467415,248.38942242935917,,,,,0,11195251,18034041.34,43.516340007658876,56.427089687689964,,,,,,
2026-07-28,596.82,601,587,593.41,605.1181000000001,,636.8529250000004,,,,0,0,0,0,0,0,0,0,0,636.8529250000004,628.2392666666673,605.1181000000001,624.6905000000004,629.7260000000001,603.1479999999999,605.1181000000001,,636.8529250000004,,,,0,0,0,0,0,0,0,0,0,240.1439058541678,247.6398300134327,,,,,0,12009255,18061202.98,43.403512648014086,55.68031592604861,,,,,,
2026-07-29,593.25,599.97,582.22,585.61,604.5457000000002,,636.1134250000003,,,,0,0,0,0,0,0,0,0,0,636.1134250000003,627.7515333333339,604.5457000000002,625.8065000000004,620.1560000000002,594.8359999999999,604.5457000000002,,636.1134250000003,,,,0,0,0,0,0,0,0,0,0,236.48970625055532,246.62618239862564,,,,,0,22371067,18243172.98,41.44142588493353,54.35729166449839,,,,,,
2026-07-30,526,539.88,524.49,539.03,603.1021000000002,,635.2820750000003,,,,0,0,0,0,0,0,0,0,0,635.2820750000003,626.9350666666672,603.1021000000002,622.1125000000004,607.605,581.4219999999999,603.1021000000002,,635.2820750000003,,,,0,0,0,0,0,0,0,0,0,221.03018664188133,244.29927369346706,,,,,0,42271465,18813153.42,32.107083083075054,51.91178567231857,,,32.107083083075054,,,
2026-07-31,543.6,558.33,540.22,556.71,602.1841000000002,,634.4871250000003,,,,0,0,0,0,0,0,0,0,0,634.4871250000003,626.2135333333338,602.1841000000002,620.8030000000006,598.6750000000001,573.7259999999999,602.1841000000002,,634.4871250000003,,,,0,0,0,0,0,0,0,0,0,224.55136918615204,242.50400964734752,,,,,0,24261457,19063383.62,37.830964718643614,50.12969536744219,,,,,,
2026-08-03,562.24,597.52,559.36,590.24,601.8877000000002,,633.8950750000004,,,,0,0,0,0,0,0,0,0,0,633.8950750000004,625.6981333333338,601.8877000000002,620.3005000000005,593.114,573,601.8877000000002,,633.8950750000004,,,,0,0,0,0,0,0,0,0,0,236.4200530860967,241.9509226872338,,,,,0,25938067,19355550.78,46.963242576268605,48.94783563655772,,,,,,
2026-08-04,581.5,592.787,578.25,587.94,601.4989000000002,,633.2470250000005,,,,0,0,0,0,0,0,0,0,0,633.2470250000005,625.1958000000004,601.4989000000002,618.9185000000004,587.527,571.906,601.4989000000002,,633.2470250000005,,,,0,0,0,0,0,0,0,0,0,232.06631142687982,241.05232166356527,,,,,0,17959238,19445213.98,46.45909842598294,47.49472115925624,,,,,,
2026-08-05,600.455,601,580.12,588.77,601.0691000000002,,632.6305250000004,,,,0,0,0,0,0,0,0,0,0,632.6305250000004,624.7296666666672,601.0691000000002,618.2010000000005,583.6870000000001,572.538,601.0691000000002,,632.6305250000004,,,,0,0,0,0,0,0,0,0,0,228.3080764995114,239.89375392137856,,,,,0,14897162,19509384.76,46.68153654923419,46.41263950796865,,,,,,
2026-08-06,586.95,595.31,585.995,589.9,600.6203000000002,,631.9954500000005,,,,0,0,0,0,0,0,0,0,0,631.9954500000005,624.2226666666672,600.6203000000002,616.1220000000005,582.067,582.712,600.6203000000002,,631.9954500000005,,,,0,0,0,0,0,0,0,0,0,229.1303869334697,238.91526601338686,,,,,0,11811461,19500930.66,47.00434791480393,45.71294071023966,,,,,,
2026-08-07,585.64,598.7399,585.62,592.1,599.7572000000002,,631.2951000000005,,,,0,0,0,0,0,0,0,0,0,631.2951000000005,623.7694000000005,599.7572000000002,612.2665000000005,581.758,589.79,599.7572000000002,,631.2951000000005,,,,0,0,0,0,0,0,0,0,0,230.39030033878254,238.14026913387738,,,,,0,11250258,19263063.94,47.668644615627606,45.06375881567509,,,,,,
2026-08-10,599.13,608.21,592.0301,594.92,598.9498000000002,,630.6033500000005,,,,0,0,0,0,0,0,0,0,0,630.6033500000005,623.3994666666672,598.9498000000002,609.1760000000006,581.863,590.7259999999999,598.9498000000002,,630.6033500000005,,,,0,0,0,0,0,0,0,0,0,230.06481352576296,237.406136805867,,,,,0,14967328,19226962.92,48.55875614718819,44.51980631733532,,,,,,
2026-08-11,598,612.43,593.4,599.12,598.2820000000003,,629.9319000000005,,,,0,0,0,0,0,0,0,0,0,629.9319000000005,623.0016666666671,598.2820000000003,606.0800000000006,582.434,592.9619999999999,598.2820000000003,,629.9319000000005,,,,0,0,0,0,0,0,0,0,0,231.82439047040478,236.89870532082497,,,,,0,13146894,19093770.08,49.92487765503779,44.40556793351846,,,,,49.92487765503779,
2026-08-12,601.065,604.499,578.21,578.85,597.8496000000002,,629.1561500000005,,,,0,0,0,0,0,0,0,0,0,629.1561500000005,622.4565333333338,597.8496000000002,600.9570000000006,581.758,590.978,597.8496000000002,,629.1561500000005,,,,0,0,0,0,0,0,0,0,0,224.70303563572372,235.79000807672486,,,,,0,16186915,18834732.28,43.86964138733086,44.23209534881288,,,,,,
2026-08-13,580.71,595.85,579.39,594.97,597.7964000000003,,628.4392000000005,,,,0,0,0,0,0,0,0,0,0,628.4392000000005,622.0984000000004,597.7964000000003,597.4785000000005,587.3520000000001,591.992,597.7964000000003,,628.4392000000005,,,,0,0,0,0,0,0,0,0,0,230.355552687617,235.29596667771506,,,,,0,11164157,18692976.14,49.151515762878695,44.612927669762676,,,,,,
2026-08-14,596.98,601.86,589.29,589.85,597.1338000000003,,627.6343500000005,,,,0,0,0,0,0,0,0,0,0,627.6343500000005,621.7236666666671,597.1338000000003,594.6705000000005,590.6659999999999,591.542,597.1338000000003,,627.6343500000005,,,,0,0,0,0,0,0,0,0,0,226.8947645784903,234.532221032331,,,,,0,8757974,18407734.5,47.6188113488979,44.90596133699404,,,,,,
2026-08-17,589.75,590.24,564.75,568.97,595.9618000000003,,626.7220000000004,,,,0,0,0,0,0,0,0,0,0,626.7220000000004,621.1630666666671,595.9618000000003,590.8265000000006,588.539,586.352,595.9618000000003,,626.7220000000004,,,,0,0,0,0,0,0,0,0,0,219.2348595384394,233.14155180561357,,,,,0,17225609,18322861.72,41.88288810659784,44.797345298321446,,,,,,
2026-08-18,557.48,560.66,543.21,543.67,594.9752000000003,,625.6820000000005,,,,0,0,0,0,0,0,0,0,0,625.6820000000005,620.5077333333337,594.9752000000003,585.8195000000006,584.112,575.262,594.9752000000003,,625.6820000000005,,,,0,0,0,0,0,0,0,0,0,210.58713554188085,231.0911503270924,,,,,0,27094871,18262926.94,36.19390173083525,44.42252214445728,,,36.19390173083525,,,
2026-08-19,541.34,554.07,537.27,546.03,594.1880000000003,,625.0798000000004,,,,0,0,0,0,0,0,0,0,0,625.0798000000004,619.9406666666671,594.1880000000003,581.7625000000005,579.838,568.698,594.1880000000003,,625.0798000000004,,,,0,0,0,0,0,0,0,0,0,212.96686324066272,229.4434878646897,,,,,0,16971739,18212113,37.052817806476,44.7757889104145,,,,,,
2026-08-20,546.95,549.988,539.31,545.83,593.4128000000003,,624.5672000000004,,,,0,0,0,0,0,0,0,0,0,624.5672000000004,619.4760666666672,593.4128000000003,578.7490000000006,575.431,558.87,593.4128000000003,,624.5672000000004,,,,0,0,0,0,0,0,0,0,0,212.44087296542028,227.89779560111975,,,,,0,13872173,18150008.8,37.007352592774865,44.716959472852444,,,,,,
2026-08-21,546.885,553.8733,543.23,549.9,592.9912000000003,,624.1281500000003,,,,0,0,0,0,0,0,0,0,0,624.1281500000003,619.0034000000005,592.9912000000003,576.4845000000007,571.211,550.8799999999999,592.9912000000003,,624.1281500000003,,,,0,0,0,0,0,0,0,0,0,215.8965392689068,226.8067722981913,,,,,0,13848015,18085688.14,38.65692962994005,44.12365140525755,,,,,,
2026-08-24,550.2,561.42,546.3,559.02,592.8030000000003,,623.7866500000003,,,,0,0,0,0,0,0,0,0,0,623.7866500000003,618.5952000000004,592.8030000000003,574.7420000000006,567.6209999999999,548.89,592.8030000000003,,623.7866500000003,,,,0,0,0,0,0,0,0,0,0,218.52738400676537,226.0541006353344,,,,,0,12990583,17992940.48,42.30296872908583,43.82678499833633,,,,,,
2026-08-25,563.88,570.8,561.4001,570.05,592.8644000000003,,623.4571500000004,,,,0,0,0,0,0,0,0,0,0,623.4571500000004,618.3680666666672,592.8644000000003,573.5740000000006,564.7139999999999,554.1659999999999,592.8644000000003,,623.4571500000004,,,,0,0,0,0,0,0,0,0,0,223.46547565223983,225.81877109141672,,,,,0,9769094,17901366.98,46.44861175643476,43.810147513136364,,,,,,
2026-08-26,590.31,593.34,561.88,576.14,592.5176000000002,,623.2431500000004,,,,0,0,0,0,0,0,0,0,0,623.2431500000004,618.1226000000005,592.5176000000002,573.1005000000007,564.443,560.1879999999999,592.5176000000002,,623.2431500000004,,,,0,0,0,0,0,0,0,0,0,225.134422608007,225.75655759292493,,,,,0,31416337,18176628.56,48.642762949479156,43.927177158470315,,,,,,
2026-08-27,576.48,588.39,567.62,571.1,591.9354000000002,,622.9901000000003,,,,0,0,0,0,0,0,0,0,0,622.9901000000003,617.6124000000005,591.9354000000002,574.7040000000005,562.0559999999999,565.242,591.9354000000002,,622.9901000000003,,,,0,0,0,0,0,0,0,0,0,223.21091235978477,225.5251352990031,,,,,0,15221385,18254167.84,46.929059791328505,43.87434967102037,,,,,,
2026-08-28,571.55,589.19,571,578.02,592.1442000000002,,622.7214000000002,,,,0,0,0,0,0,0,0,0,0,622.7214000000002,617.0741333333339,592.1442000000002,575.7695000000006,560.8729999999999,570.866,592.1442000000002,,622.7214000000002,,,,0,0,0,0,0,0,0,0,0,224.29986327753625,225.4137469334152,,,,,0,16042352,18165448.72,49.556787382925606,43.94563761643018,,,,,,
2026-08-31,577.63,578.675,569.1386,571.721,592.0342200000002,,622.4446050000004,,,,0,0,0,0,0,0,0,0,0,622.4446050000004,616.4032066666673,592.0342200000002,574.8435500000005,561.1480999999999,573.4062,592.0342200000002,,622.4446050000004,,,,0,0,0,0,0,0,0,0,0,223.48448917473652,225.23835986444442,,,,,0,5380349,17696563.1,47.2627890232594,43.755488428446014,,,,,,