time,open,high,low,close,50MA,150MA,200MA,Pivot,Handle Low,Buy Zone Upper,C&H Detected,Qualified Setup,Breakout Wait,Retest Seen,BUY Hold,BUY Retest,Pattern Failed,Breakout Failed,Stop,MA,MA,MA,MA,MA,MA,50MA,150MA,200MA,Pivot,Handle Low,Buy Zone Upper,C&H Detected,Qualified Setup,Breakout Wait,Retest Seen,BUY Hold,BUY Retest,Pattern Failed,Breakout Failed,Stop,Relative Strength Line,Relative Strength Line MA,PlotCandle (開盤價),PlotCandle (最高價,PlotCandle (最低價),PlotCandle (關閉),Shapes,Volume,Volume MA,RSI,RSI-based MA,Upper Bollinger Band,Lower Bollinger Band,Regular Bullish,Regular Bullish Label,Regular Bearish,Regular Bearish Label
2024-10-07,416,417.11,409,409.54,418.16600000000057,,416.78399999999993,,,,0,0,0,0,0,0,0,0,0,416.78399999999993,423.66173333333353,418.16600000000057,426.5234999999995,423.087,415.9920000000003,418.16600000000057,,416.78399999999993,,,,0,0,0,0,0,0,0,0,0,213.63366057735442,223.40584141548374,,,,,0,20919761,20181292.68,36.85715800686194,52.276854239340146,,,36.85715800686194,,,
2024-10-08,410.9,415.66,408.17,414.71,417.92560000000054,,417.0044499999999,,,,0,0,0,0,0,0,0,0,0,417.0044499999999,423.7421333333336,417.92560000000054,426.5489999999995,421.64099999999996,414.7960000000003,417.92560000000054,,417.0044499999999,,,,0,0,0,0,0,0,0,0,0,218.42438372662585,222.95298162558757,,,,,0,19229261,20263361.18,42.86285122418659,51.07003482823465,,,,,,
2024-10-09,415.86,420.38,414.3,417.46,417.81640000000056,,417.2240499999999,,,,0,0,0,0,0,0,0,0,0,417.2240499999999,423.8446000000002,417.81640000000056,426.2699999999995,420.17600000000004,414.86200000000025,417.81640000000056,,417.2240499999999,,,,0,0,0,0,0,0,0,0,0,217.76204369916223,222.48107817773072,,,,,0,14974257,19909094.76,45.815043127579635,49.70378432286212,,,,,,
2024-10-10,415.225,417.35,413.15,415.84,417.7662000000006,,417.43034999999986,,,,0,0,0,0,0,0,0,0,0,417.43034999999986,423.88926666666686,417.7662000000006,425.71199999999953,418.629,414.7220000000003,417.7662000000006,,417.43034999999986,,,,0,0,0,0,0,0,0,0,0,215.384881000682,221.83596934345357,,,,,0,13848376,19328234.96,44.36094468179306,48.497121083896005,,,,,,
2024-10-11,416.135,417.13,413.25,416.32,417.7504000000006,,417.6386499999999,,,,0,0,0,0,0,0,0,0,0,417.6386499999999,423.9566000000002,417.7504000000006,424.9984999999996,417.459,414.77400000000034,417.7504000000006,,417.6386499999999,,,,0,0,0,0,0,0,0,0,0,216.08154960865323,221.31284027665353,,,,,0,14144944,19005205.84,44.918772574483484,47.46381451489509,,,,,,
2024-10-14,417.77,424.04,417.52,419.14,417.9634000000006,,417.86399999999986,,,,0,0,0,0,0,0,0,0,0,417.86399999999986,424.05406666666687,417.9634000000006,424.38849999999957,416.343,416.6940000000003,417.9634000000006,,417.86399999999986,,,,0,0,0,0,0,0,0,0,0,216.23582984811802,220.8512938740594,,,,,0,16653086,18749509.56,48.20431168777766,46.983156858660585,,,,,,
2024-10-15,422.18,422.48,415.26,418.74,418.43520000000063,,418.0812999999999,,,,0,0,0,0,0,0,0,0,0,418.0812999999999,424.0771333333335,418.43520000000063,423.5679999999996,416.14799999999997,417.5000000000003,418.43520000000063,,418.0812999999999,,,,0,0,0,0,0,0,0,0,0,214.37713528992163,220.26273400277415,,,,,0,18900201,18313328.82,47.76905520297882,46.30450100102429,,,,,,
2024-10-16,415.17,416.36,410.48,416.12,418.76540000000057,,418.2816999999999,,,,0,0,0,0,0,0,0,0,0,418.2816999999999,424.08393333333356,418.76540000000057,422.83349999999956,416.0469999999999,417.2320000000003,418.76540000000057,,418.2816999999999,,,,0,0,0,0,0,0,0,0,0,214.67004857916683,219.75430805517348,,,,,0,15508932,18124576.96,44.90872561297955,45.4827613167502,,,,,,
2024-10-17,422.36,422.5,415.59,416.72,419.13120000000066,,418.51094999999987,,,,0,0,0,0,0,0,0,0,0,418.51094999999987,424.0272666666669,419.13120000000066,421.73499999999956,416.06499999999994,417.40800000000024,419.13120000000066,,418.51094999999987,,,,0,0,0,0,0,0,0,0,0,213.9776259396695,219.2291551355822,,,,,0,14820004,18007958.92,45.71044129932445,44.96878234264732,,,,,,
2024-10-18,417.14,419.65,416.2601,418.16,419.4406000000007,,418.74874999999986,,,,0,0,0,0,0,0,0,0,0,418.74874999999986,424.0388666666669,419.4406000000007,420.87949999999955,416.275,417.7760000000003,419.4406000000007,,418.74874999999986,,,,0,0,0,0,0,0,0,0,0,214.75379527106148,218.8223042388076,,,,,0,17145317,17946804.66,47.6783935523303,44.44622526741335,,,,,,
2024-10-21,416.12,418.96,413.7501,418.78,419.69580000000065,,419.0029499999998,,,,0,0,0,0,0,0,0,0,0,419.0029499999998,424.0486000000002,419.69580000000065,420.1429999999996,417.19899999999996,417.7040000000003,419.69580000000065,,419.0029499999998,,,,0,0,0,0,0,0,0,0,0,214.2214067945736,218.40404083478631,,,,,0,14206115,17845393.64,48.54327047002771,44.64356072388546,,,,,,
2024-10-22,418.49,430.5793,418.04,427.51,420.1098000000007,,419.3017499999998,,,,0,0,0,0,0,0,0,0,0,419.3017499999998,424.08926666666684,420.1098000000007,420.0599999999995,418.479,419.45800000000025,420.1098000000007,,419.3017499999998,,,,0,0,0,0,0,0,0,0,0,219.0872177342897,218.46614782565027,,,,,1,25482197,18019779.92,58.85625362760164,45.78240829068663,,,,,,
2024-10-23,430.855,431.08,422.53,424.6,420.3216000000006,,419.55129999999974,,,,0,0,0,0,0,0,0,0,0,419.55129999999974,424.0850666666669,420.3216000000006,419.6844999999995,419.19300000000004,421.1540000000003,420.3216000000006,,419.55129999999974,,,,0,0,0,0,0,0,0,0,0,217.69930561133722,218.39643489707635,,,,,0,19654379,18024582.08,54.90599675604596,46.67298985391354,,,,,,
2024-10-24,425.325,425.9782,422.4,424.73,420.4790000000006,,419.7959999999998,,,,0,0,0,0,0,0,0,0,0,419.7959999999998,424.05413333333354,420.4790000000006,419.3554999999995,420.082,422.7560000000002,420.4790000000006,,419.7959999999998,,,,0,0,0,0,0,0,0,0,0,219.78531866706453,218.52269705798437,,,,,1,13581631,17930875.1,55.05113654402661,47.60302531199989,,,,,,
2024-10-25,426.76,432.52,426.565,428.15,420.6214000000007,,420.0228999999999,,,,0,0,0,0,0,0,0,0,0,420.0228999999999,424.0502000000002,420.6214000000007,419.3619999999995,421.265,424.75400000000025,420.6214000000007,,420.0228999999999,,,,0,0,0,0,0,0,0,0,0,221.0806782251582,218.75524080045471,,,,,0,16899064,17853813.5,58.807386440271095,49.17089877152912,,,,,,
2024-10-28,431.655,431.94,426.3,426.59,420.7838000000006,,420.2326999999998,,,,0,0,0,0,0,0,0,0,0,420.2326999999998,424.0750666666669,420.7838000000006,419.17649999999946,422.01000000000005,426.31600000000014,420.7838000000006,,420.2326999999998,,,,0,0,0,0,0,0,0,0,0,220.3419012380964,218.89948265842213,,,,,0,14882444,17695950.52,56.48850256634354,50.14415958168319,,,,,,
2024-10-29,428,433.17,425.8001,431.95,420.99220000000065,,420.4500999999998,,,,0,0,0,0,0,0,0,0,0,420.4500999999998,424.1437333333335,420.99220000000065,419.7394999999995,423.331,427.2040000000002,420.99220000000065,,420.4500999999998,,,,0,0,0,0,0,0,0,0,0,222.52043870449262,219.22866048079217,,,,,0,17644080,17744152.98,62.02872472301259,51.30227969564269,,,,,,
2024-10-30,437.435,438.5,432.1,432.53,421.14680000000067,,420.66139999999984,,,,0,0,0,0,0,0,0,0,0,420.66139999999984,424.21773333333357,421.14680000000067,420.50949999999955,424.9719999999999,428.79000000000025,421.14680000000067,,420.66139999999984,,,,0,0,0,0,0,0,0,0,0,222.46014425046846,219.5224317325809,,,,,0,29749149,18011384.34,62.583899290931974,52.60391931058118,,,,,62.583899290931974,
2024-10-31,415.36,416.16,406.3,406.35,420.79100000000074,,420.7457999999998,,,,0,0,0,0,0,0,0,0,0,420.7457999999998,424.1219333333335,420.79100000000074,419.99999999999955,423.93499999999995,425.1140000000002,420.79100000000074,,420.7457999999998,,,,0,0,0,0,0,0,0,0,0,209.68718500909927,218.62831839408258,,,,,0,53970981,18769458,36.58329187211037,52.00852783184024,,,36.58329187211037,,,
2024-11-01,409.01,415.5,407.5,410.37,420.6874000000007,,420.8282999999999,,,,0,0,0,0,0,0,0,0,0,420.8282999999999,424.0272666666669,420.6874000000007,419.7154999999996,423.15599999999995,421.55800000000016,420.6874000000007,,420.8282999999999,,,,0,0,0,0,0,0,0,0,0,215.77827476934294,218.36922351910624,,,,,0,24230442,18866828.82,40.65999905635204,51.469648358166985,,,,,,
2024-11-04,409.8,410.415,405.5713,408.46,420.5208000000007,,420.87724999999983,,,,0,0,0,0,0,0,0,0,0,420.87724999999983,423.9407333333335,420.5208000000007,419.6614999999996,422.12399999999997,417.93200000000024,420.5208000000007,,420.87724999999983,,,,0,0,0,0,0,0,0,0,0,213.89782520279078,217.96273276307755,,,,,0,19672286,18890398.86,39.365177169089485,50.86937135574632,,,,,,
2024-11-05,408.37,414.9,408.08,411.46,420.4802000000007,,420.9519999999999,,,,0,0,0,0,0,0,0,0,0,420.9519999999999,423.88080000000014,420.4802000000007,419.4989999999996,420.51899999999995,413.8340000000002,420.4802000000007,,420.9519999999999,,,,0,0,0,0,0,0,0,0,0,216.07721769817317,217.7913223026317,,,,,0,17626011,18979862.48,42.4643937859857,50.694776225246756,,,,,,
2024-11-06,412.42,420.45,410.52,420.18,420.6070000000007,,421.0583999999999,,,,0,0,0,0,0,0,0,0,0,421.0583999999999,423.8961333333335,420.6070000000007,419.6349999999996,420.07699999999994,411.3640000000002,420.6070000000007,,421.0583999999999,,,,0,0,0,0,0,0,0,0,0,217.98203974911672,217.80866025231217,,,,,1,26681842,19243641.1,50.40017800480285,51.02975741849521,,,,,,
2024-11-07,421.28,426.85,419.88,425.43,420.90360000000067,,421.1727499999999,,,,0,0,0,0,0,0,0,0,0,421.1727499999999,423.89553333333356,420.90360000000067,420.11449999999957,420.14699999999993,415.1800000000002,420.90360000000067,,421.1727499999999,,,,0,0,0,0,0,0,0,0,0,215.26118100262607,217.57707122961344,,,,,0,19901782,19344023.54,54.47174567792907,51.514996856037975,,,,,,
2024-11-08,425.32,426.5,421.78,422.54,421.0920000000007,,421.2610999999999,,,,0,0,0,0,0,0,0,0,0,421.2610999999999,423.88186666666684,421.0920000000007,420.42549999999966,419.58599999999996,417.6140000000002,421.0920000000007,,421.2610999999999,,,,0,0,0,0,0,0,0,0,0,212.22181483955544,217.09022973960816,,,,,0,16891414,19340947,51.94396239245863,51.7579034219259,,,,,,
2024-11-11,422.515,424.81,416,418.01,421.1094000000007,,421.33149999999995,,,,0,0,0,0,0,0,0,0,0,421.33149999999995,423.82673333333355,421.1094000000007,420.3689999999996,418.72799999999995,419.52400000000017,421.1094000000007,,421.33149999999995,,,,0,0,0,0,0,0,0,0,0,209.1608248144868,216.3693747464153,,,,,0,24503321,19344846.94,48.17054258267864,50.99463834728855,,,,,,
2024-11-12,418.25,424.44,417.2,423.03,421.3812000000006,,421.39804999999996,,,,0,0,0,0,0,0,0,0,0,421.39804999999996,423.82520000000017,421.3812000000006,420.5834999999996,417.83599999999996,421.8380000000002,421.3812000000006,,421.39804999999996,,,,0,0,0,0,0,0,0,0,0,211.4677721975425,215.9237745146996,,,,,0,19401204,19326598.96,52.305390543673774,50.80888076069054,,,,,,
2024-11-13,421.64,429.325,418.21,425.2,421.7072000000007,,421.4810999999999,,,,0,0,0,0,0,0,0,0,0,421.4810999999999,423.8070000000002,421.7072000000007,421.0374999999996,417.10299999999995,422.8420000000002,421.7072000000007,,421.4810999999999,,,,0,0,0,0,0,0,0,0,0,213.16844919786098,215.673290394987,,,,,0,21502185,19453926.54,54.01326581899842,50.73474713747424,,,,,,
2024-11-14,425,428.17,420,426.89,422.0772000000007,,421.6276499999999,,,,0,0,0,0,0,0,0,0,0,421.6276499999999,423.8402666666668,422.0772000000007,421.54599999999965,419.157,423.1340000000002,422.0772000000007,,421.6276499999999,,,,0,0,0,0,0,0,0,0,0,213.9660072275992,215.51808283431538,,,,,0,30246881,19774953.84,55.35411504116375,50.48808489468086,,,,,55.35411504116375,
2024-11-15,419.82,422.8,413.64,415,422.34320000000065,,421.68374999999986,,,,0,0,0,0,0,0,0,0,0,421.68374999999986,423.8493333333335,422.34320000000065,421.38799999999964,419.62,421.6260000000002,422.34320000000065,,421.68374999999986,,,,0,0,0,0,0,0,0,0,0,209.27324193667675,214.95037002543913,,,,,0,28247644,19947716.2,45.33818392300785,49.69163356301402,,,,,,
2024-11-18,414.87,418.4037,412.1,415.76,422.5440000000007,,421.7064499999999,,,,0,0,0,0,0,0,0,0,0,421.7064499999999,423.8572000000001,422.5440000000007,421.23699999999974,420.3499999999999,421.1760000000002,422.5440000000007,,421.7064499999999,,,,0,0,0,0,0,0,0,0,0,212.46101355391156,214.7240648916639,,,,,0,24742013,20136653.78,46.01064320367356,48.54748488306124,,,,,,
2024-11-19,413.11,417.94,411.55,417.79,422.61580000000066,,421.7671499999999,,,,0,0,0,0,0,0,0,0,0,421.7671499999999,423.8968666666668,422.61580000000066,420.75099999999964,420.9829999999999,420.12800000000027,422.61580000000066,,421.7671499999999,,,,0,0,0,0,0,0,0,0,0,212.6659212265488,214.53696092210797,,,,,0,18133529,20107438.62,47.85588943967553,47.495484179400066,,,,,,
2024-11-20,416.87,417.29,410.58,415.49,422.4648000000007,,421.8171499999998,,,,0,0,0,0,0,0,0,0,0,421.8171499999998,423.9716666666668,422.4648000000007,420.2954999999996,420.51399999999995,418.18600000000026,422.4648000000007,,421.8171499999998,,,,0,0,0,0,0,0,0,0,0,210.66018587216092,214.18452682665824,,,,,0,19191655,20105933.26,45.940071130803354,48.16382555502099,,,,,,
2024-11-21,419.5,419.78,410.2887,412.87,422.18220000000076,,421.81124999999986,,,,0,0,0,0,0,0,0,0,0,421.81124999999986,424.06333333333345,422.18220000000076,419.7024999999996,419.258,415.38200000000023,422.18220000000076,,421.81124999999986,,,,0,0,0,0,0,0,0,0,0,209.32649667405764,213.74288772187637,,,,,0,20780162,20173161.32,43.78953190521097,48.387363615653776,,,43.78953190521097,,,
2024-11-22,411.365,417.4,411.06,417,421.91040000000066,,421.82569999999987,,,,0,0,0,0,0,0,0,0,0,421.82569999999987,424.17026666666675,421.91040000000066,419.14499999999964,418.704,415.78200000000027,421.91040000000066,,421.82569999999987,,,,0,0,0,0,0,0,0,0,0,210.29804831307683,213.42972050289458,,,,,0,24814626,20351962.74,47.92759214838673,48.99896468560358,,,,,,
2024-11-25,418.38,421.08,414.85,418.79,421.6594000000007,,421.81689999999986,,,,0,0,0,0,0,0,0,0,0,421.81689999999986,424.2450666666668,421.6594000000007,418.75499999999965,418.782,416.38800000000026,421.6594000000007,,421.81689999999986,,,,0,0,0,0,0,0,0,0,0,210.4708568633331,213.1607328992981,,,,,0,27691090,20629090.6,49.657419435163675,49.51275223197343,,,,,,
2024-11-26,419.585,429.0414,418.85,427.99,421.5162000000007,,421.8805499999999,,,,0,0,0,0,0,0,0,0,0,421.8805499999999,424.37126666666677,421.5162000000007,418.5569999999997,419.27799999999996,418.4280000000002,421.5162000000007,,421.8805499999999,,,,0,0,0,0,0,0,0,0,0,214.4460515283814,213.27758004739658,,,,,1,23458889,20720783.76,57.47631565587224,50.018190635621245,,,,,,
2024-11-27,425.105,427.2299,422.02,422.99,421.35980000000063,,421.96389999999985,,,,0,0,0,0,0,0,0,0,0,421.96389999999985,424.53093333333345,421.35980000000063,418.07999999999964,419.05699999999996,419.9280000000002,421.35980000000063,,421.96389999999985,,,,0,0,0,0,0,0,0,0,0,210.7349492829196,213.0464317960805,,,,,0,18332444,20709471.8,52.686930810725116,49.89070385939239,,,,,,
2024-11-29,420.09,424.8849,417.8,423.46,421.0552000000007,,422.0337499999998,,,,0,0,0,0,0,0,0,0,0,422.0337499999998,424.6452000000001,421.0552000000007,418.9354999999996,418.71399999999994,422.0460000000003,421.0552000000007,,422.0337499999998,,,,0,0,0,0,0,0,0,0,0,211.7748256714338,212.93083123929443,,,,,0,16271921,20600779.04,53.082694922750306,49.972041897270365,,,,,,
2024-12-02,421.57,433,421.31,430.98,420.9694000000007,,422.1558499999999,,,,0,0,0,0,0,0,0,0,0,422.1558499999999,424.8367333333334,420.9694000000007,419.9659999999996,420.312,424.84200000000027,420.9694000000007,,422.1558499999999,,,,0,0,0,0,0,0,0,0,0,214.3329592416936,213.05829742133074,,,,,1,20207223,19901581.38,58.993095795515806,50.74508141247303,,,,,,
2024-12-03,429.84,432.47,427.74,431.2,420.92320000000075,,422.29154999999986,,,,0,0,0,0,0,0,0,0,0,422.29154999999986,425.11586666666676,420.92320000000075,421.1029999999996,421.85599999999994,427.32400000000024,420.92320000000075,,422.29154999999986,,,,0,0,0,0,0,0,0,0,0,213.91930730890965,213.13657104747426,,,,,0,18301987,19965043.3,59.15520591061437,51.23435393868306,,,,,,
2024-12-04,433.03,439.67,432.63,437.42,421.0882000000007,,422.4646999999999,,,,0,0,0,0,0,0,0,0,0,422.4646999999999,425.3990666666668,421.0882000000007,422.40099999999956,423.81899999999996,429.2100000000002,421.0882000000007,,422.4646999999999,,,,0,0,0,0,0,0,0,0,0,216.90714015342482,213.47935005710613,,,,,0,26009429,20144916.8,63.54336259789489,51.91507513717566,,,,,,
2024-12-05,437.92,444.66,436.171,442.62,421.29840000000075,,422.6668999999999,,,,0,0,0,0,0,0,0,0,0,422.6668999999999,425.6976000000001,421.29840000000075,423.52299999999957,426.532,433.13600000000025,421.29840000000075,,422.6668999999999,,,,0,0,0,0,0,0,0,0,0,218.16550781404032,213.90536439864562,,,,,0,21697775,20310945.02,66.75866290674955,52.72968569900321,,,,,,
2024-12-06,442.3,446.1,441.7703,443.57,421.5436000000007,,422.8264999999999,,,,0,0,0,0,0,0,0,0,0,422.8264999999999,425.9436666666668,421.5436000000007,424.42999999999967,429.602,437.15800000000024,421.5436000000007,,422.8264999999999,,,,0,0,0,0,0,0,0,0,0,219.04330792908758,214.37245017414034,,,,,0,18821002,20397524.18,67.32562903491632,54.30021749271096,,,,,,
2024-12-09,442.6,448.33,440.5,446.02,421.9036000000007,,423.0048999999999,,,,0,0,0,0,0,0,0,0,0,423.0048999999999,426.1602000000001,421.9036000000007,425.60399999999953,432.504,440.1660000000003,421.9036000000007,,423.0048999999999,,,,0,0,0,0,0,0,0,0,0,219.7041843724755,214.8571532830799,,,,,0,19144388,20482489.32,68.80341925586222,55.928272925010155,,,,,,
2024-12-10,444.39,449.62,441.6,443.33,422.1642000000008,,423.1838499999999,,,,0,0,0,0,0,0,0,0,0,423.1838499999999,426.3868000000001,422.1642000000008,426.8699999999996,434.95799999999997,442.59200000000027,422.1642000000008,,423.1838499999999,,,,0,0,0,0,0,0,0,0,0,219.72991190912035,215.30013133999267,,,,,0,18469459,20514786.38,65.31072220020769,57.1750466936196,,,,,,
2024-12-11,444.05,450.35,444.05,448.99,422.73020000000076,,423.3913999999999,,,,0,0,0,0,0,0,0,0,0,423.3913999999999,426.6431333333334,422.73020000000076,428.16799999999955,437.058,444.9060000000003,422.73020000000076,,423.3913999999999,,,,0,0,0,0,0,0,0,0,0,223.1967389683342,216.01800476075098,,,,,0,19200208,20516931.64,68.88929298503376,58.814276826064635,,,,,,
2024-12-12,449.11,456.1648,449.11,449.56,423.3788000000007,,423.60059999999993,,,,0,0,0,0,0,0,0,0,0,423.60059999999993,426.8914000000001,423.3788000000007,429.3859999999996,439.715,446.2940000000003,423.3788000000007,,423.60059999999993,,,,0,0,0,0,0,0,0,0,0,221.66997031646008,216.53181981127,,,,,0,20834779,20601982.08,69.23351241419476,60.63170400527776,,,,,,
2024-12-13,448.435,451.43,445.58,447.27,423.99340000000075,,423.76874999999995,,,,0,0,0,0,0,0,0,0,0,423.76874999999995,427.10826666666674,423.99340000000075,430.4049999999996,442.096,447.0340000000003,423.99340000000075,,423.76874999999995,,,,0,0,0,0,0,0,0,0,0,221.74096261103077,217.00537824761187,,,,,0,20177833,20731810.32,66.07065633671569,61.92763716158697,,,,,,
2024-12-16,447.27,452.18,445.28,451.59,424.70400000000075,,423.9491999999999,,,,0,0,0,0,0,0,0,0,0,423.9491999999999,427.3607333333334,424.70400000000075,432.23449999999957,444.157,448.14800000000025,424.70400000000075,,423.9491999999999,,,,0,0,0,0,0,0,0,0,0,223.88895866523,217.63115828557716,,,,,0,23598834,20819968.74,68.9522099594104,63.305836484747445,,,,,,
2024-12-17,451.01,455.29,449.57,454.46,425.6024000000007,,424.14689999999996,,,,0,0,0,0,0,0,0,0,0,424.14689999999996,427.6134000000001,425.6024000000007,434.1694999999995,446.483,450.37400000000025,425.6024000000007,,424.14689999999996,,,,0,0,0,0,0,0,0,0,0,224.45905299082827,218.25187598605453,,,,,0,22733494,20856243.4,70.73068061605426,64.25257683904617,,,,,70.73068061605426,
2024-12-18,451.32,452.65,437.02,437.39,426.0560000000007,,424.3205999999999,,,,0,0,0,0,0,0,0,0,0,424.3205999999999,427.7088000000001,426.0560000000007,435.14949999999953,446.48,448.05400000000026,426.0560000000007,,424.3205999999999,,,,0,0,0,0,0,0,0,0,0,216.8660959243711,218.12589598044696,,,,,0,24444545,20960549.08,51.74517463538868,64.18530854080785,,,,,,
2024-12-19,441.62,443.1834,436.32,437.03,426.4474000000007,,424.49529999999993,,,,0,0,0,0,0,0,0,0,0,424.49529999999993,427.8157333333334,426.4474000000007,436.2264999999996,445.921,445.54800000000023,426.4474000000007,,424.49529999999993,,,,0,0,0,0,0,0,0,0,0,223.27180582306028,218.59370596613908,,,,,1,22963681,21120337.56,51.43163077809288,64.06737538761804,,,,,,
2024-12-20,433.11,443.74,428.63,436.6,426.86260000000067,,424.63259999999997,,,,0,0,0,0,0,0,0,0,0,424.63259999999997,427.9250000000001,426.86260000000067,437.41299999999956,445.224,443.4140000000003,426.86260000000067,,424.63259999999997,,,,0,0,0,0,0,0,0,0,0,223.2460154727999,219.01664319401735,,,,,0,64263694,22128643.92,51.03385580027668,63.498858245100955,,,,,,
2024-12-23,436.74,437.65,432.83,435.25,427.2412000000007,,424.77774999999997,,,,0,0,0,0,0,0,0,0,0,424.77774999999997,427.99106666666677,427.2412000000007,438.3254999999996,444.14699999999993,440.1460000000003,427.2412000000007,,424.77774999999997,,,,0,0,0,0,0,0,0,0,0,220.16274254574392,219.1208340441743,,,,,0,19152519,22228795.42,49.73337164736125,62.82587008344002,,,,,,
2024-12-24,434.65,439.6,434.19,439.33,427.64500000000066,,424.9518,,,,0,0,0,0,0,0,0,0,0,424.9518,428.05966666666677,427.64500000000066,439.3524999999995,443.74699999999996,437.12000000000035,427.64500000000066,,424.9518,,,,0,0,0,0,0,0,0,0,0,220.61807006267074,219.25694640949217,,,,,0,7164543,22039024.56,53.58313116185528,62.11442498086576,,,,,,
2024-12-26,439.08,440.94,436.63,438.11,428.0324000000006,,425.06594999999993,,,,0,0,0,0,0,0,0,0,0,425.06594999999993,428.1102666666668,428.0324000000006,439.85849999999954,442.65899999999993,437.2640000000003,428.0324000000006,,425.06594999999993,,,,0,0,0,0,0,0,0,0,0,217.60250329053568,219.10654248958704,,,,,0,8199927,21825019.08,52.29344091494836,61.08119483859424,,,,,,
2024-12-27,434.6,435.22,426.35,430.53,428.32060000000064,,425.1431,,,,0,0,0,0,0,0,0,0,0,425.1431,428.1338000000001,428.32060000000064,440.2354999999996,440.756,435.9640000000003,428.32060000000064,,425.1431,,,,0,0,0,0,0,0,0,0,0,213.92511569204876,218.63550368981083,,,,,0,18117713,21877194.7,45.03991815250035,59.489358346993114,,,,,,
2024-12-30,426.06,427.55,421.9,424.83,428.4828000000006,,425.14115,,,,0,0,0,0,0,0,0,0,0,425.14115,428.0982666666668,428.4828000000006,440.3039999999995,438.512,433.6100000000003,428.4828000000006,,425.14115,,,,0,0,0,0,0,0,0,0,0,213.45202106902698,218.1642779970123,,,,,0,13158703,21843968.68,40.491541676682466,57.46708137705169,,,,,,
2024-12-31,426.1,426.73,420.66,421.5,428.54960000000057,,425.16655,,,,0,0,0,0,0,0,0,0,0,425.16655,428.0394666666667,428.54960000000057,439.8299999999996,435.503,430.8600000000003,428.54960000000057,,425.16655,,,,0,0,0,0,0,0,0,0,0,214.06986685175934,217.7920588019893,,,,,0,13246509,21765992.52,38.07259993641033,55.52150121535188,,,,,,
2025-01-02,425.53,426.07,414.85,418.58,428.54560000000055,,425.17285,,,,0,0,0,0,0,0,0,0,0,425.17285,427.96886666666677,428.54560000000055,439.1989999999995,431.91499999999996,426.7100000000003,428.54560000000055,,425.17285,,,,0,0,0,0,0,0,0,0,0,213.50240239933896,217.402090038112,,,,,0,16896469,21819799.6,36.039480378608715,53.175086029178665,,,36.039480378608715,,,
2025-01-03,421.08,424.03,419.54,423.35,428.46240000000057,,425.18255,,,,0,0,0,0,0,0,0,0,0,425.18255,428.0267333333334,428.46240000000057,438.49549999999954,430.51099999999997,423.7580000000004,428.46240000000057,,425.18255,,,,0,0,0,0,0,0,0,0,0,216.4159521245416,217.31244113687833,,,,,0,16662943,21643414.52,41.53219902488765,51.196420787085295,,,,,,
2025-01-06,428,434.32,425.4774,427.85,428.52740000000057,,425.19564999999994,,,,0,0,0,0,0,0,0,0,0,425.19564999999994,428.11153333333345,428.52740000000057,437.7569999999995,429.59299999999996,423.2220000000004,428.52740000000057,,425.19564999999994,,,,0,0,0,0,0,0,0,0,0,215.99640552902332,217.19280153616424,,,,,0,20573648,21661799.9,46.224030826827175,49.778804679236124,,,,,46.224030826827175,
2025-01-07,429,430.65,420.8,422.37,428.48020000000054,,425.16065,,,,0,0,0,0,0,0,0,0,0,425.16065,428.1705333333335,428.48020000000054,436.69699999999955,428.16999999999996,422.73000000000036,428.48020000000054,,425.16065,,,,0,0,0,0,0,0,0,0,0,212.05548777732594,216.72577301263348,,,,,0,18139065,21752948.58,41.822640803075636,47.840978310926495,,,,,,
2025-01-08,423.46,426.97,421.54,424.56,428.40840000000054,,425.13974999999994,,,,0,0,0,0,0,0,0,0,0,425.13974999999994,428.22713333333354,428.40840000000054,435.6239999999996,427.101,423.3420000000004,428.40840000000054,,425.13974999999994,,,,0,0,0,0,0,0,0,0,0,215.54843273503897,216.6187420783067,,,,,0,15054575,21716058.8,44.11288591199074,45.93970726063624,,,,,,
2025-01-10,424.63,424.71,415.02,418.95,428.2556000000006,,425.1201999999999,,,,0,0,0,0,0,0,0,0,0,425.1201999999999,428.1934000000002,428.2556000000006,434.4049999999996,425.06299999999993,423.41600000000034,428.2556000000006,,425.1201999999999,,,,0,0,0,0,0,0,0,0,0,212.36816226390863,216.23232573154323,,,,,0,20201132,21822432.56,39.79151212208248,45.08587422397151,,,,,,
2025-01-13,415.235,418.5,412.29,417.19,427.9604000000006,,425.09789999999987,,,,0,0,0,0,0,0,0,0,0,425.09789999999987,428.1445333333335,427.9604000000006,432.8149999999996,422.971,422.18400000000037,427.9604000000006,,425.09789999999987,,,,0,0,0,0,0,0,0,0,0,214.78694978402373,216.10092791813236,,,,,0,17604780,21821646.56,38.51671778888936,44.1633804390284,,,,,,
2025-01-14,417.81,419.74,410.72,415.67,427.62320000000057,,425.0690999999999,,,,0,0,0,0,0,0,0,0,0,425.0690999999999,428.0900000000002,427.62320000000057,431.12049999999954,421.48499999999996,419.74800000000033,427.62320000000057,,425.0690999999999,,,,0,0,0,0,0,0,0,0,0,213.66777412053372,215.87973211835066,,,,,0,16935856,21565380.7,37.402261231840605,43.18969511271154,,,37.402261231840605,,,
2025-01-15,419.13,428.15,418.265,426.31,428.0224000000006,,425.09704999999997,,,,0,0,0,0,0,0,0,0,0,425.09704999999997,428.0796000000002,428.0224000000006,430.0724999999996,421.633,420.53600000000034,428.0224000000006,,425.09704999999997,,,,0,0,0,0,0,0,0,0,0,218.88616953909874,216.15304461114593,,,,,1,19637838,20878717.84,48.61121219057847,43.10954086579848,,,,,,
2025-01-16,428.695,429.49,424.39,424.58,428.30660000000057,,425.0970999999999,,,,0,0,0,0,0,0,0,0,0,425.0970999999999,428.02560000000017,428.30660000000057,428.7219999999996,421.941,420.5400000000003,428.30660000000057,,425.0970999999999,,,,0,0,0,0,0,0,0,0,0,214.07682792373677,215.96429763956328,,,,,0,15300023,20700109.46,47.133383481869835,42.64884460294238,,,,,,
2025-01-17,434.085,434.48,428.17,429.03,428.7180000000006,,425.13505,,,,0,0,0,0,0,0,0,0,0,425.13505,427.9454000000002,428.7180000000006,427.4504999999996,422.986,422.5560000000004,428.7180000000006,,425.13505,,,,0,0,0,0,0,0,0,0,0,216.77852914178882,216.03831868522016,,,,,1,26197507,20830613.88,51.23970162352873,42.573577510698115,,,,,,
2025-01-21,430.2,430.8999,425.595,428.5,429.05880000000053,,425.1753,,,,0,0,0,0,0,0,0,0,0,425.1753,427.8582000000002,429.05880000000053,427.0059999999996,423.50100000000003,424.8180000000004,429.05880000000053,,425.1753,,,,0,0,0,0,0,0,0,0,0,214.3696897434401,215.88662514505833,,,,,0,26085703,20999807.72,50.734257757361256,42.98031605390247,,,,,,
2025-01-22,437.56,447.27,436,446.2,429.5792000000006,,425.31690000000003,,,,0,0,0,0,0,0,0,0,0,425.31690000000003,427.8824000000002,429.5792000000006,427.4644999999996,425.33599999999996,430.92400000000043,429.5792000000006,,425.31690000000003,,,,0,0,0,0,0,0,0,0,0,221.28436181133796,216.37732847835647,,,,,1,27803811,21022247.1,63.6353796022902,44.63344733430302,,,,,,
2025-01-23,442,446.75,441.5048,446.71,430.00480000000056,,425.42285000000004,,,,0,0,0,0,0,0,0,0,0,425.42285000000004,427.8713333333335,430.00480000000056,427.9699999999995,427.77,435.00400000000036,430.00480000000056,,425.42285000000004,,,,0,0,0,0,0,0,0,0,0,220.18579249337864,216.72355247972212,,,,,0,18389270,20991996.86,63.92848808387684,46.48029648769348,,,,,63.92848808387684,
2025-01-24,445.16,446.65,441.4,444.06,430.4352000000006,,425.52020000000005,,,,0,0,0,0,0,0,0,0,0,425.52020000000005,427.8561333333335,430.4352000000006,428.4104999999996,429.71999999999997,438.9000000000004,430.4352000000006,,425.52020000000005,,,,0,0,0,0,0,0,0,0,0,217.72200721719577,216.81432109221973,,,,,0,15549453,20965157.64,61.16953152196088,48.27530014079007,,,,,,
2025-01-27,424.01,435.2,423.5,434.56,430.76620000000054,,425.56160000000006,,,,0,0,0,0,0,0,0,0,0,425.56160000000006,427.7818666666669,430.76620000000054,428.17199999999957,431.28099999999995,440.0060000000004,430.76620000000054,,425.56160000000006,,,,0,0,0,0,0,0,0,0,0,213.67424708051627,216.52885981842851,,,,,0,35647805,21188047.32,52.43337067831105,49.05395525889174,,,,,,
2025-01-28,434.6,448.38,431.38,447.2,431.2496000000005,,425.6813,,,,0,0,0,0,0,0,0,0,0,425.6813,427.76466666666687,431.2496000000005,428.6264999999995,434.282,443.7460000000004,431.2496000000005,,425.6813,,,,0,0,0,0,0,0,0,0,0,223.14292890063518,217.13013882590184,,,,,1,23491703,21269857.3,60.51386987408335,50.074658047981465,,,,,,
2025-01-29,446.69,446.88,440.4,442.33,431.5922000000005,,425.7533,,,,0,0,0,0,0,0,0,0,0,425.7533,427.7290666666669,431.5922000000005,429.21649999999954,436.948,442.9720000000004,431.5922000000005,,425.7533,,,,0,0,0,0,0,0,0,0,0,218.69700430640225,217.27258114231097,,,,,0,23581370,21311441,56.52934675162299,51.12513704430628,,,,,,
2025-01-30,418.77,422.86,413.16,414.99,431.3542000000005,,425.71875,,,,0,0,0,0,0,0,0,0,0,425.71875,427.48933333333355,431.3542000000005,428.7244999999995,435.816,436.6280000000003,431.3542000000005,,425.71875,,,,0,0,0,0,0,0,0,0,0,206.14406919984373,216.26089823845032,,,,,0,54586260,21798228.58,40.4334161091814,50.86231777267704,,,,,,
2025-01-31,418.98,420.69,414.91,415.06,431.35540000000054,,425.72585,,,,0,0,0,0,0,0,0,0,0,425.72585,427.2420000000002,431.35540000000054,428.4024999999995,434.86400000000003,430.8280000000003,431.35540000000054,,425.72585,,,,0,0,0,0,0,0,0,0,0,205.09686749528097,215.24598635270766,,,,,0,34223388,21917743.46,40.48014529354933,50.911505856353244,,,,,,
2025-02-03,411.6,415.41,408.66,410.92,431.25860000000046,,425.70754999999997,,,,0,0,0,0,0,0,0,0,0,425.70754999999997,426.9624666666669,431.25860000000046,428.01949999999954,433.053,426.10000000000036,431.25860000000046,,425.70754999999997,,,,0,0,0,0,0,0,0,0,0,204.0817677948256,214.2310573929002,,,,,0,25679149,21936486.18,38.553776575677134,50.91415291255237,,,38.553776575677134,,,
2025-02-04,412.685,413.9199,409.74,412.37,431.1502000000005,,425.7102,,,,0,0,0,0,0,0,0,0,0,425.7102,426.73193333333353,431.1502000000005,427.47049999999945,431.43999999999994,419.13400000000036,431.1502000000005,,425.7102,,,,0,0,0,0,0,0,0,0,0,206.37142218470683,213.51654510124627,,,,,0,20532096,21984457.52,39.63725110973876,51.073795046687955,,,,,,
2025-02-05,412.35,413.827,410.4,413.29,431.10620000000046,,425.7553,,,,0,0,0,0,0,0,0,0,0,425.7553,426.4423333333336,431.10620000000046,426.7424999999995,428.149,413.32600000000036,431.10620000000046,,425.7553,,,,0,0,0,0,0,0,0,0,0,205.34822595310615,212.77397063323352,,,,,0,16336188,21927348.18,40.35586525825084,50.484127408664556,,,,,,
2025-02-06,414,418.2,414,415.82,431.1652000000005,,425.8388,,,,0,0,0,0,0,0,0,0,0,425.8388,426.15260000000023,431.1652000000005,426.4149999999994,425.06000000000006,413.49200000000036,431.1652000000005,,425.8388,,,,0,0,0,0,0,0,0,0,0,205.80156298719615,212.14011539268466,,,,,0,16309755,21837940.04,42.38711695133179,50.14510837076898,,,,,42.38711695133179,
2025-02-07,416.48,418.65,408.1,409.75,431.0202000000004,,425.88275,,,,0,0,0,0,0,0,0,0,0,425.88275,425.81246666666686,431.0202000000004,425.67449999999945,421.629,412.4300000000004,431.0202000000004,,425.88275,,,,0,0,0,0,0,0,0,0,0,202.06096430379577,211.2238289300584,,,,,0,22886844,21799384.4,38.95899258373924,49.267914867926876,,,,,,
2025-02-10,413.71,415.4624,410.92,412.22,430.8888000000004,,425.90600000000006,,,,0,0,0,0,0,0,0,0,0,425.90600000000006,425.44353333333356,430.8888000000004,425.33799999999945,419.3950000000001,412.6900000000004,430.8888000000004,,425.90600000000006,,,,0,0,0,0,0,0,0,0,0,205.22139137534478,210.6781527887208,,,,,0,20817919,21661920.98,41.048344715669856,48.57606393637749,,,,,,
2025-02-11,409.64,412.49,409.3,411.44,430.55780000000044,,425.91790000000003,,,,0,0,0,0,0,0,0,0,0,425.91790000000003,425.07820000000027,430.55780000000044,425.0504999999995,415.8190000000001,412.50400000000036,430.55780000000044,,425.91790000000003,,,,0,0,0,0,0,0,0,0,0,203.46660732388793,210.02255774646326,,,,,0,18140592,21555555.04,40.57601886587824,46.9289667409195,,,,,,
2025-02-12,407.21,410.75,404.3673,409.04,430.2788000000004,,425.9679,,,,0,0,0,0,0,0,0,0,0,425.9679,424.7415333333336,430.2788000000004,424.7189999999994,412.49000000000007,411.65400000000045,430.2788000000004,,425.9679,,,,0,0,0,0,0,0,0,0,0,202.21175284131638,209.31248457326808,,,,,0,19121734,21571340.84,39.08574600154994,45.15448516361044,,,,,,
2025-02-13,407,411,406.36,410.54,430.0204000000004,,425.98900000000003,,,,0,0,0,0,0,0,0,0,0,425.98900000000003,424.37013333333357,430.0204000000004,423.93049999999937,412.0450000000001,410.5980000000004,430.0204000000004,,425.98900000000003,,,,0,0,0,0,0,0,0,0,0,203.50695144399023,208.78470883424282,,,,,0,23891731,21723737.04,40.55526252601477,43.68203737818571,,,,,,
2025-02-14,407.79,408.91,405.88,408.43,429.56940000000037,,426.01990000000006,,,,0,0,0,0,0,0,0,0,0,426.01990000000006,424.0616666666669,429.56940000000037,423.1229999999994,411.38200000000006,410.3340000000004,429.56940000000037,,426.01990000000006,,,,0,0,0,0,0,0,0,0,0,200.37186757981908,208.01990508384065,,,,,0,22758464,21774761.86,39.12541292728324,42.73146896739801,,,,,,
2025-02-18,408,410.597,406.5,409.64,429.1382000000004,,426.1214500000001,,,,0,0,0,0,0,0,0,0,0,426.1214500000001,423.76893333333356,429.1382000000004,422.1534999999993,411.254,409.8180000000004,429.1382000000004,,426.1214500000001,,,,0,0,0,0,0,0,0,0,0,200.98060059333204,207.37996831197623,,,,,0,21423051,21837183.14,40.42262827830529,41.29638028198529,,,,,,
2025-02-19,407.88,415.49,407.65,414.77,428.6852000000004,,426.22060000000005,,,,0,0,0,0,0,0,0,0,0,426.22060000000005,423.5076666666669,428.6852000000004,421.46699999999936,411.494,410.4840000000004,428.6852000000004,,426.22060000000005,,,,0,0,0,0,0,0,0,0,0,203.00118931670573,206.98189749422437,,,,,0,24114197,21799278.5,45.70526168602671,40.523231348728416,,,,,,
2025-02-20,415.29,419.31,412.54,416.13,428.1554000000004,,426.31205,,,,0,0,0,0,0,0,0,0,0,426.31205,423.2850666666669,428.1554000000004,419.9634999999994,411.77799999999996,411.9020000000004,428.1554000000004,,426.31205,,,,0,0,0,0,0,0,0,0,0,203.18384672224263,206.63662015131695,,,,,0,23508728,21835497.56,47.04578958439644,40.995543739815204,,,,,47.04578958439644,
2025-02-21,417.335,418.048,407.89,408.21,427.4482000000004,,426.31980000000004,,,,0,0,0,0,0,0,0,0,0,426.31980000000004,423.04966666666695,427.4482000000004,418.0384999999994,411.017,411.43600000000043,427.4482000000004,,426.31980000000004,,,,0,0,0,0,0,0,0,0,0,200.18438874640174,206.050053659961,,,,,0,27524799,22009573.5,40.73785441914357,41.01395153450051,,,,,,
2025-02-24,408.51,409.37,399.32,404,426.60780000000034,,426.27209999999997,,,,0,0,0,0,0,0,0,0,0,426.27209999999997,422.80720000000025,426.60780000000034,416.0354999999994,410.442,410.55000000000035,426.60780000000034,,426.27209999999997,,,,0,0,0,0,0,0,0,0,0,201.55925709116065,205.6417994264337,,,,,0,26443656,22155558.86,37.83390389402081,40.962532057239336,,,,,,
2025-02-25,401.1,401.915,396.7,397.9,425.69920000000036,,426.21490000000006,,,,0,0,0,0,0,0,0,0,0,426.21490000000006,422.54580000000027,425.69920000000036,414.2024999999994,409.01,408.2020000000004,425.69920000000036,,426.21490000000006,,,,0,0,0,0,0,0,0,0,0,199.50662347950777,205.08405615853133,,,,,0,29387402,22373917.72,34.04685835425995,40.56321828899085,,,,,,
2025-02-26,398.01,403.6,394.245,399.73,424.7140000000004,,426.16085000000004,,,,0,0,0,0,0,0,0,0,0,426.16085000000004,422.2577333333336,424.7140000000004,411.8289999999994,407.83900000000006,405.1940000000004,424.7140000000004,,426.16085000000004,,,,0,0,0,0,0,0,0,0,0,201.36652304013595,204.74609860231357,,,,,0,19618954,22382292.64,36.112897293877175,40.26014914867845,,,,,,
2025-02-27,401.265,405.74,392.17,392.53,423.57340000000033,,426.06190000000004,,,,0,0,0,0,0,0,0,0,0,426.06190000000004,421.9089333333336,423.57340000000033,409.3389999999994,406.188,400.4740000000004,423.57340000000033,,426.06190000000004,,,,0,0,0,0,0,0,0,0,0,197.71258564791884,204.10668833373222,,,,,0,21127406,22388145.18,31.881293151453576,39.50973316297286,,,31.881293151453576,,,
2025-02-28,392.655,397.63,386.57,396.99,422.5678000000004,,425.97315,,,,0,0,0,0,0,0,0,0,0,425.97315,421.69620000000026,422.5678000000004,408.43899999999934,404.83299999999997,398.23000000000036,422.5678000000004,,425.97315,,,,0,0,0,0,0,0,0,0,0,203.18311166310673,204.0227268182208,,,,,0,32845658,22641501.68,36.81995907631496,39.3569450552997,,,,,,
2025-03-03,398.82,398.82,386.155,388.49,421.3058000000004,,425.847,,,,0,0,0,0,0,0,0,0,0,425.847,421.4968000000003,421.3058000000004,407.1104999999994,402.839,395.12800000000044,421.3058000000004,,425.847,,,,0,0,0,0,0,0,0,0,0,195.72895166856716,203.2687472591614,,,,,0,23007726,22629679.52,32.05071329496511,38.71425709667792,,,,,,
2025-03-04,383.4,392.58,381,388.61,419.9888000000004,,425.70725,,,,0,0,0,0,0,0,0,0,0,425.70725,421.25240000000025,419.9888000000004,405.9949999999993,400.736,393.27000000000044,419.9888000000004,,425.70725,,,,0,0,0,0,0,0,0,0,0,199.2970591704546,202.9076847056426,,,,,0,29342923,22761868.1,32.18426329438145,38.11484598442816,,,,,,
2025-03-05,389.34,401.67,388.81,401.02,419.2614000000004,,425.59695,,,,0,0,0,0,0,0,0,0,0,425.59695,421.08100000000024,419.2614000000004,405.4274999999994,399.361,393.5280000000004,419.2614000000004,,425.59695,,,,0,0,0,0,0,0,0,0,0,208.20886998238186,203.38961063989163,,,,,1,23433132,22741639.84,44.36290038384148,38.49178558316327,,,,,44.36290038384148,
2025-03-06,394.28,402.15,392.6777,396.89,418.4586000000004,,425.47644999999994,,,,0,0,0,0,0,0,0,0,0,425.47644999999994,420.90746666666695,418.4586000000004,404.60749999999933,397.437,394.40000000000043,418.4586000000004,,425.47644999999994,,,,0,0,0,0,0,0,0,0,0,203.79042278977585,203.42604810806293,,,,,0,23304625,22748458.72,41.680265106969046,38.57214291037428,,,,,,
2025-03-07,392.32,394.8,385.54,393.31,417.5928000000004,,425.34194999999994,,,,0,0,0,0,0,0,0,0,0,425.34194999999994,420.7405333333336,417.5928000000004,403.48199999999935,395.947,393.66400000000044,417.5928000000004,,425.34194999999994,,,,0,0,0,0,0,0,0,0,0,205.6153753661652,203.6250778587995,,,,,0,22034087,21903866.58,39.45315787567981,38.595553263831185,,,,,,
2025-03-10,385.84,386.4,377.22,380.16,416.49100000000044,,425.11605,,,,0,0,0,0,0,0,0,0,0,425.11605,420.4942000000002,416.49100000000044,402.0024999999993,393.563,391.9980000000004,416.49100000000044,,425.11605,,,,0,0,0,0,0,0,0,0,0,197.65033733724545,203.08191962956732,,,,,0,32840134,22177618.88,32.56910903232371,38.03458760340393,,,,,,
2025-03-11,379,386,376.91,380.45,415.3134000000004,,424.87309999999997,,,,0,0,0,0,0,0,0,0,0,424.87309999999997,420.30726666666686,415.3134000000004,400.4139999999993,391.81800000000004,390.36600000000044,415.3134000000004,,424.87309999999997,,,,0,0,0,0,0,0,0,0,0,203.28432376592957,203.10032000560025,,,,,1,30380177,22641931.56,32.84738903846895,37.116168128578366,,,,,,
2025-03-12,382.95,385.2165,378.9507,383.27,414.2166000000004,,424.63685,,,,0,0,0,0,0,0,0,0,0,424.63685,420.2280666666669,414.2166000000004,399.0054999999993,390.172,386.81600000000043,414.2166000000004,,424.63685,,,,0,0,0,0,0,0,0,0,0,206.35202653228237,203.39592968984408,,,,,0,24253567,22963004.36,35.62932398469461,36.30070630002824,,,,,,
2025-03-13,383.155,385.32,377.45,378.77,413.18140000000034,,424.3957,,,,0,0,0,0,0,0,0,0,0,424.3957,420.08913333333356,413.18140000000034,397.49199999999934,388.796,383.1920000000004,413.18140000000034,,424.3957,,,,0,0,0,0,0,0,0,0,0,202.93822966840438,203.35432059698593,,,,,0,20473017,23010110.44,33.2613749351181,35.76667205116927,,,,,,
2025-03-14,379.775,390.23,379.51,388.56,412.45600000000036,,424.18770000000006,,,,0,0,0,0,0,0,0,0,0,424.18770000000006,420.02333333333354,412.45600000000036,396.39299999999935,387.953,382.2420000000004,412.45600000000036,,424.18770000000006,,,,0,0,0,0,0,0,0,0,0,211.11539736268753,204.05987303023153,,,,,1,19952846,23145993.3,42.25319474382975,36.08233568329848,,,,,,
2025-03-17,386.7,392.705,385.57,388.7,411.80000000000035,,423.97960000000006,,,,0,0,0,0,0,0,0,0,0,423.97960000000006,419.93006666666685,411.80000000000035,395.4064999999993,387.974,383.9500000000004,411.80000000000035,,423.97960000000006,,,,0,0,0,0,0,0,0,0,0,206.79455144859043,204.30848015917326,,,,,0,22474272,23330548.56,42.37276637100323,36.67704339878014,,,,,,
2025-03-18,387.07,387.37,381.1,383.52,411.09880000000044,,423.75135,,,,0,0,0,0,0,0,0,0,0,423.75135,419.78006666666687,411.09880000000044,394.10049999999933,387.465,384.5640000000004,411.09880000000044,,423.75135,,,,0,0,0,0,0,0,0,0,0,202.73792049845727,204.16570200819908,,,,,0,19486850,23382356.18,39.14320895254623,36.89349423154222,,,,,,
2025-03-19,385.525,389.68,384,387.82,410.3882000000004,,423.6171,,,,0,0,0,0,0,0,0,0,0,423.6171,419.6534666666669,410.3882000000004,392.75299999999936,386.145,385.47400000000044,410.3882000000004,,423.6171,,,,0,0,0,0,0,0,0,0,0,207.2186155860116,204.44323960618203,,,,,1,19185532,23432807.96,43.025265699675174,37.6894922707009,,,,,,
2025-03-20,385.735,391.785,383.28,386.84,409.5680000000004,,423.47565000000003,,,,0,0,0,0,0,0,0,0,0,423.47565000000003,419.4723333333335,409.5680000000004,391.2884999999993,385.14,387.0880000000005,409.5680000000004,,423.47565000000003,,,,0,0,0,0,0,0,0,0,0,204.4861064613324,204.44713659301388,,,,,0,18470542,23390745.84,42.36202398061335,38.08535404957936,,,,,,
2025-03-21,383.215,391.74,382.8,391.26,408.94580000000036,,423.36435,,,,0,0,0,0,0,0,0,0,0,423.36435,419.30166666666685,408.94580000000036,390.44099999999935,384.93499999999995,387.6280000000005,408.94580000000036,,423.36435,,,,0,0,0,0,0,0,0,0,0,207.27615630209365,204.70432020293023,,,,,0,39675928,23821483.1,46.37697681305797,39.108658586585996,,,,,,
2025-03-24,395.4,395.4,389.81,393.08,408.3162000000004,,423.2493999999999,,,,0,0,0,0,0,0,0,0,0,423.2493999999999,419.1153333333335,408.3162000000004,389.89499999999936,386.227,388.5040000000005,408.3162000000004,,423.2493999999999,,,,0,0,0,0,0,0,0,0,0,208.06800798225694,205.01011000105083,,,,,0,21004548,23940482.56,47.98371408016883,40.23719078557081,,,,,,
2025-03-25,393.915,396.36,392.64,395.16,407.8404000000004,,423.1051499999999,,,,0,0,0,0,0,0,0,0,0,423.1051499999999,418.95993333333354,407.8404000000004,389.75799999999936,387.698,390.83200000000045,407.8404000000004,,423.1051499999999,,,,0,0,0,0,0,0,0,0,0,205.54272517321016,205.05852956215622,,,,,0,15774968,23851959.28,49.83375690015923,40.62796625102208,,,,,49.83375690015923,
2025-03-26,395,395.31,388.57,389.97,407.29600000000033,,422.9323999999999,,,,0,0,0,0,0,0,0,0,0,422.9323999999999,418.74953333333355,407.29600000000033,389.26999999999936,388.368,391.26200000000046,407.29600000000033,,422.9323999999999,,,,0,0,0,0,0,0,0,0,0,202.52360360485125,204.82808174785578,,,,,0,16132906,23822521.8,45.48651495872033,40.89984124043288,,,,,,
2025-03-27,390.13,392.24,387.395,390.58,406.79420000000044,,422.76604999999995,,,,0,0,0,0,0,0,0,0,0,422.76604999999995,418.5214000000002,406.79420000000044,389.17249999999933,389.549,392.01000000000045,406.79420000000044,,422.76604999999995,,,,0,0,0,0,0,0,0,0,0,205.12901311401365,204.8554391447792,,,,,1,13766761,23759139.9,46.08186475056665,41.3733203029248,,,,,,
2025-03-28,388.08,389.13,376.93,378.8,405.84400000000045,,422.5206999999999,,,,0,0,0,0,0,0,0,0,0,422.5206999999999,418.21913333333356,405.84400000000045,388.26299999999935,388.573,389.5180000000004,405.84400000000045,,422.5206999999999,,,,0,0,0,0,0,0,0,0,0,199.60234098908902,204.37788476698918,,,,,0,21632016,23799023.46,37.55265099487988,41.72928758596453,,,,,,
2025-03-31,372.535,377.07,367.24,375.39,404.8602000000005,,422.23425,,,,0,0,0,0,0,0,0,0,0,422.23425,417.95140000000026,404.8602000000005,387.6079999999994,387.24199999999996,385.9800000000005,404.8602000000005,,422.23425,,,,0,0,0,0,0,0,0,0,0,201.78822601886776,204.1424612444327,,,,,0,35184676,24196716.52,35.504080135059695,41.91905123572101,,,,,,
2025-04-01,374.65,382.85,373.23,382.19,403.92340000000047,,421.93989999999997,,,,0,0,0,0,0,0,0,0,0,421.93989999999997,417.72073333333356,403.92340000000047,387.28699999999935,387.109,383.3860000000005,403.92340000000047,,421.93989999999997,,,,0,0,0,0,0,0,0,0,0,204.31266750299366,204.1579345406655,,,,,1,19689503,24066556.44,42.26755049558388,42.393210272213096,,,,,,
2025-04-02,377.965,385.08,376.62,382.14,402.99620000000044,,421.6427,,,,0,0,0,0,0,0,0,0,0,421.6427,417.51173333333355,402.99620000000044,386.34299999999934,386.54099999999994,381.82000000000045,402.99620000000044,,421.6427,,,,0,0,0,0,0,0,0,0,0,203.51638363518225,204.09961173107612,,,,,0,16092555,23866693.48,42.232480983784214,43.03400356140354,,,,,,
2025-04-03,374.785,377.48,369.35,373.11,401.53440000000046,,421.29540000000003,,,,0,0,0,0,0,0,0,0,0,421.29540000000003,417.24020000000024,401.53440000000046,385.15399999999937,385.168,378.3260000000004,401.53440000000046,,421.29540000000003,,,,0,0,0,0,0,0,0,0,0,197.37858359578064,203.48860917332198,,,,,0,30197997,23914577.2,36.36433721168429,42.61337088053601,,,,,,
2025-04-04,364.125,374.59,359.48,359.84,399.7970000000004,,420.85275,,,,0,0,0,0,0,0,0,0,0,420.85275,416.9018000000002,399.7970000000004,383.4804999999994,382.02599999999995,374.53400000000045,399.7970000000004,,420.85275,,,,0,0,0,0,0,0,0,0,0,200.04039647846477,203.17513529197132,,,,,0,49209854,24530988.88,29.809317039809997,41.71598164259363,,,,,,
2025-04-07,350.88,370.9999,344.79,357.86,398.0730000000005,,420.41035000000005,,,,0,0,0,0,0,0,0,0,0,420.41035000000005,416.5334000000002,398.0730000000005,382.3654999999994,378.50399999999996,371.0280000000004,398.0730000000005,,420.41035000000005,,,,0,0,0,0,0,0,0,0,0,211.58079576830525,203.93928624436532,,,,,1,50424998,25228499.78,28.970188245253723,40.98933730635845,,,,,,
2025-04-08,368.255,373.65,350.25,354.56,396.47300000000047,,419.95464999999996,,,,0,0,0,0,0,0,0,0,0,419.95464999999996,416.1162000000002,396.47300000000047,381.07099999999934,374.44399999999996,365.50200000000046,396.47300000000047,,419.95464999999996,,,,0,0,0,0,0,0,0,0,0,210.1204209993995,204.50120758573206,,,,,0,35868918,25232922.04,27.576855711518206,39.88587945006152,,,27.576855711518206,,,
2025-04-09,353.535,393.225,353.1,390.49,395.3388000000005,,419.6582,,,,0,0,0,0,0,0,0,0,0,419.6582,415.98986666666696,395.3388000000005,381.4319999999994,374.496,367.1720000000005,395.3388000000005,,419.6582,,,,0,0,0,0,0,0,0,0,0,235.10369713292582,207.28325209002242,,,,,0,50199696,25767081.9,53.691808378731004,40.695149764212786,,,,,53.691808378731004,
2025-04-10,382.06,383.9,367.8,381.35,394.1192000000005,,419.32660000000004,,,,0,0,0,0,0,0,0,0,0,419.32660000000004,415.8062000000002,394.1192000000005,381.56099999999935,373.573,368.8200000000005,394.1192000000005,,419.32660000000004,,,,0,0,0,0,0,0,0,0,0,209.65238441676485,207.49862775608992,,,,,0,38024368,26055941.86,48.86476356612815,40.87284881800351,,,,,,
2025-04-11,380.635,390.05,378.89,388.45,393.5884000000005,,419.01410000000004,,,,0,0,0,0,0,0,0,0,0,419.01410000000004,415.6732666666669,393.5884000000005,381.55549999999937,374.53799999999995,374.5420000000005,393.5884000000005,,419.01410000000004,,,,0,0,0,0,0,0,0,0,0,221.2104645732964,208.74515837583596,,,,,0,23839220,25441001.06,52.441586902627684,41.191268305322005,,,,,,
2025-04-14,393.22,394.65,384.21,387.81,393.0434000000005,,418.69235000000003,,,,0,0,0,0,0,0,0,0,0,418.69235000000003,415.58066666666684,393.0434000000005,381.5109999999994,375.78,380.5320000000005,393.0434000000005,,418.69235000000003,,,,0,0,0,0,0,0,0,0,0,216.92225940876503,209.48853119701133,,,,,0,19251172,25141556.74,52.0878988663468,41.352278445763964,,,,,,
2025-04-15,388.505,391.89,384.1599,385.73,392.5396000000005,,418.35675000000003,,,,0,0,0,0,0,0,0,0,0,418.35675000000003,415.4474000000002,392.5396000000005,381.6214999999994,376.13399999999996,386.7660000000005,392.5396000000005,,418.35675000000003,,,,0,0,0,0,0,0,0,0,0,214.0581876299492,209.9039545090966,,,,,0,17199890,24971971.56,50.88669469539553,41.738005569812195,,,,,,
2025-04-16,380.67,381.61,368,371.61,391.72440000000046,,417.98005000000006,,,,0,0,0,0,0,0,0,0,0,417.98005000000006,415.16346666666686,391.72440000000046,380.81099999999935,375.081,382.99000000000046,391.72440000000046,,417.98005000000006,,,,0,0,0,0,0,0,0,0,0,206.5793033417213,209.60171349388065,,,,,0,21967826,25000686.16,43.54531807039221,41.55682366408546,,,,,,
2025-04-17,373.745,374.3215,366.89,367.78,390.8142000000005,,417.5353,,,,0,0,0,0,0,0,0,0,0,417.5353,414.79506666666686,390.8142000000005,379.8579999999994,374.54799999999994,380.2760000000004,390.8142000000005,,417.5353,,,,0,0,0,0,0,0,0,0,0,209.13583195437198,209.5593606266526,,,,,0,21120192,25096366.24,41.78441150505342,41.85909227195499,,,,,,
2025-04-21,362.815,364.48,355.67,359.12,389.6802000000004,,417.03450000000004,,,,0,0,0,0,0,0,0,0,0,417.03450000000004,414.3425333333335,389.6802000000004,378.25099999999935,374.476,374.4100000000004,389.6802000000004,,417.03450000000004,,,,0,0,0,0,0,0,0,0,0,203.94155250450058,209.04865079736604,,,,,0,20807279,25186316.72,38.03877860839499,42.040142162907514,,,38.03877860839499,,,
2025-04-22,363.375,367.77,359.8602,366.82,388.8216000000004,,416.56475,,,,0,0,0,0,0,0,0,0,0,416.56475,413.9174000000002,388.8216000000004,376.9379999999993,375.37199999999996,370.2120000000004,388.8216000000004,,416.56475,,,,0,0,0,0,0,0,0,0,0,213.3422770390389,209.43898045569992,,,,,1,19484993,25118279.7,42.9368403225974,42.087948579122774,,,,,,
2025-04-23,376.06,380.39,373.02,374.39,388.06500000000045,,416.09890000000007,,,,0,0,0,0,0,0,0,0,0,416.09890000000007,413.53773333333356,388.06500000000045,375.89949999999936,377.3549999999999,367.9440000000004,388.06500000000045,,416.09890000000007,,,,0,0,0,0,0,0,0,0,0,212.40901173840766,209.70898329958243,,,,,0,20545526,25112831.84,47.34384268099016,42.45304584320892,,,,,,
2025-04-24,375.695,388.45,375.19,387.3,387.5822000000004,,415.70419999999996,,,,0,0,0,0,0,0,0,0,0,415.70419999999996,413.21873333333355,387.5822000000004,375.76599999999934,377.03599999999994,371.08200000000045,387.5822000000004,,415.70419999999996,,,,0,0,0,0,0,0,0,0,0,216.13326264683724,210.2930086947874,,,,,0,22232289,25194665.78,53.88486983869884,43.70451245942424,,,,,,
2025-04-25,387,392.16,384.6,391.85,387.2384000000004,,415.36575000000005,,,,0,0,0,0,0,0,0,0,0,415.36575000000005,412.95900000000023,387.2384000000004,375.82949999999937,378.08599999999996,375.8960000000004,387.2384000000004,,415.36575000000005,,,,0,0,0,0,0,0,0,0,0,214.32947173815543,210.65995988054814,,,,,0,18973165,25191694.4,55.961225985140715,45.57250595551928,,,,,,
2025-04-28,391.955,392.74,386.638,391.16,386.8508000000004,,414.9903,,,,0,0,0,0,0,0,0,0,0,414.9903,412.6421333333335,386.8508000000004,376.44749999999937,378.35699999999997,382.3040000000004,386.8508000000004,,414.9903,,,,0,0,0,0,0,0,0,0,0,212.3861131321468,210.81688290342075,,,,,0,16579430,25045448.38,55.5527314938498,47.471259044704716,,,,,,
2025-04-29,391.3,395.1,390.38,394.04,386.5630000000004,,414.68699999999995,,,,0,0,0,0,0,0,0,0,0,414.68699999999995,412.36726666666686,386.5630000000004,377.3799999999993,378.9799999999999,387.7480000000004,386.5630000000004,,414.68699999999995,,,,0,0,0,0,0,0,0,0,0,213.81363565658725,211.08931497189042,,,,,0,14973976,24889758.62,56.964784646860664,49.570396825800614,,,,,,
2025-04-30,390.3,396.66,384.44,395.26,386.2754000000004,,414.39555,,,,0,0,0,0,0,0,0,0,0,414.39555,412.1122666666668,386.2754000000004,378.0334999999994,379.93299999999994,391.9220000000005,386.2754000000004,,414.39555,,,,0,0,0,0,0,0,0,0,0,213.2383353534191,211.2846804611203,,,,,0,36461075,25190519.1,57.57958332429047,49.84809503619771,,,,,,
2025-05-01,431.11,436.99,424.9,425.4,386.48800000000034,,414.25274999999993,,,,0,0,0,0,0,0,0,0,0,414.25274999999993,412.0871333333335,386.48800000000034,380.19649999999933,385.31199999999995,399.5420000000005,386.48800000000034,,414.25274999999993,,,,0,0,0,0,0,0,0,0,0,229.158548913912,212.90957759319227,,,,,0,58938100,25886997.16,69.26238903456375,51.30506828394302,,,,,,
2025-05-02,431.74,439.44,429.985,435.28,386.8710000000003,,414.18155,,,,0,0,0,0,0,0,0,0,0,414.18155,412.10826666666685,386.8710000000003,383.3049999999993,392.06199999999995,408.2280000000004,386.8710000000003,,414.18155,,,,0,0,0,0,0,0,0,0,0,233.01386655912694,214.73724022645905,,,,,0,30757434,26031971.28,71.98600374077544,52.701098058096434,,,,,,
2025-05-05,432.87,439.5,432.11,436.17,387.43020000000035,,414.1448,,,,0,0,0,0,0,0,0,0,0,414.1448,412.14066666666685,387.43020000000035,387.1214999999994,399.76699999999994,417.2300000000005,387.43020000000035,,414.1448,,,,0,0,0,0,0,0,0,0,0,230.10167655530663,216.13400716544518,,,,,0,20136053,25884196.36,72.22475801636186,54.13944514024037,,,,,,
2025-05-06,432.2,437.73,431.17,433.31,388.01640000000026,,414.10949999999997,,,,0,0,0,0,0,0,0,0,0,414.10949999999997,412.1759333333335,388.01640000000026,390.8939999999994,406.41599999999994,425.08400000000046,388.01640000000026,,414.10949999999997,,,,0,0,0,0,0,0,0,0,0,230.06104025046147,217.40010108226485,,,,,0,15104204,25657407.32,70.15557460876283,55.515793705480895,,,,,,
2025-05-07,433.84,438.12,431.1103,433.35,388.7254000000003,,414.09069999999997,,,,0,0,0,0,0,0,0,0,0,414.09069999999997,412.1962666666668,388.7254000000003,394.8334999999994,412.312,432.7020000000004,388.7254000000003,,414.09069999999997,,,,0,0,0,0,0,0,0,0,0,231.86609356328813,218.71519130781243,,,,,0,23307241,25535804.1,70.16844724191246,57.417445789160915,,,,,,
2025-05-08,437.93,443.67,435.66,438.17,389.49420000000026,,414.06685,,,,0,0,0,0,0,0,0,0,0,414.06685,412.31280000000015,389.49420000000026,397.2174999999994,417.399,435.2560000000004,389.49420000000026,,414.06685,,,,0,0,0,0,0,0,0,0,0,233.43046950332692,220.052943871041,,,,,0,23491330,25613251.62,71.74969196424354,59.55782296481734,,,,,,
2025-05-09,440,440.74,435.88,438.73,390.4182000000003,,414.03625,,,,0,0,0,0,0,0,0,0,0,414.03625,412.4568000000001,390.4182000000003,400.0864999999994,422.0869999999999,435.9460000000005,390.4182000000003,,414.03625,,,,0,0,0,0,0,0,0,0,0,232.3802293452449,221.17360618687772,,,,,0,15324233,25497188.16,71.93581551467182,61.97903988669426,,,,,,
2025-05-12,445.94,449.37,439.78,449.26,391.46360000000027,,414.13805,,,,0,0,0,0,0,0,0,0,0,414.13805,412.67493333333346,391.46360000000027,403.1269999999994,427.89699999999993,438.5640000000004,391.46360000000027,,414.13805,,,,0,0,0,0,0,0,0,0,0,238.12788211805864,222.71490399880327,,,,,0,22821935,25296713.7,75.23925849219394,64.28635547023687,,,,,,
2025-05-13,447.78,450.6733,445.36,449.14,392.67660000000035,,414.29175,,,,0,0,0,0,0,0,0,0,0,414.29175,412.89546666666683,392.67660000000035,406.1934999999994,433.40699999999987,441.7300000000005,392.67660000000035,,414.29175,,,,0,0,0,0,0,0,0,0,0,230.5567913486876,223.42780284879274,,,,,0,23618819,25308935.56,75.1307235653937,66.2711326762657,,,,,,
2025-05-14,448.14,453.9,448.14,452.94,393.9632000000003,,414.4300999999999,,,,0,0,0,0,0,0,0,0,0,414.4300999999999,413.18480000000017,393.9632000000003,409.55399999999935,439.1749999999999,445.6480000000004,393.9632000000003,,414.4300999999999,,,,0,0,0,0,0,0,0,0,0,230.83509158181204,224.10119273361266,,,,,0,19902796,25120133.02,76.29677954553765,67.87198336961133,,,,,,
2025-05-15,450.765,456.19,450.4301,453.13,395.0054000000003,,414.5621,,,,0,0,0,0,0,0,0,0,0,414.5621,413.4409333333334,395.0054000000003,413.62999999999937,441.94799999999987,448.64000000000044,395.0054000000003,,414.5621,,,,0,0,0,0,0,0,0,0,0,230.69560480401591,224.70068474001295,,,,,0,21992323,25091316.84,76.35647251860055,69.32878669342988,,,,,,
2025-05-16,452.05,454.36,448.73,454.27,396.1530000000003,,414.71885000000003,,,,0,0,0,0,0,0,0,0,0,414.71885000000003,413.68633333333344,396.1530000000003,417.95449999999937,443.84699999999987,451.7480000000004,396.1530000000003,,414.71885000000003,,,,0,0,0,0,0,0,0,0,0,230.32422273750532,225.2119154670577,,,,,0,23849781,25102219.96,76.73504925697841,70.84180939079621,,,,,,
2025-05-19,450.875,459.585,450.8,458.87,397.46420000000035,,414.92145,,,,0,0,0,0,0,0,0,0,0,414.92145,413.97320000000013,397.46420000000035,422.9419999999994,446.1169999999999,453.6700000000004,397.46420000000035,,414.92145,,,,0,0,0,0,0,0,0,0,0,231.03801878701725,225.74156122341768,,,,,0,21336509,25088268.4,78.24850077647514,72.36207482862582,,,,,78.24850077647514,
2025-05-20,455.59,458.34,454.3201,458.17,399.0244000000003,,415.12675,,,,0,0,0,0,0,0,0,0,0,415.12675,414.25220000000013,399.0244000000003,427.5094999999994,448.6029999999999,455.4760000000004,399.0244000000003,,415.12675,,,,0,0,0,0,0,0,0,0,0,230.48365162595013,226.17266035092064,,,,,0,15441808,24740301.88,77.4231057330274,73.77946928639274,,,,,,
2025-05-21,454.57,457.78,451.814,452.57,400.4668000000003,,415.34714999999994,,,,0,0,0,0,0,0,0,0,0,415.34714999999994,414.47506666666675,400.4668000000003,431.4184999999994,450.5249999999999,455.4020000000004,400.4668000000003,,415.34714999999994,,,,0,0,0,0,0,0,0,0,0,228.5533924197662,226.3890905389975,,,,,0,19216906,24517036.46,70.97317929044775,73.90166859038446,,,,,,
2025-05-22,454.95,460.25,453.9,454.86,401.8986000000003,,415.6457,,,,0,0,0,0,0,0,0,0,0,415.6457,414.7158666666667,401.8986000000003,434.79649999999936,452.19399999999985,455.7480000000004,401.8986000000003,,415.6457,,,,0,0,0,0,0,0,0,0,0,233.47625679684907,227.03337838062038,,,,,0,18025612,24392477.36,72.0004099762928,73.90269760720712,,,,,,
2025-05-23,449.98,453.69,448.91,450.18,403.3268000000002,,415.89855000000006,,,,0,0,0,0,0,0,0,0,0,415.89855000000006,414.9429333333334,403.3268000000002,437.7129999999994,453.33899999999994,454.93000000000046,403.3268000000002,,415.89855000000006,,,,0,0,0,0,0,0,0,0,0,231.17767887709687,227.41013297120915,,,,,0,16883509,24320687.2,66.79775045695652,73.51505421010674,,,66.79775045695652,,,
2025-05-27,456.48,460.95,456.115,460.69,404.76940000000025,,416.20985,,,,0,0,0,0,0,0,0,0,0,416.20985,415.2360666666667,404.76940000000025,441.1894999999994,454.48199999999986,455.29400000000044,404.76940000000025,,416.20985,,,,0,0,0,0,0,0,0,0,0,238.17171966092408,228.38845903391052,,,,,0,20974293,24341116.14,71.73689614326102,73.62800574828519,,,,,,
2025-05-28,461.22,462.52,456.93,457.36,406.14260000000024,,416.4832,,,,0,0,0,0,0,0,0,0,0,416.4832,415.4974,406.14260000000024,444.3554999999994,455.3039999999999,455.1320000000004,406.14260000000024,,416.4832,,,,0,0,0,0,0,0,0,0,0,231.71038566046275,228.69045236359707,,,,,0,17086261,24233355.92,68.27152213551997,73.49251109782858,,,,,,
2025-05-29,461.55,461.72,455.3105,458.68,407.64580000000024,,416.7465,,,,0,0,0,0,0,0,0,0,0,416.7465,415.7634,407.64580000000024,447.5264999999994,455.8779999999999,456.35400000000044,407.64580000000024,,416.7465,,,,0,0,0,0,0,0,0,0,0,233.68022063118997,229.14406766065096,,,,,0,13982211,24123263.14,68.91259353844677,73.28986121027165,,,,,,
2025-05-30,459.715,461.68,455.54,460.36,409.09660000000025,,417.01425,,,,0,0,0,0,0,0,0,0,0,417.01425,415.9824,409.09660000000025,449.27449999999936,456.60099999999994,457.45400000000046,409.09660000000025,,417.01425,,,,0,0,0,0,0,0,0,0,0,233.5991123409639,229.5490717224976,,,,,0,34770475,24434962,69.75031202513377,73.13375381816181,,,,,,
2025-06-02,457.14,462.11,456.89,461.97,410.5992000000003,,417.25405,,,,0,0,0,0,0,0,0,0,0,417.25405,416.2315333333333,410.5992000000003,450.60899999999936,457.3709999999999,459.81200000000047,410.5992000000003,,417.25405,,,,0,0,0,0,0,0,0,0,0,234.43589639493342,229.99332851090085,,,,,0,16626495,24398081.06,70.56881934964285,72.8001510222653,,,,,,
2025-06-03,461.47,464.14,460.8622,462.97,412.03340000000026,,417.4846,,,,0,0,0,0,0,0,0,0,0,417.4846,416.4864666666667,412.03340000000026,451.94899999999944,457.78099999999995,460.26800000000037,412.03340000000026,,417.4846,,,,0,0,0,0,0,0,0,0,0,233.9827660273419,230.35600464875913,,,,,0,15743760,23919437.7,71.09203177227326,72.51167303704241,,,,,,
2025-06-04,464,465.69,463.0201,463.87,413.44920000000025,,417.69879999999995,,,,0,0,0,0,0,0,0,0,0,417.69879999999995,416.72459999999995,413.44920000000025,453.4769999999994,458.35099999999994,461.57000000000045,413.44920000000025,,417.69879999999995,,,,0,0,0,0,0,0,0,0,0,233.08644704841922,230.60422668509187,,,,,0,14162688,23782600.5,71.58169304399482,72.17488114407506,,,,,,
2025-06-05,464.955,469.65,464.03,467.68,414.8996000000002,,417.9448499999999,,,,0,0,0,0,0,0,0,0,0,417.9448499999999,416.99853333333334,414.8996000000002,455.1934999999994,459.86199999999997,463.37000000000046,414.8996000000002,,417.9448499999999,,,,0,0,0,0,0,0,0,0,0,234.9827996824557,231.0022787757613,,,,,0,20154460,23870190.34,73.61891344179107,71.97934121001724,,,,,,
2025-06-06,470.085,473.335,468.78,470.38,416.5078000000002,,418.18909999999994,,,,0,0,0,0,0,0,0,0,0,418.18909999999994,417.2547333333333,416.5078000000002,456.80399999999935,461.41399999999993,465.3740000000004,416.5078000000002,,418.18909999999994,,,,0,0,0,0,0,0,0,0,0,237.59405585516114,231.60153123752494,,,,,0,15285624,23853244.7,74.9873449959241,71.8545051913705,,,,,,
2025-06-09,469.7,473.43,468.62,472.75,418.15120000000024,,418.42884999999995,,,,0,0,0,0,0,0,0,0,0,418.42884999999995,417.5228666666667,418.15120000000024,458.50499999999937,463.671,467.5300000000005,418.15120000000024,,418.42884999999995,,,,0,0,0,0,0,0,0,0,0,236.36042444049286,232.0341578923402,,,,,0,16469932,23907308.12,76.15649378831145,71.70507612078738,,,,,,
2025-06-10,471.185,472.8,466.96,470.92,419.99360000000024,,418.66274999999996,,,,0,0,0,0,0,0,0,0,0,418.66274999999996,417.9533333333333,419.99360000000024,459.5879999999994,464.69399999999996,469.12000000000046,419.99360000000024,,418.66274999999996,,,,0,0,0,0,0,0,0,0,0,235.2290834497468,232.32460567028625,,,,,0,15375944,23782186.68,73.307156929563,71.41107977768279,,,,,,
2025-06-11,470.02,475.47,469.655,472.62,421.9382000000003,,418.94809999999995,,,,0,0,0,0,0,0,0,0,0,418.94809999999995,418.36833333333334,421.9382000000003,460.7619999999994,466.21999999999997,470.87000000000046,421.9382000000003,,418.94809999999995,,,,0,0,0,0,0,0,0,0,0,234.7916804663178,232.54888519719822,,,,,0,16399176,23406476.68,74.2702215242957,71.6465827943862,,,,,,
2025-06-12,475.02,480.415,473.52,478.87,423.8718000000003,,419.2584999999999,,,,0,0,0,0,0,0,0,0,0,419.2584999999999,418.83773333333335,423.8718000000003,462.05849999999936,468.23900000000003,473.10800000000046,423.8718000000003,,419.2584999999999,,,,0,0,0,0,0,0,0,0,0,238.55037569014902,233.09447524201192,,,,,0,18950582,23391698.26,77.4862779725965,72.03843050840791,,,,,77.4862779725965,
2025-06-13,476.41,479.18,472.76,474.96,425.7282000000003,,419.56585,,,,0,0,0,0,0,0,0,0,0,419.56585,419.26106666666664,425.7282000000003,463.14999999999935,469.69900000000007,474.02400000000046,425.7282000000003,,419.56585,,,,0,0,0,0,0,0,0,0,0,235.70241098383025,233.33156030944994,,,,,0,16814456,23406136.28,71.46789231857286,72.37201206995194,,,,,,
2025-06-16,475.21,480.6943,475,479.14,427.8488000000003,,419.8923499999999,,,,0,0,0,0,0,0,0,0,0,419.8923499999999,419.6541333333333,427.8488000000003,464.3934999999994,471.41600000000005,475.3020000000004,427.8488000000003,,419.8923499999999,,,,0,0,0,0,0,0,0,0,0,240.49349502088018,233.98264528321633,,,,,0,15626104,23114698.42,73.80984190046226,72.52007962403773,,,,,,
2025-06-17,475.395,478.7399,474.08,478.04,430.2128000000003,,420.22955,,,,0,0,0,0,0,0,0,0,0,420.22955,420.00486666666666,430.2128000000003,465.3519999999993,472.92300000000006,476.7260000000004,430.2128000000003,,420.22955,,,,0,0,0,0,0,0,0,0,0,237.7078526533535,234.32130049868334,,,,,0,15414128,22438783.9,72.13191802385282,72.79582218749007,,,,,,
2025-06-18,478,481,474.46,480.24,432.6604000000003,,420.56515,,,,0,0,0,0,0,0,0,0,0,420.56515,420.3895333333333,432.6604000000003,466.4554999999994,474.56000000000006,478.25000000000045,432.6604000000003,,420.56515,,,,0,0,0,0,0,0,0,0,0,240.81314048937531,234.91146777056443,,,,,0,17526452,21780812.98,73.43274445074812,73.11869010979731,,,,,,
2025-06-20,482.23,483.46,476.87,477.4,435.1172000000003,,420.86645,,,,0,0,0,0,0,0,0,0,0,420.86645,420.78546666666665,435.1172000000003,467.6969999999994,475.53200000000004,477.9560000000004,435.1172000000003,,420.86645,,,,0,0,0,0,0,0,0,0,0,239.46388980848909,235.32532431946666,,,,,0,37576206,21814958.74,68.95791259536645,73.06209015052822,,,68.95791259536645,,,
2025-06-23,478.21,487.75,472.51,486,437.0274000000003,,421.24925,,,,0,0,0,0,0,0,0,0,0,421.24925,421.20526666666666,437.0274000000003,469.25399999999934,477.09400000000005,480.1640000000004,437.0274000000003,,421.24925,,,,0,0,0,0,0,0,0,0,0,244.30908953810837,236.14203024843408,,,,,0,24863952,21308243.86,74.10407200296625,73.31460819719418,,,,,,
2025-06-24,488.95,491.849,486.795,490.11,439.20260000000025,,421.6553,,,,0,0,0,0,0,0,0,0,0,421.6553,421.63800000000003,439.20260000000025,471.2504999999993,478.83000000000004,482.35800000000046,439.20260000000025,,421.6553,,,,0,0,0,0,0,0,0,0,0,244.031693764149,236.85927238622634,,,,,0,22305642,20993869.34,76.13986349639306,73.67516760605987,,,,,,
2025-06-25,492.04,494.5556,489.39,492.27,441.2790000000002,,422.07469999999995,,,,0,0,0,0,0,0,0,0,0,422.07469999999995,422.0738666666667,441.2790000000002,472.82949999999926,480.96500000000003,485.20400000000046,441.2790000000002,,422.07469999999995,,,,0,0,0,0,0,0,0,0,0,242.41036474568259,237.3639171461769,,,,,0,17495099,20866986.92,77.15626554613627,74.07335135621284,,,,,,
2025-06-26,492.98,498.04,492.81,497.45,443.4718000000002,,422.55344999999994,,,,0,0,0,0,0,0,0,0,0,422.55344999999994,422.6235333333334,443.4718000000002,474.83399999999926,483.44800000000015,488.64600000000036,443.4718000000002,,422.55344999999994,,,,0,0,0,0,0,0,0,0,0,244.96277997094623,238.05472285751958,,,,,0,21578853,20913540.54,79.42034371584343,74.48773923293086,,,,,79.42034371584343,
2025-06-27,497.55,499.3,493.03,495.94,445.6760000000003,,423.00454999999994,,,,0,0,0,0,0,0,0,0,0,423.00454999999994,423.1580666666667,445.6760000000003,476.6969999999993,485.1550000000001,492.3540000000004,445.6760000000003,,423.00454999999994,,,,0,0,0,0,0,0,0,0,0,242.27610767609892,238.43848511375407,,,,,0,34539236,21260327.46,77.02382263480345,74.63320192142224,,,,,,
2025-06-30,497.04,500.76,495.33,497.41,448.19200000000035,,423.4206,,,,0,0,0,0,0,0,0,0,0,423.4206,423.6888666666667,448.19200000000035,478.5494999999993,487.4000000000002,494.6360000000004,448.19200000000035,,423.4206,,,,0,0,0,0,0,0,0,0,0,241.73184212743075,238.7378812059065,,,,,0,28368991,21388350.76,77.7283957429957,74.74548063247111,,,,,,
2025-07-01,496.47,498.05,490.98,492.05,450.67740000000026,,423.76564999999994,,,,0,0,0,0,0,0,0,0,0,423.76564999999994,424.1992666666667,450.67740000000026,480.05349999999936,488.69100000000014,495.02400000000034,450.67740000000026,,423.76564999999994,,,,0,0,0,0,0,0,0,0,0,237.89915776784304,238.66163362062798,,,,,0,19945375,21364854.42,69.37465036596667,74.46458730649996,,,,,,
2025-07-02,489.99,493.5,488.7,491.09,453.3168000000003,,424.0861,,,,0,0,0,0,0,0,0,0,0,424.0861,424.7207333333333,453.3168000000003,481.4594999999993,489.9960000000001,494.78800000000035,453.3168000000003,,424.0861,,,,0,0,0,0,0,0,0,0,0,237.7001042268337,238.57422185755578,,,,,0,16319641,21275101.66,67.96574209259911,74.01426734709307,,,67.96574209259911,,,
2025-07-03,493.81,500.13,493.44,498.84,455.9572000000003,,424.42735,,,,0,0,0,0,0,0,0,0,0,424.42735,425.26633333333336,455.9572000000003,483.2079999999993,491.8560000000001,495.0660000000004,455.9572000000003,,424.42735,,,,0,0,0,0,0,0,0,0,0,240.31178290814321,238.73218195306373,,,,,1,13984829,21165098.38,72.77299467249081,73.67760425422837,,,,,,
2025-07-07,497.38,498.75,495.225,497.72,458.42380000000026,,424.75925,,,,0,0,0,0,0,0,0,0,0,424.75925,425.7925333333333,458.42380000000026,484.70999999999924,493.8880000000002,495.42200000000037,458.42380000000026,,424.75925,,,,0,0,0,0,0,0,0,0,0,237.78856443968814,238.64639854275686,,,,,0,13981605,21033819.96,71.11215721796846,73.6521946041852,,,,,,
2025-07-08,497.24,498.2,494.11,496.62,460.61020000000025,,425.06660000000005,,,,0,0,0,0,0,0,0,0,0,425.06660000000005,426.2500666666666,460.61020000000025,486.0219999999993,494.95000000000016,495.2640000000004,460.61020000000025,,425.06660000000005,,,,0,0,0,0,0,0,0,0,0,239.14324100038687,238.69156603890505,,,,,1,11846586,20826105.9,69.43605210966615,73.33978104769976,,,,,,
2025-07-09,500.3,506.78,499.74,503.51,462.84340000000026,,425.43010000000004,,,,0,0,0,0,0,0,0,0,0,425.43010000000004,426.7868666666666,462.84340000000026,487.5599999999993,496.29000000000013,497.5560000000003,462.84340000000026,,425.43010000000004,,,,0,0,0,0,0,0,0,0,0,242.63554311213053,239.05010940919828,,,,,0,18659538,20819833.36,73.62879799944888,73.44670104595663,,,,,73.62879799944888,
2025-07-10,503.05,504.44,497.75,501.48,465.04980000000023,,425.7440500000001,,,,0,0,0,0,0,0,0,0,0,425.7440500000001,427.30699999999996,465.04980000000023,489.0879999999993,497.21100000000024,499.63400000000036,465.04980000000023,,425.7440500000001,,,,0,0,0,0,0,0,0,0,0,240.2011735121542,239.1547516003761,,,,,0,16498740,20818219.56,70.55769098015017,73.24134008377106,,,,,,
2025-07-11,498.47,505.03,497.795,503.32,467.2354000000003,,426.0843000000001,,,,0,0,0,0,0,0,0,0,0,426.0843000000001,427.7892666666666,467.2354000000003,490.6229999999993,497.7980000000001,500.53000000000037,467.2354000000003,,426.0843000000001,,,,0,0,0,0,0,0,0,0,0,240.42149711725398,239.26991028372865,,,,,0,16459512,20847930.28,71.70953531207557,73.437884563536,,,,,,
2025-07-14,501.515,503.97,501.03,503.02,469.3906000000003,,426.43185000000005,,,,0,0,0,0,0,0,0,0,0,426.43185000000005,428.2680666666666,469.3906000000003,491.8304999999993,498.5060000000002,501.5900000000003,469.3906000000003,,426.43185000000005,,,,0,0,0,0,0,0,0,0,0,241.07391041800457,239.43391029593556,,,,,0,12058848,20359885.74,71.22030442978568,73.23190116545167,,,,,,
2025-07-15,503.02,508.3,502.79,505.82,470.99900000000025,,426.8151000000001,,,,0,0,0,0,0,0,0,0,0,426.8151000000001,428.7240666666666,470.99900000000025,493.37349999999935,499.3470000000002,503.4300000000004,470.99900000000025,,426.8151000000001,,,,0,0,0,0,0,0,0,0,0,242.07512104075104,239.67402036364606,,,,,0,14927202,19479667.78,73.06719037670902,73.01242451404568,,,,,,
2025-07-16,505.18,506.72,501.89,505.62,472.4058000000002,,427.1826500000001,,,,0,0,0,0,0,0,0,0,0,427.1826500000001,429.1440666666666,472.4058000000002,494.6974999999993,500.7040000000003,503.85200000000043,472.4058000000002,,427.1826500000001,,,,0,0,0,0,0,0,0,0,0,242.93976235511556,239.9709059992342,,,,,0,15154374,19167606.58,72.70827310438328,72.69471076820618,,,,,,
2025-07-17,505.68,513.37,505.62,511.7,473.91640000000024,,427.5846000000001,,,,0,0,0,0,0,0,0,0,0,427.5846000000001,429.59826666666663,473.91640000000024,496.3804999999993,502.7650000000002,505.89600000000036,473.91640000000024,,427.5846000000001,,,,0,0,0,0,0,0,0,0,0,245.0783960304676,240.43522327480088,,,,,0,17503129,19114948.1,76.48919508291883,72.48534300871157,,,,,76.48919508291883,
2025-07-18,514.48,514.64,507.43,510.05,475.4512000000002,,427.99475000000007,,,,0,0,0,0,0,0,0,0,0,427.99475000000007,430.0251333333333,475.4512000000002,497.8709999999993,503.88600000000025,507.24200000000036,475.4512000000002,,427.99475000000007,,,,0,0,0,0,0,0,0,0,0,242.9831595829992,240.66685384827346,,,,,0,21209666,19237057.34,73.51277277378858,72.2345537329248,,,,,,
2025-07-21,506.705,512.09,505.55,510.06,476.98540000000025,,428.39355,,,,0,0,0,0,0,0,0,0,0,428.39355,430.46999999999997,476.98540000000025,499.50399999999917,505.12000000000023,508.6500000000004,476.98540000000025,,428.39355,,,,0,0,0,0,0,0,0,0,0,243.0099193556072,240.87985980348563,,,,,0,14066805,19052248.62,73.51949822473912,71.93391819590646,,,,,,
2025-07-22,510.97,511.2,505.27,505.27,478.3274000000001,,428.8164500000001,,,,0,0,0,0,0,0,0,0,0,428.8164500000001,430.8452,478.3274000000001,500.4674999999992,505.98500000000024,508.5400000000003,478.3274000000001,,428.8164500000001,,,,0,0,0,0,0,0,0,0,0,240.39146217879693,240.835460019423,,,,,0,13868644,18859794.9,65.00512459168368,71.6218092120291,,,65.00512459168368,,,
2025-07-23,506.75,506.79,500.7,505.87,479.67020000000014,,429.26015000000007,,,,0,0,0,0,0,0,0,0,0,429.26015000000007,431.2206,479.67020000000014,501.2554999999992,506.2210000000003,508.5900000000003,479.67020000000014,,429.26015000000007,,,,0,0,0,0,0,0,0,0,0,240.52281988008804,240.80703818857438,,,,,0,16396585,18881241.94,65.54342254357384,71.44878638709874,,,,,,
2025-07-24,508.77,513.67,507.3,510.88,480.9026000000001,,429.7318500000001,,,,0,0,0,0,0,0,0,0,0,429.7318500000001,431.64466666666664,480.9026000000001,502.1859999999991,507.16100000000023,508.4260000000003,480.9026000000001,,429.7318500000001,,,,0,0,0,0,0,0,0,0,0,241.02281841198953,240.82665457252122,,,,,1,16107000,18746943.24,69.73036183758514,71.23145547031974,,,,,,
2025-07-25,512.465,518.29,510.3592,513.71,482.1940000000001,,430.22009999999966,,,,0,0,0,0,0,0,0,0,0,430.22009999999966,432.0588,482.1940000000001,502.99899999999917,508.2000000000003,509.15800000000036,482.1940000000001,,430.22009999999966,,,,0,0,0,0,0,0,0,0,0,242.18808931130727,240.9504213669563,,,,,0,19125699,18657080.84,71.81386180032428,71.2815772262023,,,,,,
2025-07-28,514.08,515,510.12,512.5,483.3852000000001,,430.73489999999964,,,,0,0,0,0,0,0,0,0,0,430.73489999999964,432.44573333333335,483.3852000000001,503.82699999999915,509.14800000000025,509.6460000000003,483.3852000000001,,430.73489999999964,,,,0,0,0,0,0,0,0,0,0,240.66117254819096,240.9241260197958,,,,,0,14308027,18545185.46,69.6077501777609,71.29384137392337,,,,,,
2025-07-29,515.53,517.62,511.56,512.57,484.57400000000007,,431.2241999999996,,,,0,0,0,0,0,0,0,0,0,431.2241999999996,432.94693333333333,484.57400000000007,504.5849999999991,509.8230000000002,511.10600000000034,484.57400000000007,,431.2241999999996,,,,0,0,0,0,0,0,0,0,0,240.65223106971155,240.8994082970609,,,,,0,16469235,18434723.7,69.6658064314571,71.01077054763824,,,,,,
2025-07-30,515.17,515.95,509.435,513.24,485.75340000000006,,431.7030999999996,,,,0,0,0,0,0,0,0,0,0,431.7030999999996,433.455,485.75340000000006,505.6444999999991,510.5850000000002,512.5800000000003,485.75340000000006,,431.7030999999996,,,,0,0,0,0,0,0,0,0,0,241.68127743934505,240.9704873099958,,,,,1,26380434,18485336.76,70.25155584246642,70.9889037520894,,,,,,
2025-07-31,555.225,555.45,531.9,533.5,487.24600000000004,,432.2913999999996,,,,0,0,0,0,0,0,0,0,0,432.2913999999996,434.101,487.24600000000004,507.7649999999991,512.7650000000002,517.1040000000004,487.24600000000004,,432.2913999999996,,,,0,0,0,0,0,0,0,0,0,251.5366445121635,241.9310470556474,,,,,0,51617326,19090953.1,81.7362377916646,71.70509678634576,,,,,81.7362377916646,
2025-08-01,535,535.8,520.86,524.11,488.56480000000005,,432.83034999999967,,,,0,0,0,0,0,0,0,0,0,432.83034999999967,434.6934,488.56480000000005,509.0284999999991,514.1710000000003,519.1840000000004,488.56480000000005,,432.83034999999967,,,,0,0,0,0,0,0,0,0,0,248.02583217917214,242.4851184305133,,,,,0,28977628,19361669.5,68.5308370159895,71.51299197107461,,,,,,
2025-08-04,528.27,538.25,528.13,535.64,490.2262000000001,,433.41284999999965,,,,0,0,0,0,0,0,0,0,0,433.41284999999965,435.33546666666666,490.2262000000001,510.92449999999906,516.7290000000003,523.8120000000004,490.2262000000001,,433.41284999999965,,,,0,0,0,0,0,0,0,0,0,257.6017954472587,243.85936179567196,,,,,0,25349004,19484311.46,74.07045941829873,71.58465404547387,,,,,,
2025-08-05,537.18,537.3,527.24,527.75,491.6840000000001,,433.95789999999965,,,,0,0,0,0,0,0,0,0,0,433.95789999999965,435.93306666666666,491.6840000000001,512.4809999999991,518.9770000000002,526.8480000000003,491.6840000000001,,433.95789999999965,,,,0,0,0,0,0,0,0,0,0,250.12124936610672,244.42862430207512,,,,,0,19171569,19507230.6,65.56497158300984,71.07441822251862,,,,,,
2025-08-06,530.9,531.7,524.03,524.94,493.17920000000004,,434.5019999999996,,,,0,0,0,0,0,0,0,0,0,434.5019999999996,436.56246666666664,493.17920000000004,513.5524999999991,520.8840000000002,529.1880000000003,493.17920000000004,,434.5019999999996,,,,0,0,0,0,0,0,0,0,0,250.00317500635,244.9354016388274,,,,,0,21355702,19596674.46,62.799163458172366,70.09655882075101,,,,,,
2025-08-07,526.8,528.09,517.5511,520.84,494.3822,,435.02259999999967,,,,0,0,0,0,0,0,0,0,0,435.02259999999967,437.2025333333333,494.3822,514.5204999999992,521.8800000000003,526.6560000000004,494.3822,,435.02259999999967,,,,0,0,0,0,0,0,0,0,0,246.25810671310705,245.055647554671,,,,,0,16079144,19498771.48,58.895313404565364,69.05245458009222,,,,,,
2025-08-08,522.6,524.66,519.41,522.04,495.67580000000004,,435.5419999999997,,,,0,0,0,0,0,0,0,0,0,435.5419999999997,437.8728,495.67580000000004,515.4564999999991,522.7130000000003,526.2420000000004,495.67580000000004,,435.5419999999997,,,,0,0,0,0,0,0,0,0,0,247.02247164427703,245.23444974463519,,,,,0,15531009,19467666.44,59.68523765407539,68.0642931107591,,,,,,
2025-08-11,522.3,527.59,519.72,521.77,496.93760000000003,,436.05694999999963,,,,0,0,0,0,0,0,0,0,0,436.05694999999963,438.56073333333325,496.93760000000003,516.3939999999992,523.6400000000002,523.4680000000004,496.93760000000003,,436.05694999999963,,,,0,0,0,0,0,0,0,0,0,244.9839109530726,245.21167349085678,,,,,0,20194372,19591909.66,59.40860042386709,67.6645413844865,,,,,,
2025-08-12,523.75,530.98,522.7,529.24,498.31519999999995,,436.5655999999996,,,,0,0,0,0,0,0,0,0,0,436.5655999999996,439.2666666666666,498.31519999999995,517.5649999999991,525.3070000000004,523.7660000000003,498.31519999999995,,436.5655999999996,,,,0,0,0,0,0,0,0,0,0,249.11429584558465,245.5664573412866,,,,,1,18688921,19270278.58,64.33398164201904,67.57815274866115,,,,,,
2025-08-13,532.11,532.7,519.37,520.58,499.4874,,437.0454999999996,,,,0,0,0,0,0,0,0,0,0,437.0454999999996,439.88486666666665,499.4874,518.3129999999992,526.0410000000004,522.8940000000005,499.4874,,437.0454999999996,,,,0,0,0,0,0,0,0,0,0,242.28988092929453,245.26858675837823,,,,,0,19619160,19330131.88,55.87013952384275,66.58813686910813,,,,,,
2025-08-14,522.56,525.9499,520.14,522.48,500.67760000000004,,437.5342499999996,,,,0,0,0,0,0,0,0,0,0,437.5342499999996,440.5522666666665,500.67760000000004,518.8519999999992,524.9390000000003,523.2220000000004,500.67760000000004,,437.5342499999996,,,,0,0,0,0,0,0,0,0,0,242.39050256781397,245.00694274105422,,,,,0,20269074,19420638.16,57.20055014008381,65.54432889337666,,,,,,
2025-08-15,522.77,526.1,519.08,520.17,501.8036,,437.99434999999954,,,,0,0,0,0,0,0,0,0,0,437.99434999999954,441.18966666666654,501.8036,519.3579999999992,524.5450000000003,522.8480000000004,501.8036,,437.99434999999954,,,,0,0,0,0,0,0,0,0,0,241.24646558027865,244.66508118098372,,,,,0,25213272,19641649.84,55.02843245613541,64.50294905611769,,,,,,
2025-08-18,521.585,522.82,514.02,517.1,502.792,,438.4468999999996,,,,0,0,0,0,0,0,0,0,0,438.4468999999996,441.8439999999998,502.792,519.7099999999991,522.6910000000003,521.9140000000004,502.792,,438.4468999999996,,,,0,0,0,0,0,0,0,0,0,240.51945877307634,244.2882064166285,,,,,0,23760583,19713772.3,52.19184068772401,63.254808645851035,,,,,,
2025-08-19,515,515.1641,508.55,509.77,503.57980000000003,,438.83599999999956,,,,0,0,0,0,0,0,0,0,0,438.83599999999956,442.46119999999985,503.57980000000003,519.9349999999993,520.8930000000003,518.0200000000004,503.57980000000003,,438.83599999999956,,,,0,0,0,0,0,0,0,0,0,237.13320804569898,243.63775201927126,,,,,0,21481016,19837680.14,46.08372125568357,61.52853474679512,,,,,,
2025-08-20,509.865,511,504.44,505.72,504.23920000000004,,439.20194999999956,,,,0,0,0,0,0,0,0,0,0,439.20194999999956,443.0615333333332,504.23920000000004,519.9274999999991,518.9710000000002,515.0480000000005,504.23920000000004,,439.20194999999956,,,,0,0,0,0,0,0,0,0,0,236.6362207082429,243.00124917281414,,,,,0,27723025,20062742,43.08351077287672,58.76762567402455,,,,,,
2025-08-21,503.69,507.63,502.7201,504.24,504.90560000000005,,439.69139999999965,,,,0,0,0,0,0,0,0,0,0,439.69139999999965,443.5810666666666,504.90560000000005,519.5954999999992,517.3110000000003,511.40000000000043,504.90560000000005,,439.69139999999965,,,,0,0,0,0,0,0,0,0,0,236.5180845524947,242.41187057096693,,,,,0,18443254,20124088.2,42.00724444617677,56.87308334760935,,,,,,
2025-08-22,504.25,510.73,502.41,507.23,505.59780000000006,,440.17569999999955,,,,0,0,0,0,0,0,0,0,0,440.17569999999955,444.13206666666656,505.59780000000006,519.2714999999992,515.8300000000002,508.81200000000047,505.59780000000006,,440.17569999999955,,,,0,0,0,0,0,0,0,0,0,238.8770803964723,242.09052600964924,,,,,0,24324161,20282587.9,44.9966965318396,54.79638599857656,,,,,,
2025-08-25,506.63,508.19,504.12,504.26,506.10560000000004,,440.65469999999965,,,,0,0,0,0,0,0,0,0,0,440.65469999999965,444.6335999999999,506.10560000000004,518.8594999999991,514.0790000000003,506.2440000000005,506.10560000000004,,440.65469999999965,,,,0,0,0,0,0,0,0,0,0,233.92588743946112,241.34828613963214,,,,,0,21638579,20336347.84,42.6451301614485,53.15925446846504,,,,,,
2025-08-26,504.355,504.9778,498.51,502.04,506.6472000000001,,441.1075999999996,,,,0,0,0,0,0,0,0,0,0,441.1075999999996,445.12386666666646,506.6472000000001,518.3329999999992,511.3590000000002,504.6980000000005,506.6472000000001,,441.1075999999996,,,,0,0,0,0,0,0,0,0,0,233.89462535582228,240.67068061383125,,,,,0,30835709,20616772.9,40.92353528052266,51.59670959863292,,,40.92353528052266,,,
2025-08-27,502,507.29,499.9,506.74,507.1992000000001,,441.54039999999964,,,,0,0,0,0,0,0,0,0,0,441.54039999999964,445.52746666666656,507.1992000000001,518.0079999999991,509.9750000000002,504.9020000000005,507.1992000000001,,441.54039999999964,,,,0,0,0,0,0,0,0,0,0,235.11162319535416,240.16531175760605,,,,,0,17277893,20649808.68,45.90280689233287,50.66867341918775,,,,,,
2025-08-28,507.09,511.09,505.5,509.64,507.8312,,441.9614499999996,,,,0,0,0,0,0,0,0,0,0,441.9614499999996,445.94699999999983,507.8312,516.8149999999991,508.69100000000014,505.9820000000004,507.8312,,441.9614499999996,,,,0,0,0,0,0,0,0,0,0,235.89311584979194,239.77693031144113,,,,,0,18015593,20701837.98,48.77189842750325,49.88914918871831,,,,,48.77189842750325,
2025-08-29,508.66,509.6,504.4915,506.69,508.3602,,442.38219999999967,,,,0,0,0,0,0,0,0,0,0,442.38219999999967,446.3645333333332,508.3602,515.9439999999993,507.34300000000013,505.8740000000004,508.3602,,442.38219999999967,,,,0,0,0,0,0,0,0,0,0,233.7903827372209,239.23269871378474,,,,,0,20961569,20770540.32,46.093832913924125,48.93809436657953,,,,,,
2025-09-02,500.465,506,496.81,505.12,508.9146,,442.81774999999965,,,,0,0,0,0,0,0,0,0,0,442.81774999999965,446.8349333333332,508.9146,514.4179999999992,506.14500000000015,506.04600000000045,508.9146,,442.81774999999965,,,,0,0,0,0,0,0,0,0,0,234.56677373166673,238.8085237154104,,,,,0,18127995,20381576.1,44.68746303588715,47.534771608998675,,,,,,
2025-09-03,503.79,507.79,502.32,505.35,509.3016,,443.2293499999996,,,,0,0,0,0,0,0,0,0,0,443.2293499999996,447.22259999999983,509.3016,513.2979999999992,505.70300000000015,506.7080000000004,509.3016,,443.2293499999996,,,,0,0,0,0,0,0,0,0,0,236.30939298857618,238.5813300129709,,,,,0,16345078,20211198.62,44.95243972874715,46.75493590934899,,,,,,
2025-09-04,504.3,508.15,503.15,507.97,509.6588,,443.64319999999964,,,,0,0,0,0,0,0,0,0,0,443.64319999999964,447.6601999999999,509.6588,512.4494999999991,505.92800000000017,506.95400000000046,509.6588,,443.64319999999964,,,,0,0,0,0,0,0,0,0,0,236.32850361414768,238.37652761307788,,,,,0,15509486,20075275.5,48.00791962875957,46.09831944425439,,,,,,
2025-09-05,509.07,511.97,492.37,495,509.7134,,443.98374999999965,,,,0,0,0,0,0,0,0,0,0,443.98374999999965,448.19359999999983,509.7134,511.15749999999923,505.0040000000002,504.0260000000004,509.7134,,443.98374999999965,,,,0,0,0,0,0,0,0,0,0,228.3881029022976,237.46848900300694,,,,,0,31994846,20365270.44,37.045621501930334,44.81383294752546,,,37.045621501930334,,,
2025-09-08,498.105,501.195,495.03,498.2,509.7284,,444.39974999999964,,,,0,0,0,0,0,0,0,0,0,444.39974999999964,448.74786666666654,509.7284,509.9654999999992,504.1010000000002,502.32800000000043,509.7284,,444.39974999999964,,,,0,0,0,0,0,0,0,0,0,230.59441395600714,236.84357308964331,,,,,0,16771015,20269113.68,40.64666630449692,43.989177634437816,,,,,,
2025-09-09,501.43,502.25,497.7,498.41,509.77780000000007,,444.8129999999996,,,,0,0,0,0,0,0,0,0,0,444.8129999999996,449.33113333333324,509.77780000000007,508.7974999999992,503.5160000000002,500.98600000000033,509.77780000000007,,444.8129999999996,,,,0,0,0,0,0,0,0,0,0,230.20680014041227,236.24023009425866,,,,,0,14410542,19866539.8,40.88563971290978,43.61788609566827,,,,,,
2025-09-10,502.98,503.2299,496.72,500.37,509.83700000000005,,445.2258999999995,,,,0,0,0,0,0,0,0,0,0,445.2258999999995,449.9177999999999,509.83700000000005,507.3539999999992,503.34900000000016,499.99000000000035,509.83700000000005,,445.2258999999995,,,,0,0,0,0,0,0,0,0,0,230.49248996563597,235.71770826438387,,,,,0,21611816,19731396.3,43.18490792786585,43.62512874959606,,,,,,
2025-09-11,502.25,503.17,497.88,501.01,510.0162000000001,,445.65349999999955,,,,0,0,0,0,0,0,0,0,0,445.65349999999955,450.5025999999999,510.0162000000001,506.3754999999992,502.7760000000002,498.5980000000003,510.0162000000001,,445.65349999999955,,,,0,0,0,0,0,0,0,0,0,230.10151514919556,235.20714525391222,,,,,0,18881608,19710120.96,43.951508529357135,43.764004755537506,,,,,,
2025-09-12,506.65,512.55,503.85,509.9,510.39240000000007,,446.13864999999964,,,,0,0,0,0,0,0,0,0,0,446.13864999999964,451.12979999999993,510.39240000000007,505.7464999999992,502.80200000000013,501.5780000000003,510.39240000000007,,446.13864999999964,,,,0,0,0,0,0,0,0,0,0,232.2132287308652,234.9349710245443,,,,,0,23624884,19856225.82,53.36451593221087,44.36170614127832,,,,,,
2025-09-15,508.79,515.47,507,515.36,510.7228000000001,,446.63044999999954,,,,0,0,0,0,0,0,0,0,0,446.63044999999954,451.8338666666666,510.7228000000001,505.50599999999923,503.66900000000015,505.0100000000004,510.7228000000001,,446.63044999999954,,,,0,0,0,0,0,0,0,0,0,234.81382930252053,234.92395814072395,,,,,0,17143786,19919404.96,58.02692934577783,45.46040608301613,,,,,,
2025-09-16,516.88,517.23,508.6,509.04,510.94920000000013,,447.0816999999996,,,,0,0,0,0,0,0,0,0,0,447.0816999999996,452.4793333333332,510.94920000000013,505.10299999999927,504.06100000000026,507.1360000000003,510.94920000000013,,447.0816999999996,,,,0,0,0,0,0,0,0,0,0,230.84702257950897,234.55332763515895,,,,,0,19711922,20034011.3,51.59671484451194,46.22277605187251,,,,,,
2025-09-17,510.62,511.29,505.93,510.02,511.21720000000016,,447.4918499999996,,,,0,0,0,0,0,0,0,0,0,447.4918499999996,453.1365333333332,511.21720000000016,505.11549999999926,504.52800000000013,509.0660000000004,511.21720000000016,,447.4918499999996,,,,0,0,0,0,0,0,0,0,0,231.58971781975154,234.283908561031,,,,,0,15816585,20113411.28,52.47614472309728,46.69230018264138,,,,,,
2025-09-18,511.49,513.07,507.66,508.45,511.31600000000014,,447.91914999999955,,,,0,0,0,0,0,0,0,0,0,447.91914999999955,453.79926666666654,511.31600000000014,505.2519999999993,504.5760000000002,510.55400000000037,511.31600000000014,,447.91914999999955,,,,0,0,0,0,0,0,0,0,0,231.10103085286255,233.9945560421066,,,,,0,18913696,20118494.44,50.881213005781866,46.84296550966129,,,,,,
2025-09-19,510.56,519.3,510.31,517.93,511.64500000000015,,448.3915,,,,0,0,0,0,0,0,0,0,0,448.3915,454.5151999999999,511.64500000000015,505.9364999999992,506.86900000000026,512.16,511.64500000000015,,448.3915,,,,0,0,0,0,0,0,0,0,0,234.28855766403544,234.02128346228196,,,,,1,52474093,20838001.5,58.98699832905902,47.76390589645664,,,,,58.98699832905902,
2025-09-22,515.59,517.74,512.545,514.45,511.8676000000001,,448.80885,,,,0,0,0,0,0,0,0,0,0,448.80885,455.2219999999999,511.8676000000001,506.2974999999992,508.49400000000014,511.9779999999999,511.8676000000001,,448.80885,,,,0,0,0,0,0,0,0,0,0,231.5822800954929,233.79955588348295,,,,,0,20009314,20908997.54,55.374459260092145,48.52726276961414,,,,,,
2025-09-23,513.8,514.5899,507.31,509.23,511.9918000000001,,449.199,,,,0,0,0,0,0,0,0,0,0,449.199,455.88593333333324,511.9918000000001,506.5459999999992,509.57600000000014,512.0159999999998,511.9918000000001,,449.199,,,,0,0,0,0,0,0,0,0,0,228.22667148709095,233.2929300292655,,,,,0,19799580,21063812.18,50.3893889281216,48.91561628385518,,,,,,
2025-09-24,510.38,512.48,506.92,510.15,512.0784000000001,,449.5626500000001,,,,0,0,0,0,0,0,0,0,0,449.5626500000001,456.5217999999999,512.0784000000001,506.9514999999992,510.5540000000002,512.0419999999999,512.0784000000001,,449.5626500000001,,,,0,0,0,0,0,0,0,0,0,229.90327373128451,232.98477945672178,,,,,0,13533711,21035942.36,51.22284037786638,49.14525348021995,,,,,,
2025-09-25,508.3,510.01,505.04,507.03,512.1066000000001,,449.88470000000007,,,,0,0,0,0,0,0,0,0,0,449.88470000000007,457.12779999999987,512.1066000000001,506.96599999999916,511.1560000000001,511.7579999999999,512.1066000000001,,449.88470000000007,,,,0,0,0,0,0,0,0,0,0,229.1495304294379,232.63612045424142,,,,,0,15786468,21048584.24,48.26169486501616,49.946401577583224,,,48.26169486501616,,,
2025-09-26,510.06,513.94,506.62,511.46,512.1018,,450.22415000000007,,,,0,0,0,0,0,0,0,0,0,450.22415000000007,457.8161333333332,512.1018,507.05699999999916,511.3120000000002,510.46399999999994,512.1018,,450.22415000000007,,,,0,0,0,0,0,0,0,0,0,232.31532553185366,232.6069572794789,,,,,0,16213129,21022784.24,52.46368848342839,50.79047459036405,,,,,,
2025-09-29,511.5,516.845,508.88,514.6,512.1928,,450.56705,,,,0,0,0,0,0,0,0,0,0,450.56705,458.5534666666667,512.1928,507.45249999999925,511.23600000000016,510.49399999999997,512.1928,,450.56705,,,,0,0,0,0,0,0,0,0,0,232.3701666689244,232.5854308603376,,,,,0,17617775,20950946.42,55.23865004574295,51.81568961413785,,,,,,
2025-09-30,513.24,518.16,509.66,517.95,512.3506000000001,,450.94015,,,,0,0,0,0,0,0,0,0,0,450.94015,459.35380000000004,512.3506000000001,508.09399999999914,512.1270000000002,512.2379999999999,512.3506000000001,,450.94015,,,,0,0,0,0,0,0,0,0,0,233.26878039992798,232.6475535457549,,,,,1,19728229,21064174.9,58.052114348026315,52.877632929863594,,,,,,
2025-10-01,514.8,520.505,511.69,519.71,512.6394000000001,,451.29375,,,,0,0,0,0,0,0,0,0,0,451.29375,460.1536666666667,512.6394000000001,508.81199999999916,513.0960000000002,514.1499999999999,512.6394000000001,,451.29375,,,,0,0,0,0,0,0,0,0,0,233.10712315372575,232.68933260102497,,,,,0,22632336,21239448.74,59.49265191760403,53.98771460045266,,,,,,
2025-10-02,517.64,521.6,510.6791,515.74,512.8368000000002,,451.62465000000003,,,,0,0,0,0,0,0,0,0,0,451.62465000000003,460.97506666666675,512.8368000000002,509.2004999999992,513.8250000000003,515.8919999999999,512.8368000000002,,451.62465000000003,,,,0,0,0,0,0,0,0,0,0,230.5433164610151,232.49424022466044,,,,,0,21222886,21335974.76,54.91183443150681,54.09823735040237,,,,,,
2025-10-03,517.1,520.49,515,517.35,512.9662000000001,,451.97504999999995,,,,0,0,0,0,0,0,0,0,0,451.97504999999995,461.7774666666667,512.9662000000001,510.3179999999992,513.7670000000003,517.0699999999999,512.9662000000001,,451.97504999999995,,,,0,0,0,0,0,0,0,0,0,231.11940387410357,232.36925510188254,,,,,0,15112321,21316081.18,56.37872615014764,53.9805085507145,,,,,,
2025-10-06,518.61,531.03,518.2,528.57,513.2634000000002,,452.35994999999997,,,,0,0,0,0,0,0,0,0,0,452.35994999999997,462.7113333333334,513.2634000000002,511.83649999999915,515.1790000000003,519.8639999999999,513.2634000000002,,452.35994999999997,,,,0,0,0,0,0,0,0,0,0,236.1170258704127,232.70996153538528,,,,,1,21388581,21361338.82,64.93937698750995,54.93355584664293,,,,,64.93937698750995,
2025-10-07,528.285,529.8,521.44,523.98,513.493,,452.70754999999997,,,,0,0,0,0,0,0,0,0,0,452.70754999999997,463.6138,513.493,513.1149999999991,516.6540000000003,521.0699999999999,513.493,,452.70754999999997,,,,0,0,0,0,0,0,0,0,0,233.21548479368101,232.75591819523035,,,,,0,14615208,21367482.44,59.771555426880994,55.45465661119891,,,,,,
2025-10-08,523.28,526.95,523.09,524.85,513.7386000000001,,453.14485,,,,0,0,0,0,0,0,0,0,0,453.14485,464.43933333333337,513.7386000000001,514.3389999999991,518.1240000000004,522.098,513.7386000000001,,453.14485,,,,0,0,0,0,0,0,0,0,0,234.4971688474931,232.9142137090724,,,,,0,13363447,21305366.68,60.41457756626412,56.13561122266193,,,,,,
2025-10-09,522.335,524.325,517.4,522.4,513.9218000000002,,453.57169999999996,,,,0,0,0,0,0,0,0,0,0,453.57169999999996,465.2760666666668,513.9218000000002,515.4084999999992,519.6610000000003,523.4300000000001,513.9218000000002,,453.57169999999996,,,,0,0,0,0,0,0,0,0,0,232.0502360924588,232.83567028938026,,,,,0,18343602,21144630.04,57.621341965156056,56.038064339525995,,,,,,
2025-10-10,519.64,523.58,509.63,510.96,513.4710000000002,,453.9435,,,,0,0,0,0,0,0,0,0,0,453.9435,466.0604000000001,513.4710000000002,515.4614999999992,519.6110000000003,522.1519999999999,513.4710000000002,,453.9435,,,,0,0,0,0,0,0,0,0,0,227.5950539856751,232.35925062540707,,,,,0,24133840,20594960.32,46.751849918188576,55.42216367224717,,,46.751849918188576,,,
2025-10-13,516.41,516.41,511.68,514.05,513.2698000000001,,454.33750000000015,,,,0,0,0,0,0,0,0,0,0,454.33750000000015,466.9530000000001,513.2698000000001,515.395999999999,519.5559999999999,519.2479999999999,513.2698000000001,,454.33750000000015,,,,0,0,0,0,0,0,0,0,0,235.35220037481758,232.63133696626258,,,,,1,14284238,20301092.52,49.521648462800705,55.36018221043854,,,,,,
2025-10-14,510.225,515.282,506,513.57,512.8284000000001,,454.7087000000002,,,,0,0,0,0,0,0,0,0,0,454.7087000000002,467.8404666666668,512.8284000000001,515.6224999999991,519.1179999999999,517.1659999999999,512.8284000000001,,454.7087000000002,,,,0,0,0,0,0,0,0,0,0,231.52173423034216,232.53046399026982,,,,,0,14684300,20087798.44,49.09443652535712,55.20815336383073,,,,,,
2025-10-15,514.955,517.19,510,513.43,512.5420000000001,,455.08530000000013,,,,0,0,0,0,0,0,0,0,0,455.08530000000013,468.7082000000001,512.5420000000001,515.7929999999992,518.49,514.882,512.5420000000001,,455.08530000000013,,,,0,0,0,0,0,0,0,0,0,231.82126032840176,232.4659909301,,,,,0,14694654,19998260.14,48.96176527083504,55.2581583928178,,,,,,
2025-10-16,512.58,516.85,508.13,511.61,512.2754000000001,,455.4907000000001,,,,0,0,0,0,0,0,0,0,0,455.4907000000001,469.59380000000016,512.2754000000001,515.9509999999992,518.077,512.7239999999999,512.2754000000001,,455.4907000000001,,,,0,0,0,0,0,0,0,0,0,230.0725370892526,232.24840421729567,,,,,0,15559565,19882337.4,47.17691365291215,54.88053161920949,,,,,,
2025-10-17,509.04,515.48,507.31,513.58,512.1302000000001,,455.93445000000014,,,,0,0,0,0,0,0,0,0,0,455.93445000000014,470.42726666666675,512.1302000000001,515.7335,517.7,513.2479999999999,512.1302000000001,,455.93445000000014,,,,0,0,0,0,0,0,0,0,0,232.42139180700795,232.26413036181498,,,,,1,19867765,19958109.82,49.33006671491673,54.4584899527219,,,,,,
2025-10-20,514.61,518.7,513.43,516.79,512.0252,,456.4109000000002,,,,0,0,0,0,0,0,0,0,0,456.4109000000002,471.2812000000001,512.0252,515.8505,516.522,513.796,512.0252,,456.4109000000002,,,,0,0,0,0,0,0,0,0,0,232.6485594237695,232.2990784583563,,,,,0,14665620,19940802.04,52.712439932459915,54.0770846373243,,,,,,
2025-10-21,517.5,518.69,513.04,517.66,511.94300000000004,,456.9063000000001,,,,0,0,0,0,0,0,0,0,0,456.9063000000001,472.1754666666668,511.94300000000004,516.272,515.89,514.614,511.94300000000004,,456.9063000000001,,,,0,0,0,0,0,0,0,0,0,230.57872590621722,232.1426827717982,,,,,0,15586204,19848638.68,53.616165861556524,53.657335633320905,,,,,,
2025-10-22,521.15,525.23,517.71,520.54,511.76900000000006,,457.3922500000001,,,,0,0,0,0,0,0,0,0,0,457.3922500000001,473.0602666666668,511.76900000000006,516.7915,515.4590000000001,516.0360000000001,511.76900000000006,,457.3922500000001,,,,0,0,0,0,0,0,0,0,0,231.85466509485786,232.11649934662182,,,,,0,18962694,19854114.14,56.57478927688123,53.77611812227622,,,,,,
2025-10-23,522.46,523.95,518.61,520.56,511.7686000000001,,457.8558000000001,,,,0,0,0,0,0,0,0,0,0,457.8558000000001,473.9517333333335,511.7686000000001,517.4680000000001,515.2749999999999,517.826,511.7686000000001,,457.8558000000001,,,,0,0,0,0,0,0,0,0,0,233.107094505337,232.20655345195956,,,,,1,14023532,19742201.58,56.59549450639597,53.791601576293964,,,,,,
2025-10-24,522.79,525.345,520.71,523.61,511.7912000000001,,458.362,,,,0,0,0,0,0,0,0,0,0,458.362,474.8340666666668,511.7912000000001,518.0755,516.54,519.832,511.7912000000001,,458.362,,,,0,0,0,0,0,0,0,0,0,233.11513215986514,232.2891515163146,,,,,0,15532360,19647467.3,59.74749013540892,53.42075251542961,,,,,,
2025-10-27,531.78,534.58,529.01,531.52,512.0182000000001,,458.8968000000001,,,,0,0,0,0,0,0,0,0,0,458.8968000000001,475.7570000000001,512.0182000000001,518.9215,518.2869999999999,522.778,512.0182000000001,,458.8968000000001,,,,0,0,0,0,0,0,0,0,0,234.78137957029776,232.51571770304034,,,,,0,18734716,19517896.18,66.53490225056527,53.903848717121306,,,,,,
2025-10-28,550,553.72,540.77,542.07,512.5176000000001,,459.5124000000001,,,,0,0,0,0,0,0,0,0,0,459.5124000000001,476.7364000000001,512.5176000000001,520.1274999999999,521.137,527.6600000000001,512.5176000000001,,459.5124000000001,,,,0,0,0,0,0,0,0,0,0,236.53447561144128,232.88105933107678,,,,,0,29986683,19642418.18,73.05978813407354,54.80707804339341,,,,,73.05978813407354,
2025-10-29,544.94,546.27,536.7287,541.55,513.1532000000002,,460.13420000000013,,,,0,0,0,0,0,0,0,0,0,460.13420000000013,477.74693333333346,513.1532000000002,521.2195,523.9489999999998,531.8620000000001,513.1532000000002,,460.13420000000013,,,,0,0,0,0,0,0,0,0,0,235.76814572304264,233.1435217303464,,,,,0,36023004,19933257.94,72.31140636713019,55.85636835782013,,,,,,
2025-10-30,530.48,534.97,522.12,525.76,513.5540000000002,,460.6846500000001,,,,0,0,0,0,0,0,0,0,0,460.6846500000001,478.6481333333334,513.5540000000002,521.7205000000001,525.3639999999999,532.902,513.5540000000002,,460.6846500000001,,,,0,0,0,0,0,0,0,0,0,228.9031434127652,232.75803279238448,,,,,0,41023088,20199259.2,54.1669912794042,56.386021312192675,,,,,,
2025-10-31,528.875,529.32,515.1,517.81,513.8254000000002,,461.14215000000013,,,,0,0,0,0,0,0,0,0,0,461.14215000000013,479.57486666666676,513.8254000000002,521.7435,525.7869999999999,531.7420000000001,513.8254000000002,,461.14215000000013,,,,0,0,0,0,0,0,0,0,0,227.69720111105408,232.29795718499082,,,,,0,34006424,20510522.6,47.68001605136329,56.254476139947144,,,,,,
2025-11-03,519.805,524.96,514.59,517.03,514.0214000000001,,461.6044000000001,,,,0,0,0,0,0,0,0,0,0,461.6044000000001,480.5191333333334,514.0214000000001,521.1665,525.8109999999999,528.844,514.0214000000001,,461.6044000000001,,,,0,0,0,0,0,0,0,0,0,226.76124493617868,231.7946197078261,,,,,0,22374742,20471534.22,47.08422346362031,56.11088949268022,,,,,,
2025-11-04,511.76,515.55,507.84,514.33,514.2228000000001,,462.0309000000001,,,,0,0,0,0,0,0,0,0,0,462.0309000000001,481.4000666666668,514.2228000000001,520.6840000000001,525.478,523.296,514.2228000000001,,462.0309000000001,,,,0,0,0,0,0,0,0,0,0,225.18892349364714,231.19410187017345,,,,,0,20958663,20457935.9,44.98859182103743,55.82709138912326,,,,,,
2025-11-05,513.3,514.83,506.575,507.16,514.3252000000001,,462.42420000000016,,,,0,0,0,0,0,0,0,0,0,462.42420000000016,482.2335333333334,514.3252000000001,519.7995000000001,524.14,516.418,514.3252000000001,,462.42420000000016,,,,0,0,0,0,0,0,0,0,0,224.6874418522227,230.60258732308702,,,,,0,23024342,20301708.56,39.9087754616033,55.30793866117263,,,,,,
2025-11-06,505.66,505.7,495.81,497.1,514.1324000000001,,462.67870000000016,,,,0,0,0,0,0,0,0,0,0,462.67870000000016,483.06013333333345,514.1324000000001,518.5345000000001,521.7940000000001,510.68600000000004,514.1324000000001,,462.67870000000016,,,,0,0,0,0,0,0,0,0,0,219.42821829524888,229.58673559328355,,,,,0,27406496,20504280.62,34.09223681837882,54.21952223999135,,,,,,
2025-11-07,496.945,499.377,493.25,496.82,513.8760000000001,,462.9292500000001,,,,0,0,0,0,0,0,0,0,0,462.9292500000001,483.9733333333334,513.8760000000001,517.8275000000001,519.115,506.488,513.8760000000001,,462.9292500000001,,,,0,0,0,0,0,0,0,0,0,221.78441173100646,228.87743342398562,,,,,0,24019764,20624364.04,33.943949734383025,52.878915797271574,,,33.943949734383025,,,
2025-11-10,500.035,506.85,498.8,506,513.8622000000001,,463.23895000000005,,,,0,0,0,0,0,0,0,0,0,463.23895000000005,484.9609333333334,513.8622000000001,517.4250000000002,516.563,504.282,513.8622000000001,,463.23895000000005,,,,0,0,0,0,0,0,0,0,0,225.59709666345162,228.5792209912098,,,,,0,26101480,20727162.26,42.73790750648727,52.10189734333806,,,,,,
2025-11-11,504.8,509.6,502.3488,508.68,513.9334000000001,,463.60955000000007,,,,0,0,0,0,0,0,0,0,0,463.60955000000007,485.98840000000007,513.9334000000001,517.1805000000002,513.2239999999999,503.15200000000004,513.9334000000001,,463.60955000000007,,,,0,0,0,0,0,0,0,0,0,223.35277983496331,228.10408997700557,,,,,0,17980020,20724202.76,45.038334497963646,51.27786485912966,,,,,,
2025-11-12,509.355,511.67,499.1201,511.14,514.0492000000002,,463.92925,,,,0,0,0,0,0,0,0,0,0,463.92925,486.79273333333344,514.0492000000002,517.0660000000001,510.183,503.94800000000004,514.0492000000002,,463.92925,,,,0,0,0,0,0,0,0,0,0,223.96744671093182,227.7280314982716,,,,,0,26574851,20928798.22,47.1376267076085,50.602302873501976,,,,,,
2025-11-13,510.31,513.5,501.29,503.29,513.9556000000001,,464.2340500000001,,,,0,0,0,0,0,0,0,0,0,464.2340500000001,487.6056666666668,513.9556000000001,516.6500000000002,507.936,505.18600000000004,513.9556000000001,,464.2340500000001,,,,0,0,0,0,0,0,0,0,0,220.38905666821879,227.0608519682668,,,,,0,25273114,21124070.78,41.66825370856669,49.31092884301325,,,,,,
2025-11-14,498.23,511.6,497.44,510.18,514.2592000000001,,464.7100000000001,,,,0,0,0,0,0,0,0,0,0,464.7100000000001,488.4172000000001,514.2592000000001,516.4800000000001,507.17299999999994,507.858,514.2592000000001,,464.7100000000001,,,,0,0,0,0,0,0,0,0,0,227.16802127798528,227.07059463278665,,,,,1,28505746,21054288.78,47.433443470208395,47.946538930130615,,,,,47.433443470208395,
2025-11-17,508.45,512.12,504.91,507.49,514.4450000000002,,465.1721500000001,,,,0,0,0,0,0,0,0,0,0,465.1721500000001,489.2150666666667,514.4450000000002,516.0150000000001,506.21900000000005,508.15600000000006,514.4450000000002,,465.1721500000001,,,,0,0,0,0,0,0,0,0,0,226.08366374125717,226.9808736426476,,,,,0,19092752,21100723.52,45.54097482560388,45.98090940809708,,,,,,
2025-11-18,495.365,502.98,486.78,493.79,514.3526,,465.5865000000001,,,,0,0,0,0,0,0,0,0,0,465.5865000000001,489.93546666666674,514.3526,514.8215000000002,504.1650000000001,505.17800000000005,514.3526,,465.5865000000001,,,,0,0,0,0,0,0,0,0,0,222.01390200257177,226.52933076627707,,,,,0,33815114,21488814.96,37.36465322388462,43.4847127550081,,,,,,
2025-11-19,490.1,495.1872,482.83,487.12,514.0876000000001,,465.9602500000001,,,,0,0,0,0,0,0,0,0,0,465.9602500000001,490.70553333333345,514.0876000000001,513.1505000000002,502.16099999999994,500.3740000000001,514.0876000000001,,465.9602500000001,,,,0,0,0,0,0,0,0,0,0,220.83831394233022,226.01196560046372,,,,,0,23245314,21521484.92,34.14998531974253,42.054926615032265,,,,,,
2025-11-20,492.71,493.57,475.5,478.43,513.6360000000001,,466.28595000000007,,,,0,0,0,0,0,0,0,0,0,466.28595000000007,491.44320000000005,513.6360000000001,511.0440000000002,500.294,495.40200000000004,513.6360000000001,,466.28595000000007,,,,0,0,0,0,0,0,0,0,0,216.08816422393355,225.10980183896098,,,,,0,26802542,21679903.6,30.471661803791903,40.82575845449145,,,,,,
2025-11-21,478.5,478.92,468.27,472.12,512.8804000000001,,466.5674500000001,,,,0,0,0,0,0,0,0,0,0,466.5674500000001,492.1965333333334,512.8804000000001,508.46950000000027,497.82399999999996,487.7900000000001,512.8804000000001,,466.5674500000001,,,,0,0,0,0,0,0,0,0,0,216.60954583201425,224.33705129287492,,,,,0,31769248,21842790.88,28.104492020459617,39.47006335140854,,,28.104492020459617,,,
2025-11-24,475,476.9,468.02,474,512.0532000000002,,466.8887000000001,,,,0,0,0,0,0,0,0,0,0,466.8887000000001,492.9110666666668,512.0532000000002,505.5935000000001,494.6240000000001,481.0920000000001,512.0532000000002,,466.8887000000001,,,,0,0,0,0,0,0,0,0,0,215.3573083668283,223.52071102687069,,,,,0,34421046,22188336.08,29.852952571168245,38.388946262132166,,,,,,
2025-11-25,474.07,479.15,464.89,476.99,511.4122000000001,,467.21255000000014,,,,0,0,0,0,0,0,0,0,0,467.21255000000014,493.59506666666675,511.4122000000001,502.33950000000016,491.45500000000004,477.7320000000001,511.4122000000001,,467.21255000000014,,,,0,0,0,0,0,0,0,0,0,213.41484330607554,222.60199577952568,,,,,0,28019793,22354493.5,32.65798701274704,37.871032801499574,,,,,,
2025-11-26,486.31,488.31,481.2,485.5,510.9218000000001,,467.5828500000001,,,,0,0,0,0,0,0,0,0,0,467.5828500000001,494.2497333333334,510.9218000000001,499.53700000000015,488.89099999999996,477.4080000000001,510.9218000000001,,467.5828500000001,,,,0,0,0,0,0,0,0,0,0,215.2710138651382,221.93554287821772,,,,,0,25709079,22552343.38,40.01067041124,38.293778058132524,,,,,,
2025-11-28,487.595,492.63,486.65,492.01,510.593,,467.9977000000001,,,,0,0,0,0,0,0,0,0,0,467.9977000000001,494.9174666666667,510.593,497.84950000000015,487.76300000000003,480.1240000000001,510.593,,467.9977000000001,,,,0,0,0,0,0,0,0,0,0,216.66177377212813,221.45610932311865,,,,,0,14386730,22461804.06,44.961337837720606,39.08073435122806,,,,,44.961337837720606,
2025-12-01,488.435,489.8599,484.6475,486.74,509.96920000000006,,468.3787000000001,,,,0,0,0,0,0,0,0,0,0,468.3787000000001,495.5546666666667,509.96920000000006,496.29600000000016,485.419,483.0480000000001,509.96920000000006,,468.3787000000001,,,,0,0,0,0,0,0,0,0,0,213.199437004678,220.70550274871496,,,,,0,23963993,21891602.06,41.94367617327816,39.02400354171313,,,,,,
2025-12-02,486.715,493.4999,486.32,490,509.4802,,468.78655000000015,,,,0,0,0,0,0,0,0,0,0,468.78655000000015,496.19440000000003,509.4802,494.9445000000002,483.66999999999996,486.24800000000016,509.4802,,468.78655000000015,,,,0,0,0,0,0,0,0,0,0,215.776015688531,220.25736756142553,,,,,0,19562722,21882670.22,44.428387760839094,38.9804359176328,,,,,,
2025-12-03,476.32,484.24,475.2,477.73,508.8502000000001,,469.1270000000002,,,,0,0,0,0,0,0,0,0,0,469.1270000000002,496.74420000000015,508.8502000000001,493.11450000000013,482.06399999999996,486.3960000000001,508.8502000000001,,469.1270000000002,,,,0,0,0,0,0,0,0,0,0,209.85653163244686,219.31183702242745,,,,,0,34615102,22178980.66,37.86051647627881,38.31778518682354,,,,,,
2025-12-04,479.76,481.322,476.49,480.84,508.26400000000007,,469.45735000000013,,,,0,0,0,0,0,0,0,0,0,469.45735000000013,497.1138,508.26400000000007,491.79850000000016,481.436,485.4640000000001,508.26400000000007,,469.45735000000013,,,,0,0,0,0,0,0,0,0,0,210.59577704749546,218.51946793379727,,,,,0,22318155,22354669.54,40.27071013988277,38.21796064620326,,,,,,
2025-12-05,482.515,483.4,478.8801,483.16,507.78660000000013,,469.79250000000013,,,,0,0,0,0,0,0,0,0,0,469.79250000000013,497.43300000000005,507.78660000000013,491.1015000000001,481.909,483.69400000000013,507.78660000000013,,469.79250000000013,,,,0,0,0,0,0,0,0,0,0,211.38289634293065,217.87068869826393,,,,,0,22608710,22491114.38,42.07562990193549,37.8352596770409,,,,,,
2025-12-08,484.885,492.3,484.38,491.02,507.37780000000015,,470.2065500000001,,,,0,0,0,0,0,0,0,0,0,470.2065500000001,497.7986666666668,507.37780000000015,490.81150000000014,483.799,484.5500000000002,507.37780000000015,,470.2065500000001,,,,0,0,0,0,0,0,0,0,0,214.4070423949732,217.55581176160115,,,,,0,21965900,22606169.8,47.82776687855172,37.99860196653719,,,,,,
2025-12-09,489.1,492.12,488.5001,492.02,506.9262000000001,,470.6466500000001,,,,0,0,0,0,0,0,0,0,0,470.6466500000001,498.1900666666667,506.9262000000001,490.1125000000002,485.601,484.95400000000006,506.9262000000001,,470.6466500000001,,,,0,0,0,0,0,0,0,0,0,215.59336887460745,217.37740786278354,,,,,0,14696078,22547735.86,48.528092953086585,38.795990518623036,,,,,48.528092953086585,
2025-12-10,484.03,484.25,475.08,478.56,506.1384000000001,,471.0499500000001,,,,0,0,0,0,0,0,0,0,0,471.0499500000001,498.4914666666668,506.1384000000001,488.60650000000015,485.7579999999999,485.1200000000002,506.1384000000001,,471.0499500000001,,,,0,0,0,0,0,0,0,0,0,209.87939478108325,216.6957703099017,,,,,0,35756229,22868295.86,40.62367611880377,39.258397004270265,,,,,,
2025-12-11,476.63,486.03,475.86,483.47,505.4136000000001,,471.46865,,,,0,0,0,0,0,0,0,0,0,471.46865,498.7934666666668,505.4136000000001,487.2230000000001,485.55499999999995,485.6460000000001,505.4136000000001,,471.46865,,,,0,0,0,0,0,0,0,0,0,210.61061264555252,216.14257415859723,,,,,0,24669180,22909032.74,44.19454867069282,40.238603209048904,,,,,,
2025-12-12,479.82,482.45,476.34,478.53,504.6694000000001,,471.89865000000003,,,,0,0,0,0,0,0,0,0,0,471.89865000000003,499.05880000000013,504.6694000000001,485.9850000000001,484.2069999999999,484.72000000000014,504.6694000000001,,471.89865000000003,,,,0,0,0,0,0,0,0,0,0,208.02607154604905,215.40471028472922,,,,,0,21248102,22909537.06,41.49093633091822,41.19477780265309,,,,,,
2025-12-15,480.1,480.7205,472.52,474.82,503.81880000000007,,472.28780000000006,,,,0,0,0,0,0,0,0,0,0,472.28780000000006,499.2292000000001,503.81880000000007,484.2170000000001,483.015,481.48000000000013,503.81880000000007,,472.28780000000006,,,,0,0,0,0,0,0,0,0,0,208.63810927114488,214.78956473803973,,,,,0,23727694,23081844.52,39.53485241168902,41.88634207697601,,,39.53485241168902,,,
2025-12-16,471.905,477.89,470.88,476.39,502.77520000000004,,472.7273000000001,,,,0,0,0,0,0,0,0,0,0,472.7273000000001,499.4108666666668,502.77520000000004,482.6620000000001,481.654,478.35400000000016,502.77520000000004,,472.7273000000001,,,,0,0,0,0,0,0,0,0,0,209.6627017891827,214.32348628814364,,,,,0,20705560,23068184.1,40.806648839976866,42.46838935034957,,,,,,
2025-12-17,476.905,480,475,476.12,501.81800000000004,,473.16485000000006,,,,0,0,0,0,0,0,0,0,0,473.16485000000006,499.5654000000002,501.81800000000004,481.77850000000007,481.49299999999994,477.86600000000016,501.81800000000004,,473.16485000000006,,,,0,0,0,0,0,0,0,0,0,210.0452189257748,213.93455289156466,,,,,0,24527176,23266423.46,40.64830407508481,42.513934612052765,,,,,,
2025-12-18,478.19,489.6,477.89,483.98,501.00059999999996,,473.57965,,,,0,0,0,0,0,0,0,0,0,473.57965,499.7710666666668,501.00059999999996,481.6215000000001,481.80699999999996,477.96800000000013,501.00059999999996,,473.57965,,,,0,0,0,0,0,0,0,0,0,216.01685358153483,214.12385295428922,,,,,1,28573545,23570625.42,47.08542352930929,42.66565501859481,,,,,,
2025-12-19,487.36,487.85,482.49,485.92,500.27099999999996,,474.0248000000001,,,,0,0,0,0,0,0,0,0,0,474.0248000000001,499.98206666666675,500.27099999999996,481.9960000000001,482.08299999999997,479.4460000000001,500.27099999999996,,474.0248000000001,,,,0,0,0,0,0,0,0,0,0,215.1754677294365,214.21945429748442,,,,,0,70836105,24620475.48,48.5681281244273,43.13883015796261,,,,,,
2025-12-22,486.12,488.73,482.69,484.92,499.75019999999995,,474.48285000000004,,,,0,0,0,0,0,0,0,0,0,474.48285000000004,500.15573333333344,499.75019999999995,482.6360000000001,481.47299999999996,481.4660000000002,499.75019999999995,,474.48285000000004,,,,0,0,0,0,0,0,0,0,0,212.85567759993796,214.09547459770747,,,,,0,16963019,24477059.06,47.82423542226789,43.38139070520752,,,,,,
2025-12-23,484.98,487.83,484.74,486.85,499.20619999999997,,475.01630000000006,,,,0,0,0,0,0,0,0,0,0,475.01630000000006,500.34693333333337,499.20619999999997,483.27850000000007,480.95599999999996,483.55800000000016,499.20619999999997,,475.01630000000006,,,,0,0,0,0,0,0,0,0,0,212.33615566229753,213.9355365126702,,,,,0,14683582,24485045.94,49.433989793110804,44.208067370695524,,,,,,
2025-12-24,485.68,489.1625,484.83,488.02,498.6951999999999,,475.5541500000001,,,,0,0,0,0,0,0,0,0,0,475.5541500000001,500.5832666666667,498.6951999999999,483.83000000000004,481.90199999999993,485.9380000000002,498.6951999999999,,475.5541500000001,,,,0,0,0,0,0,0,0,0,0,211.88228858227035,213.7488776099066,,,,,0,5855880,24308477.54,50.43238401448661,44.93390121888151,,,,,50.43238401448661,
2025-12-26,486.705,488.12,485.96,487.71,498.1807999999999,,476.07635000000005,,,,0,0,0,0,0,0,0,0,0,476.07635000000005,500.80226666666675,498.1807999999999,483.94050000000004,482.3259999999999,486.6840000000002,498.1807999999999,,476.07635000000005,,,,0,0,0,0,0,0,0,0,0,211.06773763567435,213.50513761224911,,,,,0,8842175,24191427.96,50.149848198874075,45.510631097234274,,,,,,
2025-12-29,484.855,488.35,484.18,487.1,497.69059999999996,,476.61800000000005,,,,0,0,0,0,0,0,0,0,0,476.61800000000005,501.0484000000001,497.69059999999996,483.695,483.1829999999999,486.9200000000002,497.69059999999996,,476.61800000000005,,,,0,0,0,0,0,0,0,0,0,210.8673222750525,213.26533621795852,,,,,0,10893408,24098104.82,49.56146405296182,45.63446660969213,,,,,,
2025-12-30,485.93,489.68,485.5,487.48,497.1685999999999,,477.11260000000004,,,,0,0,0,0,0,0,0,0,0,477.11260000000004,501.2270000000001,497.1685999999999,483.7320000000001,484.4489999999999,487.43200000000013,497.1685999999999,,477.11260000000004,,,,0,0,0,0,0,0,0,0,0,211.77196328266527,213.12957504202276,,,,,0,13944512,23979639.76,49.95536525684184,45.73641463138894,,,,,,
2025-12-31,487.84,488.14,483.3,483.62,496.5051999999999,,477.5872,,,,0,0,0,0,0,0,0,0,0,477.5872,501.40206666666677,496.5051999999999,483.4130000000001,485.17199999999985,486.7860000000002,496.5051999999999,,477.5872,,,,0,0,0,0,0,0,0,0,0,210.38390429581295,212.87996861054916,,,,,0,15601554,23998358.44,46.02354800951377,46.12211976643965,,,,,,
2026-01-02,484.385,484.66,470.16,472.94,495.61079999999987,,478.03430000000003,,,,0,0,0,0,0,0,0,0,0,478.03430000000003,501.49713333333347,495.61079999999987,483.17350000000005,484.8539999999998,483.77000000000015,495.61079999999987,,478.03430000000003,,,,0,0,0,0,0,0,0,0,0,207.2634683565384,212.36937767836636,,,,,0,25571567,24198065.7,37.280521504150045,45.628260683115165,,,,,,
2026-01-05,474.055,476.07,469.5,472.85,494.6569999999999,,478.45945,,,,0,0,0,0,0,0,0,0,0,478.45945,501.58040000000005,494.6569999999999,482.77400000000006,483.7409999999999,480.7980000000001,494.6569999999999,,478.45945,,,,0,0,0,0,0,0,0,0,0,206.83154284914443,211.8659381484371,,,,,0,25250260,24323817.02,37.21636044294187,45.322933833974,,,37.21636044294187,,,
2026-01-06,473.8,478.7367,469.75,478.51,493.81599999999986,,478.9178,,,,0,0,0,0,0,0,0,0,0,478.9178,501.6906666666668,493.81599999999986,482.5415000000001,482.9999999999999,479.0800000000002,493.81599999999986,,478.9178,,,,0,0,0,0,0,0,0,0,0,207.9863344750248,211.51324690539963,,,,,0,23037665,24504099.68,43.770455421896536,45.62547690613168,,,,,,
2026-01-07,479.755,489.7,477.95,483.47,493.01319999999987,,479.37885,,,,0,0,0,0,0,0,0,0,0,479.37885,501.82733333333346,493.01319999999987,482.1640000000001,482.8549999999999,478.27800000000013,493.01319999999987,,479.37885,,,,0,0,0,0,0,0,0,0,0,208.8474447898653,211.27090125853286,,,,,0,25564196,24704736.4,48.81327589517471,46.19737883864581,,,,,,
2026-01-08,481.24,482.66,475.86,478.11,491.9449999999999,,479.80400000000003,,,,0,0,0,0,0,0,0,0,0,479.80400000000003,501.9222666666668,491.9449999999999,481.4685000000001,481.98099999999994,477.1760000000002,491.9449999999999,,479.80400000000003,,,,0,0,0,0,0,0,0,0,0,207.24556850823305,210.90496191759652,,,,,0,18162616,24693294.4,44.200100233418475,46.45107856424107,,,,,,
2026-01-09,474.06,479.82,472.2001,479.28,490.68919999999986,,480.2246,,,,0,0,0,0,0,0,0,0,0,480.2246,501.9996000000001,490.68919999999986,481.5045000000001,481.10699999999986,478.44400000000024,490.68919999999986,,480.2246,,,,0,0,0,0,0,0,0,0,0,207.73681815226578,210.616948848021,,,,,0,18491036,24463381.46,45.41281452495959,46.33160649250181,,,,,,
2026-01-12,476.67,480.99,475.6803,477.18,489.40179999999987,,480.66065000000003,,,,0,0,0,0,0,0,0,0,0,480.66065000000003,502.04493333333346,489.40179999999987,481.19000000000005,480.0539999999999,479.3100000000001,489.40179999999987,,480.66065000000003,,,,0,0,0,0,0,0,0,0,0,205.4953210388887,210.15134631991805,,,,,0,23519895,24213319.28,43.58197572482841,45.975452749673316,,,,,,
2026-01-13,474.675,475.7799,465.95,470.67,488.29999999999984,,481.0611,,,,0,0,0,0,0,0,0,0,0,481.0611,502.0310666666668,488.29999999999984,480.797,478.4109999999999,477.7420000000002,488.29999999999984,,481.0611,,,,0,0,0,0,0,0,0,0,0,202.37313787933942,209.44423646168363,,,,,0,28545800,23963773.52,38.41203690722023,45.303152855741345,,,,,,
2026-01-14,466.46,468.2,457.1701,459.38,487.13139999999987,,481.46399999999994,,,,0,0,0,0,0,0,0,0,0,481.46399999999994,501.9541333333335,487.13139999999987,480.025,475.60099999999983,472.92400000000015,487.13139999999987,,481.46399999999994,,,,0,0,0,0,0,0,0,0,0,197.90199246095855,208.3949415525268,,,,,0,28184302,23847331.08,31.44526771908032,44.01824413616773,,,,,,
2026-01-15,464.12,464.25,455.9,456.66,485.92399999999986,,481.87035,,,,0,0,0,0,0,0,0,0,0,481.87035,501.84773333333345,485.92399999999986,479.0385,472.90499999999986,468.6340000000002,485.92399999999986,,481.87035,,,,0,0,0,0,0,0,0,0,0,197.7856347784408,207.430459118519,,,,,0,23225839,23864353.02,30.032051135187388,42.561077501932076,,,,,,
2026-01-16,457.83,463.19,456.48,459.86,484.8345999999999,,482.2587,,,,0,0,0,0,0,0,0,0,0,482.2587,501.7210000000002,484.8345999999999,478.2255,471.59699999999987,464.75000000000017,484.8345999999999,,482.2587,,,,0,0,0,0,0,0,0,0,0,198.659075003672,206.63306056262383,,,,,0,34246650,24130112.76,33.801413602830564,41.39333217364326,,,,,,
2026-01-20,451.215,456.8,449.28,454.52,483.7817999999999,,482.62059999999997,,,,0,0,0,0,0,0,0,0,0,482.62059999999997,501.5847333333335,483.7817999999999,476.75249999999994,469.76399999999984,460.2180000000002,483.7817999999999,,482.62059999999997,,,,0,0,0,0,0,0,0,0,0,196.478386167147,205.7099083448532,,,,,0,26129992,24192225.76,30.817776353416292,40.054497337961436,,,,,,
2026-01-21,452.595,452.69,438.68,444.11,482.7219999999999,,482.9756,,,,0,0,0,0,0,0,0,0,0,482.9756,501.35120000000006,482.7219999999999,474.662,466.3239999999998,454.90600000000023,482.7219999999999,,482.9756,,,,0,0,0,0,0,0,0,0,0,196.0211097166784,204.82910846956457,,,,,0,37980510,24403706.04,25.99970026315583,38.343378409841,,,25.99970026315583,,,
2026-01-22,447.62,452.84,444.7,451.14,481.8083999999999,,483.43209999999993,,,,0,0,0,0,0,0,0,0,0,483.43209999999993,501.17186666666674,481.8083999999999,472.97299999999996,463.0909999999998,453.25800000000015,481.8083999999999,,483.43209999999993,,,,0,0,0,0,0,0,0,0,0,196.8436255110456,204.10315547333556,,,,,0,25349378,24430298.32,33.554566406020086,37.45273686673431,,,,,,
2026-01-23,451.87,471.1,450.53,465.95,481.0073999999999,,483.97254999999996,,,,0,0,0,0,0,0,0,0,0,483.97254999999996,501.07660000000004,481.0073999999999,471.928,461.8749999999997,455.11600000000016,481.0073999999999,,483.97254999999996,,,,0,0,0,0,0,0,0,0,0,202.1954592267725,203.92972854182983,,,,,0,38000159,24668271.9,46.05041653707848,38.07915794051491,,,,,,
2026-01-26,465.305,474.25,462,470.28,480.2393999999999,,484.55115,,,,0,0,0,0,0,0,0,0,0,484.55115,501.0291333333334,480.2393999999999,471.0409999999999,460.9749999999998,457.20000000000016,480.2393999999999,,484.55115,,,,0,0,0,0,0,0,0,0,0,204.00773900243217,203.9368204018846,,,,,1,29291235,24894496.2,49.066358083526076,38.925586343413784,,,,,,
2026-01-27,473.7,482.87,473.16,480.58,479.6281999999999,,485.00159999999994,,,,0,0,0,0,0,0,0,0,0,485.00159999999994,500.99300000000005,479.6281999999999,470.68449999999996,461.31499999999977,462.41200000000015,479.6281999999999,,485.00159999999994,,,,0,0,0,0,0,0,0,0,0,207.43803793261216,204.25511290467801,,,,,0,29213923,24947277.64,55.446761172963086,39.75960818277567,,,,,,
2026-01-28,483.21,483.74,478,481.63,479.1949999999999,,485.50299999999993,,,,0,0,0,0,0,0,0,0,0,485.50299999999993,500.9364666666668,479.1949999999999,470.4109999999999,462.4109999999998,469.91600000000017,479.1949999999999,,485.50299999999993,,,,0,0,0,0,0,0,0,0,0,207.04612249752458,204.50884104948224,,,,,0,36875403,25179323.42,56.05116541914613,40.27660029163078,,,,,56.05116541914613,
2026-01-29,439.99,442.5,421.02,433.5,477.66139999999984,,485.7282499999999,,,,0,0,0,0,0,0,0,0,0,485.7282499999999,500.5446666666667,477.66139999999984,467.7119999999998,459.82299999999975,466.3880000000002,477.66139999999984,,485.7282499999999,,,,0,0,0,0,0,0,0,0,0,186.37091897128408,202.85993904237333,,,,,0,128855323,27186314.96,33.570248272180294,39.51732515154233,,,,,,
2026-01-30,439.17,439.6,426.45,430.29,476.11739999999986,,485.94064999999995,,,,0,0,0,0,0,0,0,0,0,485.94064999999995,500.09693333333337,476.11739999999986,465.04549999999983,457.1859999999998,459.25600000000014,476.11739999999986,,485.94064999999995,,,,0,0,0,0,0,0,0,0,0,185.22977405718453,201.25719677099252,,,,,0,58566819,27975796.3,32.63025719902441,38.604285342546966,,,,,,
2026-02-02,430.235,430.736,422.25,423.37,474.7089999999999,,486.12884999999994,,,,0,0,0,0,0,0,0,0,0,486.12884999999994,499.61313333333345,474.7089999999999,462.56699999999984,453.5369999999998,449.87400000000014,474.7089999999999,,486.12884999999994,,,,0,0,0,0,0,0,0,0,0,183.03881527939103,199.60098027175601,,,,,0,42219858,28143891.18,30.638560177834947,37.67975566061886,,,,,,
2026-02-03,422.01,422.05,408.56,411.21,473.19079999999985,,486.32685,,,,0,0,0,0,0,0,0,0,0,486.32685,499.0384666666668,473.19079999999985,459.48499999999984,449.2059999999998,436.00000000000017,473.19079999999985,,486.32685,,,,0,0,0,0,0,0,0,0,0,176.82775623705464,197.53068717769224,,,,,0,61424123,28907467.36,27.465996805860087,36.897895653378846,,,,,,
2026-02-04,411,419.8,409.24,414.19,471.9059999999999,,486.5589,,,,0,0,0,0,0,0,0,0,0,486.5589,498.51940000000013,471.9059999999999,456.2689999999999,446.21399999999977,422.51200000000006,471.9059999999999,,486.5589,,,,0,0,0,0,0,0,0,0,0,179.61872381761884,195.90232687223101,,,,,0,45012374,29271664,29.395483592679867,36.75148250149311,,,,,,
2026-02-05,407.44,408.3,392.32,393.67,470.3369999999999,,486.73164999999995,,,,0,0,0,0,0,0,0,0,0,486.73164999999995,497.86993333333345,470.3369999999999,451.7789999999998,440.4669999999998,414.5460000000001,470.3369999999999,,486.73164999999995,,,,0,0,0,0,0,0,0,0,0,171.59084139822832,193.69219182913986,,,,,0,66289247,29962063.98,24.552233054925438,36.36006692433154,,,24.552233054925438,,,
2026-02-06,399.165,401.79,392.92,401.14,468.8797999999999,,486.90324999999996,,,,0,0,0,0,0,0,0,0,0,486.90324999999996,497.21860000000004,468.8797999999999,447.9304999999998,433.98599999999976,408.71600000000007,468.8797999999999,,486.90324999999996,,,,0,0,0,0,0,0,0,0,0,177.01544042045245,192.1761235192592,,,,,0,53515311,30343949.28,29.12993077862143,36.02638957974517,,,,,,
2026-02-09,404.85,414.89,400.87,413.6,467.6119999999999,,487.0993,,,,0,0,0,0,0,0,0,0,0,487.0993,496.65780000000007,467.6119999999999,444.64649999999983,428.31799999999976,406.76200000000006,467.6119999999999,,487.0993,,,,0,0,0,0,0,0,0,0,0,178.9879563954872,190.97719923527993,,,,,0,45480526,30693163.94,36.09488788893323,36.40332611799638,,,,,36.09488788893323,
2026-02-10,419.62,423.68,412.7,413.27,466.16739999999993,,487.22915,,,,0,0,0,0,0,0,0,0,0,487.22915,496.1021333333335,466.16739999999993,441.45099999999985,421.5869999999997,407.1740000000001,466.16739999999993,,487.22915,,,,0,0,0,0,0,0,0,0,0,178.01059899695755,189.79841739543244,,,,,0,44857850,31076139.36,35.993993687672344,37.11720421974756,,,,,,
2026-02-11,416.175,416.46,401.01,404.37,464.4145999999999,,487.29175000000004,,,,0,0,0,0,0,0,0,0,0,487.29175000000004,495.44120000000015,464.4145999999999,438.1359999999998,413.8609999999997,405.2100000000001,464.4145999999999,,487.29175000000004,,,,0,0,0,0,0,0,0,0,0,174.7538829874586,188.430732449253,,,,,0,42491012,31638225,33.291212586731945,37.09839323265555,,,,,,
2026-02-12,405,406.2,398.01,401.84,462.7165999999999,,487.34515,,,,0,0,0,0,0,0,0,0,0,487.34515,494.7769333333335,462.7165999999999,435.25899999999984,410.6949999999997,406.84400000000005,462.7165999999999,,487.34515,,,,0,0,0,0,0,0,0,0,0,173.66951621128695,187.08880370034697,,,,,0,40802362,31974992.38,32.54312021594829,36.133586352574824,,,,,,
2026-02-13,404.45,405.54,398.05,401.32,460.94299999999987,,487.38155,,,,0,0,0,0,0,0,0,0,0,487.38155,494.0969333333335,460.94299999999987,432.49199999999985,407.7979999999998,406.88000000000005,460.94299999999987,,487.38155,,,,0,0,0,0,0,0,0,0,0,176.20379436158393,186.09925739682305,,,,,0,34091553,32265569,32.38205656305453,34.941850529684004,,,,,,
2026-02-17,399.22,400.52,394.525,396.86,459.32559999999984,,487.38955000000004,,,,0,0,0,0,0,0,0,0,0,487.38955000000004,493.38920000000013,459.32559999999984,429.3419999999998,405.14699999999976,403.53200000000004,459.32559999999984,,487.38955000000004,,,,0,0,0,0,0,0,0,0,0,174.15866755995307,185.01374922983487,,,,,0,32078794,32214842.84,30.966439384247636,33.193256116204324,,,,,,
2026-02-18,398.13,402.56,396.32,399.6,457.70079999999984,,487.26055,,,,0,0,0,0,0,0,0,0,0,487.26055,492.68106666666677,457.70079999999984,426.59599999999983,403.98599999999976,400.7980000000001,457.70079999999984,,487.26055,,,,0,0,0,0,0,0,0,0,0,175.1809457842153,184.11985800750583,,,,,0,23223417,32232948.08,32.90696431660251,31.54009889459407,,,,,,
2026-02-19,400.69,404.43,396.67,398.46,456.00679999999977,,487.07645,,,,0,0,0,0,0,0,0,0,0,487.07645,491.96666666666687,456.00679999999977,424.31349999999986,402.4129999999998,399.6160000000001,456.00679999999977,,487.07645,,,,0,0,0,0,0,0,0,0,0,173.7137642196555,183.1738494813376,,,,,0,28234001,32345453.9,32.49765656489426,31.463485201216493,,,,,,
2026-02-20,396.11,400.1159,395.16,397.23,454.13099999999986,,486.88175,,,,0,0,0,0,0,0,0,0,0,486.88175,491.2035333333335,454.13099999999986,421.61799999999977,402.7689999999998,398.6940000000001,454.13099999999986,,486.88175,,,,0,0,0,0,0,0,0,0,0,173.66814925355735,182.30969491517578,,,,,0,34015249,32586440.88,32.03467109428084,31.420943336591954,,,,,,
2026-02-23,395,395.36,383.1,384.47,451.9799999999998,,486.63755,,,,0,0,0,0,0,0,0,0,0,486.63755,490.3663333333335,451.9799999999998,417.54399999999976,401.10199999999975,395.32400000000007,451.9799999999998,,486.63755,,,,0,0,0,0,0,0,0,0,0,166.93055378665954,180.91159117621976,,,,,0,43238273,33157284.78,27.636006478896718,31.206475215239227,,,27.636006478896718,,,
2026-02-24,384.14,389.36,381.71,389,450.18879999999984,,486.4158,,,,0,0,0,0,0,0,0,0,0,486.4158,489.55926666666676,450.18879999999984,413.47999999999985,398.64199999999977,393.75200000000007,450.18879999999984,,486.4158,,,,0,0,0,0,0,0,0,0,0,170.67042619344988,179.98057617778613,,,,,0,33884653,33119853.26,31.245402499960107,31.476432764817794,,,,,,
2026-02-25,390.525,401.47,390.16,400.6,448.5313999999998,,486.2279500000001,,,,0,0,0,0,0,0,0,0,0,486.2279500000001,488.8614666666668,448.5313999999998,409.4809999999999,397.3749999999997,393.95200000000006,448.5313999999998,,486.2279500000001,,,,0,0,0,0,0,0,0,0,0,174.42518642798467,179.475540745986,,,,,0,43625483,33498979.32,39.558985299733315,32.20239717246447,,,,,,
2026-02-26,404.71,407.49,398.74,401.72,446.9951999999997,,486.0429000000001,,,,0,0,0,0,0,0,0,0,0,486.0429000000001,488.16713333333337,446.9951999999997,405.4854999999999,397.1099999999998,394.6040000000001,446.9951999999997,,486.0429000000001,,,,0,0,0,0,0,0,0,0,0,173.50117763586002,178.93241682688364,,,,,0,34405869,33762134.66,40.3094611112145,33.3279134621994,,,,,,
2026-02-27,390.88,396.82,389.88,392.74,445.3535999999998,,485.7603000000001,,,,0,0,0,0,0,0,0,0,0,485.7603000000001,487.37953333333337,445.3535999999998,403.4474999999999,396.1999999999997,393.706,445.3535999999998,,485.7603000000001,,,,0,0,0,0,0,0,0,0,0,170.53729481087356,178.16922391633727,,,,,0,51367196,34314924.7,36.40623493995124,33.84764947372296,,,,,,
2026-03-02,392.855,401.19,390.63,398.55,443.7967999999998,,485.50735000000003,,,,0,0,0,0,0,0,0,0,0,485.50735000000003,486.61180000000013,443.7967999999998,401.8604999999999,395.9229999999997,396.52200000000005,443.7967999999998,,485.50735000000003,,,,0,0,0,0,0,0,0,0,0,173.81437993629783,177.77332900906097,,,,,0,35474907,34610311.64,40.42562972190348,34.15698817607798,,,,,,
2026-03-03,393.14,406.7,392.67,403.93,442.3529999999997,,485.26230000000004,,,,0,0,0,0,0,0,0,0,0,485.26230000000004,485.8880000000001,442.3529999999997,400.8884999999999,396.62999999999977,399.50800000000004,442.3529999999997,,485.26230000000004,,,,0,0,0,0,0,0,0,0,0,176.09054831486145,177.62034894595192,,,,,0,38199209,34883752.3,43.95788031099584,34.725837220601086,,,,,,
2026-03-04,401.265,411.0326,400.31,405.2,440.7773999999998,,485.02265,,,,0,0,0,0,0,0,0,0,0,485.02265,485.1722000000001,440.7773999999998,400.58799999999985,397.1899999999997,400.428,440.7773999999998,,485.02265,,,,0,0,0,0,0,0,0,0,0,178.32884919505562,177.6847580595068,,,,,1,35807990,35028441.2,44.79005686242448,35.547183240293414,,,,,,
2026-03-05,404.42,411.61,404.4,410.68,439.2725999999997,,484.8047,,,,0,0,0,0,0,0,0,0,0,484.8047,484.4884666666668,439.2725999999997,400.4124999999999,398.41199999999975,402.21999999999997,439.2725999999997,,484.8047,,,,0,0,0,0,0,0,0,0,0,179.34955870086426,177.83610357235747,,,,,0,39001315,34391745.4,48.353757172091456,36.676514451446494,,,,,48.353757172091456,
2026-03-06,409.2,413.05,408.5101,408.96,437.75339999999966,,484.5551500000001,,,,0,0,0,0,0,0,0,0,0,484.5551500000001,483.6582000000001,437.75339999999966,401.1769999999999,399.58499999999975,405.464,437.75339999999966,,484.5551500000001,,,,0,0,0,0,0,0,0,0,0,179.6121053124707,177.99755827600413,,,,,0,31123859,34674962.2,47.3212975147757,37.74360309085515,,,,,,
2026-03-09,404.915,410.21,403.5,409.41,436.2045999999997,,484.31135,,,,0,0,0,0,0,0,0,0,0,484.31135,482.89353333333344,436.2045999999997,401.5904999999999,402.0789999999998,407.63599999999997,436.2045999999997,,484.31135,,,,0,0,0,0,0,0,0,0,0,182.2296999559348,178.3822984287251,,,,,0,30131854,34983927.64,47.636320160631826,38.93430886059688,,,,,,
2026-03-10,410.03,410.2,402.93,405.76,434.55939999999975,,484.07730000000004,,,,0,0,0,0,0,0,0,0,0,484.07730000000004,482.02766666666685,434.55939999999975,401.1984999999999,403.75499999999977,408.00199999999995,434.55939999999975,,484.07730000000004,,,,0,0,0,0,0,0,0,0,0,179.117654848896,178.449149012377,,,,,0,31706375,35500937.54,45.27150773838204,39.81749053358113,,,,,,
2026-03-11,405.57,409.01,401.59,404.88,432.9027999999997,,483.82739999999995,,,,0,0,0,0,0,0,0,0,0,483.82739999999995,481.20853333333343,432.9027999999997,400.7789999999999,404.18299999999977,407.938,432.9027999999997,,483.82739999999995,,,,0,0,0,0,0,0,0,0,0,179.11108030830982,178.50932458473454,,,,,0,25512139,35834336.82,44.69541034200038,40.68875866051729,,,,,,
2026-03-12,404.63,406.12,401.71,401.86,431.19799999999964,,483.5858,,,,0,0,0,0,0,0,0,0,0,483.5858,480.3880000000001,431.19799999999964,400.65349999999984,404.1969999999998,406.174,431.19799999999964,,483.5858,,,,0,0,0,0,0,0,0,0,0,177.92464052162182,178.45617148808793,,,,,0,27263886,36161746.38,42.68778120529802,41.449695097018505,,,,,,
2026-03-13,401,404.8,394.25,395.55,429.35939999999965,,483.26009999999997,,,,0,0,0,0,0,0,0,0,0,483.26009999999997,479.55273333333344,429.35939999999965,400.3389999999999,404.4779999999997,403.49199999999996,429.35939999999965,,483.26009999999997,,,,0,0,0,0,0,0,0,0,0,177.83895657021765,178.40006104100883,,,,,0,26848000,36419816.14,38.769317598155546,42.244931605537,,,,,,
2026-03-16,398.07,400.63,394.79,399.95,427.6859999999997,,482.97305,,,,0,0,0,0,0,0,0,0,0,482.97305,478.7388,427.6859999999997,400.27049999999997,404.61799999999977,401.6,427.6859999999997,,482.97305,,,,0,0,0,0,0,0,0,0,0,180.91281927565512,178.62849360779487,,,,,1,27733721,36662459.48,42.71788266361345,43.06439447436939,,,,,,
2026-03-17,400.27,404.4,397.745,399.41,426.2153999999997,,482.6767,,,,0,0,0,0,0,0,0,0,0,482.6767,477.9230666666667,426.2153999999997,400.39799999999997,404.16599999999977,400.33000000000004,426.2153999999997,,482.6767,,,,0,0,0,0,0,0,0,0,0,178.85711641542414,178.64927749939753,,,,,0,26228279,36675593.72,42.35687215156809,43.264243535214725,,,,,,
2026-03-18,397.125,398,391,391.79,424.5941999999997,,482.33385000000004,,,,0,0,0,0,0,0,0,0,0,482.33385000000004,477.0067333333334,424.5941999999997,400.00749999999994,402.82499999999976,397.712,424.5941999999997,,482.33385000000004,,,,0,0,0,0,0,0,0,0,0,175.00833819728177,178.31828301738702,,,,,0,25908484,36688758.2,37.53621247029716,43.06615434657777,,,,,,
2026-03-19,390.1,392.49,387.06,389.02,422.80439999999976,,481.96909999999997,,,,0,0,0,0,0,0,0,0,0,481.96909999999997,476.12966666666665,422.80439999999976,399.53549999999996,400.65899999999976,395.14399999999995,422.80439999999976,,481.96909999999997,,,,0,0,0,0,0,0,0,0,0,176.16771149227662,178.12277651510425,,,,,0,25138772,36730780.34,35.93513850622725,43.03250460131177,,,,,,
2026-03-20,386.79,387,380.12,381.87,420.77239999999966,,481.5636,,,,0,0,0,0,0,0,0,0,0,481.5636,475.1922666666666,420.77239999999966,398.7674999999999,397.94999999999976,392.408,420.77239999999966,,481.5636,,,,0,0,0,0,0,0,0,0,0,173.4070185635921,177.69407124678497,,,,,0,50853154,37236559.5,32.12598593990104,42.43967290259731,,,,,,
2026-03-23,383.9,387.21,381.68,383,418.87019999999967,,481.15924999999993,,,,0,0,0,0,0,0,0,0,0,481.15924999999993,474.2778,418.87019999999967,398.69399999999996,395.30899999999974,389.01800000000003,418.87019999999967,,481.15924999999993,,,,0,0,0,0,0,0,0,0,0,176.59290954108897,177.59396563717624,,,,,0,29680059,37466908.36,33.32881606588484,41.68045402794653,,,,,,
2026-03-24,382.36,382.47,371.85,372.74,416.7393999999997,,480.68455,,,,0,0,0,0,0,0,0,0,0,480.68455,473.31540000000007,416.7393999999997,397.881,392.0069999999997,383.684,416.7393999999997,,480.68455,,,,0,0,0,0,0,0,0,0,0,169.9166842678685,176.89603096723917,,,,,0,42733625,37951760.14,28.406474942905064,40.51019817655229,,,,,,
2026-03-25,376.92,377.06,369.63,371.04,414.61659999999966,,480.18784999999997,,,,0,0,0,0,0,0,0,0,0,480.18784999999997,472.39053333333345,414.61659999999966,396.40299999999996,388.62299999999976,379.534,414.61659999999966,,480.18784999999997,,,,0,0,0,0,0,0,0,0,0,169.7771324332404,176.24885837323927,,,,,0,31181163,38104985.5,27.677087222887963,39.0332931801806,,,,,,
2026-03-26,370.815,374.7199,365.19,365.97,412.5225999999997,,479.65394999999995,,,,0,0,0,0,0,0,0,0,0,479.65394999999995,471.45886666666667,412.5225999999997,394.6155,385.03399999999976,374.924,412.5225999999997,,479.65394999999995,,,,0,0,0,0,0,0,0,0,0,166.554660347791,175.36756764365308,,,,,0,36836574,38270800.98,25.568506707630434,37.479522408241664,,,,,,
2026-03-27,361.9,362.45,356.51,356.77,410.4703999999997,,479.0831999999999,,,,0,0,0,0,0,0,0,0,0,479.0831999999999,470.4757333333333,410.4703999999997,392.81699999999995,381.1559999999998,369.904,410.4703999999997,,479.0831999999999,,,,0,0,0,0,0,0,0,0,0,165.2434628086031,174.44719447683036,,,,,0,37883400,38464782.94,22.25517197821982,35.66658325235509,,,22.25517197821982,,,
2026-03-30,361.895,365.36,356.28,358.96,408.5163999999997,,478.51489999999995,,,,0,0,0,0,0,0,0,0,0,478.51489999999995,469.48726666666676,408.5163999999997,390.8375,377.05699999999973,365.096,408.5163999999997,,478.51489999999995,,,,0,0,0,0,0,0,0,0,0,169.08520520155884,173.95974090635113,,,,,0,44797002,38896206.2,24.754824150516754,34.20110585322185,,,,,,
2026-03-31,364.55,372.9,363.07,370.17,406.72259999999966,,477.9714,,,,0,0,0,0,0,0,0,0,0,477.9714,468.5933333333334,406.72259999999966,389.14949999999993,374.1329999999997,364.58200000000005,406.72259999999966,,477.9714,,,,0,0,0,0,0,0,0,0,0,175.05631544848222,174.0594295010903,,,,,1,45244366,39116160.52,36.08323609267375,33.585950549698524,,,,,,
2026-04-01,373.49,373.99,368.2,369.37,405.0195999999997,,477.4434499999999,,,,0,0,0,0,0,0,0,0,0,477.4434499999999,467.7088666666668,405.0195999999997,387.35799999999995,371.89099999999974,364.24800000000005,405.0195999999997,,477.4434499999999,,,,0,0,0,0,0,0,0,0,0,169.73346220358948,173.66615974677205,,,,,0,29417206,39181904.8,35.670503590742214,33.08471643437311,,,,,,
2026-04-02,367.205,373.64,364.15,373.46,403.60659999999973,,476.91504999999995,,,,0,0,0,0,0,0,0,0,0,476.91504999999995,466.82033333333345,403.60659999999973,385.49699999999996,370.3349999999997,365.74600000000004,403.60659999999973,,476.91504999999995,,,,0,0,0,0,0,0,0,0,0,170.39144803378687,173.36845868195522,,,,,0,24099067,38904275.94,39.48175435459916,33.13560477411908,,,,,,
2026-04-06,373.49,373.73,369.5014,372.88,402.0413999999997,,476.38924999999995,,,,0,0,0,0,0,0,0,0,0,476.38924999999995,465.90860000000004,402.0413999999997,383.6929999999999,369.43599999999975,368.968,402.0413999999997,,476.38924999999995,,,,0,0,0,0,0,0,0,0,0,169.9368646204889,173.0564955854583,,,,,0,16146572,38720219.82,39.127731409731744,32.87916539884182,,,,,,
2026-04-07,370.34,372.45,366.56,372.29,400.16819999999973,,475.8495,,,,0,0,0,0,0,0,0,0,0,475.8495,465.0126,400.16819999999973,381.83699999999993,368.36499999999967,371.63400000000007,400.16819999999973,,475.8495,,,,0,0,0,0,0,0,0,0,0,168.92020653919798,172.68046930852555,,,,,0,21443349,38389083.62,38.74711887673168,32.62132587921065,,,,,,
2026-04-08,384.98,385,371.41,374.33,398.2491999999997,,475.3341499999999,,,,0,0,0,0,0,0,0,0,0,475.3341499999999,464.14066666666673,398.2491999999997,380.2654999999999,368.5239999999997,372.46600000000007,398.2491999999997,,475.3341499999999,,,,0,0,0,0,0,0,0,0,0,169.71696459337085,172.411059788966,,,,,0,33064818,38464555.28,40.88821102346319,32.86075434729394,,,,,,
2026-04-09,372.5,373.5,367.05,373.07,396.0989999999997,,474.7695,,,,0,0,0,0,0,0,0,0,0,474.7695,463.25880000000006,396.0989999999997,378.67499999999995,368.7269999999997,373.206,396.0989999999997,,474.7695,,,,0,0,0,0,0,0,0,0,0,165.00659017930593,171.7379261880878,,,,,0,30435297,38488982.76,39.95913766691846,33.14818285877188,,,,,,
2026-04-10,372.98,375.64,370.03,370.87,393.88379999999967,,474.17330000000004,,,,0,0,0,0,0,0,0,0,0,474.17330000000004,462.3448000000001,393.88379999999967,377.12549999999993,369.2169999999997,372.68800000000005,393.88379999999967,,474.17330000000004,,,,0,0,0,0,0,0,0,0,0,163.02766287600718,170.94608406880775,,,,,0,28111128,38313697.26,38.32181315129101,33.59074194529974,,,38.32181315129101,,,
2026-04-13,373.605,384.54,371.02,384.37,392.90119999999973,,473.63380000000006,,,,0,0,0,0,0,0,0,0,0,473.63380000000006,461.60726666666676,392.90119999999973,376.5664999999999,371.97699999999975,374.98600000000005,392.90119999999973,,473.63380000000006,,,,0,0,0,0,0,0,0,0,0,169.15460106500024,170.78322197755253,,,,,0,35745781,36451506.42,51.464256531822684,34.88613055000958,,,,,,
2026-04-14,387.915,394.69,386.52,393.11,392.1575999999997,,473.11210000000005,,,,0,0,0,0,0,0,0,0,0,473.11210000000005,460.90666666666675,392.1575999999997,376.2244999999999,375.3919999999997,379.15,392.1575999999997,,473.11210000000005,,,,0,0,0,0,0,0,0,0,0,171.25916502934118,170.82648952771513,,,,,1,37504486,36030259.76,57.742154019545225,36.98153619834102,,,,,,
2026-04-15,398,414.3699,396.73,411.22,391.9145999999998,,472.68850000000003,,,,0,0,0,0,0,0,0,0,0,472.68850000000003,460.32540000000006,391.9145999999998,376.81499999999994,379.49699999999973,386.528,391.9145999999998,,472.68850000000003,,,,0,0,0,0,0,0,0,0,0,177.0619988259592,171.39335400937367,,,,,0,45063389,36087130.38,67.20720011110868,39.805115690356764,,,,,,
2026-04-16,419.86,420.82,412.14,420.26,392.09559999999976,,472.30275,,,,0,0,0,0,0,0,0,0,0,472.30275,459.7913333333334,392.09559999999976,378.23849999999993,384.58599999999973,395.966,392.09559999999976,,472.30275,,,,0,0,0,0,0,0,0,0,0,179.5225944615945,172.13237586866646,,,,,0,41642361,35691495.14,70.7313381266197,43.031032220284565,,,,,,
2026-04-17,424.82,431.58,420.69,422.79,392.2675999999998,,471.95645,,,,0,0,0,0,0,0,0,0,0,471.95645,459.2698666666668,392.2675999999998,379.9269999999999,389.5189999999997,406.35,392.2675999999998,,471.95645,,,,0,0,0,0,0,0,0,0,0,180.13318582248425,172.85972222810443,,,,,0,48568190,35762611.46,71.64960782710618,46.55920620949073,,,,,,
2026-04-20,421.145,423.33,416.3,418.07,392.75559999999973,,471.5913499999999,,,,0,0,0,0,0,0,0,0,0,471.5913499999999,458.6576666666667,392.75559999999973,381.7369999999999,394.0379999999997,413.09,392.75559999999973,,471.5913499999999,,,,0,0,0,0,0,0,0,0,0,176.00353632096324,173.1455235092734,,,,,0,27582237,34988471.26,67.40106218266997,49.60536606893025,,,,,,
2026-04-21,420.24,427.18,417.2,424.16,393.2159999999998,,471.21795,,,,0,0,0,0,0,0,0,0,0,471.21795,458.0496666666667,393.2159999999998,383.79499999999996,399.22499999999974,419.3,393.2159999999998,,471.21795,,,,0,0,0,0,0,0,0,0,0,178.99236615450837,173.6770546588402,,,,,0,32048495,34559134.94,69.88251040238205,52.01959994819513,,,,,,
2026-04-22,426.185,433.7,423.67,432.92,393.60239999999976,,470.89395,,,,0,0,0,0,0,0,0,0,0,470.89395,457.5422000000002,393.60239999999976,386.8039999999999,405.0839999999997,423.64,393.60239999999976,,470.89395,,,,0,0,0,0,0,0,0,0,0,183.8556515978154,174.6023816532925,,,,,0,29378173,34237087.88,73.0592587020518,54.69022531328867,,,,,73.0592587020518,
2026-04-23,419.885,423.66,411.4101,415.75,393.65199999999976,,470.48960000000005,,,,0,0,0,0,0,0,0,0,0,470.48960000000005,456.91373333333354,393.65199999999976,389.0395,409.35199999999975,422.738,393.65199999999976,,470.48960000000005,,,,0,0,0,0,0,0,0,0,0,174.73651177028506,174.61457530029182,,,,,0,38307959,34106090.06,59.75503810821416,56.13831700997546,,,,,,
2026-04-24,416.97,424.95,415.8,424.62,394.05699999999973,,470.09515000000005,,,,0,0,0,0,0,0,0,0,0,470.09515000000005,456.35486666666685,394.05699999999973,391.9719999999999,414.72699999999975,423.104,394.05699999999973,,470.09515000000005,,,,0,0,0,0,0,0,0,0,0,179.20463225953483,175.03185320567755,,,,,0,27457405,33805417.92,63.457189154557256,57.87613542032013,,,,,,
2026-04-27,422.375,427.11,417.0701,424.82,394.51659999999976,,469.71184999999997,,,,0,0,0,0,0,0,0,0,0,469.71184999999997,455.7341333333336,394.51659999999976,395.37449999999995,418.77199999999976,424.454,394.51659999999976,,469.71184999999997,,,,0,0,0,0,0,0,0,0,0,177.87125596819013,175.28998072954232,,,,,0,30867303,33606716.74,63.53863456213987,59.646957969277864,,,,,,
2026-04-28,424.57,429.92,421.9,429.25,395.07519999999977,,469.3415,,,,0,0,0,0,0,0,0,0,0,469.3415,455.1661333333336,395.07519999999977,398.88899999999995,422.3859999999998,425.47200000000004,395.07519999999977,,469.3415,,,,0,0,0,0,0,0,0,0,0,179.50437138970048,175.67310715319306,,,,,0,30438087,33533647.42,65.37923582131074,61.39631688340983,,,,,,
2026-04-29,424.575,426.82,420.29,424.46,395.62719999999973,,468.94870000000003,,,,0,0,0,0,0,0,0,0,0,468.94870000000003,454.60100000000034,395.62719999999973,401.6034999999999,423.70999999999975,423.78000000000003,395.62719999999973,,468.94870000000003,,,,0,0,0,0,0,0,0,0,0,178.37426685960264,175.918667126503,,,,,0,38288316,33657837.86,61.74948670060063,62.9527703858157,,,,,,
2026-04-30,410.81,414.42,398.01,407.78,395.7907999999997,,468.4585000000001,,,,0,0,0,0,0,0,0,0,0,468.4585000000001,453.91853333333364,395.7907999999997,403.52399999999994,422.4619999999997,422.186,395.7907999999997,,468.4585000000001,,,,0,0,0,0,0,0,0,0,0,171.43313583596318,175.51089155463575,,,,,0,70909408,34611557.68,51.108637506558544,63.866114982620516,,,51.108637506558544,,,
2026-05-01,412.8,417.11,410.435,414.44,396.11039999999974,,468.0026000000001,,,,0,0,0,0,0,0,0,0,0,468.0026000000001,453.30126666666695,396.11039999999974,405.5729999999999,421.6269999999998,420.15,396.11039999999974,,468.0026000000001,,,,0,0,0,0,0,0,0,0,0,172.4672701698705,175.23419870147526,,,,,0,31372361,34674324.88,54.48146463346978,64.08162984702389,,,,,,
2026-05-04,411.54,420.78,410.8,413.62,396.4381999999997,,467.51220000000006,,,,0,0,0,0,0,0,0,0,0,467.51220000000006,452.64900000000034,396.4381999999997,407.60999999999996,421.1819999999998,417.91,396.4381999999997,,467.51220000000006,,,,0,0,0,0,0,0,0,0,0,171.62394486390943,174.9059938071511,,,,,0,28066528,34555350.46,53.987631164177984,63.813449643069085,,,,,,
2026-05-05,415.32,416.7799,408.8,411.38,396.9763999999998,,467.0188500000001,,,,0,0,0,0,0,0,0,0,0,467.0188500000001,451.960866666667,396.9763999999998,409.56449999999995,419.9039999999998,414.33599999999996,396.9763999999998,,467.0188500000001,,,,0,0,0,0,0,0,0,0,0,171.3902421411073,174.58638001932894,,,,,0,25700891,34204602.82,52.58541206825919,62.769036211436976,,,,,,
2026-05-06,408,418.4228,405.11,413.96,397.47559999999976,,466.53835000000004,,,,0,0,0,0,0,0,0,0,0,466.53835000000004,451.26760000000036,397.47559999999976,411.54599999999994,418.0079999999998,412.236,397.47559999999976,,466.53835000000004,,,,0,0,0,0,0,0,0,0,0,171.07646699847504,174.26729701743312,,,,,0,30285898,34132627.72,54.065267093066105,61.57860256618314,,,,,,
2026-05-07,420.11,427.98,418.76,420.77,397.8789999999998,,466.1158500000001,,,,0,0,0,0,0,0,0,0,0,466.1158500000001,450.60800000000046,397.8789999999998,413.93099999999987,418.50999999999976,414.834,397.8789999999998,,466.1158500000001,,,,0,0,0,0,0,0,0,0,0,171.39051555238143,174.00577142970116,,,,,0,34942445,33958966.96,57.80847938401435,60.58995053453373,,,,,57.80847938401435,
2026-05-08,417.385,418.63,414,415.12,398.14699999999976,,465.66210000000007,,,,0,0,0,0,0,0,0,0,0,465.66210000000007,449.9372000000004,398.14699999999976,416.14349999999985,417.5599999999998,414.96999999999997,398.14699999999976,,465.66210000000007,,,,0,0,0,0,0,0,0,0,0,169.73463630044566,173.61748641795066,,,,,0,33383790,33938525.38,53.88511962467435,59.624526066105474,,,,,,
2026-05-11,407.87,412.69,405.5,412.66,398.5453999999998,,465.17100000000005,,,,0,0,0,0,0,0,0,0,0,465.17100000000005,449.23926666666705,398.5453999999998,417.5579999999999,416.34399999999977,414.77799999999996,398.5453999999998,,465.17100000000005,,,,0,0,0,0,0,0,0,0,0,167.31901412638604,173.04489802780842,,,,,0,35657943,33624340.32,52.22323191660561,58.36314903140715,,,,,,
2026-05-12,414.48,415.5,406.64,407.77,398.7297999999997,,464.64130000000006,,,,0,0,0,0,0,0,0,0,0,464.64130000000006,448.4339333333337,398.7297999999997,418.2909999999999,414.1959999999998,414.0559999999999,398.7297999999997,,464.64130000000006,,,,0,0,0,0,0,0,0,0,0,165.0255974422793,172.31587070185122,,,,,0,38594221,33686726.6,48.988869532378274,56.64383551928761,,,,,,
2026-05-13,403.2,406.31,401.03,405.21,398.7553999999997,,464.10485,,,,0,0,0,0,0,0,0,0,0,464.10485,447.6421333333338,398.7553999999997,417.9904999999999,412.27099999999984,412.3059999999999,398.7553999999997,,464.10485,,,,0,0,0,0,0,0,0,0,0,164.25279389053054,171.58286371900388,,,,,0,29667073,33516083.88,47.3360231543044,55.75676302257977,,,47.3360231543044,,,
2026-05-14,404.48,411.84,400.88,409.43,398.8399999999997,,463.58915,,,,0,0,0,0,0,0,0,0,0,463.58915,446.8726666666671,398.8399999999997,417.4489999999998,412.4359999999998,410.0379999999999,398.8399999999997,,463.58915,,,,0,0,0,0,0,0,0,0,0,164.99826712124508,170.98426402829853,,,,,0,27077542,33341474.92,50.31209187213627,54.81782750240684,,,,,,
2026-05-15,414.27,428.17,412.91,421.92,399.06479999999965,,463.13255000000004,,,,0,0,0,0,0,0,0,0,0,463.13255000000004,446.2028000000005,399.06479999999965,417.40549999999985,413.18399999999986,411.39799999999997,399.06479999999965,,463.13255000000004,,,,0,0,0,0,0,0,0,0,0,168.7398766872188,170.7802288154731,,,,,0,50771160,33576871.82,57.895915186616804,54.41477611844091,,,,,,
2026-05-18,416.62,425.12,415.61,423.54,399.3563999999997,,462.5827500000001,,,,0,0,0,0,0,0,0,0,0,462.5827500000001,445.62000000000046,399.3563999999997,417.6789999999998,414.1759999999998,413.57399999999996,399.3563999999997,,462.5827500000001,,,,0,0,0,0,0,0,0,0,0,171.50863401313902,170.84644746980635,,,,,1,32564130,33605677.24,58.77481102448595,53.94303149009629,,,,,58.77481102448595,
2026-05-19,429.9,432.7,416.49,417.42,399.5165999999997,,462.0493000000001,,,,0,0,0,0,0,0,0,0,0,462.0493000000001,444.97580000000045,399.5165999999997,417.3419999999998,414.77999999999986,415.504,399.5165999999997,,462.0493000000001,,,,0,0,0,0,0,0,0,0,0,169.1548336899436,170.69266439890973,,,,,0,33018678,33663413.72,54.174090075611055,53.40193173116845,,,,,,
2026-05-20,414.165,422.1,411.3001,421.06,399.8225999999997,,461.4764000000001,,,,0,0,0,0,0,0,0,0,0,461.4764000000001,444.35906666666705,399.8225999999997,416.7489999999998,415.4899999999999,418.674,399.8225999999997,,461.4764000000001,,,,0,0,0,0,0,0,0,0,0,171.77662158229552,170.7912059610357,,,,,1,27864016,33586566.54,56.36202252642817,53.777173518302,,,,,,
2026-05-21,424.75,426.34,415.71,419.09,400.10679999999974,,460.93310000000014,,,,0,0,0,0,0,0,0,0,0,460.93310000000014,443.73013333333375,400.10679999999974,416.9159999999998,415.32199999999983,420.60599999999994,400.10679999999974,,460.93310000000014,,,,0,0,0,0,0,0,0,0,0,169.14795720681934,170.64181971065238,,,,,0,31393469,33704193.14,54.83607807452388,53.802503049805864,,,,,,
2026-05-22,419.535,424.4,416.33,418.57,400.44099999999975,,460.4012500000001,,,,0,0,0,0,0,0,0,0,0,460.4012500000001,443.10986666666713,400.44099999999975,416.6134999999998,415.6669999999998,419.936,400.44099999999975,,460.4012500000001,,,,0,0,0,0,0,0,0,0,0,168.64833938378104,170.46059422639135,,,,,0,22390344,33606722.3,54.417274152917294,53.83319183471582,,,,,,
2026-05-26,416.43,419.77,413.02,416.03,400.8505999999997,,459.87720000000013,,,,0,0,0,0,0,0,0,0,0,459.87720000000013,442.45953333333387,400.8505999999997,416.17399999999986,416.0039999999998,418.4339999999999,400.8505999999997,,459.87720000000013,,,,0,0,0,0,0,0,0,0,0,167.00252091395174,170.14622392526047,,,,,0,30398049,33677723.28,52.31548258316562,53.813911157209134,,,,,,
2026-05-27,411.01,415.94,409.58,412.67,401.10499999999973,,459.3303500000002,,,,0,0,0,0,0,0,0,0,0,459.3303500000002,441.76540000000045,401.10499999999973,415.3449999999999,416.4939999999998,417.48400000000004,401.10499999999973,,459.3303500000002,,,,0,0,0,0,0,0,0,0,0,164.64847568395732,169.64642863059655,,,,,0,28901479,33701078.44,49.58706100781011,53.49403929397656,,,49.58706100781011,,,
2026-05-28,412.975,429.49,412.67,426.99,401.65659999999974,,458.85645000000017,,,,0,0,0,0,0,0,0,0,0,458.85645000000017,441.1609333333338,401.65659999999974,415.4714999999998,418.67199999999985,418.66999999999996,401.65659999999974,,458.85645000000017,,,,0,0,0,0,0,0,0,0,0,170.33337455470942,169.70887826006134,,,,,1,47250541,34121523.68,59.32373685033616,53.602271970142404,,,,,,
2026-05-29,432.545,450.33,432.36,450.24,402.82559999999967,,458.4614500000001,,,,0,0,0,0,0,0,0,0,0,458.4614500000001,440.69226666666714,402.82559999999967,417.59449999999987,422.7529999999998,424.9,402.82559999999967,,458.4614500000001,,,,0,0,0,0,0,0,0,0,0,178.58115558423083,170.51544892589493,,,,,0,79654376,35196441.52,69.59242745646742,54.7242225295562,,,,,,
2026-06-01,464.84,466.32,458.27,460.52,404.25559999999973,,458.16115000000013,,,,0,0,0,0,0,0,0,0,0,458.16115000000013,440.2920000000004,404.25559999999973,419.8984999999998,426.61299999999983,433.28999999999996,404.25559999999973,,458.16115000000013,,,,0,0,0,0,0,0,0,0,0,182.2626499825199,171.58337629467903,,,,,0,53628910,35766244.28,72.8553925436126,56.19794828862813,,,,,72.8553925436126,
2026-06-02,446.88,453.5,440.43,441.31,405.44439999999975,,457.75530000000015,,,,0,0,0,0,0,0,0,0,0,457.75530000000015,439.74333333333374,405.44439999999975,421.2829999999998,428.38999999999976,438.346,405.44439999999975,,457.75530000000015,,,,0,0,0,0,0,0,0,0,0,174.2024618583017,171.82147498228107,,,,,0,37036801,35489917.22,59.916525991045646,56.978495178532945,,,,,,
2026-06-03,438.45,440.39,424.25,427.34,406.33119999999974,,457.29115000000013,,,,0,0,0,0,0,0,0,0,0,457.29115000000013,439.0488000000004,406.33119999999974,422.08099999999985,429.3819999999998,441.2799999999999,406.33119999999974,,457.29115000000013,,,,0,0,0,0,0,0,0,0,0,168.47026914085444,171.51681990578774,,,,,0,39037007,35677056.18,52.60045728161687,57.35452618762668,,,,,,
2026-06-04,435.81,436.15,426.41,428.05,407.43739999999974,,456.8459000000001,,,,0,0,0,0,0,0,0,0,0,456.8459000000001,438.2886666666671,407.43739999999974,422.7854999999998,430.0809999999998,441.492,407.43739999999974,,456.8459000000001,,,,0,0,0,0,0,0,0,0,0,170.00345527405887,171.3792413029033,,,,,0,26899511,35360373.9,52.91513004362008,57.54045748558982,,,,,,
2026-06-05,428.34,429.47,414.4,416.67,408.3499999999998,,456.38040000000007,,,,0,0,0,0,0,0,0,0,0,456.38040000000007,437.4561333333338,408.3499999999998,422.58049999999974,429.8389999999998,434.77799999999996,408.3499999999998,,456.38040000000007,,,,0,0,0,0,0,0,0,0,0,164.81503944981225,170.78249567989502,,,,,0,34782165,35432393.94,47.47489560504161,56.79609894404873,,,,,,
2026-06-08,414.14,417.1599,408.56,411.74,409.2653999999998,,455.9105,,,,0,0,0,0,0,0,0,0,0,455.9105,436.6960000000005,409.2653999999998,422.4114999999998,429.1559999999998,425.02199999999993,409.2653999999998,,455.9105,,,,0,0,0,0,0,0,0,0,0,167.2894323058942,170.46494446407675,,,,,0,32086714,35337396.74,45.301973252417135,55.83375338890096,,,,,,
2026-06-09,409.03,411.98,398.48,403.41,410.1981999999997,,455.40635000000003,,,,0,0,0,0,0,0,0,0,0,455.40635000000003,435.93333333333385,410.1981999999997,421.9489999999998,427.8939999999999,417.442,410.1981999999997,,455.40635000000003,,,,0,0,0,0,0,0,0,0,0,163.4182766834285,169.82433830219964,,,,,0,35317302,35286074.78,41.819100247707205,54.95125411547925,,,,,,
2026-06-10,398.55,405.04,397.16,397.36,410.96619999999973,,454.857,,,,0,0,0,0,0,0,0,0,0,454.857,435.13553333333385,410.96619999999973,421.4284999999998,426.36299999999983,411.446,410.96619999999973,,454.857,,,,0,0,0,0,0,0,0,0,0,161.38281713250643,169.05692728677298,,,,,0,32576041,35041655.56,39.44701794135987,53.74303950226009,,,,,,
2026-06-11,395.205,396.85,384,390.34,411.36959999999976,,454.28740000000005,,,,0,0,0,0,0,0,0,0,0,454.28740000000005,434.30893333333387,411.36959999999976,420.6849999999998,422.69799999999975,403.904,411.36959999999976,,454.28740000000005,,,,0,0,0,0,0,0,0,0,0,161.1421494426861,168.33740202821963,,,,,0,47224135,35081250.94,36.83608927146563,52.457326016327364,,,,,,
2026-06-12,391.43,391.74,382.27,390.74,411.79699999999974,,453.7309,,,,0,0,0,0,0,0,0,0,0,453.7309,433.5328000000006,411.79699999999974,419.75049999999976,416.74799999999976,398.71799999999996,411.79699999999974,,453.7309,,,,0,0,0,0,0,0,0,0,0,158.5300048280367,167.44582046456662,,,,,0,34922036,35191347.54,37.09159290499204,51.21977735576127,,,,,,
2026-06-15,396.795,401.75,392.845,399.76,412.32299999999975,,453.1960000000001,,,,0,0,0,0,0,0,0,0,0,453.1960000000001,432.8838666666672,412.32299999999975,418.6424999999998,410.67199999999974,396.322,412.32299999999975,,453.1960000000001,,,,0,0,0,0,0,0,0,0,0,161.3790040974507,166.89429170391972,,,,,0,32266437,35354694.94,42.718546442270195,50.53428191712589,,,,,,
2026-06-16,395.79,396.84,390.69,393.83,412.74199999999973,,452.61695,,,,0,0,0,0,0,0,0,0,0,452.61695,432.19726666666725,412.74199999999973,417.1569999999998,405.92399999999975,394.40599999999995,412.74199999999973,,452.61695,,,,0,0,0,0,0,0,0,0,0,156.40008048417585,165.94027250212483,,,,,0,31506846,35661900.42,40.17437370307232,49.86194710964461,,,,,,
2026-06-17,390.25,390.37,377.32,378.91,412.87439999999975,,451.97805,,,,0,0,0,0,0,0,0,0,0,451.97805,431.35000000000053,412.87439999999975,415.23149999999976,401.0809999999998,390.71599999999995,412.87439999999975,,451.97805,,,,0,0,0,0,0,0,0,0,0,151.33518120601653,164.61253692975134,,,,,0,41987834,36072790.12,34.59215818808126,48.09540577662641,,,,,,
2026-06-18,377.82,381.37,373.28,379.4,412.9757999999997,,451.34945,,,,0,0,0,0,0,0,0,0,0,451.34945,430.48813333333385,412.9757999999997,413.1484999999998,396.2159999999998,388.5279999999999,412.9757999999997,,451.34945,,,,0,0,0,0,0,0,0,0,0,153.39395238075983,163.59266560711575,,,,,0,59714157,36605776.9,34.91202573509548,45.61823422509984,,,,,,
2026-06-22,375.74,381.63,367.07,367.34,412.8611999999997,,450.65939999999995,,,,0,0,0,0,0,0,0,0,0,450.65939999999995,429.5294666666673,412.8611999999997,410.5609999999998,391.2829999999998,383.8479999999999,412.8611999999997,,450.65939999999995,,,,0,0,0,0,0,0,0,0,0,146.92483371263785,162.0774081621632,,,,,0,45171106,36900493.08,30.905956419881775,42.621845930547636,,,,,,
2026-06-23,372.38,377.22,370.67,373.94,412.9225999999997,,449.98924999999997,,,,0,0,0,0,0,0,0,0,0,449.98924999999997,428.66713333333394,412.9225999999997,408.32949999999977,387.50299999999976,378.6839999999999,412.9225999999997,,449.98924999999997,,,,0,0,0,0,0,0,0,0,0,150.12083856342622,160.99044728955076,,,,,0,40647605,37151222.62,35.28264344254238,40.86228289136883,,,,,,
2026-06-24,371.57,378.88,364.78,365.46,412.5443999999997,,449.34155,,,,0,0,0,0,0,0,0,0,0,449.34155,427.7023333333339,412.5443999999997,405.8009999999998,383.70799999999974,373.0099999999999,412.5443999999997,,449.34155,,,,0,0,0,0,0,0,0,0,0,148.85444881168155,159.88717470065356,,,,,0,44509854,37326504.08,32.43939850429204,39.422207264417054,,,,,,
2026-06-25,362.77,364.23,349.2,352.83,411.7387999999997,,448.6147,,,,0,0,0,0,0,0,0,0,0,448.6147,426.6712666666672,411.7387999999997,402.8089999999998,379.25499999999977,367.79399999999987,411.7387999999997,,448.6147,,,,0,0,0,0,0,0,0,0,0,143.85156172493038,158.42939170286056,,,,,0,66360473,37903623.82,28.726386601671067,37.69443987570641,,,28.726386601671067,,,
2026-06-26,357.15,376.61,355.43,372.97,410.9737999999997,,447.9875,,,,0,0,0,0,0,0,0,0,0,447.9875,425.86580000000055,410.9737999999997,400.10799999999983,377.51799999999974,366.5079999999999,410.9737999999997,,447.9875,,,,0,0,0,0,0,0,0,0,0,152.0778853629232,157.85198203559352,,,,,0,186201632,40726388.68,40.43454999789699,37.19155804662465,,,,,,
2026-06-29,377.5,380.5,359.9,368.57,409.9399999999997,,447.32849999999996,,,,0,0,0,0,0,0,0,0,0,447.32849999999996,425.0754666666672,409.9399999999997,396.0244999999998,375.30099999999976,366.7539999999999,409.9399999999997,,447.32849999999996,,,,0,0,0,0,0,0,0,0,0,150.35429553591706,157.17037417198657,,,,,0,51229885,40918139.16,38.92994773056415,36.73641336649229,,,,,,
2026-06-30,371.03,374.15,367.45,373.02,408.9445999999997,,446.68855,,,,0,0,0,0,0,0,0,0,0,446.68855,424.3727333333339,408.9445999999997,391.6494999999998,372.6269999999997,366.5699999999999,408.9445999999997,,446.68855,,,,0,0,0,0,0,0,0,0,0,150.40259769932652,156.5551217653811,,,,,0,44945696,40845689.28,41.30862435410338,36.69995080266345,,,,,,
2026-07-01,380.825,388.83,374.89,384.28,408.26879999999977,,446.06045,,,,0,0,0,0,0,0,0,0,0,446.06045,423.78713333333394,408.26879999999977,388.7979999999998,371.6719999999997,370.33399999999995,408.26879999999977,,446.06045,,,,0,0,0,0,0,0,0,0,0,153.72511787672548,156.29784868459421,,,,,0,48065801,41255360.56,46.94026872358259,37.235183001393644,,,,,,
2026-07-02,384.48,392.2,383.7,390.49,407.5953999999998,,445.4361,,,,0,0,0,0,0,0,0,0,0,445.4361,423.2304000000006,407.5953999999998,386.95549999999974,372.8299999999997,377.86599999999993,407.5953999999998,,445.4361,,,,0,0,0,0,0,0,0,0,0,156.5460369385947,156.32041125313972,,,,,1,42194410,41458278.86,49.801104870664815,38.16125554419359,,,,,49.801104870664815,
2026-07-06,387.04,389.15,381.22,386.74,406.6717999999998,,444.8246,,,,0,0,0,0,0,0,0,0,0,444.8246,422.6287333333339,406.6717999999998,384.88999999999976,373.56399999999974,380.6199999999999,406.6717999999998,,444.8246,,,,0,0,0,0,0,0,0,0,0,155.04246823568403,156.2042346151892,,,,,0,34224543,41555206.26,48.11406877824197,38.94857524942573,,,,,,
2026-07-07,392.49,395.57,388.22,388.84,406.1335999999998,,444.21869999999996,,,,0,0,0,0,0,0,0,0,0,444.21869999999996,421.9843333333339,406.1335999999998,383.49849999999975,375.7139999999997,384.67399999999986,406.1335999999998,,444.21869999999996,,,,0,0,0,0,0,0,0,0,0,154.76362632886804,156.07327022552363,,,,,0,29297524,41374997.56,49.152851480840226,39.40816846646644,,,,,,
2026-07-08,384.03,385.31,381.33,383.34,405.30799999999977,,443.5931499999999,,,,0,0,0,0,0,0,0,0,0,443.5931499999999,421.2598666666672,405.30799999999977,382.07849999999974,376.6539999999997,386.7379999999999,405.30799999999977,,443.5931499999999,,,,0,0,0,0,0,0,0,0,0,153.25732790500876,155.81727546911318,,,,,0,25908255,41344014.56,46.5256371687344,39.86183014258516,,,,,,
2026-07-09,374.45,384.65,373.35,384.36,404.49879999999973,,442.9253,,,,0,0,0,0,0,0,0,0,0,442.9253,420.57733333333385,404.49879999999973,381.12599999999975,378.54399999999976,386.7539999999999,404.49879999999973,,442.9253,,,,0,0,0,0,0,0,0,0,0,154.09925013798477,155.6610913481015,,,,,0,31083197,41348332.44,47.09044802225842,40.754565130740666,,,,,,
2026-07-10,387.8,391.91,381.5,385.1,403.61579999999975,,442.27854999999994,,,,0,0,0,0,0,0,0,0,0,442.27854999999994,419.8780000000005,403.61579999999975,380.51299999999975,381.77099999999973,385.6759999999999,403.61579999999975,,442.27854999999994,,,,0,0,0,0,0,0,0,0,0,153.14887773011438,155.43270829192085,,,,,0,24644605,41232462.8,47.52349849826405,41.65538461382414,,,,,,
2026-07-13,387.745,393.65,384.15,390.99,402.9463999999997,,441.6873499999999,,,,0,0,0,0,0,0,0,0,0,441.6873499999999,419.2997333333338,402.9463999999997,380.5454999999997,383.57299999999975,386.52599999999995,402.9463999999997,,441.6873499999999,,,,0,0,0,0,0,0,0,0,0,154.8395528151026,155.37878506675554,,,,,0,28914877,41044994.02,50.963748164944015,43.088084024185726,,,,,,
2026-07-14,382.82,388.19,378.65,384.93,402.4893999999997,,441.06125,,,,0,0,0,0,0,0,0,0,0,441.06125,418.66033333333377,402.4893999999997,380.25499999999977,385.2089999999997,385.7439999999999,402.4893999999997,,441.06125,,,,0,0,0,0,0,0,0,0,0,153.65771874592502,155.2223244921346,,,,,0,27863916,40184084.18,47.5125089329765,43.96164584493102,,,,,,
2026-07-15,387.8,398.96,386.4,395.63,402.1131999999998,,440.50425,,,,0,0,0,0,0,0,0,0,0,440.50425,418.0768000000004,402.1131999999998,380.04849999999976,387.4699999999997,388.2019999999999,402.1131999999998,,440.50425,,,,0,0,0,0,0,0,0,0,0,157.33755413536525,155.41461809606466,,,,,1,36253745,40281711.86,53.500215152032474,45.46598989119819,,,,,,
2026-07-16,398.31,405.99,392.0501,401.1,401.86279999999977,,439.95245,,,,0,0,0,0,0,0,0,0,0,439.95245,417.4773333333338,401.86279999999977,380.41199999999975,389.1519999999997,391.5499999999999,401.86279999999977,,439.95245,,,,0,0,0,0,0,0,0,0,0,158.90602715123345,155.73201891926183,,,,,0,37047443,40461330.16,56.24804815067472,47.43182285898416,,,,,56.24804815067472,
2026-07-17,394.855,398.39,389.39,393.82,401.51159999999976,,439.34855000000005,,,,0,0,0,0,0,0,0,0,0,439.34855000000005,416.8226666666671,401.51159999999976,381.15749999999974,389.48499999999973,393.2939999999999,401.51159999999976,,439.34855000000005,,,,0,0,0,0,0,0,0,0,0,156.82188333331118,155.83109750235724,,,,,0,33049842,40608309.18,51.855999547293884,48.247640683941086,,,,,,
2026-07-20,391.41,403.18,389.65,402.29,401.2781999999998,,438.77025000000003,,,,0,0,0,0,0,0,0,0,0,438.77025000000003,416.3142000000004,401.2781999999998,382.30199999999974,391.03999999999974,395.554,401.2781999999998,,438.77025000000003,,,,0,0,0,0,0,0,0,0,0,161.8289309424232,156.37635508781779,,,,,0,27915762,40560906.46,56.14643434204714,49.477389727618444,,,,,,
2026-07-21,398.805,401.47,396.32,397.75,400.81779999999975,,438.1604500000001,,,,0,0,0,0,0,0,0,0,0,438.1604500000001,415.7427333333338,400.81779999999975,383.8224999999997,391.9309999999997,398.11799999999994,400.81779999999975,,438.1604500000001,,,,0,0,0,0,0,0,0,0,0,160.3123891617674,156.73417636726776,,,,,0,24126632,40344590.2,53.39946890455422,50.34102148122208,,,,,,
2026-07-22,399.58,401,386.96,390.34,400.3221999999998,,437.53345,,,,0,0,0,0,0,0,0,0,0,437.53345,415.1548000000005,400.3221999999998,384.6424999999997,392.63099999999974,397.05999999999995,400.3221999999998,,437.53345,,,,0,0,0,0,0,0,0,0,0,155.9447078250679,156.66240649979505,,,,,0,28142511,40239764.62,49.17096456732903,50.50035689863254,,,,,,
2026-07-23,389.965,391.78,377.39,381.58,399.7005999999998,,436.85460000000006,,,,0,0,0,0,0,0,0,0,0,436.85460000000006,414.5332000000005,399.7005999999998,385.4484999999997,392.3529999999997,393.15599999999995,399.7005999999998,,436.85460000000006,,,,0,0,0,0,0,0,0,0,0,152.6531679059496,156.29793026399093,,,,,0,30351752,40133640.8,44.66782666868827,50.13369416991993,,,44.66782666868827,,,
2026-07-24,387.05,389.03,380.65,381.7,399.17919999999975,,436.1202500000001,,,,0,0,0,0,0,0,0,0,0,436.1202500000001,413.9019333333338,399.17919999999975,386.8919999999997,392.01299999999975,390.7319999999999,399.17919999999975,,436.1202500000001,,,,0,0,0,0,0,0,0,0,0,154.5698743301432,156.14083427000477,,,,,0,27659388,39914944.14,44.74248180921582,49.8928665292752,,,,,,
2026-07-27,390.08,394.2,387.99,389.1,398.85699999999974,,435.44585000000006,,,,0,0,0,0,0,0,0,0,0,435.44585000000006,413.3218000000004,398.85699999999974,387.6984999999997,391.8239999999997,388.09399999999994,398.85699999999974,,435.44585000000006,,,,0,0,0,0,0,0,0,0,0,157.48828248322314,156.26332956211553,,,,,1,27856160,39878725.88,49.28650642241992,49.902413310816605,,,,,,
2026-07-28,393.16,400.32,391.3,393.35,398.5353999999997,,434.78835000000004,,,,0,0,0,0,0,0,0,0,0,434.78835000000004,412.71760000000046,398.5353999999997,388.9374999999997,392.6659999999997,387.21399999999994,398.5353999999997,,434.78835000000004,,,,0,0,0,0,0,0,0,0,0,159.18269892272951,156.5287267767168,,,,,0,32367546,39984525.96,51.741040937860284,50.27494215146846,,,,,,
2026-07-29,393.4,401.25,388.74,390.54,397.9077999999998,,434.1290500000001,,,,0,0,0,0,0,0,0,0,0,434.1290500000001,412.0817333333337,397.9077999999998,389.8134999999997,392.15699999999975,387.2539999999999,397.9077999999998,,434.1290500000001,,,,0,0,0,0,0,0,0,0,0,157.71364880909113,156.6364469614781,,,,,0,47209032,39913283.4,50.017315594836695,50.48400412093834,,,,,,
2026-07-30,437.9,458.69,432.44,451.1,398.4589999999997,,433.82975000000005,,,,0,0,0,0,0,0,0,0,0,433.82975000000005,411.85626666666707,398.4589999999997,393.15449999999976,397.15699999999975,401.15799999999996,398.4589999999997,,433.82975000000005,,,,0,0,0,0,0,0,0,0,0,184.9743375955933,159.21261883730676,,,,,0,110160704,41465214.88,71.81230603410259,52.21891894492681,,,,,,
2026-07-31,450,466.84,449.33,464.72,399.4049999999998,,433.5831000000001,,,,0,0,0,0,0,0,0,0,0,433.5831000000001,411.7087333333338,399.4049999999998,396.8659999999997,404.24699999999973,417.7619999999999,399.4049999999998,,433.5831000000001,,,,0,0,0,0,0,0,0,0,0,187.44680765243768,161.77936327504594,,,,,0,60845971,42021760.74,74.50489373007659,53.900429342436276,,,,,,
2026-08-03,476.125,491.65,475,487.65,400.7367999999998,,433.4535000000001,,,,0,0,0,0,0,0,0,0,0,433.4535000000001,411.70626666666715,400.7367999999998,401.9114999999997,412.7829999999998,437.4719999999999,400.7367999999998,,433.4535000000001,,,,0,0,0,0,0,0,0,0,0,195.3277292075004,164.8292147234509,,,,,0,66762074,42799721.9,78.26855510950509,56.097289783616894,,,,,,
2026-08-04,480.9,499.4399,479.17,492.81,402.2111999999998,,433.3504000000001,,,,0,0,0,0,0,0,0,0,0,433.3504000000001,411.7402666666671,402.2111999999998,407.1099999999998,422.28899999999976,457.36399999999986,402.2111999999998,,433.3504000000001,,,,0,0,0,0,0,0,0,0,0,194.5174659561871,167.52814665369962,,,,,0,50455454,43180961.6,79.0191525386582,57.92007102551873,,,,,,
2026-08-05,496.355,498.24,485.68,487.46,403.5889999999997,,433.22965000000005,,,,0,0,0,0,0,0,0,0,0,433.22965000000005,411.74266666666716,403.5889999999997,412.3159999999997,432.00099999999975,476.7479999999999,403.5889999999997,,433.22965000000005,,,,0,0,0,0,0,0,0,0,0,189.02297156861223,169.48222164596442,,,,,0,33388871,43400932.14,76.08484653324939,59.33698519570264,,,,,,
2026-08-06,488.55,501.555,488.52,499.86,405.2655999999998,,433.16105000000005,,,,0,0,0,0,0,0,0,0,0,433.16105000000005,411.8252000000005,405.2655999999998,418.0909999999997,443.82899999999984,486.49999999999983,405.2655999999998,,433.16105000000005,,,,0,0,0,0,0,0,0,0,0,194.15683202672346,171.72536804421523,,,,,0,36441544,43521802.04,78.11347465144468,61.21251913171341,,,,,,
2026-08-07,499.21,505.18,498.73,499.99,407.0119999999998,,433.07705000000004,,,,0,0,0,0,0,0,0,0,0,433.07705000000004,411.9343333333339,407.0119999999998,423.8354999999998,455.6579999999998,493.5539999999999,407.0119999999998,,433.07705000000004,,,,0,0,0,0,0,0,0,0,0,194.54964746898818,173.8003025373764,,,,,0,28846235,43520697.16,78.13441561726967,62.78308922280073,,,,,,
2026-08-10,503.44,513.73,502.27,506.06,408.5933999999997,,433.01905000000005,,,,0,0,0,0,0,0,0,0,0,433.01905000000005,412.1551333333339,408.5933999999997,429.58899999999977,467.3539999999998,497.2359999999999,408.5933999999997,,433.01905000000005,,,,0,0,0,0,0,0,0,0,0,195.701269973858,175.79129957705655,,,,,0,31206137,43199809.08,79.1381145604544,64.62156391250788,,,,,79.1381145604544,
2026-08-11,504.33,505.33,499.55,503.81,409.66479999999973,,432.9354,,,,0,0,0,0,0,0,0,0,0,432.9354,412.3615333333339,409.66479999999973,435.53299999999973,478.3999999999998,499.43599999999986,409.66479999999973,,432.9354,,,,0,0,0,0,0,0,0,0,0,194.94499626601458,177.53254473059818,,,,,0,23049791,42067717.38,77.71407977777525,66.66035785611119,,,,,,
2026-08-12,499.99,501.5,491.52,492.43,410.3029999999997,,432.7947500000001,,,,0,0,0,0,0,0,0,0,0,432.7947500000001,412.45433333333386,410.3029999999997,440.37299999999976,488.58899999999977,500.42999999999984,410.3029999999997,,432.7947500000001,,,,0,0,0,0,0,0,0,0,0,191.15576719029008,178.77101949966107,,,,,0,29001478,41575168.74,70.77707583720048,68.52530422529063,,,,,,
2026-08-13,493.265,501.34,493.01,496.88,411.4143999999997,,432.6611000000001,,,,0,0,0,0,0,0,0,0,0,432.6611000000001,412.5437333333339,411.4143999999997,445.1619999999997,493.16699999999975,499.83399999999983,411.4143999999997,,432.6611000000001,,,,0,0,0,0,0,0,0,0,0,192.377879589598,180.00800678056441,,,,,0,23038979,41295212.3,71.83577476549569,70.46053943645349,,,,,,
2026-08-14,496.355,500.01,493.92,495.4,412.77559999999977,,432.4805,,,,0,0,0,0,0,0,0,0,0,432.4805,412.65900000000056,412.77559999999977,450.2409999999997,496.2349999999998,498.9159999999998,412.77559999999977,,432.4805,,,,0,0,0,0,0,0,0,0,0,190.5631370215887,180.96756407520297,,,,,0,16217647,40838825.1,70.91558608472968,72.00547369804704,,,,,,
2026-08-17,490.14,492.66,478.41,480.35,413.82159999999976,,432.17190000000005,,,,0,0,0,0,0,0,0,0,0,432.17190000000005,412.6661333333339,413.82159999999976,454.14399999999966,495.50499999999977,493.7739999999998,413.82159999999976,,432.17190000000005,,,,0,0,0,0,0,0,0,0,0,185.08790407102197,181.34214043845924,,,,,0,29635848,40893551.84,62.19138260299756,72.75192667412827,,,,,,
2026-08-18,481.54,484.27,477.1505,481.63,415.12079999999975,,431.87229999999994,,,,0,0,0,0,0,0,0,0,0,431.87229999999994,412.6958000000005,415.12079999999975,458.33799999999974,494.38699999999983,489.33799999999985,415.12079999999975,,431.87229999999994,,,,0,0,0,0,0,0,0,0,0,186.55633397288076,181.81615803249755,,,,,0,24087591,40679660.36,62.61265870712544,73.65159403929177,,,,,,
2026-08-19,480.065,489.3,479.36,484.31,416.5721999999997,,431.66504999999995,,,,0,0,0,0,0,0,0,0,0,431.66504999999995,412.78673333333387,416.5721999999997,463.0364999999997,494.0719999999998,487.71399999999977,416.5721999999997,,431.66504999999995,,,,0,0,0,0,0,0,0,0,0,188.8943492776686,182.45962996387675,,,,,0,19961871,40437163.5,63.52895050268285,73.05992578704749,,,,,,
2026-08-20,483.3,484.16,479.5,481.15,418.12699999999967,,431.48175000000003,,,,0,0,0,0,0,0,0,0,0,431.48175000000003,412.9318666666672,418.12699999999967,468.01499999999976,492.20099999999974,484.56799999999976,418.12699999999967,,431.48175000000003,,,,0,0,0,0,0,0,0,0,0,187.26696229102825,182.89666017543598,,,,,0,20020822,40131233.9,61.611569330825816,72.13897404424385,,,61.611569330825816,,,
2026-08-21,479.88,486.36,478.53,483.24,419.8445999999996,,431.3128,513.73,477.1505,,1,1,0,0,0,0,0,0,0,431.3128,413.10906666666716,419.8445999999996,473.09199999999976,490.52599999999984,482.1359999999998,419.8445999999996,,431.3128,513.73,477.1505,,1,1,0,0,0,0,0,0,0,189.7251202696973,183.5174292749143,,,,,0,22510774,39929928.56,62.41944377141601,71.00689466295178,,,,,,
2026-08-24,483.205,490.605,481.86,487.31,421.78399999999965,,431.17769999999996,513.73,477.1505,,0,0,0,0,0,0,0,0,0,431.17769999999996,413.2920666666672,421.78399999999965,478.00249999999977,488.6509999999997,483.5279999999998,421.78399999999965,,431.17769999999996,513.73,477.1505,,0,0,0,0,0,0,0,0,0,190.49511555997432,184.15176439173794,,,,,0,17230751,39330060.88,64.00792890374386,69.93466440331504,,,,,,
2026-08-25,485.44,492.435,484.3,491.71,423.80339999999967,,431.1004499999999,513.73,477.1505,,0,0,0,0,0,0,0,0,0,431.1004499999999,413.54000000000053,423.80339999999967,482.9204999999997,487.4409999999998,485.54399999999976,423.80339999999967,,431.1004499999999,513.73,477.1505,,0,0,0,0,0,0,0,0,0,192.75538818167325,184.93391200900479,,,,,0,19518987,39021999.9,65.69606272434652,69.19260841696483,,,,,,
2026-08-26,487.85,497.4,487.31,496.37,425.73559999999964,,431.0967999999999,513.73,477.1505,,0,0,0,0,0,0,0,0,0,431.0967999999999,413.88840000000056,425.73559999999964,488.2119999999997,487.83499999999975,487.9559999999998,425.73559999999964,,431.0967999999999,513.73,477.1505,,0,0,0,0,0,0,0,0,0,193.96322655940645,185.75475878631403,,,,,0,20758853,38791848.22,67.43798673374346,68.43007356570045,,,,,,
2026-08-27,494.88,506.48,490.08,505.06,427.9601999999997,,431.138,513.73,477.1505,,0,0,0,0,0,0,0,0,0,431.138,414.2478666666673,427.9601999999997,490.90999999999974,488.6529999999998,492.7379999999997,427.9601999999997,,431.138,513.73,477.1505,,0,0,0,0,0,0,0,0,0,197.39958570553824,186.81337941533442,,,,,0,28688756,38735486.42,70.45128661364133,67.88127863686987,,,,,,
2026-08-28,505.33,517.78,504.8675,513.53,430.65259999999967,,431.17564999999996,513.73,477.1505,,0,0,0,0,0,0,0,0,0,431.17564999999996,414.5650666666668,430.65259999999967,493.3504999999997,490.4659999999998,498.7959999999998,430.65259999999967,,431.17564999999996,513.73,477.1505,,0,0,0,0,0,0,0,0,0,199.27460777985743,187.9462183575638,,,,,0,29207325,38479876.24,73.06740626261121,67.44765661559536,,,,,,
2026-08-31,510.38,512.19,507.31,510.7,433.27859999999964,,431.18574999999987,513.73,477.1505,,0,0,0,0,0,0,0,0,0,431.18574999999987,414.8345333333334,433.27859999999964,494.5029999999998,493.50099999999986,503.4739999999998,433.27859999999964,,431.18574999999987,513.73,477.1505,,0,0,0,0,0,0,0,0,0,199.6874547897749,189.0136034877648,,,,,0,8605168,37457696.46,70.81155295760865,66.95461898558345,,,,,,