time,open,high,low,close,50MA,150MA,200MA,Pivot,Handle Low,Buy Zone Upper,C&H Detected,Qualified Setup,Breakout Wait,Retest Seen,BUY Hold,BUY Retest,Pattern Failed,Breakout Failed,Stop,MA,MA,MA,MA,MA,MA,50MA,150MA,200MA,Pivot,Handle Low,Buy Zone Upper,C&H Detected,Qualified Setup,Breakout Wait,Retest Seen,BUY Hold,BUY Retest,Pattern Failed,Breakout Failed,Stop,Relative Strength Line,Relative Strength Line MA,PlotCandle (開盤價),PlotCandle (最高價,PlotCandle (最低價),PlotCandle (關閉),Shapes,Volume,Volume MA,RSI,RSI-based MA,Upper Bollinger Band,Lower Bollinger Band,Regular Bullish,Regular Bullish Label,Regular Bearish,Regular Bearish Label
2025-06-23,142.5,144.78,142.03,144.17,126.08980000000007,,128.24222499999996,,,,0,0,0,0,0,0,0,0,0,128.24222499999996,128.12553333333332,126.08980000000007,140.8424999999998,143.87000000000006,144.46199999999996,126.08980000000007,,128.24222499999996,,,,0,0,0,0,0,0,0,0,0,72.47333629364007,70.46404265592757,,,,,0,154308941,225308550.98,62.98520655667937,66.43039228799154,,,,,,
2025-06-24,145.56,147.96,145.5,147.9,126.89640000000007,,128.45067499999996,,,,0,0,0,0,0,0,0,0,0,128.45067499999996,128.13639999999998,126.89640000000007,141.67299999999977,144.39700000000005,145.10399999999998,126.89640000000007,,128.45067499999996,,,,0,0,0,0,0,0,0,0,0,73.641197910097,70.75287495176116,,,,,0,187566121,220303626.34,67.70469392967959,66.35517338533053,,,,,,
2025-06-25,149.27,154.45,149.26,154.31,127.76400000000007,,128.68617499999996,,,,0,0,0,0,0,0,0,0,0,128.68617499999996,128.18673333333334,127.76400000000007,142.6134999999998,145.43200000000004,147.142,127.76400000000007,,128.68617499999996,,,,0,0,0,0,0,0,0,0,0,75.9874527879137,71.22874566413866,,,,,0,269146471,219418210.46,73.87043817575088,66.67747275871085,,,,,,
2025-06-26,155.975,156.715,154,155.02,128.65020000000007,,128.94712499999997,,,,0,0,0,0,0,0,0,0,0,128.94712499999997,128.27366666666666,128.65020000000007,143.6239999999998,146.651,149.04999999999998,128.65020000000007,,128.94712499999997,,,,0,0,0,0,0,0,0,0,0,76.33758197024041,71.69318532832972,,,,,0,198145746,218087024.4,74.45225159606112,67.30879881982405,,,,,,
2025-06-27,156.04,158.71,155.255,157.75,129.56120000000007,,129.20352499999998,,,,0,0,0,0,0,0,0,0,0,129.20352499999998,128.39100000000002,129.56120000000007,144.5519999999998,147.92600000000004,151.82999999999998,129.56120000000007,,129.20352499999998,,,,0,0,0,0,0,0,0,0,0,77.06387060109006,72.1814294440352,,,,,0,263234539,218772377.18,76.60895404524844,67.97250887129307,,,,,,
2025-06-30,158.4,158.66,155.96,157.99,130.63120000000006,,129.45297499999998,,,,0,0,0,0,0,0,0,0,0,129.45297499999998,128.4642,130.63120000000006,145.6949999999998,149.52800000000005,154.594,130.63120000000006,,129.45297499999998,,,,0,0,0,0,0,0,0,0,0,76.78014864540879,72.59949482597825,,,,,0,194580316,214723646.1,76.79441962171379,68.58574769225076,,,,,76.79441962171379,
2025-07-01,156.29,157.2,151.49,153.3,131.66740000000007,,129.63492499999995,,,,0,0,0,0,0,0,0,0,0,129.63492499999995,128.5136,131.66740000000007,146.49099999999981,150.38900000000004,155.67399999999998,131.66740000000007,,129.63492499999995,,,,0,0,0,0,0,0,0,0,0,74.11836375533044,72.73757381955572,,,,,0,213143621,213136169.22,65.81271488999647,68.3210436539484,,,65.81271488999647,,,
2025-07-02,152.98,157.6,152.97,157.25,132.8742000000001,,129.82547499999998,,,,0,0,0,0,0,0,0,0,0,129.82547499999998,128.5841333333333,132.8742000000001,147.2924999999998,151.70200000000006,156.26199999999997,132.8742000000001,,129.82547499999998,,,,0,0,0,0,0,0,0,0,0,76.11301673760329,73.04443226665096,,,,,0,171224111,210790628.72,69.73780364148617,68.51705384893326,,,,,,
2025-07-03,158.37,160.98,157.77,159.34,134.08320000000006,,130.02667499999998,,,,0,0,0,0,0,0,0,0,0,130.02667499999998,128.7000666666667,134.08320000000006,148.1634999999998,153.08800000000002,157.12599999999998,134.08320000000006,,130.02667499999998,,,,0,0,0,0,0,0,0,0,0,76.76064367048258,73.38226966699929,,,,,0,143716055,208844854.14,71.59602666792993,68.68108173998873,,,,,,
2025-07-07,158.2,159.31,157.342,158.24,135.19380000000007,,130.233975,,,,0,0,0,0,0,0,0,0,0,130.233975,128.8482,135.19380000000007,149.0759999999998,154.52700000000004,157.224,135.19380000000007,,130.233975,,,,0,0,0,0,0,0,0,0,0,75.60006115272895,73.5838870747929,,,,,0,140138975,206697114.22,69.18801093383513,69.1436989681708,,,,,,
2025-07-08,159.33,160.22,158.39,160,136.26520000000005,,130.45602499999998,,,,0,0,0,0,0,0,0,0,0,130.45602499999998,129.00206666666668,136.26520000000005,149.98999999999978,156.11000000000004,157.62599999999998,136.26520000000005,,130.45602499999998,,,,0,0,0,0,0,0,0,0,0,77.04667262708287,73.89868576136472,,,,,0,138133025,205043473.9,70.87584004354962,69.50268673431115,,,,,,
2025-07-09,161.22,164.42,161.16,162.88,137.30260000000007,,130.70357499999997,,,,0,0,0,0,0,0,0,0,0,130.70357499999997,129.1856666666667,137.30260000000007,151.00249999999977,157.60800000000003,159.54199999999997,137.30260000000007,,130.70357499999997,,,,0,0,0,0,0,0,0,0,0,78.48995503982806,74.31607387758866,,,,,0,183656443,203695309.32,73.4397641636941,70.13249412657561,,,,,,
2025-07-10,164.32,164.5,161.61,164.1,138.41000000000005,,130.934725,,,,0,0,0,0,0,0,0,0,0,130.934725,129.358,138.41000000000005,152.00949999999978,158.58700000000005,160.91199999999998,138.41000000000005,,130.934725,,,,0,0,0,0,0,0,0,0,0,78.60136510597533,74.705645807442,,,,,0,167704075,202895221.24,74.4652630088308,70.7200434017191,,,,,,
2025-07-11,163.715,167.89,163.47,164.92,139.52800000000008,,131.17932499999998,,,,0,0,0,0,0,0,0,0,0,131.17932499999998,129.5332666666667,139.52800000000008,153.11399999999978,159.57700000000003,162.02799999999996,139.52800000000008,,131.17932499999998,,,,0,0,0,0,0,0,0,0,0,78.77754371886179,75.0758183448438,,,,,0,193633263,203359001.24,75.15949150382019,71.6207770555911,,,,,,
2025-07-14,165.37,165.49,162.02,164.07,140.63100000000006,,131.41837499999997,,,,0,0,0,0,0,0,0,0,0,131.41837499999997,129.692,140.63100000000006,154.06749999999977,160.20900000000003,163.19399999999996,140.63100000000006,,131.41837499999997,,,,0,0,0,0,0,0,0,0,0,78.63106135398596,75.39902225476581,,,,,0,136975754,201397624.1,72.94558233460364,72.33223246829998,,,,,,
2025-07-15,171.19,172.4,169.195,170.7,141.81280000000007,,131.66752499999996,,,,0,0,0,0,0,0,0,0,0,131.66752499999996,129.8624,141.81280000000007,155.50399999999976,161.48000000000005,165.33399999999997,141.81280000000007,,131.66752499999996,,,,0,0,0,0,0,0,0,0,0,81.69353359229805,75.97125055817783,,,,,0,230627350,201287740.96,78.31190377601266,73.08989031446663,,,,,,
2025-07-16,171.06,171.75,168.9,171.37,142.95020000000008,,131.906825,,,,0,0,0,0,0,0,0,0,0,131.906825,130.0378,142.95020000000008,156.8379999999998,163.28700000000003,167.03199999999998,142.95020000000008,,131.906825,,,,0,0,0,0,0,0,0,0,0,82.33967618922541,76.55019834281852,,,,,0,158831509,200660475.58,78.77018354963681,73.43987212688705,,,,,,
2025-07-17,172.02,174.16,170.83,173,144.1338000000001,,132.151625,,,,0,0,0,0,0,0,0,0,0,132.151625,130.24153333333334,144.1338000000001,158.28199999999975,164.86200000000002,168.81199999999998,144.1338000000001,,132.151625,,,,0,0,0,0,0,0,0,0,0,82.85824215999783,77.123656871653,,,,,0,160841119,201214033.14,79.88384142855374,73.82784282920795,,,,,79.88384142855374,
2025-07-18,173.64,174.25,171.26,172.41,145.31120000000007,,132.40667499999998,,,,0,0,0,0,0,0,0,0,0,132.40667499999998,130.46553333333333,145.31120000000007,159.62849999999975,166.16900000000004,170.31,145.31120000000007,,132.40667499999998,,,,0,0,0,0,0,0,0,0,0,82.13454865935671,77.57919248871697,,,,,0,146456416,200972649.04,78.28309467028257,73.94742430242468,,,,,,
2025-07-21,172.75,173.38,171,171.38,146.39760000000007,,132.656375,,,,0,0,0,0,0,0,0,0,0,132.656375,130.70759999999999,146.39760000000007,161.00499999999977,167.48300000000003,171.772,146.39760000000007,,132.656375,,,,0,0,0,0,0,0,0,0,0,81.65125667404611,77.94938014192871,,,,,0,123126136,199278615.34,75.440984341836,73.85075035386198,,,,,,
2025-07-22,171.34,171.39,164.58,167.03,147.39080000000007,,132.906525,,,,0,0,0,0,0,0,0,0,0,132.906525,130.8924,147.39080000000007,162.14799999999977,168.18600000000006,171.03799999999998,147.39080000000007,,132.906525,,,,0,0,0,0,0,0,0,0,0,79.4675835250944,78.08739863130741,,,,,0,193114327,199172339.44,64.74932932551312,73.77479424211317,,,64.74932932551312,,,
2025-07-23,169.53,171.26,167.97,170.78,148.47340000000008,,133.16617499999998,,,,0,0,0,0,0,0,0,0,0,133.16617499999998,131.11533333333333,148.47340000000008,163.29199999999977,168.97600000000006,170.92,148.47340000000008,,133.16617499999998,,,,0,0,0,0,0,0,0,0,0,81.19968999767022,78.37033421006767,,,,,0,154082197,199594539.6,68.84806000489952,73.71124112521412,,,,,,
2025-07-24,172.44,173.83,171.3,173.74,149.48820000000006,,133.42062499999997,,,,0,0,0,0,0,0,0,0,0,133.42062499999997,131.3786,149.48820000000006,164.26349999999977,169.94000000000003,171.06799999999998,149.48820000000006,,133.42062499999997,,,,0,0,0,0,0,0,0,0,0,81.96700687225778,78.69730445208495,,,,,0,128984628,197673765.26,71.65012540281978,73.71510532056341,,,,,,
2025-07-25,173.61,174.72,172.96,173.5,150.35960000000009,,133.663525,,,,0,0,0,0,0,0,0,0,0,133.663525,131.65526666666668,150.35960000000009,165.18749999999974,170.79800000000003,171.28599999999997,150.35960000000009,,133.663525,,,,0,0,0,0,0,0,0,0,0,81.7964094440673,78.97904126953789,,,,,0,122316792,193511499,71.09176236161449,73.85108756540478,,,,,,
2025-07-28,174.02,177,173.97,176.75,151.18780000000007,,133.908675,,,,0,0,0,0,0,0,0,0,0,133.908675,131.96433333333334,151.18780000000007,166.13749999999976,172.06600000000003,172.35999999999996,151.18780000000007,,133.908675,,,,0,0,0,0,0,0,0,0,0,82.99875560564439,79.34446984554756,,,,,0,140023521,190688352.82,74.04182152554945,74.07722909983333,,,,,,
2025-07-29,177.96,179.38,175.02,175.51,152.00140000000007,,134.12177499999996,,,,0,0,0,0,0,0,0,0,0,134.12177499999996,132.275,152.00140000000007,167.01349999999974,172.54700000000003,174.05599999999998,152.00140000000007,,134.12177499999996,,,,0,0,0,0,0,0,0,0,0,82.40215594951923,79.62244130954498,,,,,0,154077512,189237251.8,71.06213637207264,73.90739854328896,,,,,,
2025-07-30,176.51,179.89,176.04,179.27,152.87880000000007,,134.35487499999996,,,,0,0,0,0,0,0,0,0,0,134.35487499999996,132.59893333333332,152.87880000000007,168.31199999999976,173.33700000000005,175.75399999999996,152.87880000000007,,134.35487499999996,,,,0,0,0,0,0,0,0,0,0,84.41704194246627,80.058314094356,,,,,0,174312208,188192646.94,74.42329302257838,73.90440068712806,,,,,74.42329302257838,
2025-07-31,182.9,183.3,175.93,177.87,153.72480000000007,,134.57017499999995,,,,0,0,0,0,0,0,0,0,0,134.57017499999995,132.88673333333335,153.72480000000007,169.34299999999973,173.824,176.57999999999998,153.72480000000007,,134.57017499999995,,,,0,0,0,0,0,0,0,0,0,83.86283591261203,80.40417971419747,,,,,0,221685446,188763264.44,71.1113264716651,73.61524604197413,,,,,,
2025-08-01,174.09,176.54,170.89,173.72,154.51160000000007,,134.76477499999996,,,,0,0,0,0,0,0,0,0,0,134.76477499999996,133.11373333333333,154.51160000000007,170.06199999999973,173.955,176.62399999999997,154.51160000000007,,134.76477499999996,,,,0,0,0,0,0,0,0,0,0,82.20993220157176,80.56833903123149,,,,,0,204528985,189623559.2,62.26566285895634,72.85239465085647,,,62.26566285895634,,,
2025-08-04,175.16,180.2,174.52,180,155.4756000000001,,134.97442499999997,,,,0,0,0,0,0,0,0,0,0,134.97442499999997,133.37893333333332,155.4756000000001,171.14999999999972,174.81700000000004,177.27399999999994,155.4756000000001,,134.97442499999997,,,,0,0,0,0,0,0,0,0,0,86.56620711766591,81.11359976636189,,,,,0,148174609,187174876.62,68.62572756075193,72.16052492119499,,,,,,
2025-08-05,179.62,180.26,175.9,178.26,156.38420000000008,,135.20772499999995,,,,0,0,0,0,0,0,0,0,0,135.20772499999995,133.63446666666667,156.38420000000008,172.06299999999973,175.94,177.82399999999996,156.38420000000008,,135.20772499999995,,,,0,0,0,0,0,0,0,0,0,84.48434658835089,81.42003129563362,,,,,0,156407621,186556149.96,65.33966375746746,71.20120207889717,,,,,,
2025-08-06,176.325,179.9,176.25,179.42,157.3468000000001,,135.42622499999993,,,,0,0,0,0,0,0,0,0,0,135.42622499999993,133.9172,157.3468000000001,172.88999999999973,176.80400000000003,177.85399999999996,157.3468000000001,,135.42622499999993,,,,0,0,0,0,0,0,0,0,0,85.44894589789179,81.78629625947528,,,,,0,137192265,185323568.78,66.49161975230422,70.24461481630792,,,,,,
2025-08-07,181.57,183.88,178.795,180.77,158.25220000000007,,135.64542499999993,,,,0,0,0,0,0,0,0,0,0,135.64542499999993,134.2057333333333,158.25220000000007,173.72349999999975,177.507,178.43399999999994,158.25220000000007,,135.64542499999993,,,,0,0,0,0,0,0,0,0,0,85.46977565188612,82.12115802242172,,,,,0,151878365,184502063.82,67.83158413574995,69.49807834955558,,,,,,
2025-08-08,181.55,183.3,180.4,182.7,159.2100000000001,,135.86892499999993,,,,0,0,0,0,0,0,0,0,0,135.86892499999993,134.52846666666665,159.2100000000001,174.61249999999976,178.427,180.22999999999996,159.2100000000001,,135.86892499999993,,,,0,0,0,0,0,0,0,0,0,86.45124045936981,82.51480188032609,,,,,0,123396679,180889574.48,69.69723470809971,69.08781051857443,,,,,69.69723470809971,
2025-08-11,182.05,183.84,180.25,182.06,160.06740000000008,,136.06067499999995,,,,0,0,0,0,0,0,0,0,0,136.06067499999995,134.8201333333333,160.06740000000008,175.51199999999974,178.95800000000003,180.64199999999997,160.06740000000008,,136.06067499999995,,,,0,0,0,0,0,0,0,0,0,85.48166975509591,82.7845171416688,,,,,0,138323191,176243734.96,68.28300293030662,69.34021577605968,,,,,,
2025-08-12,182.96,184.48,179.46,183.16,161.02800000000008,,136.25852499999996,,,,0,0,0,0,0,0,0,0,0,136.25852499999996,135.07806666666667,161.02800000000008,176.13499999999974,179.723,181.62199999999996,161.02800000000008,,136.25852499999996,,,,0,0,0,0,0,0,0,0,0,86.2137677180056,83.09626719406306,,,,,0,145729202,172494901.98,69.43110927804133,69.38186215271266,,,,,,
2025-08-13,182.615,183.97,179.35,181.59,161.91220000000007,,136.46867499999996,,,,0,0,0,0,0,0,0,0,0,136.46867499999996,135.29246666666666,161.91220000000007,176.64599999999973,179.955,182.05599999999995,161.91220000000007,,136.46867499999996,,,,0,0,0,0,0,0,0,0,0,84.51615405499749,83.22534781778437,,,,,0,179871724,172139074.14,65.77162186327472,68.96196904274515,,,,,,
2025-08-14,179.75,183.02,179.46,182.02,162.7282000000001,,136.67672499999995,,,,0,0,0,0,0,0,0,0,0,136.67672499999995,135.57166666666666,162.7282000000001,177.09699999999972,180.37000000000003,182.30599999999995,162.7282000000001,,136.67672499999995,,,,0,0,0,0,0,0,0,0,0,84.44326917277884,83.33606794096568,,,,,0,129553959,170218577.66,66.29559177256371,68.61938542924152,,,,,,
2025-08-15,181.88,181.9,178.0417,180.45,163.49880000000007,,136.87127499999994,,,,0,0,0,0,0,0,0,0,0,136.87127499999994,135.84059999999997,163.49880000000007,177.49899999999974,181.04300000000003,181.85599999999997,163.49880000000007,,136.87127499999994,,,,0,0,0,0,0,0,0,0,0,83.6898027836309,83.36822565393524,,,,,0,156602161,170008204.5,62.53170805698321,67.79723446720108,,,,,,
2025-08-18,180.6,182.9375,180.59,182.01,164.33920000000006,,137.07872499999996,,,,0,0,0,0,0,0,0,0,0,137.07872499999996,136.14793333333333,164.33920000000006,178.03049999999973,181.24400000000003,181.84599999999995,164.33920000000006,,137.07872499999996,,,,0,0,0,0,0,0,0,0,0,84.65857027903233,83.48552971076225,,,,,0,132007959,168000148.5,64.67761644491524,67.34119732954699,,,,,,
2025-08-19,182.43,182.5,175.49,175.64,165.01760000000004,,137.25067499999994,,,,0,0,0,0,0,0,0,0,0,137.25067499999994,136.43066666666667,165.01760000000004,178.46099999999973,180.98200000000003,180.34199999999996,165.01760000000004,,137.25067499999994,,,,0,0,0,0,0,0,0,0,0,81.70366373295127,83.32354189459761,,,,,0,185229219,168625009.82,51.66551209152497,65.71564154875746,,,,,,
2025-08-20,175.165,176,168.801,175.4,165.67300000000006,,137.43099999999995,,,,0,0,0,0,0,0,0,0,0,137.43099999999995,136.7216,165.67300000000006,178.69199999999972,180.58,179.10399999999998,165.67300000000006,,137.43099999999995,,,,0,0,0,0,0,0,0,0,0,82.07307030021713,83.20986265874484,,,,,0,215142725,169225574.44,51.247181133034594,64.29677402456957,,,,,,
2025-08-21,174.85,176.9,173.81,174.98,166.29340000000008,,137.64209999999994,,,,0,0,0,0,0,0,0,0,0,137.64209999999994,136.97986666666665,166.29340000000008,178.7539999999997,180.00100000000003,177.69599999999997,166.29340000000008,,137.64209999999994,,,,0,0,0,0,0,0,0,0,0,82.07586553029414,83.10677201070386,,,,,0,140040850,168908753.5,50.47692548100735,63.45472135471607,,,50.47692548100735,,,
2025-08-22,172.61,178.59,171.2,177.99,166.99660000000006,,137.85504999999995,,,,0,0,0,0,0,0,0,0,0,137.85504999999995,137.27599999999998,166.99660000000006,178.97849999999968,179.53000000000003,177.20399999999995,166.99660000000006,,137.85504999999995,,,,0,0,0,0,0,0,0,0,0,83.82337704743038,83.17191792313355,,,,,1,172789427,169010661.16,55.62457878037022,62.52606787040309,,,,,,
2025-08-25,178.35,181.91,176.57,179.81,167.69280000000006,,138.07384999999994,,,,0,0,0,0,0,0,0,0,0,138.07384999999994,137.55666666666664,167.69280000000006,179.13149999999968,179.30500000000004,176.76399999999995,167.69280000000006,,138.07384999999994,,,,0,0,0,0,0,0,0,0,0,83.41374255441539,83.19390198052281,,,,,0,163012789,169023617.12,58.43771451129971,62.03307149567683,,,,,,
2025-08-26,180.055,182.39,178.81,181.77,168.48880000000008,,138.28314999999992,,,,0,0,0,0,0,0,0,0,0,138.28314999999992,137.8296,168.48880000000008,179.4444999999997,179.16600000000003,177.98999999999995,168.48880000000008,,138.28314999999992,,,,0,0,0,0,0,0,0,0,0,84.6845391819931,83.32941445338375,,,,,0,168688186,168780969.54,61.284180638360006,61.661111558966525,,,,,61.284180638360006,
2025-08-27,181.98,182.49,179.1,181.6,169.2270000000001,,138.46309999999994,,,,0,0,0,0,0,0,0,0,0,138.46309999999994,138.0598,169.2270000000001,179.5609999999997,179.16700000000006,179.22999999999996,169.2270000000001,,138.46309999999994,,,,0,0,0,0,0,0,0,0,0,84.2567604141696,83.41371863163701,,,,,0,235518949,169828675.2,60.89463070593937,61.16561488540863,,,,,,
2025-08-28,180.82,184.47,176.41,180.17,169.94800000000006,,138.61954999999995,,,,0,0,0,0,0,0,0,0,0,138.61954999999995,138.27946666666665,169.94800000000006,179.67599999999968,178.98200000000006,180.26799999999997,169.94800000000006,,138.61954999999995,,,,0,0,0,0,0,0,0,0,0,83.39389114405661,83.41191613276607,,,,,0,281787824,172682271.68,57.579111790183475,60.30003467698604,,,,,,
2025-08-29,178.11,178.15,173.145,174.18,170.52200000000008,,138.75229999999993,,,,0,0,0,0,0,0,0,0,0,138.75229999999993,138.48986666666664,170.52200000000008,179.69899999999967,178.35500000000008,179.50599999999997,170.52200000000008,,138.75229999999993,,,,0,0,0,0,0,0,0,0,0,80.36789529134016,83.13518696536372,,,,,0,243257873,174317546.72,46.22559330726635,58.724505418197445,,,,,,
2025-09-02,170,172.379,167.22,170.78,171.06060000000005,,138.87989999999994,,,,0,0,0,0,0,0,0,0,0,138.87989999999994,138.8389333333333,171.06060000000005,179.2379999999997,177.23200000000006,177.69999999999996,171.06060000000005,,138.87989999999994,,,,0,0,0,0,0,0,0,0,0,79.30652838512442,82.78712709443288,,,,,0,231164853,174081720.64,41.2532566349221,56.711801657974654,,,,,,
2025-09-03,171.06,172.41,168.875,170.62,171.58960000000008,,138.99154999999993,,,,0,0,0,0,0,0,0,0,0,138.99154999999993,139.11646666666664,171.58960000000008,178.85599999999968,176.73000000000008,175.46999999999997,171.58960000000008,,138.99154999999993,,,,0,0,0,0,0,0,0,0,0,79.78452286872636,82.5141630739141,,,,,0,164424873,174284039.28,41.02959012552336,54.9445136767067,,,,,,
2025-09-04,170.57,171.86,169.41,171.66,172.06480000000008,,139.11849999999993,,,,0,0,0,0,0,0,0,0,0,139.11849999999993,139.43619999999999,172.06480000000008,178.46799999999968,176.35600000000008,173.48199999999997,172.06480000000008,,139.11849999999993,,,,0,0,0,0,0,0,0,0,0,79.8632811591326,82.27317380893396,,,,,0,141670144,173366119.74,43.18583169807566,53.29381652852897,,,,,,
2025-09-05,168.03,169.03,164.07,167.02,172.31900000000005,,139.21979999999994,,,,0,0,0,0,0,0,0,0,0,139.21979999999994,139.71866666666665,172.31900000000005,177.78049999999968,175.56000000000006,170.85199999999998,172.31900000000005,,139.21979999999994,,,,0,0,0,0,0,0,0,0,0,77.06137564998332,81.79937397630208,,,,,0,224441435,172472019.02,36.73251147153643,51.45101677242563,,,36.73251147153643,,,
2025-09-08,167.55,170.96,167.35,168.31,172.58480000000006,,139.35144999999994,,,,0,0,0,0,0,0,0,0,0,139.35144999999994,140.04026666666664,172.58480000000006,177.06099999999967,174.59200000000007,169.67799999999997,172.58480000000006,,139.35144999999994,,,,0,0,0,0,0,0,0,0,0,77.90314294045677,81.4451711548616,,,,,0,163769133,171784486.76,39.44189578725912,49.64846529687877,,,,,,
2025-09-09,169.09,170.98,166.7401,170.76,172.84500000000008,,139.50449999999992,,,,0,0,0,0,0,0,0,0,0,139.50449999999992,140.40093333333334,172.84500000000008,176.49599999999967,173.68700000000007,169.67399999999995,172.84500000000008,,139.50449999999992,,,,0,0,0,0,0,0,0,0,0,78.87103627932183,81.2111588934489,,,,,0,157548392,169670763.82,44.31895937539562,49.12371153144096,,,,,,
2025-09-10,176.64,179.29,175.47,177.33,173.23180000000008,,139.65609999999992,,,,0,0,0,0,0,0,0,0,0,139.65609999999992,140.7921333333333,173.23180000000008,176.20449999999965,173.24300000000008,171.01599999999996,173.23180000000008,,139.65609999999992,,,,0,0,0,0,0,0,0,0,0,81.68601883727287,81.25432797925107,,,,,1,226852020,170316197.9,54.82557313000605,49.37931095979606,,,,,,
2025-09-11,179.68,180.28,176.48,177.17,173.70920000000007,,139.81249999999991,,,,0,0,0,0,0,0,0,0,0,139.81249999999991,141.14106666666666,173.70920000000007,175.98349999999965,172.80000000000004,172.11799999999997,173.70920000000007,,139.81249999999991,,,,0,0,0,0,0,0,0,0,0,81.3698038741402,81.26482578787736,,,,,0,151159274,169076510.96,54.55559163981397,49.67064425685368,,,,,,
2025-09-12,177.77,178.595,176.45,177.82,174.12060000000005,,139.96824999999993,,,,0,0,0,0,0,0,0,0,0,139.96824999999993,141.46866666666665,174.12060000000005,175.77349999999964,172.56500000000005,174.27799999999996,174.12060000000005,,139.96824999999993,,,,0,0,0,0,0,0,0,0,0,80.98089102357807,81.23901353657742,,,,,0,124911026,168150249.26,55.514003523963254,49.662746024253174,,,,,55.514003523963254,
2025-09-15,175.67,178.85,174.51,177.75,174.48880000000005,,140.14724999999993,,,,0,0,0,0,0,0,0,0,0,140.14724999999993,141.78806666666662,174.48880000000005,175.63849999999965,172.92200000000005,176.16599999999994,174.48880000000005,,140.14724999999993,,,,0,0,0,0,0,0,0,0,0,80.98835407971715,81.21622631322649,,,,,0,147061559,168217159.34,55.37855237224344,49.44423444289202,,,,,,
2025-09-16,177,177.5,174.38,174.88,174.82160000000007,,140.34154999999993,,,,0,0,0,0,0,0,0,0,0,140.34154999999993,142.06346666666664,174.82160000000007,175.28199999999964,173.33200000000005,176.98999999999995,174.82160000000007,,140.34154999999993,,,,0,0,0,0,0,0,0,0,0,79.3071807887485,81.04267672009212,,,,,0,140737775,168229135.34,49.99269058267272,48.63769943891435,,,,,,
2025-09-17,172.64,173.2,168.41,170.29,175.02740000000009,,140.50839999999994,,,,0,0,0,0,0,0,0,0,0,140.50839999999994,142.3134,175.02740000000009,175.01449999999963,173.29900000000006,175.58199999999994,175.02740000000009,,140.50839999999994,,,,0,0,0,0,0,0,0,0,0,77.3252285155984,80.70472688331996,,,,,0,211843817,169703351.18,42.820089909128434,47.34666081057071,,,42.820089909128434,,,
2025-09-18,173.98,177.1,172.96,176.24,175.29460000000006,,140.7128999999999,,,,0,0,0,0,0,0,0,0,0,140.7128999999999,142.61406666666664,175.29460000000006,175.05649999999963,173.75700000000006,175.39599999999993,175.29460000000006,,140.7128999999999,,,,0,0,0,0,0,0,0,0,0,80.10472156064215,80.65018094489471,,,,,0,191763313,169865488.58,52.36158458930556,46.97398029622229,,,,,,
2025-09-19,175.77,178.08,175.18,176.67,175.5460000000001,,140.90499999999992,,,,0,0,0,0,0,0,0,0,0,140.90499999999992,142.88993333333332,175.5460000000001,175.14099999999965,174.72200000000007,175.16599999999994,175.5460000000001,,140.90499999999992,,,,0,0,0,0,0,0,0,0,0,79.91767127315495,80.58358915655474,,,,,0,237182143,171255049.94,52.972333286515834,47.455890294740115,,,,,,
2025-09-22,175.3,184.55,174.7053,183.61,175.91980000000007,,141.12989999999994,,,,0,0,0,0,0,0,0,0,0,141.12989999999994,143.1883333333333,175.91980000000007,175.42199999999963,176.25200000000004,176.3379999999999,175.91980000000007,,141.12989999999994,,,,0,0,0,0,0,0,0,0,0,82.65297394952562,80.77171504682482,,,,,1,269637001,172775124.7,61.542059762093885,48.905090518109525,,,,,61.542059762093885,
2025-09-23,181.97,182.42,176.21,178.43,176.20700000000008,,141.32074999999995,,,,0,0,0,0,0,0,0,0,0,141.32074999999995,143.4485333333333,176.20700000000008,175.35299999999964,177.01900000000006,177.04799999999992,176.20700000000008,,141.32074999999995,,,,0,0,0,0,0,0,0,0,0,79.9687469187629,80.69871794427374,,,,,0,192559552,173886800.66,53.67929464882462,49.80864084120247,,,,,,
2025-09-24,179.77,179.78,175.4,176.97,176.33240000000006,,141.47989999999993,,,,0,0,0,0,0,0,0,0,0,141.47989999999993,143.7001333333333,176.33240000000006,175.11299999999966,176.98300000000006,178.38399999999993,176.33240000000006,,141.47989999999993,,,,0,0,0,0,0,0,0,0,0,79.75297922615981,80.61274169717247,,,,,0,143564116,172145535.98,51.67531109232603,50.41503222650606,,,,,,
2025-09-25,174.48,180.26,173.125,177.69,176.45880000000008,,141.64304999999996,,,,0,0,0,0,0,0,0,0,0,141.64304999999996,143.95066666666662,176.45880000000008,174.91749999999962,177.03500000000005,178.67399999999992,176.45880000000008,,141.64304999999996,,,,0,0,0,0,0,0,0,0,0,80.30605696311228,80.58486126680336,,,,,0,191586733,172800640.46,52.61480580846639,51.54948182200105,,,,,,
2025-09-26,178.17,179.77,174.93,178.19,176.5626000000001,,141.82179999999994,,,,0,0,0,0,0,0,0,0,0,141.82179999999994,144.24239999999995,176.5626000000001,174.81849999999963,177.07200000000006,178.9779999999999,176.5626000000001,,141.82179999999994,,,,0,0,0,0,0,0,0,0,0,80.93744937340361,80.61691473103974,,,,,1,148573732,172555292.72,53.293886213923194,52.538909709619915,,,,,,
2025-09-29,180.425,184,180.32,181.85,176.75140000000007,,142.03699999999992,,,,0,0,0,0,0,0,0,0,0,142.03699999999992,144.5862,176.75140000000007,175.2019999999996,177.48200000000006,178.6259999999999,176.75140000000007,,142.03699999999992,,,,0,0,0,0,0,0,0,0,0,82.11526391127848,80.75312829287962,,,,,0,193063455,173487433.5,58.034815089859954,53.5186136892245,,,,,,
2025-09-30,182.08,187.35,181.48,186.58,177.05540000000008,,142.29454999999996,,,,0,0,0,0,0,0,0,0,0,142.29454999999996,144.98586666666662,177.05540000000008,175.99199999999962,178.65200000000004,180.25599999999991,177.05540000000008,,142.29454999999996,,,,0,0,0,0,0,0,0,0,0,84.0299045217078,81.05101704095492,,,,,0,236981032,175764531.42,63.229445197916576,54.11889026550383,,,,,,
2025-10-01,185.24,188.14,183.9,187.24,177.45960000000005,,142.53419999999994,,,,0,0,0,0,0,0,0,0,0,142.53419999999994,145.3589333333333,177.45960000000005,176.8229999999996,180.34700000000007,182.3099999999999,177.45960000000005,,142.53419999999994,,,,0,0,0,0,0,0,0,0,0,83.98333251102271,81.31759117459744,,,,,0,173844901,175379142.9,63.90091905808331,54.78641365252307,,,,,,
2025-10-02,189.6,191.05,188.06,188.89,177.82180000000008,,142.79194999999993,,,,0,0,0,0,0,0,0,0,0,142.79194999999993,145.81719999999996,177.82180000000008,177.68449999999962,181.61200000000005,184.5499999999999,177.82180000000008,,142.79194999999993,,,,0,0,0,0,0,0,0,0,0,84.43659023213469,81.60113654346446,,,,,0,136805821,175033615.38,65.59255180878435,55.50630995858172,,,,,,
2025-10-03,189.19,190.36,185.38,187.62,178.0994000000001,,143.05879999999993,,,,0,0,0,0,0,0,0,0,0,143.05879999999993,146.23519999999996,178.0994000000001,178.71449999999962,182.70700000000005,186.4359999999999,178.0994000000001,,143.05879999999993,,,,0,0,0,0,0,0,0,0,0,83.81680207762504,81.8025606829336,,,,,0,137596896,175205860.74,63.13999572310393,56.06069876935747,,,,,,
2025-10-06,185.5,187.23,183.33,185.54,178.34020000000007,,143.32649999999995,,,,0,0,0,0,0,0,0,0,0,143.32649999999995,146.7117333333333,178.34020000000007,179.57599999999962,182.90000000000003,187.17399999999992,178.34020000000007,,143.32649999999995,,,,0,0,0,0,0,0,0,0,0,82.8824053200075,81.90072837721304,,,,,0,157678104,175913086.98,59.23359484778509,56.72076335972264,,,,,,
2025-10-07,186.23,189.06,184,185.04,178.50600000000009,,143.59974999999994,,,,0,0,0,0,0,0,0,0,0,143.59974999999994,147.17206666666664,178.50600000000009,180.28999999999962,183.56100000000006,186.8659999999999,178.50600000000009,,143.59974999999994,,,,0,0,0,0,0,0,0,0,0,82.35847419027965,81.94234163294637,,,,,0,140088008,175914376.72,58.29984400692627,57.82646008099391,,,,,,
2025-10-08,186.57,189.6,186.54,189.11,178.7780000000001,,143.90074999999993,,,,0,0,0,0,0,0,0,0,0,143.90074999999993,147.65079999999998,178.7780000000001,180.87899999999962,184.77500000000003,187.23999999999987,178.7780000000001,,143.90074999999993,,,,0,0,0,0,0,0,0,0,0,84.49225416928535,82.17415186352264,,,,,0,130168861,175436203.7,63.362698871208714,58.61225395827272,,,,,,
2025-10-09,192.225,195.3,191.06,192.57,179.0440000000001,,144.21019999999993,,,,0,0,0,0,0,0,0,0,0,144.21019999999993,148.19746666666663,179.0440000000001,181.6489999999996,186.26300000000006,187.97599999999989,179.0440000000001,,144.21019999999993,,,,0,0,0,0,0,0,0,0,0,85.53965153967228,82.48010637953624,,,,,0,182997234,175609904.22,67.02769469114654,59.61620834431776,,,,,67.02769469114654,
2025-10-10,193.505,195.62,182.05,183.16,179.1498000000001,,144.45249999999996,,,,0,0,0,0,0,0,0,0,0,144.45249999999996,148.66726666666662,179.1498000000001,181.91599999999963,186.76000000000005,187.0839999999999,179.1498000000001,,144.45249999999996,,,,0,0,0,0,0,0,0,0,0,81.58429248476641,82.39866875273898,,,,,0,268774359,176551682.48,51.83942247878995,58.923162824081764,,,,,,
2025-10-13,187.965,190.1099,185.96,188.32,179.44180000000011,,144.69574999999995,,,,0,0,0,0,0,0,0,0,0,144.69574999999995,149.2095333333333,179.44180000000011,182.44449999999964,187.40700000000007,187.63999999999987,179.44180000000011,,144.69574999999995,,,,0,0,0,0,0,0,0,0,0,86.22026334906263,82.74608644331386,,,,,1,153482755,175530757.88,57.52335666710533,59.197738682530385,,,,,,
2025-10-14,184.77,184.8,179.7,180.03,179.44240000000013,,144.89479999999995,,,,0,0,0,0,0,0,0,0,0,144.89479999999995,149.68466666666663,179.44240000000013,182.70199999999963,186.75200000000004,186.63799999999986,179.44240000000013,,144.89479999999995,,,,0,0,0,0,0,0,0,0,0,81.15905877190741,82.60181120045873,,,,,0,205641380,176680093.3,47.76910472334203,58.91872394188868,,,,,,
2025-10-15,184.8,184.87,177.29,179.83,179.47380000000013,,145.09429999999995,,,,0,0,0,0,0,0,0,0,0,145.09429999999995,150.11193333333327,179.47380000000013,183.17899999999963,186.01100000000002,184.7819999999999,179.47380000000013,,145.09429999999995,,,,0,0,0,0,0,0,0,0,0,81.19591228571859,82.47400220820963,,,,,0,214450482,177840950.52,47.559573932548574,58.55763595075168,,,47.559573932548574,,,
2025-10-16,182.23,183.28,179.77,181.81,179.52160000000012,,145.31829999999997,,,,0,0,0,0,0,0,0,0,0,145.31829999999997,150.5534666666666,179.52160000000012,183.4574999999996,185.30300000000005,182.6299999999999,179.52160000000012,,145.31829999999997,,,,0,0,0,0,0,0,0,0,0,81.76049719160495,82.40913811579102,,,,,0,179723309,178691571.4,49.90238712338879,58.31538601571351,,,,,,
2025-10-17,180.18,184.1,179.75,183.22,179.57060000000013,,145.54694999999995,,,,0,0,0,0,0,0,0,0,0,145.54694999999995,150.96379999999996,179.57060000000013,183.78499999999963,184.86300000000003,182.64199999999988,179.57060000000013,,145.54694999999995,,,,0,0,0,0,0,0,0,0,0,82.91648313189765,82.45526038998254,,,,,1,173135217,179116708.44,51.56196106406438,57.85303929958526,,,,,,
2025-10-20,183.13,185.2,181.73,182.64,179.56940000000014,,145.78869999999995,,,,0,0,0,0,0,0,0,0,0,145.78869999999995,151.38453333333325,179.56940000000014,183.7364999999996,184.57300000000004,181.50599999999991,179.56940000000014,,145.78869999999995,,,,0,0,0,0,0,0,0,0,0,82.22088835534213,82.43395384137887,,,,,0,128544711,179219669.08,50.816241259887065,56.96638187544029,,,,,,
2025-10-21,182.785,182.785,179.8,181.16,179.55140000000014,,146.00294999999997,,,,0,0,0,0,0,0,0,0,0,146.00294999999997,151.82273333333328,179.55140000000014,183.87299999999965,184.18500000000003,181.7319999999999,179.55140000000014,,146.00294999999997,,,,0,0,0,0,0,0,0,0,0,80.6932001413482,82.27570350501244,,,,,0,124240168,178938008.62,48.87383067793539,55.89301841971544,,,,,,
2025-10-22,181.14,183.44,176.76,180.28,179.4938000000001,,146.18199999999996,,,,0,0,0,0,0,0,0,0,0,146.18199999999996,152.24113333333327,179.4938000000001,184.03849999999963,183.30200000000005,181.8219999999999,179.4938000000001,,146.18199999999996,,,,0,0,0,0,0,0,0,0,0,80.2988416323452,82.09598878931543,,,,,0,162249552,179268415.62,47.70616466340426,54.61541933790257,,,,,,
2025-10-23,180.42,183.03,179.7901,182.16,179.50520000000012,,146.34564999999995,,,,0,0,0,0,0,0,0,0,0,146.34564999999995,152.66533333333328,179.50520000000012,184.26199999999963,182.26100000000002,181.89199999999988,179.50520000000012,,146.34564999999995,,,,0,0,0,0,0,0,0,0,0,81.57136225428806,82.0482954679493,,,,,0,111363718,177898255.5,50.43083357411569,53.70762204154628,,,,,,
2025-10-24,183.835,187.47,183.5,186.26,179.59000000000012,,146.57624999999996,,,,0,0,0,0,0,0,0,0,0,146.57624999999996,153.12239999999994,179.59000000000012,184.66549999999964,182.57100000000005,182.4999999999999,179.59000000000012,,146.57624999999996,,,,0,0,0,0,0,0,0,0,0,82.92436071903988,82.12793776350298,,,,,1,131296677,177933109.86,55.835260014658495,53.4648838391801,,,,,,
2025-10-27,189.99,192,188.4318,191.49,179.8108000000001,,146.83314999999996,,,,0,0,0,0,0,0,0,0,0,146.83314999999996,153.58959999999993,179.8108000000001,185.14749999999964,182.88800000000003,184.2699999999999,179.8108000000001,,146.83314999999996,,,,0,0,0,0,0,0,0,0,0,84.5843738220882,82.35125013246528,,,,,0,153452704,177870120.72,61.58837656706393,53.69977902204706,,,,,,
2025-10-28,193.05,203.15,191.91,201.03,180.1912000000001,,147.15874999999997,,,,0,0,0,0,0,0,0,0,0,147.15874999999997,154.12519999999995,180.1912000000001,185.86999999999964,184.98800000000003,188.24399999999991,180.1912000000001,,147.15874999999997,,,,0,0,0,0,0,0,0,0,0,87.72026792142718,82.83934265873455,,,,,0,297986180,181189685.14,69.41489825924114,54.132078978335095,,,,,,
2025-10-29,207.98,212.1899,204.775,207.04,180.81920000000008,,147.52779999999996,,,,0,0,0,0,0,0,0,0,0,147.52779999999996,154.7470666666666,180.81920000000008,186.85999999999964,187.70900000000003,193.59599999999992,180.81920000000008,,147.52779999999996,,,,0,0,0,0,0,0,0,0,0,90.13652828085817,83.5027231698367,,,,,0,308829564,183661692.04,73.12935272925759,54.56791169534303,,,,,73.12935272925759,
2025-10-30,205.15,206.16,201.41,202.89,181.3690000000001,,147.88344999999998,,,,0,0,0,0,0,0,0,0,0,147.88344999999998,155.35679999999994,181.3690000000001,187.55999999999966,189.81700000000004,197.7419999999999,181.3690000000001,,147.88344999999998,,,,0,0,0,0,0,0,0,0,0,88.33338170841436,83.94187394607103,,,,,0,178864443,182936126.4,67.07197683961283,55.655951292544664,,,,,,
2025-10-31,206.45,207.97,202.07,202.49,181.9192000000001,,148.21469999999997,,,,0,0,0,0,0,0,0,0,0,148.21469999999997,155.97559999999993,181.9192000000001,188.30349999999964,191.74400000000003,200.9879999999999,181.9192000000001,,148.21469999999997,,,,0,0,0,0,0,0,0,0,0,89.04116616708319,84.40544596616304,,,,,0,179802178,183731352.96,66.50021858164163,56.29715571501155,,,,,,
2025-11-03,208.08,211.335,205.56,206.88,182.49700000000007,,148.58124999999995,,,,0,0,0,0,0,0,0,0,0,148.58124999999995,156.63226666666662,182.49700000000007,189.37049999999965,194.16800000000003,204.0659999999999,182.49700000000007,,148.58124999999995,,,,0,0,0,0,0,0,0,0,0,90.73432170743796,84.98079830627894,,,,,0,180267285,183880910.12,69.56650283193682,57.85411272276831,,,,,,
2025-11-04,203,203.9699,197.93,198.69,182.8746000000001,,148.88614999999996,,,,0,0,0,0,0,0,0,0,0,148.88614999999996,157.22253333333327,182.8746000000001,190.05299999999966,195.92100000000005,203.5979999999999,182.8746000000001,,148.88614999999996,,,,0,0,0,0,0,0,0,0,0,86.99237300751024,85.1636687336636,,,,,0,188919320,184399040.74,58.7606069868891,58.65418651236406,,,,,,
2025-11-05,198.77,202.92,194.65,195.21,183.1434000000001,,149.15804999999995,,,,0,0,0,0,0,0,0,0,0,149.15804999999995,157.78779999999995,183.1434000000001,190.35799999999966,197.41400000000004,201.2319999999999,183.1434000000001,,149.15804999999995,,,,0,0,0,0,0,0,0,0,0,86.48401988321712,85.28370065635028,,,,,0,171350332,184452283.66,54.86113822994865,59.00838301997548,,,,,,
2025-11-06,196.42,197.62,186.38,188.08,183.2730000000001,,149.36309999999995,,,,0,0,0,0,0,0,0,0,0,149.36309999999995,158.36299999999994,183.2730000000001,190.13349999999966,198.00600000000003,198.26999999999992,183.2730000000001,,149.36309999999995,,,,0,0,0,0,0,0,0,0,0,83.02164412989421,85.07805915394518,,,,,0,223029778,184202500.24,47.85411679220579,58.74353700055701,,,,,,
2025-11-07,184.9,188.32,178.91,188.15,183.4326000000001,,149.56774999999993,,,,0,0,0,0,0,0,0,0,0,149.56774999999993,158.98859999999993,183.4326000000001,190.38299999999967,198.19500000000005,195.4019999999999,183.4326000000001,,149.56774999999993,,,,0,0,0,0,0,0,0,0,0,83.99166109896716,84.97929569440171,,,,,0,264942255,183865588.86,47.9244395313547,58.53697973423328,,,,,,
2025-11-10,195.11,199.94,193.79,199.05,183.93000000000012,,149.84989999999993,,,,0,0,0,0,0,0,0,0,0,149.84989999999993,159.6646666666666,183.93000000000012,190.9194999999997,198.95100000000005,193.83599999999993,183.93000000000012,,149.84989999999993,,,,0,0,0,0,0,0,0,0,0,88.74526104913052,85.32165618119524,,,,,1,198897134,182978374.08,57.529070053647764,59.155211118212726,,,,,,
2025-11-11,195.155,195.42,191.3,193.16,184.37760000000014,,150.22359999999992,,,,0,0,0,0,0,0,0,0,0,150.22359999999992,160.31039999999993,184.37760000000014,191.57599999999968,198.16400000000004,192.72999999999993,184.37760000000014,,150.22359999999992,,,,0,0,0,0,0,0,0,0,0,84.81328723936758,85.27544082284727,,,,,0,176483327,181884743.56,51.95296985712224,59.45855434633545,,,,,,
2025-11-12,195.72,195.89,191.13,193.8,184.8412000000001,,150.54764999999995,,,,0,0,0,0,0,0,0,0,0,150.54764999999995,160.84019999999995,184.8412000000001,192.27449999999968,196.84000000000003,192.44799999999992,184.8412000000001,,150.54764999999995,,,,0,0,0,0,0,0,0,0,0,84.91781346124074,85.2429292445194,,,,,0,154935263,181694951.36,52.49181137378311,59.60576704631169,,,,,,
2025-11-13,191.05,191.44,183.85,186.86,185.1452000000001,,150.86344999999994,,,,0,0,0,0,0,0,0,0,0,150.86344999999994,161.36879999999994,185.1452000000001,192.52699999999967,195.23700000000002,192.20399999999992,185.1452000000001,,150.86344999999994,,,,0,0,0,0,0,0,0,0,0,81.82538721020359,84.93224360503615,,,,,0,207423074,183010009.96,46.413251790066504,58.93276645884083,,,,,,
2025-11-14,182.86,191.01,180.58,190.17,185.6082000000001,,151.19104999999993,,,,0,0,0,0,0,0,0,0,0,151.19104999999993,161.89706666666657,185.6082000000001,192.8744999999997,194.00500000000005,192.60799999999992,185.6082000000001,,151.19104999999993,,,,0,0,0,0,0,0,0,0,0,84.67706026585607,84.90904511965614,,,,,0,186591856,182253018.38,49.42159547895154,58.0637106668328,,,,,,
2025-11-17,185.965,189,184.32,186.6,185.97400000000013,,151.52369999999993,,,,0,0,0,0,0,0,0,0,0,151.52369999999993,162.40299999999993,185.97400000000013,193.0724999999997,191.97700000000003,190.11799999999994,185.97400000000013,,151.52369999999993,,,,0,0,0,0,0,0,0,0,0,83.12914866129104,84.74723635071386,,,,,0,173628858,182450212.88,46.39623131775622,56.419520171012444,,,,,,
2025-11-18,183.375,184.8,179.65,181.36,186.18600000000018,,151.84719999999993,,,,0,0,0,0,0,0,0,0,0,151.84719999999993,162.8640666666666,186.18600000000018,193.0824999999997,190.24400000000006,187.75799999999992,186.18600000000018,,151.84719999999993,,,,0,0,0,0,0,0,0,0,0,81.54162957367791,84.4558175528015,,,,,0,213598877,183571222.58,42.302883732598154,54.21762952839391,,,,,,
2025-11-19,184.79,187.855,182.8301,186.52,186.36980000000014,,152.18654999999993,,,,0,0,0,0,0,0,0,0,0,152.18654999999993,163.41093333333328,186.36980000000014,193.39449999999968,189.37500000000006,186.3019999999999,186.36980000000014,,152.18654999999993,,,,0,0,0,0,0,0,0,0,0,84.559784686573,84.4652691104171,,,,,1,247246436,183979110.9,47.23927704212662,52.801008114287754,,,,,,
2025-11-20,195.95,196,179.85,180.64,186.43920000000014,,152.46559999999994,,,,0,0,0,0,0,0,0,0,0,152.46559999999994,163.93859999999992,186.43920000000014,193.3184999999997,188.63100000000006,185.0579999999999,186.43920000000014,,152.46559999999994,,,,0,0,0,0,0,0,0,0,0,81.58804001716312,84.20370282921219,,,,,0,343504849,187826022.4,42.75067659944727,51.10461225841673,,,,,,
2025-11-21,181.235,184.56,172.93,178.88,186.4604000000001,,152.71659999999994,,,,0,0,0,0,0,0,0,0,0,152.71659999999994,164.4850666666666,186.4604000000001,192.94949999999966,187.70400000000006,182.79999999999993,186.4604000000001,,152.71659999999994,,,,0,0,0,0,0,0,0,0,0,82.07048114553655,84.00977358524167,,,,,0,346926153,192266324.94,41.48019460130805,49.09844738480039,,,41.48019460130805,,,
2025-11-24,179.49,183.5,176.48,182.55,186.5564000000001,,152.98014999999995,,,,0,0,0,0,0,0,0,0,0,152.98014999999995,165.04279999999994,186.5564000000001,192.50249999999969,186.05400000000003,181.98999999999995,186.5564000000001,,152.98014999999995,,,,0,0,0,0,0,0,0,0,0,82.93982414000953,83.91250545385694,,,,,0,256618335,194457460.46,45.14127536756245,48.12563798341991,,,,,,
2025-11-25,174.91,178.16,169.55,177.82,186.6152000000001,,153.20139999999995,,,,0,0,0,0,0,0,0,0,0,153.20139999999995,165.54353333333327,186.6152000000001,191.3419999999997,184.52000000000004,181.28199999999993,186.6152000000001,,153.20139999999995,,,,0,0,0,0,0,0,0,0,0,79.56021601435323,83.51684277753841,,,,,0,320600271,198054710.38,41.53468271437182,47.17374830373585,,,,,,
2025-11-26,181.63,182.91,178.24,180.26,186.8146000000001,,153.43869999999993,,,,0,0,0,0,0,0,0,0,0,153.43869999999993,166.0357333333333,186.8146000000001,190.00299999999967,183.16600000000005,180.02999999999992,186.8146000000001,,153.43869999999993,,,,0,0,0,0,0,0,0,0,0,79.92740053414998,83.19052984632128,,,,,0,183852010,197494874.24,44.01938469048965,46.899838867898985,,,,,,
2025-11-28,179.01,179.29,176.5,177,186.8298000000001,,153.66799999999995,,,,0,0,0,0,0,0,0,0,0,153.66799999999995,166.4756666666666,186.8298000000001,188.70849999999967,182.18000000000006,179.30199999999996,186.8298000000001,,153.66799999999995,,,,0,0,0,0,0,0,0,0,0,77.94380999911927,82.71355531475746,,,,,0,121332776,196086263.5,41.48276066003759,46.43971894851919,,,,,,
2025-12-01,174.76,180.3,173.68,179.92,186.89480000000012,,153.89114999999995,,,,0,0,0,0,0,0,0,0,0,153.89114999999995,166.95026666666664,186.89480000000012,187.57999999999967,181.15500000000006,179.50999999999993,186.89480000000012,,153.89114999999995,,,,0,0,0,0,0,0,0,0,0,78.80766467905178,82.35847434787512,,,,,0,188130955,195105239.74,44.56419170530225,45.51365620935165,,,,,,
2025-12-02,181.76,185.66,180,181.46,186.8518000000001,,154.10419999999993,,,,0,0,0,0,0,0,0,0,0,154.10419999999993,167.43319999999994,186.8518000000001,186.30899999999968,180.64100000000008,179.29199999999994,186.8518000000001,,154.10419999999993,,,,0,0,0,0,0,0,0,0,0,79.90758327926702,82.13566606891074,,,,,0,182632230,193365144.32,46.17403283645533,45.10087499358973,,,,,,
2025-12-03,181.08,182.45,179.1101,179.59,186.8750000000001,,154.30514999999994,,,,0,0,0,0,0,0,0,0,0,154.30514999999994,167.90433333333328,186.8750000000001,185.35399999999967,180.46400000000008,179.64599999999996,186.8750000000001,,154.30514999999994,,,,0,0,0,0,0,0,0,0,0,78.89003101306415,81.84060833656105,,,,,0,165138023,192816713.74,44.48472380970533,44.52894016758417,,,,,,
2025-12-04,181.62,184.515,179.96,183.38,187.0032000000001,,154.52589999999995,,,,0,0,0,0,0,0,0,0,0,154.52589999999995,168.38279999999995,187.0032000000001,184.76249999999965,180.15000000000006,180.26999999999992,187.0032000000001,,154.52589999999995,,,,0,0,0,0,0,0,0,0,0,80.3158089904536,81.70199021418765,,,,,0,167364857,193292728.56,48.589989543573516,44.68442143569182,,,,,,
2025-12-05,183.89,184.66,180.91,182.41,187.09760000000014,,154.73739999999995,,,,0,0,0,0,0,0,0,0,0,154.73739999999995,168.83553333333327,187.09760000000014,184.47899999999967,180.32700000000006,181.35199999999995,187.09760000000014,,154.73739999999995,,,,0,0,0,0,0,0,0,0,0,79.80452463348368,81.52949334321455,,,,,0,143971098,192340415.86,47.619412510618545,44.55569408081089,,,,,,
2025-12-08,182.64,188,182.4,185.55,187.2448000000001,,154.99299999999997,,,,0,0,0,0,0,0,0,0,0,154.99299999999997,169.31373333333326,187.2448000000001,184.34899999999965,180.99400000000006,182.47799999999995,187.2448000000001,,154.99299999999997,,,,0,0,0,0,0,0,0,0,0,81.02160139380733,81.4833213478139,,,,,0,204378106,193456503.34,51.02946196520073,44.88663912705692,,,,,51.02946196520073,
2025-12-09,185.56,185.7167,183.32,184.97,187.30720000000008,,155.26644999999996,,,,0,0,0,0,0,0,0,0,0,155.26644999999996,169.78993333333327,187.30720000000008,183.64499999999967,181.23600000000005,183.17999999999998,187.30720000000008,,155.26644999999996,,,,0,0,0,0,0,0,0,0,0,81.05017162053603,81.44394409987954,,,,,0,144719705,192489628.34,50.37707349643853,45.463366967331226,,,,,,
2025-12-10,184.965,185.48,182.035,183.78,187.2512000000001,,155.55219999999997,,,,0,0,0,0,0,0,0,0,0,155.55219999999997,170.23473333333328,187.2512000000001,183.17599999999968,181.83200000000005,184.01799999999997,187.2512000000001,,155.55219999999997,,,,0,0,0,0,0,0,0,0,0,80.5993713909802,81.36716476270688,,,,,0,162785370,191005715.1,48.99311213434125,45.588640902489416,,,,,,
2025-12-11,180.275,181.32,176.62,180.93,187.1250000000001,,155.80044999999996,,,,0,0,0,0,0,0,0,0,0,155.80044999999996,170.6584666666666,187.1250000000001,182.5324999999997,181.89900000000006,183.52799999999996,187.1250000000001,,155.80044999999996,,,,0,0,0,0,0,0,0,0,0,78.81725473340603,81.13535476004317,,,,,0,182136641,191171549.9,45.75137522664367,45.80297651871773,,,,,,
2025-12-12,181.11,182.82,174.62,175.02,186.84760000000014,,156.07479999999995,,,,0,0,0,0,0,0,0,0,0,156.07479999999995,171.04759999999996,186.84760000000014,181.94049999999967,181.70100000000008,182.04999999999995,186.84760000000014,,156.07479999999995,,,,0,0,0,0,0,0,0,0,0,76.08451516517148,80.67618752414575,,,,,0,204274918,192520931.84,39.861292212883555,45.68734063383026,,,,,,
2025-12-15,177.936,178.415,175.03,176.29,186.62100000000012,,156.33164999999997,,,,0,0,0,0,0,0,0,0,0,156.33164999999997,171.4028666666666,186.62100000000012,181.24649999999968,181.33800000000005,180.19799999999992,186.62100000000012,,156.33164999999997,,,,0,0,0,0,0,0,0,0,0,77.46264328252839,80.38404713854416,,,,,0,164775636,193064506.64,41.601183962145235,45.43447696201474,,,,,,
2025-12-16,176.26,178.49,174.9,177.72,186.46460000000013,,156.64994999999993,,,,0,0,0,0,0,0,0,0,0,156.64994999999993,171.7214666666666,186.46460000000013,180.80249999999967,180.96400000000006,178.74799999999996,186.46460000000013,,156.64994999999993,,,,0,0,0,0,0,0,0,0,0,78.21586381320674,80.18693956351349,,,,,0,148588098,192882706.52,43.580496591298726,45.580606524652374,,,,,,
2025-12-17,176.1,176.13,170.31,170.94,186.18260000000012,,156.92469999999994,,,,0,0,0,0,0,0,0,0,0,156.92469999999994,171.9587999999999,186.18260000000012,180.28149999999965,180.09900000000007,176.17999999999995,186.18260000000012,,156.92469999999994,,,,0,0,0,0,0,0,0,0,0,75.41193338480204,79.75284809272154,,,,,0,222775464,194536455.64,37.15122424895675,45.09002363597146,,,37.15122424895675,,,
2025-12-18,174.53,176.15,171.82,174.14,185.8832000000001,,157.20889999999994,,,,0,0,0,0,0,0,0,0,0,157.20889999999994,172.22086666666658,185.8832000000001,179.66249999999965,179.17500000000004,174.82199999999995,185.8832000000001,,157.20889999999994,,,,0,0,0,0,0,0,0,0,0,77.7246474703262,79.56846621795832,,,,,0,176096001,195454998.44,41.53520883646763,45.09376993428789,,,,,,
2025-12-19,176.665,181.45,176.34,180.99,185.65160000000012,,157.56099999999992,,,,0,0,0,0,0,0,0,0,0,157.56099999999992,172.52479999999989,185.65160000000012,179.67999999999967,179.03300000000004,176.01599999999993,185.65160000000012,,157.56099999999992,,,,0,0,0,0,0,0,0,0,0,80.14613085353704,79.6209811848291,,,,,1,324925927,198293572.3,49.63423669798929,45.45591600519411,,,,,,
2025-12-22,183.92,184.16,182.35,183.69,185.66220000000013,,157.91599999999994,,,,0,0,0,0,0,0,0,0,0,157.91599999999994,172.8455999999999,185.66220000000013,179.92049999999966,178.84700000000004,177.49599999999995,185.66220000000013,,157.91599999999994,,,,0,0,0,0,0,0,0,0,0,80.63074201586366,79.71277762401407,,,,,0,129064369,195499372.5,52.43139339587511,45.90287033086696,,,,,,
2025-12-23,182.97,189.33,182.9,189.21,185.68000000000015,,158.32714999999993,,,,0,0,0,0,0,0,0,0,0,158.32714999999993,173.21113333333324,185.68000000000015,180.25349999999966,179.27100000000004,179.79399999999995,185.68000000000015,,158.32714999999993,,,,0,0,0,0,0,0,0,0,0,82.52259220060247,79.96821531279483,,,,,0,174873621,195927189.82,57.61416548626398,46.840687593478286,,,,,,
2025-12-24,187.94,188.91,186.59,188.61,185.85160000000013,,158.72639999999993,,,,0,0,0,0,0,0,0,0,0,158.72639999999993,173.58986666666658,185.85160000000013,180.79299999999967,179.75400000000005,183.32799999999995,185.85160000000013,,158.72639999999993,,,,0,0,0,0,0,0,0,0,0,81.88828008995945,80.14276665617342,,,,,0,65528545,193124933.12,56.88862116874979,47.4334469952766,,,,,,
2025-12-26,189.92,192.69,188,190.53,186.06560000000013,,159.10034999999993,,,,0,0,0,0,0,0,0,0,0,159.10034999999993,173.97453333333323,186.06560000000013,181.30649999999966,180.71400000000006,186.60599999999994,186.06560000000013,,159.10034999999993,,,,0,0,0,0,0,0,0,0,0,82.45624664600896,80.35308301888574,,,,,0,139740292,191630729.32,58.68174903669414,48.22361388999629,,,,,58.68174903669414,
2025-12-29,187.71,188.755,185.91,188.22,186.19380000000012,,159.46354999999994,,,,0,0,0,0,0,0,0,0,0,159.46354999999994,174.35406666666654,186.19380000000012,181.86749999999967,182.03400000000005,188.05199999999996,186.19380000000012,,159.46354999999994,,,,0,0,0,0,0,0,0,0,0,81.48110736729703,80.45563068692313,,,,,0,120006103,190436385.2,55.681051579114865,48.55587029099015,,,,,,
2025-12-30,188.24,188.99,186.93,187.54,186.28020000000012,,159.79289999999995,,,,0,0,0,0,0,0,0,0,0,159.79289999999995,174.70099999999985,186.28020000000012,182.24849999999967,183.15900000000005,188.82199999999995,186.28020000000012,,159.79289999999995,,,,0,0,0,0,0,0,0,0,0,81.47147368924067,80.54798005077018,,,,,0,97687274,188927426.34,54.79282358250981,48.87128101142382,,,,,,
2025-12-31,189.57,190.56,186.49,186.5,186.3574000000001,,160.12774999999993,,,,0,0,0,0,0,0,0,0,0,160.12774999999993,175.0455999999999,186.3574000000001,182.50049999999968,184.03700000000003,188.27999999999992,186.3574000000001,,160.12774999999993,,,,0,0,0,0,0,0,0,0,0,81.1310494834149,80.60098636282879,,,,,0,120100484,188758541.8,53.39005349912853,49.185348251765774,,,,,,
2026-01-02,189.835,192.9299,188.26,188.85,186.5112000000001,,160.49484999999993,,,,0,0,0,0,0,0,0,0,0,160.49484999999993,175.37666666666655,186.5112000000001,182.96349999999967,185.82800000000003,188.32799999999992,186.5112000000001,,160.49484999999993,,,,0,0,0,0,0,0,0,0,0,82.76251955667162,80.79748938045087,,,,,0,148240462,189238547.68,56.123520257732835,49.92621575398642,,,,,,
2026-01-05,191.76,193.63,186.15,188.12,186.66800000000006,,160.84784999999994,,,,0,0,0,0,0,0,0,0,0,160.84784999999994,175.72993333333324,186.66800000000006,183.20049999999966,187.22600000000006,187.84599999999995,186.66800000000006,,160.84784999999994,,,,0,0,0,0,0,0,0,0,0,82.28645414144242,80.93284981326828,,,,,0,183529733,189664151.3,55.043624348740714,51.01066804940479,,,,,,
2026-01-06,190.52,192.174,186.82,187.24,186.76960000000005,,161.19139999999993,,,,0,0,0,0,0,0,0,0,0,161.19139999999993,176.0623333333332,186.76960000000005,183.44199999999967,187.85100000000006,187.64999999999995,186.76960000000005,,161.19139999999993,,,,0,0,0,0,0,0,0,0,0,81.38463410817671,80.97392111280541,,,,,0,176862604,190974129.02,53.70217775975512,51.875024749234065,,,,,,
2026-01-07,188.57,191.37,186.56,189.11,186.82660000000007,,161.54844999999995,,,,0,0,0,0,0,0,0,0,0,161.54844999999995,176.38159999999988,186.82660000000007,183.61999999999966,188.39300000000006,187.96399999999994,186.82660000000007,,161.54844999999995,,,,0,0,0,0,0,0,0,0,0,81.69098451653964,81.03910869496308,,,,,0,153543174,191419058.96,56.147863963289005,52.77269384723338,,,,,56.147863963289005,
2026-01-08,189.11,189.55,183.71,185.04,186.69760000000005,,161.86659999999992,,,,0,0,0,0,0,0,0,0,0,161.86659999999992,176.66906666666657,186.69760000000005,183.62349999999967,187.97600000000006,187.67199999999994,186.69760000000005,,161.86659999999992,,,,0,0,0,0,0,0,0,0,0,80.20898955630176,80.96364331872114,,,,,0,172457048,191799145.84,49.96178318252295,53.687733771059534,,,,,,
2026-01-09,185.08,186.34,183.6701,184.86,186.3742000000001,,162.18744999999993,,,,0,0,0,0,0,0,0,0,0,162.18744999999993,176.9681999999999,186.3742000000001,183.67749999999967,187.60100000000006,186.87399999999997,186.3742000000001,,162.18744999999993,,,,0,0,0,0,0,0,0,0,0,80.1248293348937,80.88738750200956,,,,,0,131327534,188465972.92,49.70098167705761,54.2710032596731,,,,,,
2026-01-12,183.22,187.12,183.02,184.94,185.93220000000008,,162.54334999999992,,,,0,0,0,0,0,0,0,0,0,162.54334999999992,177.25633333333323,185.93220000000008,183.87799999999967,187.0420000000001,186.23799999999994,185.93220000000008,,162.54334999999992,,,,0,0,0,0,0,0,0,0,0,79.64354053592372,80.77431050509267,,,,,0,137968453,185048750.7,49.826339118355875,54.28472486112786,,,,,,
2026-01-13,184.995,188.1099,183.4,185.81,185.59060000000008,,162.9152499999999,,,,0,0,0,0,0,0,0,0,0,162.9152499999999,177.5441999999999,185.59060000000008,184.41749999999968,186.80100000000007,185.95199999999994,185.59060000000008,,162.9152499999999,,,,0,0,0,0,0,0,0,0,0,79.89239328905616,80.69413621272571,,,,,0,160128939,184674040.62,51.249275976511456,54.200287902601886,,,,,,
2026-01-14,184.32,184.46,180.8,183.14,185.20360000000008,,163.28259999999992,,,,0,0,0,0,0,0,0,0,0,163.28259999999992,177.80539999999988,185.20360000000008,184.75999999999968,186.36100000000008,184.75799999999995,185.20360000000008,,163.28259999999992,,,,0,0,0,0,0,0,0,0,0,78.89714593430263,80.53077346014179,,,,,0,159586135,184269719.76,46.8572645384773,53.43193783490284,,,,,,
2026-01-15,186.5,189.7,186.33,187.05,184.80700000000007,,163.67594999999992,,,,0,0,0,0,0,0,0,0,0,163.67594999999992,178.10019999999992,184.80700000000007,185.22649999999967,186.41600000000008,185.15999999999997,184.80700000000007,,163.67594999999992,,,,0,0,0,0,0,0,0,0,0,81.01388995162122,80.57469314118538,,,,,1,206188642,184788146.9,53.18452024138519,53.16735919723394,,,,,,
2026-01-16,189.075,190.44,186.08,186.23,184.55780000000007,,164.05634999999992,,,,0,0,0,0,0,0,0,0,0,164.05634999999992,178.37506666666656,184.55780000000007,185.99099999999967,186.15400000000008,185.43399999999997,184.55780000000007,,164.05634999999992,,,,0,0,0,0,0,0,0,0,0,80.45117978935727,80.56346465465555,,,,,0,187967169,184769103.88,51.79183005347932,52.67522212700431,,,,,,
2026-01-20,181.9,182.3786,177.61,178.07,184.21500000000006,,164.3945999999999,,,,0,0,0,0,0,0,0,0,0,164.3945999999999,178.61573333333325,184.21500000000006,186.1874999999997,185.1490000000001,184.05999999999997,184.21500000000006,,164.3945999999999,,,,0,0,0,0,0,0,0,0,0,76.97550432276657,80.23728644266563,,,,,0,223345257,185809002.38,40.44254024732116,51.58675703187618,,,40.44254024732116,,,
2026-01-21,179.05,185.379,178.4,183.32,184.11980000000005,,164.80219999999994,,,,0,0,0,0,0,0,0,0,0,164.80219999999994,178.87326666666658,184.11980000000005,186.3039999999997,184.75700000000012,183.56199999999995,184.11980000000005,,164.80219999999994,,,,0,0,0,0,0,0,0,0,0,80.91371469514644,80.2987799201639,,,,,1,200380959,185356026,48.29324335873879,51.122501301606825,,,,,,
2026-01-22,184.75,186.17,183.93,184.84,184.05360000000005,,165.25484999999992,,,,0,0,0,0,0,0,0,0,0,165.25484999999992,179.14473333333322,184.05360000000005,186.36149999999967,184.3300000000001,183.902,184.05360000000005,,165.25484999999992,,,,0,0,0,0,0,0,0,0,0,80.65029866440942,80.33073616964076,,,,,0,139636626,182849913.42,50.334493486825984,50.90424701501379,,,,,,
2026-01-23,187.5,189.6,186.8233,187.67,183.82600000000005,,165.70499999999993,,,,0,0,0,0,0,0,0,0,0,165.70499999999993,179.4259999999999,183.82600000000005,186.28449999999967,184.59300000000013,184.02599999999998,183.82600000000005,,165.70499999999993,,,,0,0,0,0,0,0,0,0,0,81.43796938102456,80.43139373431201,,,,,0,142748076,181726932.26,53.977396756539044,50.75095247921423,,,,,,
2026-01-26,187.16,189.12,185.99,186.47,183.69220000000007,,166.15584999999993,,,,0,0,0,0,0,0,0,0,0,166.15584999999993,179.71013333333323,183.69220000000007,186.17749999999964,184.75400000000008,184.07399999999998,183.69220000000007,,166.15584999999993,,,,0,0,0,0,0,0,0,0,0,80.89079504079172,80.47315748944654,,,,,0,124799649,180693258.7,52.22804933139917,50.549839977975545,,,,,,
2026-01-27,187.24,190,185.7,188.52,183.58660000000012,,166.52679999999992,,,,0,0,0,0,0,0,0,0,0,166.52679999999992,180.0057999999999,183.58660000000012,186.07699999999966,185.1120000000001,186.164,183.58660000000012,,166.52679999999992,,,,0,0,0,0,0,0,0,0,0,81.37296373352211,80.55495805708976,,,,,0,143711557,180468784.58,54.91613189411174,50.63655098757245,,,,,,
2026-01-28,191.27,192.35,189.84,191.52,183.67980000000006,,166.94654999999992,,,,0,0,0,0,0,0,0,0,0,166.94654999999992,180.29659999999993,183.67980000000006,186.24199999999968,185.68300000000008,187.804,183.67980000000006,,166.94654999999992,,,,0,0,0,0,0,0,0,0,0,82.33181774541849,80.71649075602873,,,,,0,148552677,179291376.64,58.58847250689331,50.810880169258475,,,,,,
2026-01-29,191.34,193.48,186.06,192.51,183.7266000000001,,167.35444999999993,,,,0,0,0,0,0,0,0,0,0,167.35444999999993,180.55126666666658,183.7266000000001,186.49049999999966,186.6200000000001,189.338,183.7266000000001,,167.35444999999993,,,,0,0,0,0,0,0,0,0,0,82.7641651929917,80.90264297757082,,,,,0,171764375,178994827.02,59.75353220427222,51.51029081366914,,,,,59.75353220427222,
2026-01-30,191.21,194.49,189.47,191.13,183.81720000000013,,167.75654999999995,,,,0,0,0,0,0,0,0,0,0,167.75654999999995,180.79199999999992,183.81720000000013,186.72199999999967,187.02800000000008,190.03,183.81720000000013,,167.75654999999995,,,,0,0,0,0,0,0,0,0,0,82.27699159996669,81.02758376142499,,,,,0,179489463,179112039.12,57.33220142760341,52.055377938708126,,,,,,
2026-02-02,187.2,190.3,184.88,185.61,183.9022000000001,,168.12359999999993,,,,0,0,0,0,0,0,0,0,0,168.12359999999993,180.97773333333325,183.9022000000001,186.55999999999966,186.96600000000007,189.858,183.9022000000001,,168.12359999999993,,,,0,0,0,0,0,0,0,0,0,80.24620191323847,80.95654904795349,,,,,0,165794054,178155942.66,48.81180032048933,51.98291088171766,,,,,,
2026-02-03,186.24,186.27,176.23,180.34,183.77860000000013,,168.50284999999994,,,,0,0,0,0,0,0,0,0,0,168.50284999999994,181.12673333333325,183.77860000000013,186.17099999999965,187.19300000000007,188.222,183.77860000000013,,168.50284999999994,,,,0,0,0,0,0,0,0,0,0,77.54947000265177,80.64681458928969,,,,,0,204019589,177291405.72,42.34202411796241,51.346678606107005,,,,,,
2026-02-04,179.46,179.58,171.91,174.19,183.64960000000013,,168.86634999999995,,,,0,0,0,0,0,0,0,0,0,168.86634999999995,181.2659999999999,183.64960000000013,185.51849999999968,186.28000000000006,184.75600000000003,183.64960000000013,,168.86634999999995,,,,0,0,0,0,0,0,0,0,0,75.53969314032454,80.18253082120195,,,,,0,207014116,174561591.06,36.295970081349495,50.59230043059788,,,,,,
2026-02-05,174.925,176.815,171.03,171.88,183.50960000000015,,169.24119999999996,,,,0,0,0,0,0,0,0,0,0,169.24119999999996,181.36353333333324,183.50960000000015,184.65699999999967,184.98400000000007,180.63000000000002,183.50960000000015,,169.24119999999996,,,,0,0,0,0,0,0,0,0,0,74.91816450206387,79.70395206491668,,,,,0,206312890,171749325.8,34.31401635495753,49.244407295853044,,,34.31401635495753,,,
2026-02-06,176.69,187,174.6,185.41,183.56680000000011,,169.67379999999994,,,,0,0,0,0,0,0,0,0,0,169.67379999999994,181.53733333333324,183.56680000000011,184.67549999999966,184.75800000000007,179.48600000000002,183.56680000000011,,169.67379999999994,,,,0,0,0,0,0,0,0,0,0,81.8179010030316,79.89612924110894,,,,,1,231346241,171243883.92,51.14226533758443,49.19800981614627,,,,,,
2026-02-09,184.26,193.66,183.95,190.04,183.81120000000013,,170.11044999999996,,,,0,0,0,0,0,0,0,0,0,170.11044999999996,181.74933333333325,183.81120000000013,184.93449999999967,185.11500000000007,180.372,183.81120000000013,,170.11044999999996,,,,0,0,0,0,0,0,0,0,0,82.24098460686264,80.10929791072292,,,,,0,196387351,168759625.52,55.357152804006574,50.26333928448094,,,,,55.357152804006574,
2026-02-10,191.38,192.48,188.12,188.54,183.9768000000001,,170.52099999999996,,,,0,0,0,0,0,0,0,0,0,170.52099999999996,181.93959999999993,183.9768000000001,185.11449999999968,185.11700000000005,182.012,183.9768000000001,,170.52099999999996,,,,0,0,0,0,0,0,0,0,0,81.21111702975385,80.20946328518028,,,,,0,136764825,167817881.82,53.73965940039362,50.652369001742,,,,,,
2026-02-11,192.45,193.26,188.77,190.05,184.23780000000014,,170.91619999999995,,,,0,0,0,0,0,0,0,0,0,170.91619999999995,182.12073333333328,184.23780000000014,185.3264999999997,184.97000000000006,185.184,184.23780000000014,,170.91619999999995,,,,0,0,0,0,0,0,0,0,0,82.13263956714522,80.38429749263163,,,,,0,144192685,168275080,55.16003882595693,50.99705081167992,,,,,,
2026-02-12,193.03,193.61,186.51,186.94,184.37820000000013,,171.30724999999995,,,,0,0,0,0,0,0,0,0,0,171.30724999999995,182.27299999999994,184.37820000000013,185.51649999999967,184.41300000000007,188.19599999999997,184.37820000000013,,171.30724999999995,,,,0,0,0,0,0,0,0,0,0,80.79280151437882,80.42143422188137,,,,,0,189932491,168311110.72,51.64301537436635,50.830309284381876,,,,,,
2026-02-13,187.475,187.5,181.59,182.81,184.40520000000015,,171.67619999999997,,,,0,0,0,0,0,0,0,0,0,171.67619999999997,182.3922666666666,184.40520000000015,185.30449999999968,183.58100000000007,187.676,184.40520000000015,,171.67619999999997,,,,0,0,0,0,0,0,0,0,0,80.26466572122285,80.40718254000332,,,,,0,161888021,167896226.54,47.32744587973505,50.48026618069157,,,47.32744587973505,,,
2026-02-17,181.75,187.15,179.18,184.97,184.51280000000014,,172.05644999999993,,,,0,0,0,0,0,0,0,0,0,172.05644999999993,182.5315999999999,184.51280000000014,185.2414999999997,183.51700000000008,186.66199999999998,184.51280000000014,,172.05644999999993,,,,0,0,0,0,0,0,0,0,0,81.17252617689996,80.47675923426665,,,,,1,162276860,167839003.28,49.69513611661552,50.10733791087042,,,,,,
2026-02-18,188.75,190.37,186.76,187.98,184.60480000000015,,172.43829999999994,,,,0,0,0,0,0,0,0,0,0,172.43829999999994,182.64679999999993,184.60480000000015,185.73699999999968,184.2810000000001,186.54999999999995,184.60480000000015,,172.43829999999994,,,,0,0,0,0,0,0,0,0,0,82.40869416545743,80.65238968255672,,,,,0,164749125,167786688.64,52.87418226492903,49.69917432215868,,,,,,
2026-02-19,187.055,188.43,185.66,187.9,184.7146000000001,,172.80529999999996,,,,0,0,0,0,0,0,0,0,0,172.80529999999996,182.75699999999992,184.7146000000001,185.9659999999997,185.6520000000001,186.11999999999995,184.7146000000001,,172.80529999999996,,,,0,0,0,0,0,0,0,0,0,81.91742282004036,80.76739269505524,,,,,0,126554526,167438357.2,52.778715140282394,49.20097310330227,,,,,,
2026-02-20,186.57,190.33,185.9378,189.82,184.8000000000001,,173.18529999999996,,,,0,0,0,0,0,0,0,0,0,173.18529999999996,182.86913333333325,184.8000000000001,186.2149999999997,187.44600000000008,186.69599999999997,184.8000000000001,,173.18529999999996,,,,0,0,0,0,0,0,0,0,0,82.98891848881064,80.96934958539664,,,,,0,178422337,166919241.82,54.88411960837497,49.02611011621452,,,,,,
2026-02-23,191.4,193.95,189.575,191.55,184.93160000000012,,173.57534999999996,,,,0,0,0,0,0,0,0,0,0,173.57534999999996,182.99673333333325,184.93160000000012,186.4089999999997,188.0600000000001,188.44399999999996,184.93160000000012,,173.57534999999996,,,,0,0,0,0,0,0,0,0,0,83.16786115388624,81.16921427344116,,,,,0,171584839,167456544.5,56.75507092680513,49.593486588094216,,,,,,
2026-02-24,191.49,193.77,187.4,192.85,185.11300000000014,,173.95429999999993,,,,0,0,0,0,0,0,0,0,0,173.95429999999993,183.1398666666666,185.11300000000014,186.7279999999997,188.3410000000001,190.01999999999992,185.11300000000014,,173.95429999999993,,,,0,0,0,0,0,0,0,0,0,84.6112896951332,81.4821302208677,,,,,0,175123602,167703309.14,58.15922481063509,50.72328663757084,,,,,,
2026-02-25,194.45,197.6299,193.79,195.56,185.40560000000013,,174.34524999999994,,,,0,0,0,0,0,0,0,0,0,174.34524999999994,183.3300666666666,185.40560000000013,187.0799999999997,189.0430000000001,191.53599999999997,185.40560000000013,,174.34524999999994,,,,0,0,0,0,0,0,0,0,0,85.14875051886341,81.81545933886731,,,,,0,250637102,169073318.36,61.00193872731535,52.48799868371125,,,,,61.00193872731535,
2026-02-26,194.27,194.29,184.315,184.89,185.60300000000015,,174.68644999999998,,,,0,0,0,0,0,0,0,0,0,174.68644999999998,183.4241333333333,185.60300000000015,186.7484999999997,188.5270000000001,190.93399999999997,185.60300000000015,,174.68644999999998,,,,0,0,0,0,0,0,0,0,0,79.85321301676332,81.63707330958513,,,,,0,360807907,172203978.14,47.35880878742142,53.41976957174439,,,,,,
2026-02-27,181.25,182.59,176.38,177.19,185.62100000000012,,174.95739999999995,,,,0,0,0,0,0,0,0,0,0,174.95739999999995,183.44713333333328,185.62100000000012,185.9824999999997,187.55200000000008,188.40799999999996,185.62100000000012,,174.95739999999995,,,,0,0,0,0,0,0,0,0,0,76.94022322029507,81.21008693783149,,,,,0,311636494,175141195.3,40.34613957841802,52.64861773180394,,,40.34613957841802,,,
2026-03-02,175.01,183.46,174.64,182.48,185.71620000000013,,175.22014999999996,,,,0,0,0,0,0,0,0,0,0,175.22014999999996,183.50699999999995,185.71620000000013,185.5499999999997,187.51900000000006,186.59399999999997,185.71620000000013,,175.22014999999996,,,,0,0,0,0,0,0,0,0,0,79.58260707759536,81.06213422326456,,,,,0,209095331,176351339.96,46.23622958789043,51.997123216367065,,,,,,
2026-03-03,178.49,180.9,176.92,180.05,185.89840000000015,,175.44369999999995,,,,0,0,0,0,0,0,0,0,0,175.44369999999995,183.52899999999994,185.89840000000015,185.2719999999997,187.02700000000007,184.03399999999996,185.89840000000015,,175.44369999999995,,,,0,0,0,0,0,0,0,0,0,78.49157830339614,80.82844732145834,,,,,0,178099430,175457819.28,44.083002524651185,51.307362010956886,,,,,,
2026-03-04,180.44,184.7,180.06,183.04,186.07640000000015,,175.68474999999995,,,,0,0,0,0,0,0,0,0,0,175.68474999999995,183.57919999999993,186.07640000000015,185.4069999999997,186.53300000000007,181.52999999999994,186.07640000000015,,175.68474999999995,,,,0,0,0,0,0,0,0,0,0,80.5560527064733,80.80368417464152,,,,,0,177731198,175490523.22,47.333088624979645,50.74829413945851,,,,,,
2026-03-05,181.17,184.06,177.88,183.34,186.12340000000015,,175.92444999999995,,,,0,0,0,0,0,0,0,0,0,175.92444999999995,183.60633333333325,186.12340000000015,185.8644999999997,186.07700000000008,181.21999999999994,186.12340000000015,,175.92444999999995,,,,0,0,0,0,0,0,0,0,0,80.06707921548762,80.7367200874457,,,,,0,198779729,172967599.26,47.66179234461056,50.46392106590452,,,,,,
2026-03-06,179.84,182.7561,176.8201,177.82,186.00600000000014,,176.13569999999993,,,,0,0,0,0,0,0,0,0,0,176.13569999999993,183.60599999999994,186.00600000000014,186.1614999999997,184.8770000000001,181.34599999999995,186.00600000000014,,176.13569999999993,,,,0,0,0,0,0,0,0,0,0,78.09718448421249,80.49676230533359,,,,,0,189021949,174166750.86,42.41613017145397,50.113112801027306,,,,,,
2026-03-09,176.83,182.91,175.56,182.65,185.87480000000014,,176.37704999999994,,,,0,0,0,0,0,0,0,0,0,176.37704999999994,183.66553333333326,185.87480000000014,186.02349999999973,183.98700000000008,181.37999999999997,185.87480000000014,,176.37704999999994,,,,0,0,0,0,0,0,0,0,0,81.29809896424487,80.56961109250734,,,,,1,177213588,174213550.2,47.82701589445862,49.97967564230181,,,,,,
2026-03-10,182.4,186.44,182.01,184.77,185.79800000000014,,176.6418999999999,,,,0,0,0,0,0,0,0,0,0,176.6418999999999,183.69733333333326,185.79800000000014,185.7599999999997,183.1790000000001,182.32399999999996,185.79800000000014,,176.6418999999999,,,,0,0,0,0,0,0,0,0,0,81.56439542199949,80.66004603155208,,,,,0,179118528,176485349.86,50.045789678395884,49.77764760040659,,,,,,
2026-03-11,185.91,187.62,184.45,186.03,185.70800000000017,,176.90789999999993,,,,0,0,0,0,0,0,0,0,0,176.90789999999993,183.74913333333325,185.70800000000017,185.63449999999972,182.22600000000006,182.92199999999997,185.70800000000017,,176.90789999999993,,,,0,0,0,0,0,0,0,0,0,82.29607357675083,80.80877580838833,,,,,0,145280386,176596151.74,51.36950740441859,49.67698990498775,,,,,51.36950740441859,
2026-03-12,184.05,184.94,181.75,183.14,185.60640000000015,,177.16714999999994,,,,0,0,0,0,0,0,0,0,0,177.16714999999994,183.77393333333325,185.60640000000015,185.2889999999997,182.05100000000007,182.88199999999998,185.60640000000015,,177.16714999999994,,,,0,0,0,0,0,0,0,0,0,81.08574793492714,80.83395509261914,,,,,0,155762663,177311282.94,48.21373247717821,49.20053368133084,,,,,,
2026-03-13,184.92,186.09,179.94,180.25,185.46060000000017,,177.39089999999993,,,,0,0,0,0,0,0,0,0,0,177.39089999999993,183.77046666666658,185.46060000000017,184.9544999999997,182.35700000000008,183.36799999999997,185.46060000000017,,177.39089999999993,,,,0,0,0,0,0,0,0,0,0,81.04025261479391,80.85270941281684,,,,,0,160988425,178577305.96,45.221920440206446,48.37673721800236,,,,,,
2026-03-16,182.97,188.88,181.41,183.22,185.39500000000015,,177.63294999999994,,,,0,0,0,0,0,0,0,0,0,177.63294999999994,183.77393333333328,185.39500000000015,184.9749999999997,182.4310000000001,183.48199999999994,185.39500000000015,,177.63294999999994,,,,0,0,0,0,0,0,0,0,0,82.87747655378305,81.03677915290467,,,,,0,217307380,180521443.88,48.742121494287694,47.704086981120405,,,,,,
2026-03-17,185.06,185.4,181.6804,181.93,185.25660000000013,,177.84664999999993,,,,0,0,0,0,0,0,0,0,0,177.84664999999993,183.77306666666658,185.25660000000013,184.8229999999997,182.61900000000009,182.91399999999993,185.25660000000013,,177.84664999999993,,,,0,0,0,0,0,0,0,0,0,81.46885453408306,81.07605873301179,,,,,0,182497757,181206589.78,47.319724525112086,46.72678596667731,,,,,,
2026-03-18,182.48,183.38,180.33,180.4,185.10220000000015,,178.07299999999992,,,,0,0,0,0,0,0,0,0,0,178.07299999999992,183.7546666666666,185.10220000000015,184.4439999999997,182.35500000000008,181.78799999999995,185.10220000000015,,178.07299999999992,,,,0,0,0,0,0,0,0,0,0,80.58272087289014,81.03120983663709,,,,,0,156683136,180669657.84,45.61932245490746,46.602536942926314,,,,,,
2026-03-19,178.01,179.98,175.785,178.56,184.92860000000016,,178.2788999999999,,,,0,0,0,0,0,0,0,0,0,178.2788999999999,183.7344666666666,184.92860000000016,183.9769999999997,181.8770000000001,180.87199999999996,184.92860000000016,,178.2788999999999,,,,0,0,0,0,0,0,0,0,0,80.86089806195291,81.01572694802944,,,,,0,170968527,180551776.3,43.590641494840625,46.83428707981365,,,,,,
2026-03-20,178,178.26,171.72,172.7,184.60040000000015,,178.43629999999993,,,,0,0,0,0,0,0,0,0,0,178.43629999999993,183.67233333333328,184.60040000000015,183.1209999999997,181.36500000000007,179.36199999999997,184.60040000000015,,178.43629999999993,,,,0,0,0,0,0,0,0,0,0,78.42300286990954,80.78002475910945,,,,,0,241323529,182307383.4,37.821996087195984,46.23327040119262,,,,,,
2026-03-23,177.255,178.37,174.76,175.64,184.41240000000016,,178.60489999999993,,,,0,0,0,0,0,0,0,0,0,178.60489999999993,183.6402666666666,184.41240000000016,182.32549999999972,180.66400000000007,177.84599999999995,184.41240000000016,,178.60489999999993,,,,0,0,0,0,0,0,0,0,0,80.98375621879077,80.79854580089867,,,,,1,182836294,182514968.32,41.971144652817806,46.082423410347374,,,,,,
2026-03-24,174.83,176.22,173.98,175.2,184.21920000000017,,178.78094999999993,,,,0,0,0,0,0,0,0,0,0,178.78094999999993,183.5948666666666,184.21920000000017,181.4429999999997,179.70700000000008,176.49999999999994,184.21920000000017,,178.78094999999993,,,,0,0,0,0,0,0,0,0,0,79.86640307917197,80.71380555346897,,,,,0,147667844,182841774.52,41.524546281441026,45.66752752866604,,,,,,
2026-03-25,177.1,181.22,176.85,178.68,184.09400000000016,,178.96574999999993,,,,0,0,0,0,0,0,0,0,0,178.96574999999993,183.61513333333326,184.09400000000016,180.5989999999997,178.97200000000007,176.15599999999995,184.09400000000016,,178.96574999999993,,,,0,0,0,0,0,0,0,0,0,81.75878078690006,80.80880330196271,,,,,1,162602054,183334446.54,46.3838413136593,45.57624531216953,,,,,,
2026-03-26,176.07,176.51,171.14,171.24,183.80260000000013,,179.10879999999995,,,,0,0,0,0,0,0,0,0,0,179.10879999999995,183.58739999999992,183.80260000000013,179.9164999999997,177.7820000000001,174.69199999999995,183.80260000000013,,179.10879999999995,,,,0,0,0,0,0,0,0,0,0,77.93212568777696,80.54728715521856,,,,,0,186152232,183854912.4,38.93457528099211,45.32756281999368,,,,,,
2026-03-27,170,170.97,167.01,167.52,183.4902000000001,,179.22659999999993,,,,0,0,0,0,0,0,0,0,0,179.22659999999993,183.53766666666658,183.4902000000001,179.4329999999997,176.5090000000001,173.65599999999998,183.4902000000001,,179.22659999999993,,,,0,0,0,0,0,0,0,0,0,77.58944106762675,80.27839205634658,,,,,0,196212684,184587443.38,35.83561295124095,44.47103403833528,,,,,,
2026-03-30,168.78,169.45,164.27,165.17,183.05260000000013,,179.33829999999995,,,,0,0,0,0,0,0,0,0,0,179.33829999999995,183.45219999999992,183.05260000000013,178.5674999999997,174.70400000000012,171.56199999999998,183.05260000000013,,179.33829999999995,,,,0,0,0,0,0,0,0,0,0,77.80199282132124,80.05326485316246,,,,,0,185626992,184176210.38,33.994826977764944,43.32453670257593,,,33.994826977764944,,,
2026-03-31,166.97,174.62,166.96,174.4,182.81600000000014,,179.4852999999999,,,,0,0,0,0,0,0,0,0,0,179.4852999999999,183.41613333333322,182.81600000000014,178.28499999999968,173.9510000000001,171.402,182.81600000000014,,179.4852999999999,,,,0,0,0,0,0,0,0,0,0,82.47513686742658,80.27343503627738,,,,,1,226181301,184940493.02,45.77622282151707,42.925016375225816,,,,,,
2026-04-01,176,177.37,174.75,175.75,182.76960000000014,,179.65419999999992,,,,0,0,0,0,0,0,0,0,0,179.65419999999992,183.3759999999999,182.76960000000014,177.9204999999997,173.4860000000001,170.81599999999997,182.76960000000014,,179.65419999999992,,,,0,0,0,0,0,0,0,0,0,80.7609063602373,80.31775061118283,,,,,0,168132005,183836227.98,47.259026540473464,42.85682309403262,,,,,,
2026-04-02,172.18,177.49,171.37,177.39,182.65100000000018,,179.81769999999995,,,,0,0,0,0,0,0,0,0,0,179.81769999999995,183.34793333333323,182.65100000000018,177.62299999999968,173.36900000000009,172.04599999999996,182.65100000000018,,179.81769999999995,,,,0,0,0,0,0,0,0,0,0,80.93434093802135,80.37380427725905,,,,,0,143143157,182691471.94,49.08070225292446,43.13245036636963,,,,,,
2026-04-06,177.155,177.79,175.76,177.64,182.50700000000015,,179.9852999999999,,,,0,0,0,0,0,0,0,0,0,179.9852999999999,183.33106666666654,182.50700000000015,177.6139999999997,173.8630000000001,174.06999999999996,182.50700000000015,,179.9852999999999,,,,0,0,0,0,0,0,0,0,0,80.95790772147514,80.4269045903696,,,,,0,107564279,182050025,49.36780051556007,43.177141725031944,,,,,,
2026-04-07,175.725,178.23,173.66,178.1,182.31560000000013,,180.14839999999992,,,,0,0,0,0,0,0,0,0,0,180.14839999999992,183.35719999999986,182.31560000000013,177.3864999999997,174.1090000000001,176.65599999999995,182.31560000000013,,180.14839999999992,,,,0,0,0,0,0,0,0,0,0,80.8098224089585,80.4617153011504,,,,,0,132534902,181845761.52,49.927238828743604,43.36339274671991,,,,,,
2026-04-08,184.5,185.26,180.3,182.08,182.22780000000014,,180.33954999999995,,,,0,0,0,0,0,0,0,0,0,180.33954999999995,183.43253333333323,182.22780000000014,177.2519999999997,174.79700000000008,178.19199999999995,182.22780000000014,,180.33954999999995,,,,0,0,0,0,0,0,0,0,0,82.55300113044899,80.651832194723,,,,,0,147732686,182304422.26,54.60114739841607,44.00495167125623,,,,,,
2026-04-09,181.84,184.08,180.62,183.91,182.13560000000015,,180.53824999999995,,,,0,0,0,0,0,0,0,0,0,180.53824999999995,183.5211333333332,182.13560000000015,177.14599999999967,175.3200000000001,179.82399999999996,182.13560000000015,,180.53824999999995,,,,0,0,0,0,0,0,0,0,0,81.34227356763115,80.7145995922601,,,,,0,116428523,181758761.58,56.60678825822261,44.93467644006923,,,,,,
2026-04-10,184.31,190,184.3,188.63,182.07780000000017,,180.74189999999996,,,,0,0,0,0,0,0,0,0,0,180.74189999999996,183.63426666666655,182.07780000000017,177.4204999999997,177.0590000000001,182.07199999999997,182.07780000000017,,180.74189999999996,,,,0,0,0,0,0,0,0,0,0,82.91829495052508,80.91493553392056,,,,,0,160459525,181996898.54,61.34961936372341,46.6152209598212,,,,,,
2026-04-13,186.03,189.66,185.74,189.31,182.01380000000015,,180.91689999999994,,,,0,0,0,0,0,0,0,0,0,180.91689999999994,183.78286666666654,182.01380000000015,177.87349999999972,179.2380000000001,184.40599999999998,182.01380000000015,,180.91689999999994,,,,0,0,0,0,0,0,0,0,0,83.31206266778155,81.13285618245337,,,,,0,133648180,181234574.64,61.99411256317306,48.045432953418,,,,,,
2026-04-14,190.84,196.51,190.77,196.51,182.12140000000016,,181.12434999999994,,,,0,0,0,0,0,0,0,0,0,181.12434999999994,183.97086666666652,182.12140000000016,178.53799999999973,182.3720000000001,188.08799999999997,182.12140000000016,,181.12434999999994,,,,0,0,0,0,0,0,0,0,0,85.60997817383388,81.53986727257887,,,,,0,161307010,180870925.58,68.06602866447913,49.94125312363501,,,,,,
2026-04-15,196.54,200.4,195.74,198.87,182.38660000000016,,181.32994999999994,,,,0,0,0,0,0,0,0,0,0,181.32994999999994,184.15826666666652,182.38660000000016,179.3849999999997,184.8190000000001,191.44599999999997,182.38660000000016,,181.32994999999994,,,,0,0,0,0,0,0,0,0,0,85.62890838606708,81.91159828289598,,,,,0,185338388,181261812.26,69.77079849044054,51.611750064833664,,,,,,
2026-04-16,197.43,199.85,195.81,198.35,182.74680000000015,,181.53174999999996,,,,0,0,0,0,0,0,0,0,0,181.53174999999996,184.29839999999987,182.74680000000015,180.28249999999971,187.07900000000012,194.33399999999997,182.74680000000015,,181.53174999999996,,,,0,0,0,0,0,0,0,0,0,84.72923097953,82.16774670986271,,,,,0,134012859,179861677.66,68.89803676993989,53.75199731404422,,,,,,
2026-04-17,199.9,201.7,199.27,201.68,183.29660000000015,,181.77364999999995,,,,0,0,0,0,0,0,0,0,0,181.77364999999995,184.46179999999987,183.29660000000015,181.4384999999997,189.5080000000001,196.94399999999996,183.29660000000015,,181.77364999999995,,,,0,0,0,0,0,0,0,0,0,85.92743659187451,82.50953669913652,,,,,0,160324417,178927883.68,71.36804590160952,56.290028239070544,,,,,,
2026-04-20,199.98,202.17,197.8397,202.06,183.90020000000015,,181.99769999999992,,,,0,0,0,0,0,0,0,0,0,181.99769999999992,184.62339999999986,183.90020000000015,182.9064999999997,191.9500000000001,199.49399999999997,183.90020000000015,,181.99769999999992,,,,0,0,0,0,0,0,0,0,0,85.06535878923106,82.74188416187239,,,,,0,119381388,177189253.64,71.64478324862223,58.979310829846064,,,,,,
2026-04-21,202.13,202.75,199,199.88,184.18960000000013,,182.20039999999995,,,,0,0,0,0,0,0,0,0,0,182.20039999999995,184.7709333333332,184.18960000000013,184.1184999999997,194.1280000000001,200.16799999999998,184.18960000000013,,182.20039999999995,,,,0,0,0,0,0,0,0,0,0,84.34787379046381,82.88788321901707,,,,,0,107945302,174721234.86,67.60767525514515,60.538700289390924,,,,,,
2026-04-22,200.99,202.5,199,202.5,184.43880000000013,,182.42169999999996,,,,0,0,0,0,0,0,0,0,0,182.42169999999996,184.95506666666654,184.43880000000013,185.4834999999997,196.17000000000013,200.89399999999998,184.43880000000013,,182.42169999999996,,,,0,0,0,0,0,0,0,0,0,85.99919026276822,83.17072931390354,,,,,0,107501042,172943508.68,69.8095133843197,62.14944934966565,,,,,,
2026-04-23,202.46,203.829,197.2206,199.64,184.66080000000014,,182.61989999999994,,,,0,0,0,0,0,0,0,0,0,182.61989999999994,185.1507333333332,184.66080000000014,186.5314999999997,197.7430000000001,201.152,184.66080000000014,,182.61989999999994,,,,0,0,0,0,0,0,0,0,0,83.90714903143646,83.23767656095198,,,,,0,113561830,172479448.78,64.64391821018778,63.26110763232732,,,,,,
2026-04-24,199.96,210.95,199.81,208.27,185.02520000000015,,182.84684999999993,,,,0,0,0,0,0,0,0,0,0,182.84684999999993,185.36426666666654,185.02520000000015,188.3829999999997,199.7070000000001,202.46999999999997,185.02520000000015,,182.84684999999993,,,,0,0,0,0,0,0,0,0,0,87.89729348757318,83.66127809973572,,,,,0,214134441,173878283.9,71.49750708984189,64.84180095906174,,,,,,
2026-04-27,209.645,216.825,207.38,216.61,185.61860000000016,,183.10939999999994,,,,0,0,0,0,0,0,0,0,0,183.10939999999994,185.6305333333332,185.61860000000016,190.8374999999997,202.43700000000013,205.37999999999997,185.61860000000016,,183.10939999999994,,,,0,0,0,0,0,0,0,0,0,90.69415930339831,84.30063093643233,,,,,0,187172421,173823082.5,76.2823301000795,66.72430747844288,,,,,76.2823301000795,
2026-04-28,209.49,214.73,208.2,213.17,186.22580000000013,,183.35064999999994,,,,0,0,0,0,0,0,0,0,0,183.35064999999994,185.82759999999988,186.22580000000013,193.23749999999973,204.10300000000012,208.03799999999995,186.22580000000013,,183.35064999999994,,,,0,0,0,0,0,0,0,0,0,89.14373173941165,84.74091282761226,,,,,0,180275364,174190829.36,70.98874833361616,67.89485040238574,,,,,,
2026-04-29,212.7,212.72,207.5758,209.25,186.7114000000001,,183.57654999999994,,,,0,0,0,0,0,0,0,0,0,183.57654999999994,186.03306666666654,186.7114000000001,194.9799999999997,205.14100000000013,209.38799999999998,186.7114000000001,,183.57654999999994,,,,0,0,0,0,0,0,0,0,0,87.93482387120542,85.03126837702982,,,,,0,123711821,173419528.58,65.41774341158222,68.52420434191143,,,,,,
2026-04-30,209.93,210.3,198.7,199.57,186.9432000000001,,183.72089999999997,,,,0,0,0,0,0,0,0,0,0,183.72089999999997,186.1837333333332,186.9432000000001,196.1709999999997,205.2630000000001,209.37399999999997,186.9432000000001,,183.72089999999997,,,,0,0,0,0,0,0,0,0,0,83.90041423999013,84.92846345548075,,,,,0,225239156,174629329.2,54.122494582835365,68.00798114327657,,,,,,
2026-05-01,201.28,203,197.12,198.45,187.1542000000001,,183.85629999999998,,,,0,0,0,0,0,0,0,0,0,183.85629999999998,186.3221333333332,187.1542000000001,197.2239999999997,204.9400000000001,207.40999999999994,187.1542000000001,,183.85629999999998,,,,0,0,0,0,0,0,0,0,0,82.58404054920085,84.7153341003644,,,,,0,128646997,174671178.62,52.982609843178906,67.3643023775627,,,,,,
2026-05-04,199.5,201.73,194.74,198.48,187.3274000000001,,183.98369999999994,,,,0,0,0,0,0,0,0,0,0,183.98369999999994,186.4573999999999,187.3274000000001,198.2659999999997,204.5820000000001,203.78399999999996,187.3274000000001,,183.98369999999994,,,,0,0,0,0,0,0,0,0,0,82.35559348336334,84.50081222609158,,,,,0,125368092,173610093.72,53.011157193142154,66.28895441532434,,,,,,
2026-05-05,199.3,200.24,196.03,196.5,187.42640000000006,,184.10414999999998,,,,0,0,0,0,0,0,0,0,0,184.10414999999998,186.55506666666653,187.42640000000006,199.1859999999997,204.24400000000009,200.44999999999996,187.42640000000006,,184.10414999999998,,,,0,0,0,0,0,0,0,0,0,81.86635855104183,84.2613164374507,,,,,0,113406620,172446529.34,50.81807886967815,64.93518872812703,,,50.81807886967815,,,
2026-05-06,199.89,208.265,198.61,207.83,187.72600000000006,,184.2864,,,,0,0,0,0,0,0,0,0,0,184.2864,186.6967333333332,187.72600000000006,200.4734999999997,204.7770000000001,200.16599999999997,187.72600000000006,,184.2864,,,,0,0,0,0,0,0,0,0,0,85.88951139311303,84.40933416069274,,,,,1,188362812,172711313.54,60.8093130196201,64.35742274596133,,,,,,
2026-05-07,208.34,214.2,206.5,211.5,188.04480000000007,,184.50874999999996,,,,0,0,0,0,0,0,0,0,0,184.50874999999996,186.85846666666654,188.04480000000007,201.8529999999997,205.9630000000001,202.55199999999996,188.04480000000007,,184.50874999999996,,,,0,0,0,0,0,0,0,0,0,86.14942614570592,84.56752434114848,,,,,0,168307874,171064728.98,63.40279036954507,63.788475922242434,,,,,,
2026-05-08,213.03,217.8,212.89,215.2,188.6510000000001,,184.73085,,,,0,0,0,0,0,0,0,0,0,184.73085,187.03386666666657,188.6510000000001,203.1814999999997,206.6560000000001,205.90199999999996,188.6510000000001,,184.73085,,,,0,0,0,0,0,0,0,0,0,87.99116817271128,84.87876468947238,,,,,0,136421362,166576998.08,65.85599822450358,63.37499127766254,,,,,,
2026-05-11,214.035,222.3,213.89,219.44,189.4960000000001,,184.95934999999997,,,,0,0,0,0,0,0,0,0,0,184.95934999999997,187.2459999999999,189.4960000000001,204.6879999999997,206.93900000000008,210.09399999999997,189.4960000000001,,184.95934999999997,,,,0,0,0,0,0,0,0,0,0,88.97514772426246,85.25116314718056,,,,,0,160685774,163557983.68,68.46474283995212,63.43621039086304,,,,,,
2026-05-12,218.545,223.75,214.92,220.78,190.26200000000009,,185.19574999999998,,,,0,0,0,0,0,0,0,0,0,185.19574999999998,187.4809333333332,190.26200000000009,205.90149999999971,207.7000000000001,214.94999999999996,190.26200000000009,,185.19574999999998,,,,0,0,0,0,0,0,0,0,0,89.35024990388311,85.62380739778989,,,,,0,159176619,162559609.44,69.26400283850617,63.39724535187636,,,,,,
2026-05-13,224.93,227.84,221.5653,225.83,191.17760000000007,,185.44115,,,,0,0,0,0,0,0,0,0,0,185.44115,187.75286666666653,191.17760000000007,207.24949999999973,209.3580000000001,218.54999999999995,191.17760000000007,,185.44115,,,,0,0,0,0,0,0,0,0,0,91.54070344833177,86.16170703874825,,,,,0,150405386,162005728.56,72.13074314322643,63.93201856137912,,,,,,
2026-05-14,229.85,236.54,229.3,235.74,192.23160000000007,,185.7423,,,,0,0,0,0,0,0,0,0,0,185.7423,188.06373333333323,192.23160000000007,209.11899999999974,212.97500000000008,223.39799999999997,192.23160000000007,,185.7423,,,,0,0,0,0,0,0,0,0,0,95.00205527480233,86.9653750602077,,,,,0,180782857,162066761.74,76.7195464421359,64.30502137225726,,,,,76.7195464421359,
2026-05-15,229.76,231.5,224.24,225.32,193.07120000000006,,185.97255,,,,0,0,0,0,0,0,0,0,0,185.97255,188.28206666666657,193.07120000000006,210.3009999999997,215.6620000000001,225.42199999999997,193.07120000000006,,185.97255,,,,0,0,0,0,0,0,0,0,0,90.11298116980502,87.2515210701711,,,,,0,180977640,161710719.96,64.66333394865516,63.475093075726946,,,,,,
2026-05-18,229.87,230,218.37,222.32,193.96120000000008,,186.1948,,,,0,0,0,0,0,0,0,0,0,186.1948,188.54313333333323,193.96120000000008,211.3139999999997,218.04600000000005,225.99799999999996,193.96120000000008,,186.1948,,,,0,0,0,0,0,0,0,0,0,90.02644263540883,87.50378666701089,,,,,0,146280896,160855898.9,61.65905700471435,62.80868655223395,,,,,,
2026-05-19,219.62,224.48,217.91,220.61,194.72040000000007,,186.42925,,,,0,0,0,0,0,0,0,0,0,186.42925,188.75839999999988,194.72040000000007,212.35049999999973,220.45700000000005,225.964,194.72040000000007,,186.42925,,,,0,0,0,0,0,0,0,0,0,89.39976009855411,87.67614788806027,,,,,0,140948207,160130591.28,59.94933392769863,62.418085874813706,,,,,,
2026-05-20,223.18,226.13,220.495,223.47,195.49440000000007,,186.6466,,,,0,0,0,0,0,0,0,0,0,186.6466,189.0479999999999,195.49440000000007,213.39899999999972,222.02100000000004,225.49199999999996,195.49440000000007,,186.6466,,,,0,0,0,0,0,0,0,0,0,91.16734343085446,87.99352930104156,,,,,0,184201587,160232252.46,61.854474823836206,62.97037017774233,,,,,,
2026-05-21,222.29,227.3999,217.93,219.51,196.16400000000004,,186.85285,,,,0,0,0,0,0,0,0,0,0,186.85285,189.31253333333322,196.16400000000004,214.39249999999976,222.82200000000006,222.24599999999995,196.16400000000004,,186.85285,,,,0,0,0,0,0,0,0,0,0,88.59592948166005,88.04829295382505,,,,,0,203381760,161394279.94,57.757708900676526,63.311448681849306,,,,,,
2026-05-22,220.904,221.01,214.8,215.33,196.80780000000007,,187.03239999999997,,,,0,0,0,0,0,0,0,0,0,187.03239999999997,189.53599999999992,196.80780000000007,214.7454999999997,222.8350000000001,220.24799999999996,196.80780000000007,,187.03239999999997,,,,0,0,0,0,0,0,0,0,0,86.75979386843198,87.93115667333477,,,,,0,169275710,161664540.88,53.71362403482748,63.36162488482683,,,,,,
2026-05-26,216.54,218.18,212,214.86,197.50000000000003,,187.20285,,,,0,0,0,0,0,0,0,0,0,187.20285,189.74693333333323,197.50000000000003,214.65799999999973,222.3770000000001,218.75599999999994,197.50000000000003,,187.20285,,,,0,0,0,0,0,0,0,0,0,86.24897638048138,87.77823119216627,,,,,0,187202576,162188823.9,53.26204435155076,63.536193847817735,,,,,,
2026-05-27,214.12,214.15,208.78,212.6,198.08760000000007,,187.35234999999997,,,,0,0,0,0,0,0,0,0,0,187.35234999999997,189.94666666666657,198.08760000000007,214.62949999999972,221.55900000000005,217.15399999999994,198.08760000000007,,187.35234999999997,,,,0,0,0,0,0,0,0,0,0,84.82386878234259,87.50965279127321,,,,,0,167601172,161194699.74,51.03998457126818,62.838384672935454,,,,,,
2026-05-28,211.275,215.5191,211.22,214.25,198.73400000000004,,187.5133,,,,0,0,0,0,0,0,0,0,0,187.5133,190.16726666666656,198.73400000000004,214.87949999999972,220.40100000000007,215.30999999999995,198.73400000000004,,187.5133,,,,0,0,0,0,0,0,0,0,0,85.46786926707064,87.3240361072548,,,,,0,143996048,160424665.56,52.594956816510866,62.06639656200444,,,,,,
2026-05-29,214.575,217.8599,211.13,211.14,199.34880000000004,,187.6532,,,,0,0,0,0,0,0,0,0,0,187.6532,190.37299999999993,199.34880000000004,215.4579999999997,217.9410000000001,213.63599999999997,199.34880000000004,,187.6532,,,,0,0,0,0,0,0,0,0,0,83.74561387272233,86.99872499502457,,,,,0,289410624,163079215.32,49.40963118676084,60.89165605930854,,,,,,
2026-06-01,215.73,224.87,215.7,224.36,200.26480000000006,,187.86704999999998,,,,0,0,0,0,0,0,0,0,0,187.86704999999998,190.65433333333328,200.26480000000006,216.75349999999972,217.84500000000008,215.44199999999995,200.26480000000006,,187.86704999999998,,,,0,0,0,0,0,0,0,0,0,88.79624804585723,87.16213618146391,,,,,1,212850685,163916858.48,60.3910570735142,60.31496421884869,,,,,60.3910570735142,
2026-06-02,227.18,232.28,221.35,222.82,201.26720000000006,,188.07104999999999,,,,0,0,0,0,0,0,0,0,0,188.07104999999999,190.89806666666658,201.26720000000006,217.97049999999973,217.89500000000007,217.03399999999996,201.26720000000006,,188.07104999999999,,,,0,0,0,0,0,0,0,0,0,87.95584181474878,87.23429123903526,,,,,0,193362903,162957645.96,58.790138218274585,59.56683103168928,,,,,,
2026-06-03,221.72,222.82,214.51,214.75,202.04940000000005,,188.24254999999997,,,,0,0,0,0,0,0,0,0,0,188.24254999999997,191.05313333333328,202.04940000000005,218.88299999999973,217.30900000000005,217.46399999999994,202.04940000000005,,188.24254999999997,,,,0,0,0,0,0,0,0,0,0,84.66090302335023,87.00034685579116,,,,,0,160907001,162519060.1,51.139607306245665,58.067464186190655,,,,,,
2026-06-04,213.905,221.6,210.97,218.66,202.91860000000008,,188.42579999999998,,,,0,0,0,0,0,0,0,0,0,188.42579999999998,191.17066666666662,202.91860000000008,219.4244999999997,216.82800000000006,218.34599999999995,202.91860000000008,,188.42579999999998,,,,0,0,0,0,0,0,0,0,0,86.8425546787191,86.98600211242098,,,,,0,169022152,162946146.26,54.24631958178211,56.46223369616539,,,,,,
2026-06-05,214.53,214.87,204.33,205.1,203.4470000000001,,188.5731,,,,0,0,0,0,0,0,0,0,0,188.5731,191.15773333333328,203.4470000000001,219.10449999999975,215.38700000000009,217.13799999999998,203.4470000000001,,188.5731,,,,0,0,0,0,0,0,0,0,0,81.12790599552761,86.45344791997613,,,,,0,219655532,164087215.82,43.836415448123795,54.97459666041315,,,,,,
2026-06-08,210.18,210.47,206,208.64,204.19500000000008,,188.73930000000001,,,,0,0,0,0,0,0,0,0,0,188.73930000000001,191.19606666666658,204.19500000000008,218.77649999999971,214.71800000000002,213.99399999999997,204.19500000000008,,188.73930000000001,,,,0,0,0,0,0,0,0,0,0,84.77016358940536,86.30042207174242,,,,,0,138372837,163131627.92,46.71142200166908,53.906908445909906,,,,,,
2026-06-09,210.615,211.4,199.34,208.19,205.00840000000008,,188.90535,,,,0,0,0,0,0,0,0,0,0,188.90535,191.2340666666666,205.00840000000008,218.21399999999971,214.05100000000007,211.06799999999993,205.00840000000008,,188.90535,,,,0,0,0,0,0,0,0,0,0,84.33616177765295,86.12185295409792,,,,,0,180962450,162826623.24,46.386358480144914,52.93812448537035,,,,,,
2026-06-10,204.43,207.22,199.92,200.42,205.71340000000006,,189.01749999999996,,,,0,0,0,0,0,0,0,0,0,189.01749999999996,191.19099999999995,205.71340000000006,217.19599999999974,212.83300000000003,208.20199999999994,205.71340000000006,,189.01749999999996,,,,0,0,0,0,0,0,0,0,0,81.39808790441147,85.69241976776279,,,,,0,161746587,162349015.14,41.07163874709042,51.45363619417422,,,41.07163874709042,,,
2026-06-11,201.49,205.66,199.54,204.87,206.32280000000006,,189.1428,,,,0,0,0,0,0,0,0,0,0,189.1428,191.23219999999995,206.32280000000006,216.14799999999974,211.89500000000007,205.44399999999996,206.32280000000006,,189.1428,,,,0,0,0,0,0,0,0,0,0,84.5754781890739,85.59087962424562,,,,,0,158643204,160998253.2,44.961050306617786,50.53958915174145,,,,,,
2026-06-12,204.86,207.07,203.4385,205.19,206.91160000000008,,189.2599,,,,0,0,0,0,0,0,0,0,0,189.2599,191.29873333333327,206.91160000000008,214.6204999999997,211.30000000000004,205.46199999999993,206.91160000000008,,189.2599,,,,0,0,0,0,0,0,0,0,0,83.24914697923133,85.37799483833523,,,,,0,112345315,159882519.4,45.24094209377754,49.934397584523595,,,,,,
2026-06-15,208.92,212.7107,208.34,212.45,207.61280000000005,,189.41414999999998,,,,0,0,0,0,0,0,0,0,0,189.41414999999998,191.46119999999993,207.61280000000005,213.97699999999972,210.10900000000007,206.22399999999993,207.61280000000005,,189.41414999999998,,,,0,0,0,0,0,0,0,0,0,85.76388188038672,85.41307547852172,,,,,1,149936688,160018390.02,51.292747756192,49.79373354199797,,,,,51.292747756192,
2026-06-16,211.18,211.49,207.29,207.41,208.20820000000006,,189.55034999999995,,,,0,0,0,0,0,0,0,0,0,189.55034999999995,191.58959999999993,208.20820000000006,213.23149999999973,208.56800000000004,206.06799999999993,208.20820000000006,,189.55034999999995,,,,0,0,0,0,0,0,0,0,0,82.36787622380955,85.13623918263879,,,,,0,125694100,160380986.44,47.3781619852302,49.532174785852405,,,,,,
2026-06-17,208.53,209.21,203.08,204.65,208.73920000000007,,189.70269999999996,,,,0,0,0,0,0,0,0,0,0,189.70269999999996,191.62693333333326,208.73920000000007,212.43349999999973,207.55800000000005,206.91399999999993,208.73920000000007,,189.70269999999996,,,,0,0,0,0,0,0,0,0,0,81.73641454121369,84.82716421523651,,,,,0,128363473,160297557.86,45.337591852406824,49.013791574130686,,,,,,
2026-06-18,207.33,211.39,206.5,210.69,209.31140000000002,,189.90224999999995,,,,0,0,0,0,0,0,0,0,0,189.90224999999995,191.74379999999994,209.31140000000002,211.79449999999974,206.76100000000005,208.07799999999992,209.31140000000002,,189.90224999999995,,,,0,0,0,0,0,0,0,0,0,85.1833732923097,84.85954685860679,,,,,1,241272014,162168344.42,50.37478136368815,49.082730872482635,,,,,,
2026-06-22,211.44,213.99,207.72,208.65,209.80620000000002,,190.09239999999994,,,,0,0,0,0,0,0,0,0,0,190.09239999999994,191.84279999999993,209.80620000000002,211.25149999999977,207.11600000000004,208.7699999999999,209.80620000000002,,190.09239999999994,,,,0,0,0,0,0,0,0,0,0,83.45365752202832,84.73173873709966,,,,,0,122041419,162280602.34,48.74108029694519,48.25058967415628,,,,,,
2026-06-23,202.17,203.77,200,200.04,210.03440000000006,,190.23429999999996,,,,0,0,0,0,0,0,0,0,0,190.23429999999996,191.93066666666658,210.03440000000006,210.48699999999977,206.25600000000003,206.28799999999993,210.03440000000006,,190.23429999999996,,,,0,0,0,0,0,0,0,0,0,80.30746255075086,84.32953181106795,,,,,0,153496196,162141335.76,42.47934257817604,47.08553284272067,,,,,,
2026-06-24,200.12,201.67,196.58,199,210.22820000000004,,190.39419999999996,,,,0,0,0,0,0,0,0,0,0,190.39419999999996,191.98953333333327,210.22820000000004,209.6939999999998,205.33700000000005,204.6059999999999,210.22820000000004,,190.39419999999996,,,,0,0,0,0,0,0,0,0,0,81.05411074679755,84.03176625977065,,,,,0,151810704,162504586.24,41.78111876256688,46.417069375315045,,,,,,
2026-06-25,200.08,200.8,192.13,195.74,210.21280000000007,,190.53134999999995,,,,0,0,0,0,0,0,0,0,0,190.53134999999995,192.05046666666658,210.21280000000007,208.85099999999974,204.86900000000006,202.8239999999999,210.21280000000007,,190.53134999999995,,,,0,0,0,0,0,0,0,0,0,79.80473511900313,83.64749070151906,,,,,0,150205647,162282558.98,39.584709447768226,45.36981150859976,,,,,,
2026-06-26,193.12,195.55,191.22,192.53,210.08600000000007,,190.64019999999996,,,,0,0,0,0,0,0,0,0,0,190.64019999999996,192.12493333333325,210.08600000000007,207.7649999999998,203.63500000000005,199.19199999999987,210.08600000000007,,190.64019999999996,,,,0,0,0,0,0,0,0,0,0,78.50378118594953,83.1798807455582,,,,,0,179304147,162161874.16,37.49457709678754,44.916823054932884,,,37.49457709678754,,,
2026-06-29,193.85,196.18,189.8,194.97,210.01840000000007,,190.72839999999997,,,,0,0,0,0,0,0,0,0,0,190.72839999999997,192.18126666666657,210.01840000000007,206.95649999999978,202.61300000000003,196.45599999999988,210.01840000000007,,190.72839999999997,,,,0,0,0,0,0,0,0,0,0,79.53598231173929,82.84861725157465,,,,,0,148835724,162458331.46,40.084317965251834,44.443458480903075,,,,,,
2026-06-30,197.24,200.63,195.11,200.09,209.98660000000004,,190.84299999999996,,,,0,0,0,0,0,0,0,0,0,190.84299999999996,192.31093333333325,209.98660000000004,205.74299999999977,201.37700000000004,196.4659999999999,209.98660000000004,,190.84299999999996,,,,0,0,0,0,0,0,0,0,0,80.67678884150513,82.6511783052047,,,,,0,166476665,162581376.42,45.21381183661547,44.35970514922241,,,,,,
2026-07-01,196.2,199.85,193.45,197.58,209.89700000000008,,190.94179999999997,,,,0,0,0,0,0,0,0,0,0,190.94179999999997,192.4355999999999,209.89700000000008,204.4809999999998,200.39400000000003,196.1819999999999,209.89700000000008,,190.94179999999997,,,,0,0,0,0,0,0,0,0,0,79.03874463954259,82.32277524468996,,,,,0,146147597,163116700.6,43.25859528739477,44.51591633067272,,,,,,
2026-07-02,197.14,200.055,192.35,194.83,209.79600000000005,,191.02719999999997,,,,0,0,0,0,0,0,0,0,0,191.02719999999997,192.5174666666666,209.79600000000005,203.48499999999981,199.41200000000003,195.99999999999991,209.79600000000005,,191.02719999999997,,,,0,0,0,0,0,0,0,0,0,78.1066464614879,81.93949080985341,,,,,0,142385548,163805505.52,41.158555504478336,44.24430955909133,,,,,,
2026-07-06,194.42,197.55,193.99,195.55,209.65700000000007,,191.13054999999997,,,,0,0,0,0,0,0,0,0,0,191.13054999999997,192.63566666666657,209.65700000000007,202.3294999999998,197.89800000000002,196.6039999999999,209.65700000000007,,191.13054999999997,,,,0,0,0,0,0,0,0,0,0,78.3951871114651,81.6172813827272,,,,,0,108999015,163835464.98,41.95310072762987,44.00946374722364,,,,,,
2026-07-07,192.37,198.41,191.14,196.93,209.6028000000001,,191.26374999999996,,,,0,0,0,0,0,0,0,0,0,191.26374999999996,192.7467999999999,209.6028000000001,201.9209999999998,196.72600000000003,196.99599999999992,209.6028000000001,,191.26374999999996,,,,0,0,0,0,0,0,0,0,0,78.38082741730271,81.32305829496134,,,,,0,124154574,164047319.86,43.527107516200346,43.4547751586528,,,,,,
2026-07-08,195.18,205.16,195.06,204.12,209.51980000000006,,191.40314999999995,,,,0,0,0,0,0,0,0,0,0,191.40314999999995,192.9275999999999,209.51980000000006,201.69499999999982,197.13400000000004,197.8019999999999,209.51980000000006,,191.40314999999995,,,,0,0,0,0,0,0,0,0,0,81.60610886411642,81.34879016488453,,,,,1,147419133,162713013.7,50.98462667153423,43.712379779103095,,,,,,
2026-07-09,204.46,204.585,198.96,202.78,209.24320000000006,,191.53369999999995,,,,0,0,0,0,0,0,0,0,0,191.53369999999995,193.0799999999999,209.24320000000006,201.42449999999982,197.51200000000003,198.84199999999993,209.24320000000006,,191.53369999999995,,,,0,0,0,0,0,0,0,0,0,81.29942226813547,81.34430217427098,,,,,0,132037359,161610312.46,49.668209788993686,44.02170963171643,,,,,,
2026-07-10,202,211,201.92,210.96,209.1990000000001,,191.67044999999996,,,,0,0,0,0,0,0,0,0,0,191.67044999999996,193.27666666666656,209.1990000000001,201.9514999999998,199.03400000000002,202.06799999999993,209.1990000000001,,191.67044999999996,,,,0,0,0,0,0,0,0,0,0,83.89583808347165,81.57625998419832,,,,,1,148421001,160973225.2,56.97185993939704,44.49292952998136,,,,,56.97185993939704,
2026-07-13,208.54,210.57,203,203.53,209.0846000000001,,191.79594999999995,,,,0,0,0,0,0,0,0,0,0,191.79594999999995,193.43626666666657,209.0846000000001,201.88449999999983,200.13400000000001,203.6639999999999,209.0846000000001,,191.79594999999995,,,,0,0,0,0,0,0,0,0,0,80.60179079888957,81.48767187644297,,,,,0,121411018,160927209.14,49.89022920742472,44.5750115950156,,,,,,
2026-07-14,208.2,212.55,203.8,211.8,209.3292000000001,,191.97009999999995,,,,0,0,0,0,0,0,0,0,0,191.97009999999995,193.62573333333322,209.3292000000001,202.21499999999983,201.817,206.63799999999992,209.3292000000001,,191.97009999999995,,,,0,0,0,0,0,0,0,0,0,84.54707305324843,81.76579925615256,,,,,1,124379646,158910018.94,56.388206706658075,45.568501889907175,,,,,,
2026-07-15,211.96,213.81,206.04,212.5,209.61020000000008,,192.14414999999994,,,,0,0,0,0,0,0,0,0,0,192.14414999999994,193.82633333333322,209.61020000000008,202.21749999999983,203.05800000000002,208.3139999999999,209.61020000000008,,192.14414999999994,,,,0,0,0,0,0,0,0,0,0,84.5088346529968,82.01516611041113,,,,,0,124797151,158833022.02,56.897694173255516,46.64825727638493,,,,,,
2026-07-16,210.17,211.08,205.845,207.4,209.78860000000003,,192.29019999999994,,,,0,0,0,0,0,0,0,0,0,192.29019999999994,193.9719999999999,209.78860000000003,202.21699999999984,204.04000000000002,209.23799999999991,209.78860000000003,,192.29019999999994,,,,0,0,0,0,0,0,0,0,0,82.16681633299878,82.02895249428273,,,,,0,122986074,158785381.66,52.12027772478745,47.543655010457734,,,,,,
2026-07-17,202.64,206.645,197.97,202.81,209.91480000000007,,192.39499999999992,,,,0,0,0,0,0,0,0,0,0,192.39499999999992,194.09093333333323,209.91480000000007,202.12499999999983,204.83800000000002,207.6079999999999,209.91480000000007,,192.39499999999992,,,,0,0,0,0,0,0,0,0,0,80.7603630055072,81.91362617712132,,,,,0,144281910,159402887.46,48.19786384363979,48.30817549237576,,,48.19786384363979,,,
2026-07-20,205.87,207.74,202.28,203.28,209.82380000000003,,192.4784999999999,,,,0,0,0,0,0,0,0,0,0,192.4784999999999,194.22093333333322,209.82380000000003,201.75449999999984,205.61100000000002,207.5579999999999,209.82380000000003,,192.4784999999999,,,,0,0,0,0,0,0,0,0,0,81.77331050231372,81.90087020668426,,,,,0,88701540,157409662.02,48.62422237754112,48.918168664682135,,,,,,
2026-07-21,207.54,208.65,204.01,207.29,209.73960000000002,,192.57874999999993,,,,0,0,0,0,0,0,0,0,0,192.57874999999993,194.3966666666666,209.73960000000002,201.68649999999985,206.64700000000002,206.6559999999999,209.73960000000002,,192.57874999999993,,,,0,0,0,0,0,0,0,0,0,83.54784449866187,82.05059514231858,,,,,1,108685563,156217215.8,52.23629517865899,49.41977461768524,,,,,,
2026-07-22,205.805,214.39,204.95,212.06,209.67680000000004,,192.69459999999992,,,,0,0,0,0,0,0,0,0,0,192.69459999999992,194.64359999999994,209.67680000000004,202.28749999999985,207.44100000000003,206.5679999999999,209.67680000000004,,192.69459999999992,,,,0,0,0,0,0,0,0,0,0,84.72007670590742,82.29327528446302,,,,,0,137645596,156241700.48,56.182706304664194,50.34292540463306,,,,,,
2026-07-23,209.455,210.8687,205.96,208.76,209.46320000000003,,192.8002999999999,,,,0,0,0,0,0,0,0,0,0,192.8002999999999,194.8600666666666,209.46320000000003,202.77549999999982,208.03900000000004,206.83999999999986,209.46320000000003,,192.8002999999999,,,,0,0,0,0,0,0,0,0,0,83.51558082720804,82.40439397016712,,,,,0,110505328,155238091.56,52.92476324841313,51.18336881491411,,,,,,
2026-07-24,207.45,211.9099,204.81,206.84,209.1844,,192.90679999999992,,,,0,0,0,0,0,0,0,0,0,192.90679999999992,195.05419999999992,209.1844,203.33049999999983,207.62700000000004,207.64599999999987,209.1844,,192.90679999999992,,,,0,0,0,0,0,0,0,0,0,83.76010690711769,82.52764060079899,,,,,0,114836806,154351295.3,51.06921608422215,51.83451991181356,,,,,,
2026-07-27,208.2,208.75,195.44,196.51,208.59800000000004,,192.9641499999999,,,,0,0,0,0,0,0,0,0,0,192.9641499999999,195.22466666666656,208.59800000000004,203.5294999999998,206.92500000000004,206.29199999999986,208.59800000000004,,192.9641499999999,,,,0,0,0,0,0,0,0,0,0,79.53745153116981,82.2558052308327,,,,,0,154353698,154430261.54,42.446588303841956,51.75733996807367,,,,,,
2026-07-28,195,198.7,192.74,197.01,207.8234,,193.0036499999999,,,,0,0,0,0,0,0,0,0,0,193.0036499999999,195.37713333333326,207.8234,203.63149999999982,205.446,204.23599999999988,207.8234,,193.0036499999999,,,,0,0,0,0,0,0,0,0,0,79.72691881216967,82.0259064654997,,,,,0,134111494,153496834.28,42.948700023737636,51.18334520751677,,,,,,
2026-07-29,195.845,197.074,190.01,190.01,207.11720000000003,,192.99084999999988,,,,0,0,0,0,0,0,0,0,0,192.99084999999988,195.4372666666666,207.11720000000003,203.1274999999998,203.19700000000003,199.82599999999985,207.11720000000003,,192.99084999999988,,,,0,0,0,0,0,0,0,0,0,76.73265327550418,81.54470163004557,,,,,0,147680809,152830897.66,37.95613238818564,50.346768250316195,,,37.95613238818564,,,
2026-07-30,193.45,197.25,191.52,195.04,206.57160000000005,,193.0502499999999,,,,0,0,0,0,0,0,0,0,0,193.0502499999999,195.51293333333328,206.57160000000005,203.00049999999982,201.96100000000004,197.08199999999988,206.57160000000005,,193.0502499999999,,,,0,0,0,0,0,0,0,0,0,79.97649036720132,81.402136969787,,,,,0,129010151,152485482.76,43.07670569930813,49.35425723316699,,,,,,
2026-07-31,198.4405,202,194.95,200.75,206.17440000000002,,193.1123999999999,,,,0,0,0,0,0,0,0,0,0,193.1123999999999,195.5898666666666,206.17440000000002,203.2964999999998,201.75500000000005,195.86399999999986,206.17440000000002,,193.1123999999999,,,,0,0,0,0,0,0,0,0,0,80.9733745830325,81.36315857099113,,,,,0,139961153,152465741.68,48.29365233536104,49.24021602801958,,,,,,
2026-08-03,197.69,208.74,196.85,206.64,205.83780000000002,,193.24544999999992,,,,0,0,0,0,0,0,0,0,0,193.24544999999992,195.71006666666662,205.83780000000002,203.85099999999983,202.09100000000004,197.88999999999987,205.83780000000002,,193.24544999999992,,,,0,0,0,0,0,0,0,0,0,82.7694493252084,81.49100318501088,,,,,1,128406883,151349847.6,53.07144620697346,49.003304563756394,,,,,,
2026-08-04,211.3,213.06,209.05,211.94,205.68640000000002,,193.40599999999986,,,,0,0,0,0,0,0,0,0,0,193.40599999999986,195.85279999999995,205.68640000000002,204.60149999999982,202.556,200.87599999999986,205.68640000000002,,193.40599999999986,,,,0,0,0,0,0,0,0,0,0,83.65502269587527,81.6877322314531,,,,,0,134921997,149980652.34,56.9281992790258,49.00548349988285,,,,,,
2026-08-05,216.86,222.22,216.4,219.22,205.76420000000002,,193.5930499999999,,,,0,0,0,0,0,0,0,0,0,193.5930499999999,196.0594666666666,205.76420000000002,205.3564999999998,203.272,206.71799999999985,205.76420000000002,,193.5930499999999,,,,0,0,0,0,0,0,0,0,0,85.00721254517534,81.9895031690642,,,,,0,158187403,149758886.2,61.59685307853628,49.68238173943633,,,,,,
2026-08-06,221.53,223.63,217,218.99,205.8468,,193.77189999999987,,,,0,0,0,0,0,0,0,0,0,193.77189999999987,196.2691333333333,205.8468,206.16699999999983,204.29500000000002,211.50799999999987,205.8468,,193.77189999999987,,,,0,0,0,0,0,0,0,0,0,85.06062626641894,82.26869617791463,,,,,0,113940644,148293647.56,61.37052438541232,50.62328606384865,,,,,,
2026-08-07,221.54,224.76,220.66,223.96,206.074,,193.97849999999988,,,,0,0,0,0,0,0,0,0,0,193.97849999999988,196.5188666666666,206.074,206.81699999999984,206.007,216.14999999999986,206.074,,193.97849999999988,,,,0,0,0,0,0,0,0,0,0,87.14442098272883,82.7119438874432,,,,,0,105669440,147055012.92,64.41337820769351,51.751082908859544,,,,,64.41337820769351,
2026-08-10,223.4,224.1379,216.77,217.55,206.14,,194.16044999999988,,,,0,0,0,0,0,0,0,0,0,194.16044999999988,196.71019999999996,206.14,207.51799999999986,208.11100000000002,218.33199999999988,206.14,,194.16044999999988,,,,0,0,0,0,0,0,0,0,0,84.12996736120779,82.84085511233089,,,,,0,115846596,146492023.88,58.061042648363184,52.167136299552695,,,,,,
2026-08-11,222.17,222.2,216.2,217.5,206.2672,,194.34654999999987,,,,0,0,0,0,0,0,0,0,0,194.34654999999987,196.90606666666662,206.2672,207.80299999999983,210.16000000000003,219.44399999999987,206.2672,,194.34654999999987,,,,0,0,0,0,0,0,0,0,0,84.15977588348417,82.96075700061755,,,,,0,101273148,142729274.36,58.012983152437236,52.29787036010792,,,,,,
2026-08-12,221.04,225.1,220.2,224.09,206.2618,,194.55619999999988,,,,0,0,0,0,0,0,0,0,0,194.55619999999988,197.15173333333328,206.2618,208.38249999999985,213.56800000000004,220.41799999999984,206.2618,,194.55619999999988,,,,0,0,0,0,0,0,0,0,0,86.98920835382108,83.32697985090878,,,,,0,108783636,140647933.38,62.427330715759574,52.976625179204085,,,,,,
2026-08-13,225.055,227.23,223.71,225.3,206.3114,,194.75139999999988,,,,0,0,0,0,0,0,0,0,0,194.75139999999988,197.39299999999994,206.3114,209.27749999999983,216.594,221.67999999999984,206.3114,,194.75139999999988,,,,0,0,0,0,0,0,0,0,0,87.22978641027296,83.68178044721462,,,,,0,98867226,138758019.84,63.192525781026234,53.84257587183295,,,,,,
2026-08-14,226.765,227.49,224.5,225.16,206.5196,,194.91974999999988,,,,0,0,0,0,0,0,0,0,0,194.91974999999988,197.66046666666662,206.5196,210.39499999999984,219.03500000000003,221.91999999999985,206.5196,,194.91974999999988,,,,0,0,0,0,0,0,0,0,0,86.61121504194773,83.94809268309945,,,,,0,75680870,137053497.22,63.03257274299187,55.31300333177223,,,,,,
2026-08-17,225.98,227.92,224.86,225.01,206.6466,,195.03964999999985,,,,0,0,0,0,0,0,0,0,0,195.03964999999985,197.9281333333333,206.6466,211.4814999999998,220.872,223.41199999999986,206.6466,,195.03964999999985,,,,0,0,0,0,0,0,0,0,0,86.70059184973593,84.19831988006639,,,,,0,93678685,135546627.88,62.84901480942083,56.734454387892455,,,,,,
2026-08-18,220.45,221.64,218.6902,219.74,206.93939999999998,,195.10314999999989,,,,0,0,0,0,0,0,0,0,0,195.10314999999989,198.16013333333328,206.93939999999998,212.10399999999981,221.652,223.85999999999984,206.93939999999998,,195.10314999999989,,,,0,0,0,0,0,0,0,0,0,85.11489904532695,84.28164525872644,,,,,0,103128247,133216082.18,56.61143223215655,58.066975805318954,,,,,,
2026-08-19,221.67,222.87,216.76,217.56,207.11780000000002,,195.17649999999986,,,,0,0,0,0,0,0,0,0,0,195.17649999999986,198.37179999999995,207.11780000000002,212.37899999999982,221.48600000000002,222.55399999999986,207.11780000000002,,195.17649999999986,,,,0,0,0,0,0,0,0,0,0,84.8544416362445,84.33371765668262,,,,,0,96797314,132384571.72,54.21445720376234,58.86252948420854,,,,,,
2026-08-20,218.36,219.86,215.66,216.85,207.291,,195.24829999999986,,,,0,0,0,0,0,0,0,0,0,195.24829999999986,198.59653333333327,207.291,212.78349999999983,221.27200000000002,220.86399999999986,207.291,,195.24829999999986,,,,0,0,0,0,0,0,0,0,0,84.39954436830402,84.33970190319366,,,,,0,92457037,130614463.46,53.421118067621265,59.22877703651284,,,,,,
2026-08-21,218.42,218.74,214.5,214.72,207.57699999999997,,195.28749999999985,,,,0,0,0,0,0,0,0,0,0,195.28749999999985,198.78099999999995,207.57699999999997,213.17749999999984,220.348,218.77599999999984,207.57699999999997,,195.28749999999985,,,,0,0,0,0,0,0,0,0,0,84.30133644629873,84.33621413438503,,,,,0,98869300,129356917.72,51.009541141415816,59.08149810325873,,,,,,
2026-08-24,215.53,215.59,207.25,208.48,207.64919999999998,,195.33644999999987,,,,0,0,0,0,0,0,0,0,0,195.33644999999987,198.92933333333326,207.64919999999998,213.77599999999984,219.44100000000003,215.46999999999986,207.64919999999998,,195.33644999999987,,,,0,0,0,0,0,0,0,0,0,81.49724342193561,84.07812588779872,,,,,0,135187288,128887799.4,44.650339684647626,58.204508132231716,,,44.650339684647626,,,
2026-08-25,211.025,214.73,210.11,213.05,207.8064,,195.42564999999988,,,,0,0,0,0,0,0,0,0,0,195.42564999999988,199.16253333333327,207.8064,214.57799999999983,218.996,214.13199999999983,207.8064,,195.42564999999988,,,,0,0,0,0,0,0,0,0,0,83.51779596124848,84.02718680356688,,,,,0,122309019,129087073.48,49.60542615193261,57.34797763747432,,,,,,
2026-08-26,212.64,213.6,209.23,209.66,207.75059999999996,,195.53354999999988,,,,0,0,0,0,0,0,0,0,0,195.53354999999988,199.33813333333327,207.75059999999996,215.56049999999982,217.55300000000003,212.55199999999985,207.75059999999996,,195.53354999999988,,,,0,0,0,0,0,0,0,0,0,81.92745347310506,83.83630195534307,,,,,0,179900003,129686339.78,46.29461125531395,56.27112669961014,,,,,,
2026-08-27,222.86,230.47,220.9,227.98,208.16199999999992,,195.73269999999985,,,,0,0,0,0,0,0,0,0,0,195.73269999999985,199.62573333333327,208.16199999999992,217.20749999999984,217.821,214.77799999999985,208.16199999999992,,195.73269999999985,,,,0,0,0,0,0,0,0,0,0,89.10457678127077,84.31523603042741,,,,,1,298909822,133150654.22,61.31942486484257,56.05013003226365,,,,,,
2026-08-28,227.36,229.26,216.81,217.55,208.41999999999993,,195.82519999999985,,,,0,0,0,0,0,0,0,0,0,195.82519999999985,199.82493333333326,208.41999999999993,218.04749999999984,217.06,215.34399999999982,208.41999999999993,,195.82519999999985,,,,0,0,0,0,0,0,0,0,0,84.41997726035088,84.32475796042046,,,,,0,195116417,134485713.1,52.34141267231566,55.641585033974536,,,,,,
2026-08-31,218.87,220.6,216.21,219.57,208.59759999999991,,195.95724999999987,,,,0,0,0,0,0,0,0,0,0,195.95724999999987,200.04559999999992,208.59759999999991,218.69399999999982,216.516,217.5619999999998,208.59759999999991,,195.95724999999987,,,,0,0,0,0,0,0,0,0,0,85.84699474916819,84.46314312303389,,,,,0,59215272,130844578.26,53.75366147859409,55.33734777155717,,,,,,